{
  "type": "FeatureCollection",
  "name": "GEM_Coal_2026",
  "features": [
    {
      "type": "Feature",
      "geometry": {
        "type": "Point",
        "coordinates": [
          136.839082,
          -4.827752
        ]
      },
      "properties": {
        "name": "Amamapare Port power station",
        "source": "GEM_Coal_2026",
        "GEM unit/phase ID": "G100000100142",
        "GEM location ID": "L100000102773",
        "Country/Area": "Indonesia",
        "Wiki URL": "https://www.gem.wiki/Amamapare_Port_power_station",
        "Plant name": "Amamapare Port power station",
        "Unit name": "Unit 1",
        "Plant name (other)": null,
        "Plant name (local)": null,
        "Owner": "PT Freeport Indonesia",
        "Owner GEM Entity ID": "E100000003755",
        "Parent": "FreePort-McMoran Inc; PT Mineral Industri Indonesia (Persero)",
        "Parent GEM Entity ID": "E100000001220; E100001011088",
        "Capacity (MW)": "65",
        "Status": "operating",
        "Start year": "1998",
        "Retired year": null,
        "Planned retirement": "2027",
        "Coal phaseout year": null,
        "Net zero year": "2060",
        "Combustion technology": "subcritical",
        "Coal type": "unknown",
        "Coal source": "Pinang coal deposit",
        "Conversion to (fuel)": null,
        "Conversion to (GEM unit ID)": null,
        "Alternate Fuel": null,
        "Location": "Amamapare",
        "Local area (taluk, county)": "Mimika Timur Jauh",
        "Major area (prefecture, district)": "Mimika",
        "Subnational unit (province, state)": "Papua",
        "Subregion": "South-eastern Asia",
        "Region": "Asia",
        "Location accuracy": "exact",
        "Permits": null,
        "Permit Date": null,
        "Permit Parsed": null,
        "Captive": "other metals & mining",
        "Captive industry use": "power",
        "Captive residential use": null,
        "CHP": null,
        "Capacity factor": "0.64",
        "Plant age (years)": "27",
        "Heat rate (Btu per kWh)": "12182.8",
        "Emission factor (kg of CO2 per TJ)": "96100",
        "Annual CO2 (million tonnes / annum)": "0.450155634",
        "Remaining plant lifetime (years)": "2",
        "Lifetime CO2 (million tonnes)": "0.900311268",
        "China capacity payment recipient": null
      }
    },
    {
      "type": "Feature",
      "geometry": {
        "type": "Point",
        "coordinates": [
          136.839082,
          -4.827752
        ]
      },
      "properties": {
        "name": "Amamapare Port power station",
        "source": "GEM_Coal_2026",
        "GEM unit/phase ID": "G100000100143",
        "GEM location ID": "L100000102773",
        "Country/Area": "Indonesia",
        "Wiki URL": "https://www.gem.wiki/Amamapare_Port_power_station",
        "Plant name": "Amamapare Port power station",
        "Unit name": "Unit 2",
        "Plant name (other)": null,
        "Plant name (local)": null,
        "Owner": "PT Freeport Indonesia",
        "Owner GEM Entity ID": "E100000003755",
        "Parent": "FreePort-McMoran Inc; PT Mineral Industri Indonesia (Persero)",
        "Parent GEM Entity ID": "E100000001220; E100001011088",
        "Capacity (MW)": "65",
        "Status": "operating",
        "Start year": "1998",
        "Retired year": null,
        "Planned retirement": "2027",
        "Coal phaseout year": null,
        "Net zero year": "2060",
        "Combustion technology": "subcritical",
        "Coal type": "unknown",
        "Coal source": "Pinang coal deposit",
        "Conversion to (fuel)": null,
        "Conversion to (GEM unit ID)": null,
        "Alternate Fuel": null,
        "Location": "Amamapare",
        "Local area (taluk, county)": "Mimika Timur Jauh",
        "Major area (prefecture, district)": "Mimika",
        "Subnational unit (province, state)": "Papua",
        "Subregion": "South-eastern Asia",
        "Region": "Asia",
        "Location accuracy": "exact",
        "Permits": null,
        "Permit Date": null,
        "Permit Parsed": null,
        "Captive": "other metals & mining",
        "Captive industry use": "power",
        "Captive residential use": null,
        "CHP": null,
        "Capacity factor": "0.64",
        "Plant age (years)": "27",
        "Heat rate (Btu per kWh)": "12182.8",
        "Emission factor (kg of CO2 per TJ)": "96100",
        "Annual CO2 (million tonnes / annum)": "0.450155634",
        "Remaining plant lifetime (years)": "2",
        "Lifetime CO2 (million tonnes)": "0.900311268",
        "China capacity payment recipient": null
      }
    },
    {
      "type": "Feature",
      "geometry": {
        "type": "Point",
        "coordinates": [
          136.839082,
          -4.827752
        ]
      },
      "properties": {
        "name": "Amamapare Port power station",
        "source": "GEM_Coal_2026",
        "GEM unit/phase ID": "G100000100144",
        "GEM location ID": "L100000102773",
        "Country/Area": "Indonesia",
        "Wiki URL": "https://www.gem.wiki/Amamapare_Port_power_station",
        "Plant name": "Amamapare Port power station",
        "Unit name": "Unit 3",
        "Plant name (other)": null,
        "Plant name (local)": null,
        "Owner": "PT Freeport Indonesia",
        "Owner GEM Entity ID": "E100000003755",
        "Parent": "FreePort-McMoran Inc; PT Mineral Industri Indonesia (Persero)",
        "Parent GEM Entity ID": "E100000001220; E100001011088",
        "Capacity (MW)": "65",
        "Status": "operating",
        "Start year": "1999",
        "Retired year": null,
        "Planned retirement": "2027",
        "Coal phaseout year": null,
        "Net zero year": "2060",
        "Combustion technology": "subcritical",
        "Coal type": "unknown",
        "Coal source": "Pinang coal deposit",
        "Conversion to (fuel)": null,
        "Conversion to (GEM unit ID)": null,
        "Alternate Fuel": null,
        "Location": "Amamapare",
        "Local area (taluk, county)": "Mimika Timur Jauh",
        "Major area (prefecture, district)": "Mimika",
        "Subnational unit (province, state)": "Papua",
        "Subregion": "South-eastern Asia",
        "Region": "Asia",
        "Location accuracy": "exact",
        "Permits": null,
        "Permit Date": null,
        "Permit Parsed": null,
        "Captive": "other metals & mining",
        "Captive industry use": "power",
        "Captive residential use": null,
        "CHP": null,
        "Capacity factor": "0.64",
        "Plant age (years)": "26",
        "Heat rate (Btu per kWh)": "12182.8",
        "Emission factor (kg of CO2 per TJ)": "96100",
        "Annual CO2 (million tonnes / annum)": "0.450155634",
        "Remaining plant lifetime (years)": "2",
        "Lifetime CO2 (million tonnes)": "0.900311268",
        "China capacity payment recipient": null
      }
    },
    {
      "type": "Feature",
      "geometry": {
        "type": "Point",
        "coordinates": [
          128.171111,
          -3.586516
        ]
      },
      "properties": {
        "name": "Ambon-2 power station",
        "source": "GEM_Coal_2026",
        "GEM unit/phase ID": "G100000100152",
        "GEM location ID": "L100000102757",
        "Country/Area": "Indonesia",
        "Wiki URL": "https://www.gem.wiki/Ambon-2_power_station",
        "Plant name": "Ambon-2 power station",
        "Unit name": "Unit 1",
        "Plant name (other)": null,
        "Plant name (local)": null,
        "Owner": "PT PLN (Persero) [100%]",
        "Owner GEM Entity ID": "E100000000537 [100%]",
        "Parent": "PT PLN (Persero) [100.0%]",
        "Parent GEM Entity ID": "E100000000537 [100.0%]",
        "Capacity (MW)": "50",
        "Status": "cancelled",
        "Start year": null,
        "Retired year": null,
        "Planned retirement": null,
        "Coal phaseout year": null,
        "Net zero year": "2060",
        "Combustion technology": "subcritical",
        "Coal type": "unknown",
        "Coal source": null,
        "Conversion to (fuel)": null,
        "Conversion to (GEM unit ID)": null,
        "Alternate Fuel": null,
        "Location": null,
        "Local area (taluk, county)": null,
        "Major area (prefecture, district)": null,
        "Subnational unit (province, state)": "Maluku",
        "Subregion": "South-eastern Asia",
        "Region": "Asia",
        "Location accuracy": "approximate",
        "Permits": null,
        "Permit Date": null,
        "Permit Parsed": null,
        "Captive": null,
        "Captive industry use": null,
        "Captive residential use": null,
        "CHP": null,
        "Capacity factor": "0",
        "Plant age (years)": "0",
        "Heat rate (Btu per kWh)": "10442.4",
        "Emission factor (kg of CO2 per TJ)": "96100",
        "Annual CO2 (million tonnes / annum)": "0",
        "Remaining plant lifetime (years)": "0",
        "Lifetime CO2 (million tonnes)": "0",
        "China capacity payment recipient": null
      }
    },
    {
      "type": "Feature",
      "geometry": {
        "type": "Point",
        "coordinates": [
          128.171111,
          -3.586516
        ]
      },
      "properties": {
        "name": "Ambon-2 power station",
        "source": "GEM_Coal_2026",
        "GEM unit/phase ID": "G100000100153",
        "GEM location ID": "L100000102757",
        "Country/Area": "Indonesia",
        "Wiki URL": "https://www.gem.wiki/Ambon-2_power_station",
        "Plant name": "Ambon-2 power station",
        "Unit name": "Unit 2",
        "Plant name (other)": null,
        "Plant name (local)": null,
        "Owner": "PT PLN (Persero) [100%]",
        "Owner GEM Entity ID": "E100000000537 [100%]",
        "Parent": "PT PLN (Persero) [100.0%]",
        "Parent GEM Entity ID": "E100000000537 [100.0%]",
        "Capacity (MW)": "50",
        "Status": "cancelled",
        "Start year": null,
        "Retired year": null,
        "Planned retirement": null,
        "Coal phaseout year": null,
        "Net zero year": "2060",
        "Combustion technology": "subcritical",
        "Coal type": "unknown",
        "Coal source": null,
        "Conversion to (fuel)": null,
        "Conversion to (GEM unit ID)": null,
        "Alternate Fuel": null,
        "Location": null,
        "Local area (taluk, county)": null,
        "Major area (prefecture, district)": null,
        "Subnational unit (province, state)": "Maluku",
        "Subregion": "South-eastern Asia",
        "Region": "Asia",
        "Location accuracy": "approximate",
        "Permits": null,
        "Permit Date": null,
        "Permit Parsed": null,
        "Captive": null,
        "Captive industry use": null,
        "Captive residential use": null,
        "CHP": null,
        "Capacity factor": "0",
        "Plant age (years)": "0",
        "Heat rate (Btu per kWh)": "10442.4",
        "Emission factor (kg of CO2 per TJ)": "96100",
        "Annual CO2 (million tonnes / annum)": "0",
        "Remaining plant lifetime (years)": "0",
        "Lifetime CO2 (million tonnes)": "0",
        "China capacity payment recipient": null
      }
    },
    {
      "type": "Feature",
      "geometry": {
        "type": "Point",
        "coordinates": [
          128.285273,
          0.832508
        ]
      },
      "properties": {
        "name": "East Halmahera power station",
        "source": "GEM_Coal_2026",
        "GEM unit/phase ID": "G100001090880",
        "GEM location ID": "L100000104536",
        "Country/Area": "Indonesia",
        "Wiki URL": "https://www.gem.wiki/East_Halmahera_power_station",
        "Plant name": "East Halmahera power station",
        "Unit name": "--",
        "Plant name (other)": null,
        "Plant name (local)": null,
        "Owner": "PT Guna Darma Integra",
        "Owner GEM Entity ID": "E100002021407",
        "Parent": "PT Petrindo Jaya Kreasi Tbk; unknown",
        "Parent GEM Entity ID": "E100001013271; E100000132388",
        "Capacity (MW)": "680",
        "Status": "pre-permit",
        "Start year": "2028",
        "Retired year": null,
        "Planned retirement": null,
        "Coal phaseout year": null,
        "Net zero year": "2060",
        "Combustion technology": "unknown",
        "Coal type": "unknown",
        "Coal source": null,
        "Conversion to (fuel)": null,
        "Conversion to (GEM unit ID)": null,
        "Alternate Fuel": null,
        "Location": "Tanjung Buli",
        "Local area (taluk, county)": "East Halmahera",
        "Major area (prefecture, district)": null,
        "Subnational unit (province, state)": "North Maluku",
        "Subregion": "South-eastern Asia",
        "Region": "Asia",
        "Location accuracy": "approximate",
        "Permits": null,
        "Permit Date": null,
        "Permit Parsed": null,
        "Captive": "nickel",
        "Captive industry use": null,
        "Captive residential use": null,
        "CHP": null,
        "Capacity factor": "0.64",
        "Plant age (years)": "0",
        "Heat rate (Btu per kWh)": "8605",
        "Emission factor (kg of CO2 per TJ)": "96100",
        "Annual CO2 (million tonnes / annum)": "3.32630452",
        "Remaining plant lifetime (years)": "35",
        "Lifetime CO2 (million tonnes)": "116.4206582",
        "China capacity payment recipient": null
      }
    },
    {
      "type": "Feature",
      "geometry": {
        "type": "Point",
        "coordinates": [
          128.285273,
          0.832508
        ]
      },
      "properties": {
        "name": "East Halmahera power station",
        "source": "GEM_Coal_2026",
        "GEM unit/phase ID": "G100000113973",
        "GEM location ID": "L100000104536",
        "Country/Area": "Indonesia",
        "Wiki URL": "https://www.gem.wiki/East_Halmahera_power_station",
        "Plant name": "East Halmahera power station",
        "Unit name": "Former Unit 1",
        "Plant name (other)": null,
        "Plant name (local)": null,
        "Owner": "PT Tambang Batubara Bukit Asam [100%]",
        "Owner GEM Entity ID": "E100000121075 [100%]",
        "Parent": "PT Tambang Batubara Bukit Asam [100.0%]",
        "Parent GEM Entity ID": "E100000121075 [100.0%]",
        "Capacity (MW)": "45",
        "Status": "cancelled",
        "Start year": "2023",
        "Retired year": null,
        "Planned retirement": null,
        "Coal phaseout year": null,
        "Net zero year": "2060",
        "Combustion technology": "unknown",
        "Coal type": "unknown",
        "Coal source": null,
        "Conversion to (fuel)": null,
        "Conversion to (GEM unit ID)": null,
        "Alternate Fuel": null,
        "Location": "Tanjung Buli",
        "Local area (taluk, county)": "East Halmahera",
        "Major area (prefecture, district)": null,
        "Subnational unit (province, state)": "North Maluku",
        "Subregion": "South-eastern Asia",
        "Region": "Asia",
        "Location accuracy": "approximate",
        "Permits": null,
        "Permit Date": null,
        "Permit Parsed": null,
        "Captive": "nickel",
        "Captive industry use": null,
        "Captive residential use": null,
        "CHP": null,
        "Capacity factor": "0",
        "Plant age (years)": "0",
        "Heat rate (Btu per kWh)": "10326",
        "Emission factor (kg of CO2 per TJ)": "96100",
        "Annual CO2 (million tonnes / annum)": "0",
        "Remaining plant lifetime (years)": "0",
        "Lifetime CO2 (million tonnes)": "0",
        "China capacity payment recipient": null
      }
    },
    {
      "type": "Feature",
      "geometry": {
        "type": "Point",
        "coordinates": [
          128.285273,
          0.832508
        ]
      },
      "properties": {
        "name": "East Halmahera power station",
        "source": "GEM_Coal_2026",
        "GEM unit/phase ID": "G100000113974",
        "GEM location ID": "L100000104536",
        "Country/Area": "Indonesia",
        "Wiki URL": "https://www.gem.wiki/East_Halmahera_power_station",
        "Plant name": "East Halmahera power station",
        "Unit name": "Former Unit 2",
        "Plant name (other)": null,
        "Plant name (local)": null,
        "Owner": "PT Tambang Batubara Bukit Asam [100%]",
        "Owner GEM Entity ID": "E100000121075 [100%]",
        "Parent": "PT Tambang Batubara Bukit Asam [100.0%]",
        "Parent GEM Entity ID": "E100000121075 [100.0%]",
        "Capacity (MW)": "45",
        "Status": "cancelled",
        "Start year": "2023",
        "Retired year": null,
        "Planned retirement": null,
        "Coal phaseout year": null,
        "Net zero year": "2060",
        "Combustion technology": "unknown",
        "Coal type": "unknown",
        "Coal source": null,
        "Conversion to (fuel)": null,
        "Conversion to (GEM unit ID)": null,
        "Alternate Fuel": null,
        "Location": "Tanjung Buli",
        "Local area (taluk, county)": "East Halmahera",
        "Major area (prefecture, district)": null,
        "Subnational unit (province, state)": "North Maluku",
        "Subregion": "South-eastern Asia",
        "Region": "Asia",
        "Location accuracy": "approximate",
        "Permits": null,
        "Permit Date": null,
        "Permit Parsed": null,
        "Captive": "nickel",
        "Captive industry use": null,
        "Captive residential use": null,
        "CHP": null,
        "Capacity factor": "0",
        "Plant age (years)": "0",
        "Heat rate (Btu per kWh)": "10326",
        "Emission factor (kg of CO2 per TJ)": "96100",
        "Annual CO2 (million tonnes / annum)": "0",
        "Remaining plant lifetime (years)": "0",
        "Lifetime CO2 (million tonnes)": "0",
        "China capacity payment recipient": null
      }
    },
    {
      "type": "Feature",
      "geometry": {
        "type": "Point",
        "coordinates": [
          128.285273,
          0.832508
        ]
      },
      "properties": {
        "name": "East Halmahera power station",
        "source": "GEM_Coal_2026",
        "GEM unit/phase ID": "G100000114210",
        "GEM location ID": "L100000104536",
        "Country/Area": "Indonesia",
        "Wiki URL": "https://www.gem.wiki/East_Halmahera_power_station",
        "Plant name": "East Halmahera power station",
        "Unit name": "Former Unit 3",
        "Plant name (other)": null,
        "Plant name (local)": null,
        "Owner": "PT Tambang Batubara Bukit Asam [100%]",
        "Owner GEM Entity ID": "E100000121075 [100%]",
        "Parent": "PT Tambang Batubara Bukit Asam [100.0%]",
        "Parent GEM Entity ID": "E100000121075 [100.0%]",
        "Capacity (MW)": "60",
        "Status": "cancelled",
        "Start year": null,
        "Retired year": null,
        "Planned retirement": null,
        "Coal phaseout year": null,
        "Net zero year": "2060",
        "Combustion technology": "unknown",
        "Coal type": "unknown",
        "Coal source": null,
        "Conversion to (fuel)": null,
        "Conversion to (GEM unit ID)": null,
        "Alternate Fuel": null,
        "Location": "Tanjung Buli",
        "Local area (taluk, county)": "East Halmahera",
        "Major area (prefecture, district)": null,
        "Subnational unit (province, state)": "North Maluku",
        "Subregion": "South-eastern Asia",
        "Region": "Asia",
        "Location accuracy": "approximate",
        "Permits": null,
        "Permit Date": null,
        "Permit Parsed": null,
        "Captive": "nickel",
        "Captive industry use": null,
        "Captive residential use": null,
        "CHP": null,
        "Capacity factor": "0",
        "Plant age (years)": "0",
        "Heat rate (Btu per kWh)": "10326",
        "Emission factor (kg of CO2 per TJ)": "96100",
        "Annual CO2 (million tonnes / annum)": "0",
        "Remaining plant lifetime (years)": "0",
        "Lifetime CO2 (million tonnes)": "0",
        "China capacity payment recipient": null
      }
    },
    {
      "type": "Feature",
      "geometry": {
        "type": "Point",
        "coordinates": [
          128.26606,
          1.018017
        ]
      },
      "properties": {
        "name": "Haltim power station",
        "source": "GEM_Coal_2026",
        "GEM unit/phase ID": "G100000115072",
        "GEM location ID": "L100000104833",
        "Country/Area": "Indonesia",
        "Wiki URL": "https://www.gem.wiki/Haltim_power_station",
        "Plant name": "Haltim power station",
        "Unit name": "Unit 1",
        "Plant name (other)": null,
        "Plant name (local)": null,
        "Owner": "PT PLN (Persero) [100%]",
        "Owner GEM Entity ID": "E100000000537 [100%]",
        "Parent": "PT PLN (Persero) [100.0%]",
        "Parent GEM Entity ID": "E100000000537 [100.0%]",
        "Capacity (MW)": "200",
        "Status": "cancelled",
        "Start year": "2024",
        "Retired year": null,
        "Planned retirement": null,
        "Coal phaseout year": null,
        "Net zero year": "2060",
        "Combustion technology": "unknown",
        "Coal type": "unknown",
        "Coal source": null,
        "Conversion to (fuel)": null,
        "Conversion to (GEM unit ID)": null,
        "Alternate Fuel": null,
        "Location": null,
        "Local area (taluk, county)": null,
        "Major area (prefecture, district)": null,
        "Subnational unit (province, state)": "North Maluku",
        "Subregion": "South-eastern Asia",
        "Region": "Asia",
        "Location accuracy": "approximate",
        "Permits": null,
        "Permit Date": null,
        "Permit Parsed": null,
        "Captive": null,
        "Captive industry use": null,
        "Captive residential use": null,
        "CHP": null,
        "Capacity factor": "0",
        "Plant age (years)": "0",
        "Heat rate (Btu per kWh)": "10326",
        "Emission factor (kg of CO2 per TJ)": "96100",
        "Annual CO2 (million tonnes / annum)": "0",
        "Remaining plant lifetime (years)": "0",
        "Lifetime CO2 (million tonnes)": "0",
        "China capacity payment recipient": null
      }
    },
    {
      "type": "Feature",
      "geometry": {
        "type": "Point",
        "coordinates": [
          140.807479,
          -2.60839
        ]
      },
      "properties": {
        "name": "Jayapura-2 power station",
        "source": "GEM_Coal_2026",
        "GEM unit/phase ID": "G100000105005",
        "GEM location ID": "L100000102774",
        "Country/Area": "Indonesia",
        "Wiki URL": "https://www.gem.wiki/Jayapura-2_power_station",
        "Plant name": "Jayapura-2 power station",
        "Unit name": "Unit 1",
        "Plant name (other)": null,
        "Plant name (local)": null,
        "Owner": "PT PLN (Persero) [100%]",
        "Owner GEM Entity ID": "E100000000537 [100%]",
        "Parent": "PT PLN (Persero) [100.0%]",
        "Parent GEM Entity ID": "E100000000537 [100.0%]",
        "Capacity (MW)": "50",
        "Status": "cancelled",
        "Start year": "2025",
        "Retired year": null,
        "Planned retirement": null,
        "Coal phaseout year": null,
        "Net zero year": "2060",
        "Combustion technology": "subcritical",
        "Coal type": "unknown",
        "Coal source": null,
        "Conversion to (fuel)": null,
        "Conversion to (GEM unit ID)": null,
        "Alternate Fuel": null,
        "Location": "Skow Yambe",
        "Local area (taluk, county)": "Muara Tami",
        "Major area (prefecture, district)": "Kota Jayapura",
        "Subnational unit (province, state)": "Papua",
        "Subregion": "South-eastern Asia",
        "Region": "Asia",
        "Location accuracy": "approximate",
        "Permits": null,
        "Permit Date": null,
        "Permit Parsed": null,
        "Captive": null,
        "Captive industry use": null,
        "Captive residential use": null,
        "CHP": null,
        "Capacity factor": "0",
        "Plant age (years)": "0",
        "Heat rate (Btu per kWh)": "10442.4",
        "Emission factor (kg of CO2 per TJ)": "96100",
        "Annual CO2 (million tonnes / annum)": "0",
        "Remaining plant lifetime (years)": "0",
        "Lifetime CO2 (million tonnes)": "0",
        "China capacity payment recipient": null
      }
    },
    {
      "type": "Feature",
      "geometry": {
        "type": "Point",
        "coordinates": [
          140.807479,
          -2.60839
        ]
      },
      "properties": {
        "name": "Jayapura-2 power station",
        "source": "GEM_Coal_2026",
        "GEM unit/phase ID": "G100000105006",
        "GEM location ID": "L100000102774",
        "Country/Area": "Indonesia",
        "Wiki URL": "https://www.gem.wiki/Jayapura-2_power_station",
        "Plant name": "Jayapura-2 power station",
        "Unit name": "Unit 2",
        "Plant name (other)": null,
        "Plant name (local)": null,
        "Owner": "PT PLN (Persero) [100%]",
        "Owner GEM Entity ID": "E100000000537 [100%]",
        "Parent": "PT PLN (Persero) [100.0%]",
        "Parent GEM Entity ID": "E100000000537 [100.0%]",
        "Capacity (MW)": "50",
        "Status": "cancelled",
        "Start year": null,
        "Retired year": null,
        "Planned retirement": null,
        "Coal phaseout year": null,
        "Net zero year": "2060",
        "Combustion technology": "subcritical",
        "Coal type": "unknown",
        "Coal source": null,
        "Conversion to (fuel)": null,
        "Conversion to (GEM unit ID)": null,
        "Alternate Fuel": null,
        "Location": null,
        "Local area (taluk, county)": null,
        "Major area (prefecture, district)": null,
        "Subnational unit (province, state)": "Papua",
        "Subregion": "South-eastern Asia",
        "Region": "Asia",
        "Location accuracy": "approximate",
        "Permits": null,
        "Permit Date": null,
        "Permit Parsed": null,
        "Captive": null,
        "Captive industry use": null,
        "Captive residential use": null,
        "CHP": null,
        "Capacity factor": "0",
        "Plant age (years)": "0",
        "Heat rate (Btu per kWh)": "10442.4",
        "Emission factor (kg of CO2 per TJ)": "96100",
        "Annual CO2 (million tonnes / annum)": "0",
        "Remaining plant lifetime (years)": "0",
        "Lifetime CO2 (million tonnes)": "0",
        "China capacity payment recipient": null
      }
    },
    {
      "type": "Feature",
      "geometry": {
        "type": "Point",
        "coordinates": [
          140.807479,
          -2.60839
        ]
      },
      "properties": {
        "name": "Jayapura-3 power station",
        "source": "GEM_Coal_2026",
        "GEM unit/phase ID": "G100000114193",
        "GEM location ID": "L100000104578",
        "Country/Area": "Indonesia",
        "Wiki URL": "https://www.gem.wiki/Jayapura-3_power_station",
        "Plant name": "Jayapura-3 power station",
        "Unit name": "Unit 1",
        "Plant name (other)": null,
        "Plant name (local)": null,
        "Owner": "PT PLN (Persero) [100%]",
        "Owner GEM Entity ID": "E100000000537 [100%]",
        "Parent": "PT PLN (Persero) [100.0%]",
        "Parent GEM Entity ID": "E100000000537 [100.0%]",
        "Capacity (MW)": "50",
        "Status": "cancelled",
        "Start year": "2028",
        "Retired year": null,
        "Planned retirement": null,
        "Coal phaseout year": null,
        "Net zero year": "2060",
        "Combustion technology": "unknown",
        "Coal type": "unknown",
        "Coal source": null,
        "Conversion to (fuel)": null,
        "Conversion to (GEM unit ID)": null,
        "Alternate Fuel": null,
        "Location": null,
        "Local area (taluk, county)": null,
        "Major area (prefecture, district)": null,
        "Subnational unit (province, state)": "Papua",
        "Subregion": "South-eastern Asia",
        "Region": "Asia",
        "Location accuracy": "approximate",
        "Permits": null,
        "Permit Date": null,
        "Permit Parsed": null,
        "Captive": null,
        "Captive industry use": null,
        "Captive residential use": null,
        "CHP": null,
        "Capacity factor": "0",
        "Plant age (years)": "0",
        "Heat rate (Btu per kWh)": "10326",
        "Emission factor (kg of CO2 per TJ)": "96100",
        "Annual CO2 (million tonnes / annum)": "0",
        "Remaining plant lifetime (years)": "0",
        "Lifetime CO2 (million tonnes)": "0",
        "China capacity payment recipient": null
      }
    },
    {
      "type": "Feature",
      "geometry": {
        "type": "Point",
        "coordinates": [
          127.415933,
          -1.56606
        ]
      },
      "properties": {
        "name": "Jinchuan Group WP&RKA power station",
        "source": "GEM_Coal_2026",
        "GEM unit/phase ID": "G100000114326",
        "GEM location ID": "L100000104615",
        "Country/Area": "Indonesia",
        "Wiki URL": "https://www.gem.wiki/Jinchuan_Group_WP%26RKA_power_station",
        "Plant name": "Jinchuan Group WP&RKA power station",
        "Unit name": "Unit 1",
        "Plant name (other)": "金川集团印尼WP&RKA奥比岛自备电厂",
        "Plant name (local)": null,
        "Owner": "WP&RKA Company [100%]",
        "Owner GEM Entity ID": "E100000121534 [100%]",
        "Parent": "Gansu Provincial State-owned Assets Investment Group Co Ltd [48.0%]; unknown [26.9%]; China Development Bank Corp [13.5%]; Jinchuan Group Co Ltd [11.6%]",
        "Parent GEM Entity ID": "E100000000189 [48.0%]; E100000132388 [26.9%]; E100001001051 [13.5%]; E100000124293 [11.6%]",
        "Capacity (MW)": "50",
        "Status": "operating",
        "Start year": "2019",
        "Retired year": null,
        "Planned retirement": null,
        "Coal phaseout year": null,
        "Net zero year": "2060",
        "Combustion technology": "unknown",
        "Coal type": "unknown",
        "Coal source": null,
        "Conversion to (fuel)": null,
        "Conversion to (GEM unit ID)": null,
        "Alternate Fuel": null,
        "Location": "Kawasi",
        "Local area (taluk, county)": "Obi",
        "Major area (prefecture, district)": "South Halmahera",
        "Subnational unit (province, state)": "North Maluku",
        "Subregion": "South-eastern Asia",
        "Region": "Asia",
        "Location accuracy": "exact",
        "Permits": null,
        "Permit Date": null,
        "Permit Parsed": null,
        "Captive": "nickel",
        "Captive industry use": null,
        "Captive residential use": null,
        "CHP": null,
        "Capacity factor": "0.64",
        "Plant age (years)": "6",
        "Heat rate (Btu per kWh)": "10326",
        "Emission factor (kg of CO2 per TJ)": "96100",
        "Annual CO2 (million tonnes / annum)": "0.293497458",
        "Remaining plant lifetime (years)": "29",
        "Lifetime CO2 (million tonnes)": "8.511426272",
        "China capacity payment recipient": null
      }
    },
    {
      "type": "Feature",
      "geometry": {
        "type": "Point",
        "coordinates": [
          127.415933,
          -1.56606
        ]
      },
      "properties": {
        "name": "Jinchuan Group WP&RKA power station",
        "source": "GEM_Coal_2026",
        "GEM unit/phase ID": "G100000114327",
        "GEM location ID": "L100000104615",
        "Country/Area": "Indonesia",
        "Wiki URL": "https://www.gem.wiki/Jinchuan_Group_WP%26RKA_power_station",
        "Plant name": "Jinchuan Group WP&RKA power station",
        "Unit name": "Unit 2",
        "Plant name (other)": "金川集团印尼WP&RKA奥比岛自备电厂",
        "Plant name (local)": null,
        "Owner": "WP&RKA Company [100%]",
        "Owner GEM Entity ID": "E100000121534 [100%]",
        "Parent": "Gansu Provincial State-owned Assets Investment Group Co Ltd [48.0%]; unknown [26.9%]; China Development Bank Corp [13.5%]; Jinchuan Group Co Ltd [11.6%]",
        "Parent GEM Entity ID": "E100000000189 [48.0%]; E100000132388 [26.9%]; E100001001051 [13.5%]; E100000124293 [11.6%]",
        "Capacity (MW)": "50",
        "Status": "operating",
        "Start year": "2019",
        "Retired year": null,
        "Planned retirement": null,
        "Coal phaseout year": null,
        "Net zero year": "2060",
        "Combustion technology": "unknown",
        "Coal type": "unknown",
        "Coal source": null,
        "Conversion to (fuel)": null,
        "Conversion to (GEM unit ID)": null,
        "Alternate Fuel": null,
        "Location": "Kawasi",
        "Local area (taluk, county)": "Obi",
        "Major area (prefecture, district)": "South Halmahera",
        "Subnational unit (province, state)": "North Maluku",
        "Subregion": "South-eastern Asia",
        "Region": "Asia",
        "Location accuracy": "exact",
        "Permits": null,
        "Permit Date": null,
        "Permit Parsed": null,
        "Captive": "nickel",
        "Captive industry use": null,
        "Captive residential use": null,
        "CHP": null,
        "Capacity factor": "0.64",
        "Plant age (years)": "6",
        "Heat rate (Btu per kWh)": "10326",
        "Emission factor (kg of CO2 per TJ)": "96100",
        "Annual CO2 (million tonnes / annum)": "0.293497458",
        "Remaining plant lifetime (years)": "29",
        "Lifetime CO2 (million tonnes)": "8.511426272",
        "China capacity payment recipient": null
      }
    },
    {
      "type": "Feature",
      "geometry": {
        "type": "Point",
        "coordinates": [
          127.415933,
          -1.56606
        ]
      },
      "properties": {
        "name": "Jinchuan Group WP&RKA power station",
        "source": "GEM_Coal_2026",
        "GEM unit/phase ID": "G100000114328",
        "GEM location ID": "L100000104615",
        "Country/Area": "Indonesia",
        "Wiki URL": "https://www.gem.wiki/Jinchuan_Group_WP%26RKA_power_station",
        "Plant name": "Jinchuan Group WP&RKA power station",
        "Unit name": "Unit 3",
        "Plant name (other)": "金川集团印尼WP&RKA奥比岛自备电厂",
        "Plant name (local)": null,
        "Owner": "WP&RKA Company [100%]",
        "Owner GEM Entity ID": "E100000121534 [100%]",
        "Parent": "Gansu Provincial State-owned Assets Investment Group Co Ltd [48.0%]; unknown [26.9%]; China Development Bank Corp [13.5%]; Jinchuan Group Co Ltd [11.6%]",
        "Parent GEM Entity ID": "E100000000189 [48.0%]; E100000132388 [26.9%]; E100001001051 [13.5%]; E100000124293 [11.6%]",
        "Capacity (MW)": "50",
        "Status": "operating",
        "Start year": "2019",
        "Retired year": null,
        "Planned retirement": null,
        "Coal phaseout year": null,
        "Net zero year": "2060",
        "Combustion technology": "unknown",
        "Coal type": "unknown",
        "Coal source": null,
        "Conversion to (fuel)": null,
        "Conversion to (GEM unit ID)": null,
        "Alternate Fuel": null,
        "Location": "Kawasi",
        "Local area (taluk, county)": "Obi",
        "Major area (prefecture, district)": "South Halmahera",
        "Subnational unit (province, state)": "North Maluku",
        "Subregion": "South-eastern Asia",
        "Region": "Asia",
        "Location accuracy": "exact",
        "Permits": null,
        "Permit Date": null,
        "Permit Parsed": null,
        "Captive": "nickel",
        "Captive industry use": null,
        "Captive residential use": null,
        "CHP": null,
        "Capacity factor": "0.64",
        "Plant age (years)": "6",
        "Heat rate (Btu per kWh)": "10326",
        "Emission factor (kg of CO2 per TJ)": "96100",
        "Annual CO2 (million tonnes / annum)": "0.293497458",
        "Remaining plant lifetime (years)": "29",
        "Lifetime CO2 (million tonnes)": "8.511426272",
        "China capacity payment recipient": null
      }
    },
    {
      "type": "Feature",
      "geometry": {
        "type": "Point",
        "coordinates": [
          127.4210337,
          -1.5614331
        ]
      },
      "properties": {
        "name": "PT Halmahera Persada Lygend Nickel Smelter power station",
        "source": "GEM_Coal_2026",
        "GEM unit/phase ID": "G100000115355",
        "GEM location ID": "L100000104831",
        "Country/Area": "Indonesia",
        "Wiki URL": "https://www.gem.wiki/PT_Halmahera_Persada_Lygend_Nickel_Smelter_power_station",
        "Plant name": "PT Halmahera Persada Lygend Nickel Smelter power station",
        "Unit name": "Phase III Unit 1",
        "Plant name (other)": "PLTU Obi Sinar Timur (Phase III), 宁波力勤印尼镍铁项目自备电厂",
        "Plant name (local)": null,
        "Owner": "PT Obi Nickel Cobalt [100%]",
        "Owner GEM Entity ID": "E100000121047 [100%]",
        "Parent": "Harita Group [63.1%]; Ningbo Lygend [36.9%]",
        "Parent GEM Entity ID": "E100000120543 [63.1%]; E100000120928 [36.9%]",
        "Capacity (MW)": "380",
        "Status": "operating",
        "Start year": "2024",
        "Retired year": null,
        "Planned retirement": null,
        "Coal phaseout year": null,
        "Net zero year": "2060",
        "Combustion technology": "unknown",
        "Coal type": "unknown",
        "Coal source": null,
        "Conversion to (fuel)": null,
        "Conversion to (GEM unit ID)": null,
        "Alternate Fuel": null,
        "Location": "Kawasi",
        "Local area (taluk, county)": "Obi",
        "Major area (prefecture, district)": "South Halmahera",
        "Subnational unit (province, state)": "North Maluku",
        "Subregion": "South-eastern Asia",
        "Region": "Asia",
        "Location accuracy": "exact",
        "Permits": null,
        "Permit Date": null,
        "Permit Parsed": null,
        "Captive": "nickel",
        "Captive industry use": "power",
        "Captive residential use": null,
        "CHP": null,
        "Capacity factor": "0.64",
        "Plant age (years)": "1",
        "Heat rate (Btu per kWh)": "9465.5",
        "Emission factor (kg of CO2 per TJ)": "96100",
        "Annual CO2 (million tonnes / annum)": "2.044698955",
        "Remaining plant lifetime (years)": "34",
        "Lifetime CO2 (million tonnes)": "69.51976447",
        "China capacity payment recipient": null
      }
    },
    {
      "type": "Feature",
      "geometry": {
        "type": "Point",
        "coordinates": [
          127.4210337,
          -1.5614331
        ]
      },
      "properties": {
        "name": "PT Halmahera Persada Lygend Nickel Smelter power station",
        "source": "GEM_Coal_2026",
        "GEM unit/phase ID": "G100000115356",
        "GEM location ID": "L100000104831",
        "Country/Area": "Indonesia",
        "Wiki URL": "https://www.gem.wiki/PT_Halmahera_Persada_Lygend_Nickel_Smelter_power_station",
        "Plant name": "PT Halmahera Persada Lygend Nickel Smelter power station",
        "Unit name": "Phase III Unit 2",
        "Plant name (other)": "PLTU Obi Sinar Timur (Phase III), 宁波力勤印尼镍铁项目自备电厂",
        "Plant name (local)": null,
        "Owner": "PT Obi Nickel Cobalt [100%]",
        "Owner GEM Entity ID": "E100000121047 [100%]",
        "Parent": "Harita Group [63.1%]; Ningbo Lygend [36.9%]",
        "Parent GEM Entity ID": "E100000120543 [63.1%]; E100000120928 [36.9%]",
        "Capacity (MW)": "380",
        "Status": "operating",
        "Start year": "2025",
        "Retired year": null,
        "Planned retirement": null,
        "Coal phaseout year": null,
        "Net zero year": "2060",
        "Combustion technology": "unknown",
        "Coal type": "unknown",
        "Coal source": null,
        "Conversion to (fuel)": null,
        "Conversion to (GEM unit ID)": null,
        "Alternate Fuel": null,
        "Location": "Kawasi",
        "Local area (taluk, county)": "Obi",
        "Major area (prefecture, district)": "South Halmahera",
        "Subnational unit (province, state)": "North Maluku",
        "Subregion": "South-eastern Asia",
        "Region": "Asia",
        "Location accuracy": "exact",
        "Permits": null,
        "Permit Date": null,
        "Permit Parsed": null,
        "Captive": "nickel",
        "Captive industry use": "power",
        "Captive residential use": null,
        "CHP": null,
        "Capacity factor": "0.64",
        "Plant age (years)": "0",
        "Heat rate (Btu per kWh)": "9465.5",
        "Emission factor (kg of CO2 per TJ)": "96100",
        "Annual CO2 (million tonnes / annum)": "2.044698955",
        "Remaining plant lifetime (years)": "35",
        "Lifetime CO2 (million tonnes)": "71.56446342",
        "China capacity payment recipient": null
      }
    },
    {
      "type": "Feature",
      "geometry": {
        "type": "Point",
        "coordinates": [
          127.4210337,
          -1.5614331
        ]
      },
      "properties": {
        "name": "PT Halmahera Persada Lygend Nickel Smelter power station",
        "source": "GEM_Coal_2026",
        "GEM unit/phase ID": "G100000115357",
        "GEM location ID": "L100000104831",
        "Country/Area": "Indonesia",
        "Wiki URL": "https://www.gem.wiki/PT_Halmahera_Persada_Lygend_Nickel_Smelter_power_station",
        "Plant name": "PT Halmahera Persada Lygend Nickel Smelter power station",
        "Unit name": "Phase III Unit 3",
        "Plant name (other)": "PLTU Obi Sinar Timur (Phase III), 宁波力勤印尼镍铁项目自备电厂",
        "Plant name (local)": null,
        "Owner": "PT Obi Nickel Cobalt [100%]",
        "Owner GEM Entity ID": "E100000121047 [100%]",
        "Parent": "Harita Group [63.1%]; Ningbo Lygend [36.9%]",
        "Parent GEM Entity ID": "E100000120543 [63.1%]; E100000120928 [36.9%]",
        "Capacity (MW)": "380",
        "Status": "construction",
        "Start year": null,
        "Retired year": null,
        "Planned retirement": null,
        "Coal phaseout year": null,
        "Net zero year": "2060",
        "Combustion technology": "unknown",
        "Coal type": "unknown",
        "Coal source": null,
        "Conversion to (fuel)": null,
        "Conversion to (GEM unit ID)": null,
        "Alternate Fuel": null,
        "Location": "Kawasi",
        "Local area (taluk, county)": "Obi",
        "Major area (prefecture, district)": "South Halmahera",
        "Subnational unit (province, state)": "North Maluku",
        "Subregion": "South-eastern Asia",
        "Region": "Asia",
        "Location accuracy": "exact",
        "Permits": null,
        "Permit Date": null,
        "Permit Parsed": null,
        "Captive": "nickel",
        "Captive industry use": "power",
        "Captive residential use": null,
        "CHP": null,
        "Capacity factor": "0.64",
        "Plant age (years)": "0",
        "Heat rate (Btu per kWh)": "9465.5",
        "Emission factor (kg of CO2 per TJ)": "96100",
        "Annual CO2 (million tonnes / annum)": "2.044698955",
        "Remaining plant lifetime (years)": "35",
        "Lifetime CO2 (million tonnes)": "71.56446342",
        "China capacity payment recipient": null
      }
    },
    {
      "type": "Feature",
      "geometry": {
        "type": "Point",
        "coordinates": [
          127.4210337,
          -1.5614331
        ]
      },
      "properties": {
        "name": "PT Halmahera Persada Lygend Nickel Smelter power station",
        "source": "GEM_Coal_2026",
        "GEM unit/phase ID": "G100000115358",
        "GEM location ID": "L100000104831",
        "Country/Area": "Indonesia",
        "Wiki URL": "https://www.gem.wiki/PT_Halmahera_Persada_Lygend_Nickel_Smelter_power_station",
        "Plant name": "PT Halmahera Persada Lygend Nickel Smelter power station",
        "Unit name": "Phase III Unit 4",
        "Plant name (other)": "PLTU Obi Sinar Timur (Phase III), 宁波力勤印尼镍铁项目自备电厂",
        "Plant name (local)": null,
        "Owner": "PT Obi Nickel Cobalt [100%]",
        "Owner GEM Entity ID": "E100000121047 [100%]",
        "Parent": "Harita Group [63.1%]; Ningbo Lygend [36.9%]",
        "Parent GEM Entity ID": "E100000120543 [63.1%]; E100000120928 [36.9%]",
        "Capacity (MW)": "380",
        "Status": "construction",
        "Start year": null,
        "Retired year": null,
        "Planned retirement": null,
        "Coal phaseout year": null,
        "Net zero year": "2060",
        "Combustion technology": "unknown",
        "Coal type": "unknown",
        "Coal source": null,
        "Conversion to (fuel)": null,
        "Conversion to (GEM unit ID)": null,
        "Alternate Fuel": null,
        "Location": "Kawasi",
        "Local area (taluk, county)": "Obi",
        "Major area (prefecture, district)": "South Halmahera",
        "Subnational unit (province, state)": "North Maluku",
        "Subregion": "South-eastern Asia",
        "Region": "Asia",
        "Location accuracy": "exact",
        "Permits": null,
        "Permit Date": null,
        "Permit Parsed": null,
        "Captive": "nickel",
        "Captive industry use": "power",
        "Captive residential use": null,
        "CHP": null,
        "Capacity factor": "0.64",
        "Plant age (years)": "0",
        "Heat rate (Btu per kWh)": "9465.5",
        "Emission factor (kg of CO2 per TJ)": "96100",
        "Annual CO2 (million tonnes / annum)": "2.044698955",
        "Remaining plant lifetime (years)": "35",
        "Lifetime CO2 (million tonnes)": "71.56446342",
        "China capacity payment recipient": null
      }
    },
    {
      "type": "Feature",
      "geometry": {
        "type": "Point",
        "coordinates": [
          127.4210337,
          -1.5614331
        ]
      },
      "properties": {
        "name": "PT Halmahera Persada Lygend Nickel Smelter power station",
        "source": "GEM_Coal_2026",
        "GEM unit/phase ID": "G100000115067",
        "GEM location ID": "L100000104831",
        "Country/Area": "Indonesia",
        "Wiki URL": "https://www.gem.wiki/PT_Halmahera_Persada_Lygend_Nickel_Smelter_power_station",
        "Plant name": "PT Halmahera Persada Lygend Nickel Smelter power station",
        "Unit name": "Phase II Unit 1",
        "Plant name (other)": "PLTU Obi Sinar Timur (Phase III), 宁波力勤印尼镍铁项目自备电厂",
        "Plant name (local)": null,
        "Owner": "PT Halmahera Persada Lygend [100%]",
        "Owner GEM Entity ID": "E100000121020 [100%]",
        "Parent": "Harita Group [63.1%]; Ningbo Lygend [36.9%]",
        "Parent GEM Entity ID": "E100000120543 [63.1%]; E100000120928 [36.9%]",
        "Capacity (MW)": "150",
        "Status": "operating",
        "Start year": "2023",
        "Retired year": null,
        "Planned retirement": null,
        "Coal phaseout year": null,
        "Net zero year": "2060",
        "Combustion technology": "unknown",
        "Coal type": "unknown",
        "Coal source": null,
        "Conversion to (fuel)": null,
        "Conversion to (GEM unit ID)": null,
        "Alternate Fuel": null,
        "Location": "Kawasi",
        "Local area (taluk, county)": "Obi",
        "Major area (prefecture, district)": "South Halmahera",
        "Subnational unit (province, state)": "North Maluku",
        "Subregion": "South-eastern Asia",
        "Region": "Asia",
        "Location accuracy": "exact",
        "Permits": null,
        "Permit Date": null,
        "Permit Parsed": null,
        "Captive": "nickel",
        "Captive industry use": "power",
        "Captive residential use": null,
        "CHP": null,
        "Capacity factor": "0.64",
        "Plant age (years)": "2",
        "Heat rate (Btu per kWh)": "10326",
        "Emission factor (kg of CO2 per TJ)": "96100",
        "Annual CO2 (million tonnes / annum)": "0.880492373",
        "Remaining plant lifetime (years)": "33",
        "Lifetime CO2 (million tonnes)": "29.05624831",
        "China capacity payment recipient": null
      }
    },
    {
      "type": "Feature",
      "geometry": {
        "type": "Point",
        "coordinates": [
          127.4210337,
          -1.5614331
        ]
      },
      "properties": {
        "name": "PT Halmahera Persada Lygend Nickel Smelter power station",
        "source": "GEM_Coal_2026",
        "GEM unit/phase ID": "G100000115068",
        "GEM location ID": "L100000104831",
        "Country/Area": "Indonesia",
        "Wiki URL": "https://www.gem.wiki/PT_Halmahera_Persada_Lygend_Nickel_Smelter_power_station",
        "Plant name": "PT Halmahera Persada Lygend Nickel Smelter power station",
        "Unit name": "Phase II Unit 2",
        "Plant name (other)": "PLTU Obi Sinar Timur (Phase III), 宁波力勤印尼镍铁项目自备电厂",
        "Plant name (local)": null,
        "Owner": "PT Halmahera Persada Lygend [100%]",
        "Owner GEM Entity ID": "E100000121020 [100%]",
        "Parent": "Harita Group [63.1%]; Ningbo Lygend [36.9%]",
        "Parent GEM Entity ID": "E100000120543 [63.1%]; E100000120928 [36.9%]",
        "Capacity (MW)": "150",
        "Status": "operating",
        "Start year": "2022",
        "Retired year": null,
        "Planned retirement": null,
        "Coal phaseout year": null,
        "Net zero year": "2060",
        "Combustion technology": "unknown",
        "Coal type": "unknown",
        "Coal source": null,
        "Conversion to (fuel)": null,
        "Conversion to (GEM unit ID)": null,
        "Alternate Fuel": null,
        "Location": "Kawasi",
        "Local area (taluk, county)": "Obi",
        "Major area (prefecture, district)": "South Halmahera",
        "Subnational unit (province, state)": "North Maluku",
        "Subregion": "South-eastern Asia",
        "Region": "Asia",
        "Location accuracy": "exact",
        "Permits": null,
        "Permit Date": null,
        "Permit Parsed": null,
        "Captive": "nickel",
        "Captive industry use": "power",
        "Captive residential use": null,
        "CHP": null,
        "Capacity factor": "0.64",
        "Plant age (years)": "3",
        "Heat rate (Btu per kWh)": "10326",
        "Emission factor (kg of CO2 per TJ)": "96100",
        "Annual CO2 (million tonnes / annum)": "0.880492373",
        "Remaining plant lifetime (years)": "32",
        "Lifetime CO2 (million tonnes)": "28.17575593",
        "China capacity payment recipient": null
      }
    },
    {
      "type": "Feature",
      "geometry": {
        "type": "Point",
        "coordinates": [
          127.4210337,
          -1.5614331
        ]
      },
      "properties": {
        "name": "PT Halmahera Persada Lygend Nickel Smelter power station",
        "source": "GEM_Coal_2026",
        "GEM unit/phase ID": "G100000115069",
        "GEM location ID": "L100000104831",
        "Country/Area": "Indonesia",
        "Wiki URL": "https://www.gem.wiki/PT_Halmahera_Persada_Lygend_Nickel_Smelter_power_station",
        "Plant name": "PT Halmahera Persada Lygend Nickel Smelter power station",
        "Unit name": "Phase II Unit 3",
        "Plant name (other)": "PLTU Obi Sinar Timur (Phase III), 宁波力勤印尼镍铁项目自备电厂",
        "Plant name (local)": null,
        "Owner": "PT Halmahera Persada Lygend [100%]",
        "Owner GEM Entity ID": "E100000121020 [100%]",
        "Parent": "Harita Group [63.1%]; Ningbo Lygend [36.9%]",
        "Parent GEM Entity ID": "E100000120543 [63.1%]; E100000120928 [36.9%]",
        "Capacity (MW)": "150",
        "Status": "operating",
        "Start year": "2023",
        "Retired year": null,
        "Planned retirement": null,
        "Coal phaseout year": null,
        "Net zero year": "2060",
        "Combustion technology": "unknown",
        "Coal type": "unknown",
        "Coal source": null,
        "Conversion to (fuel)": null,
        "Conversion to (GEM unit ID)": null,
        "Alternate Fuel": null,
        "Location": "Kawasi",
        "Local area (taluk, county)": "Obi",
        "Major area (prefecture, district)": "South Halmahera",
        "Subnational unit (province, state)": "North Maluku",
        "Subregion": "South-eastern Asia",
        "Region": "Asia",
        "Location accuracy": "exact",
        "Permits": null,
        "Permit Date": null,
        "Permit Parsed": null,
        "Captive": "nickel",
        "Captive industry use": "power",
        "Captive residential use": null,
        "CHP": null,
        "Capacity factor": "0.64",
        "Plant age (years)": "2",
        "Heat rate (Btu per kWh)": "10326",
        "Emission factor (kg of CO2 per TJ)": "96100",
        "Annual CO2 (million tonnes / annum)": "0.880492373",
        "Remaining plant lifetime (years)": "33",
        "Lifetime CO2 (million tonnes)": "29.05624831",
        "China capacity payment recipient": null
      }
    },
    {
      "type": "Feature",
      "geometry": {
        "type": "Point",
        "coordinates": [
          127.4210337,
          -1.5614331
        ]
      },
      "properties": {
        "name": "PT Halmahera Persada Lygend Nickel Smelter power station",
        "source": "GEM_Coal_2026",
        "GEM unit/phase ID": "G100000115070",
        "GEM location ID": "L100000104831",
        "Country/Area": "Indonesia",
        "Wiki URL": "https://www.gem.wiki/PT_Halmahera_Persada_Lygend_Nickel_Smelter_power_station",
        "Plant name": "PT Halmahera Persada Lygend Nickel Smelter power station",
        "Unit name": "Phase II Unit 4",
        "Plant name (other)": "PLTU Obi Sinar Timur (Phase III), 宁波力勤印尼镍铁项目自备电厂",
        "Plant name (local)": null,
        "Owner": "PT Halmahera Persada Lygend [100%]",
        "Owner GEM Entity ID": "E100000121020 [100%]",
        "Parent": "Harita Group [63.1%]; Ningbo Lygend [36.9%]",
        "Parent GEM Entity ID": "E100000120543 [63.1%]; E100000120928 [36.9%]",
        "Capacity (MW)": "150",
        "Status": "operating",
        "Start year": "2023",
        "Retired year": null,
        "Planned retirement": null,
        "Coal phaseout year": null,
        "Net zero year": "2060",
        "Combustion technology": "unknown",
        "Coal type": "unknown",
        "Coal source": null,
        "Conversion to (fuel)": null,
        "Conversion to (GEM unit ID)": null,
        "Alternate Fuel": null,
        "Location": "Kawasi",
        "Local area (taluk, county)": "Obi",
        "Major area (prefecture, district)": "South Halmahera",
        "Subnational unit (province, state)": "North Maluku",
        "Subregion": "South-eastern Asia",
        "Region": "Asia",
        "Location accuracy": "exact",
        "Permits": null,
        "Permit Date": null,
        "Permit Parsed": null,
        "Captive": "nickel",
        "Captive industry use": "power",
        "Captive residential use": null,
        "CHP": null,
        "Capacity factor": "0.64",
        "Plant age (years)": "2",
        "Heat rate (Btu per kWh)": "10326",
        "Emission factor (kg of CO2 per TJ)": "96100",
        "Annual CO2 (million tonnes / annum)": "0.880492373",
        "Remaining plant lifetime (years)": "33",
        "Lifetime CO2 (million tonnes)": "29.05624831",
        "China capacity payment recipient": null
      }
    },
    {
      "type": "Feature",
      "geometry": {
        "type": "Point",
        "coordinates": [
          127.4210337,
          -1.5614331
        ]
      },
      "properties": {
        "name": "PT Halmahera Persada Lygend Nickel Smelter power station",
        "source": "GEM_Coal_2026",
        "GEM unit/phase ID": "G100001031294",
        "GEM location ID": "L100000104831",
        "Country/Area": "Indonesia",
        "Wiki URL": "https://www.gem.wiki/PT_Halmahera_Persada_Lygend_Nickel_Smelter_power_station",
        "Plant name": "PT Halmahera Persada Lygend Nickel Smelter power station",
        "Unit name": "Phase II Unit 5",
        "Plant name (other)": "PLTU Obi Sinar Timur (Phase III), 宁波力勤印尼镍铁项目自备电厂",
        "Plant name (local)": null,
        "Owner": "PT Halmahera Persada Lygend [100%]",
        "Owner GEM Entity ID": "E100000121020 [100%]",
        "Parent": "Harita Group [63.1%]; Ningbo Lygend [36.9%]",
        "Parent GEM Entity ID": "E100000120543 [63.1%]; E100000120928 [36.9%]",
        "Capacity (MW)": "150",
        "Status": "operating",
        "Start year": "2023",
        "Retired year": null,
        "Planned retirement": null,
        "Coal phaseout year": null,
        "Net zero year": "2060",
        "Combustion technology": "unknown",
        "Coal type": "unknown",
        "Coal source": null,
        "Conversion to (fuel)": null,
        "Conversion to (GEM unit ID)": null,
        "Alternate Fuel": null,
        "Location": "Kawasi",
        "Local area (taluk, county)": "Obi",
        "Major area (prefecture, district)": "South Halmahera",
        "Subnational unit (province, state)": "North Maluku",
        "Subregion": "South-eastern Asia",
        "Region": "Asia",
        "Location accuracy": "exact",
        "Permits": null,
        "Permit Date": null,
        "Permit Parsed": null,
        "Captive": "nickel",
        "Captive industry use": "power",
        "Captive residential use": null,
        "CHP": null,
        "Capacity factor": "0.64",
        "Plant age (years)": "2",
        "Heat rate (Btu per kWh)": "10326",
        "Emission factor (kg of CO2 per TJ)": "96100",
        "Annual CO2 (million tonnes / annum)": "0.880492373",
        "Remaining plant lifetime (years)": "33",
        "Lifetime CO2 (million tonnes)": "29.05624831",
        "China capacity payment recipient": null
      }
    },
    {
      "type": "Feature",
      "geometry": {
        "type": "Point",
        "coordinates": [
          127.416015,
          -1.53615
        ]
      },
      "properties": {
        "name": "PT Halmahera Persada Lygend Nickel Smelter power station",
        "source": "GEM_Coal_2026",
        "GEM unit/phase ID": "G100000115126",
        "GEM location ID": "L100000104831",
        "Country/Area": "Indonesia",
        "Wiki URL": "https://www.gem.wiki/PT_Halmahera_Persada_Lygend_Nickel_Smelter_power_station",
        "Plant name": "PT Halmahera Persada Lygend Nickel Smelter power station",
        "Unit name": "Phase I Unit 1",
        "Plant name (other)": "PLTU Obi Sinar Timur (Phase III), 宁波力勤印尼镍铁项目自备电厂",
        "Plant name (local)": null,
        "Owner": "PT Halmahera Persada Lygend [100%]",
        "Owner GEM Entity ID": "E100000121020 [100%]",
        "Parent": "Harita Group [63.1%]; Ningbo Lygend [36.9%]",
        "Parent GEM Entity ID": "E100000120543 [63.1%]; E100000120928 [36.9%]",
        "Capacity (MW)": "30",
        "Status": "operating",
        "Start year": "2020",
        "Retired year": null,
        "Planned retirement": null,
        "Coal phaseout year": null,
        "Net zero year": "2060",
        "Combustion technology": "unknown",
        "Coal type": "unknown",
        "Coal source": null,
        "Conversion to (fuel)": null,
        "Conversion to (GEM unit ID)": null,
        "Alternate Fuel": null,
        "Location": "Kawasi",
        "Local area (taluk, county)": "Obi",
        "Major area (prefecture, district)": "South Halmahera",
        "Subnational unit (province, state)": "North Maluku",
        "Subregion": "South-eastern Asia",
        "Region": "Asia",
        "Location accuracy": "exact",
        "Permits": null,
        "Permit Date": null,
        "Permit Parsed": null,
        "Captive": "nickel",
        "Captive industry use": "power",
        "Captive residential use": null,
        "CHP": null,
        "Capacity factor": "0.64",
        "Plant age (years)": "5",
        "Heat rate (Btu per kWh)": "10326",
        "Emission factor (kg of CO2 per TJ)": "96100",
        "Annual CO2 (million tonnes / annum)": "0.176098475",
        "Remaining plant lifetime (years)": "30",
        "Lifetime CO2 (million tonnes)": "5.282954238",
        "China capacity payment recipient": null
      }
    },
    {
      "type": "Feature",
      "geometry": {
        "type": "Point",
        "coordinates": [
          127.416015,
          -1.53615
        ]
      },
      "properties": {
        "name": "PT Halmahera Persada Lygend Nickel Smelter power station",
        "source": "GEM_Coal_2026",
        "GEM unit/phase ID": "G100000115127",
        "GEM location ID": "L100000104831",
        "Country/Area": "Indonesia",
        "Wiki URL": "https://www.gem.wiki/PT_Halmahera_Persada_Lygend_Nickel_Smelter_power_station",
        "Plant name": "PT Halmahera Persada Lygend Nickel Smelter power station",
        "Unit name": "Phase I Unit 2",
        "Plant name (other)": "PLTU Obi Sinar Timur (Phase III), 宁波力勤印尼镍铁项目自备电厂",
        "Plant name (local)": null,
        "Owner": "PT Halmahera Persada Lygend [100%]",
        "Owner GEM Entity ID": "E100000121020 [100%]",
        "Parent": "Harita Group [63.1%]; Ningbo Lygend [36.9%]",
        "Parent GEM Entity ID": "E100000120543 [63.1%]; E100000120928 [36.9%]",
        "Capacity (MW)": "30",
        "Status": "operating",
        "Start year": "2021",
        "Retired year": null,
        "Planned retirement": null,
        "Coal phaseout year": null,
        "Net zero year": "2060",
        "Combustion technology": "unknown",
        "Coal type": "unknown",
        "Coal source": null,
        "Conversion to (fuel)": null,
        "Conversion to (GEM unit ID)": null,
        "Alternate Fuel": null,
        "Location": "Kawasi",
        "Local area (taluk, county)": "Obi",
        "Major area (prefecture, district)": "South Halmahera",
        "Subnational unit (province, state)": "North Maluku",
        "Subregion": "South-eastern Asia",
        "Region": "Asia",
        "Location accuracy": "exact",
        "Permits": null,
        "Permit Date": null,
        "Permit Parsed": null,
        "Captive": "nickel",
        "Captive industry use": "power",
        "Captive residential use": null,
        "CHP": null,
        "Capacity factor": "0.64",
        "Plant age (years)": "4",
        "Heat rate (Btu per kWh)": "10326",
        "Emission factor (kg of CO2 per TJ)": "96100",
        "Annual CO2 (million tonnes / annum)": "0.176098475",
        "Remaining plant lifetime (years)": "31",
        "Lifetime CO2 (million tonnes)": "5.459052712",
        "China capacity payment recipient": null
      }
    },
    {
      "type": "Feature",
      "geometry": {
        "type": "Point",
        "coordinates": [
          127.416015,
          -1.53615
        ]
      },
      "properties": {
        "name": "PT Halmahera Persada Lygend Nickel Smelter power station",
        "source": "GEM_Coal_2026",
        "GEM unit/phase ID": "G100000115359",
        "GEM location ID": "L100000104831",
        "Country/Area": "Indonesia",
        "Wiki URL": "https://www.gem.wiki/PT_Halmahera_Persada_Lygend_Nickel_Smelter_power_station",
        "Plant name": "PT Halmahera Persada Lygend Nickel Smelter power station",
        "Unit name": "Phase I Unit 3",
        "Plant name (other)": "PLTU Obi Sinar Timur (Phase III), 宁波力勤印尼镍铁项目自备电厂",
        "Plant name (local)": null,
        "Owner": "PT Halmahera Persada Lygend [100%]",
        "Owner GEM Entity ID": "E100000121020 [100%]",
        "Parent": "Harita Group [63.1%]; Ningbo Lygend [36.9%]",
        "Parent GEM Entity ID": "E100000120543 [63.1%]; E100000120928 [36.9%]",
        "Capacity (MW)": "60",
        "Status": "operating",
        "Start year": "2023",
        "Retired year": null,
        "Planned retirement": null,
        "Coal phaseout year": null,
        "Net zero year": "2060",
        "Combustion technology": "unknown",
        "Coal type": "unknown",
        "Coal source": null,
        "Conversion to (fuel)": null,
        "Conversion to (GEM unit ID)": null,
        "Alternate Fuel": null,
        "Location": "Kawasi",
        "Local area (taluk, county)": "Obi",
        "Major area (prefecture, district)": "South Halmahera",
        "Subnational unit (province, state)": "North Maluku",
        "Subregion": "South-eastern Asia",
        "Region": "Asia",
        "Location accuracy": "exact",
        "Permits": null,
        "Permit Date": null,
        "Permit Parsed": null,
        "Captive": "nickel",
        "Captive industry use": "power",
        "Captive residential use": null,
        "CHP": null,
        "Capacity factor": "0.64",
        "Plant age (years)": "2",
        "Heat rate (Btu per kWh)": "10326",
        "Emission factor (kg of CO2 per TJ)": "96100",
        "Annual CO2 (million tonnes / annum)": "0.352196949",
        "Remaining plant lifetime (years)": "33",
        "Lifetime CO2 (million tonnes)": "11.62249932",
        "China capacity payment recipient": null
      }
    },
    {
      "type": "Feature",
      "geometry": {
        "type": "Point",
        "coordinates": [
          131.255,
          -0.876
        ]
      },
      "properties": {
        "name": "Sorong power station",
        "source": "GEM_Coal_2026",
        "GEM unit/phase ID": "G100000109528",
        "GEM location ID": "L100000102832",
        "Country/Area": "Indonesia",
        "Wiki URL": "https://www.gem.wiki/Sorong_power_station",
        "Plant name": "Sorong power station",
        "Unit name": "Phase I",
        "Plant name (other)": null,
        "Plant name (local)": null,
        "Owner": "PT PLN (Persero)",
        "Owner GEM Entity ID": "E100000000537",
        "Parent": "PT PLN (Persero)",
        "Parent GEM Entity ID": "E100000000537",
        "Capacity (MW)": "50",
        "Status": "cancelled",
        "Start year": null,
        "Retired year": null,
        "Planned retirement": null,
        "Coal phaseout year": null,
        "Net zero year": "2060",
        "Combustion technology": "unknown",
        "Coal type": "unknown",
        "Coal source": null,
        "Conversion to (fuel)": null,
        "Conversion to (GEM unit ID)": null,
        "Alternate Fuel": null,
        "Location": "Sorong",
        "Local area (taluk, county)": null,
        "Major area (prefecture, district)": null,
        "Subnational unit (province, state)": "West Papua",
        "Subregion": "South-eastern Asia",
        "Region": "Asia",
        "Location accuracy": "approximate",
        "Permits": null,
        "Permit Date": null,
        "Permit Parsed": null,
        "Captive": null,
        "Captive industry use": null,
        "Captive residential use": null,
        "CHP": null,
        "Capacity factor": "0",
        "Plant age (years)": "0",
        "Heat rate (Btu per kWh)": "10326",
        "Emission factor (kg of CO2 per TJ)": "96100",
        "Annual CO2 (million tonnes / annum)": "0",
        "Remaining plant lifetime (years)": "0",
        "Lifetime CO2 (million tonnes)": "0",
        "China capacity payment recipient": null
      }
    },
    {
      "type": "Feature",
      "geometry": {
        "type": "Point",
        "coordinates": [
          131.255,
          -0.876
        ]
      },
      "properties": {
        "name": "Sorong power station",
        "source": "GEM_Coal_2026",
        "GEM unit/phase ID": "G100000109529",
        "GEM location ID": "L100000102832",
        "Country/Area": "Indonesia",
        "Wiki URL": "https://www.gem.wiki/Sorong_power_station",
        "Plant name": "Sorong power station",
        "Unit name": "Phase II",
        "Plant name (other)": null,
        "Plant name (local)": null,
        "Owner": "PT PLN (Persero)",
        "Owner GEM Entity ID": "E100000000537",
        "Parent": "PT PLN (Persero)",
        "Parent GEM Entity ID": "E100000000537",
        "Capacity (MW)": "1000",
        "Status": "cancelled",
        "Start year": null,
        "Retired year": null,
        "Planned retirement": null,
        "Coal phaseout year": null,
        "Net zero year": "2060",
        "Combustion technology": "unknown",
        "Coal type": "unknown",
        "Coal source": null,
        "Conversion to (fuel)": null,
        "Conversion to (GEM unit ID)": null,
        "Alternate Fuel": null,
        "Location": "Sorong",
        "Local area (taluk, county)": null,
        "Major area (prefecture, district)": null,
        "Subnational unit (province, state)": "West Papua",
        "Subregion": "South-eastern Asia",
        "Region": "Asia",
        "Location accuracy": "approximate",
        "Permits": null,
        "Permit Date": null,
        "Permit Parsed": null,
        "Captive": null,
        "Captive industry use": null,
        "Captive residential use": null,
        "CHP": null,
        "Capacity factor": "0",
        "Plant age (years)": "0",
        "Heat rate (Btu per kWh)": "8605",
        "Emission factor (kg of CO2 per TJ)": "96100",
        "Annual CO2 (million tonnes / annum)": "0",
        "Remaining plant lifetime (years)": "0",
        "Lifetime CO2 (million tonnes)": "0",
        "China capacity payment recipient": null
      }
    },
    {
      "type": "Feature",
      "geometry": {
        "type": "Point",
        "coordinates": [
          127.984206,
          0.478894
        ]
      },
      "properties": {
        "name": "Weda Bay power station",
        "source": "GEM_Coal_2026",
        "GEM unit/phase ID": "G100000114314",
        "GEM location ID": "L100000104613",
        "Country/Area": "Indonesia",
        "Wiki URL": "https://www.gem.wiki/Weda_Bay_power_station",
        "Plant name": "Weda Bay power station",
        "Unit name": "Unit 1",
        "Plant name (other)": "青山集团纬达贝工业园自备电厂",
        "Plant name (local)": null,
        "Owner": "PT Weda Bay Energi [100%]",
        "Owner GEM Entity ID": "E100000121084 [100%]",
        "Parent": "Huakai Investment Co Ltd; PT Daya Listrindo Utama; Shanghai Decent Investment (Group) Co Ltd; Tongxiang Wushi Trading Co Ltd; TSINGSHAN Holding Group Co Ltd; unknown; Zhejiang Huayou Holding Group Co Ltd; Zhejiang Qingshan Business Management Co Ltd; Zhenshi Holding Group Co Ltd",
        "Parent GEM Entity ID": "E100000130601; E100002008004; E100000128090; E100000128497; E100000128088; E100000132388; E100002008005; E100000128539; E100000127998",
        "Capacity (MW)": "250",
        "Status": "operating",
        "Start year": "2020",
        "Retired year": null,
        "Planned retirement": null,
        "Coal phaseout year": null,
        "Net zero year": "2060",
        "Combustion technology": "supercritical",
        "Coal type": "unknown",
        "Coal source": null,
        "Conversion to (fuel)": null,
        "Conversion to (GEM unit ID)": null,
        "Alternate Fuel": null,
        "Location": "Weda",
        "Local area (taluk, county)": null,
        "Major area (prefecture, district)": "Weda",
        "Subnational unit (province, state)": "North Maluku",
        "Subregion": "South-eastern Asia",
        "Region": "Asia",
        "Location accuracy": "exact",
        "Permits": null,
        "Permit Date": null,
        "Permit Parsed": null,
        "Captive": "nickel",
        "Captive industry use": "power",
        "Captive residential use": null,
        "CHP": null,
        "Capacity factor": "0.64",
        "Plant age (years)": "5",
        "Heat rate (Btu per kWh)": "10090.8",
        "Emission factor (kg of CO2 per TJ)": "96100",
        "Annual CO2 (million tonnes / annum)": "1.434061663",
        "Remaining plant lifetime (years)": "30",
        "Lifetime CO2 (million tonnes)": "43.02184988",
        "China capacity payment recipient": null
      }
    },
    {
      "type": "Feature",
      "geometry": {
        "type": "Point",
        "coordinates": [
          128.0081471,
          0.4761609
        ]
      },
      "properties": {
        "name": "Weda Bay power station",
        "source": "GEM_Coal_2026",
        "GEM unit/phase ID": "G100000115272",
        "GEM location ID": "L100000104613",
        "Country/Area": "Indonesia",
        "Wiki URL": "https://www.gem.wiki/Weda_Bay_power_station",
        "Plant name": "Weda Bay power station",
        "Unit name": "Unit 10",
        "Plant name (other)": "青山集团纬达贝工业园自备电厂",
        "Plant name (local)": null,
        "Owner": "PT Indonesia Weda Bay Industrial Park [100%]",
        "Owner GEM Entity ID": "E100000121027 [100%]",
        "Parent": "Zhejiang Huayou Holding Group Co Ltd [24.0%]; TSINGSHAN Holding Group Co Ltd [18.5%]; Zhenshi Holding Group Co Ltd [16.9%]; unknown [12.3%]; Shanghai Decent Investment (Group) Co Ltd [10.9%]; Tongxiang Wushi Trading Co Ltd [5.7%]; Zhejiang Qingshan Business Management Co Ltd [5.3%]; Huakai Investment Co Ltd [0.3%]",
        "Parent GEM Entity ID": "E100002008005 [24.0%]; E100000128088 [18.5%]; E100000127998 [16.9%]; E100000132388 [12.3%]; E100000128090 [10.9%]; E100000128497 [5.7%]; E100000128539 [5.3%]; E100000130601 [0.3%]",
        "Capacity (MW)": "380",
        "Status": "operating",
        "Start year": "2023",
        "Retired year": null,
        "Planned retirement": null,
        "Coal phaseout year": null,
        "Net zero year": "2060",
        "Combustion technology": "supercritical",
        "Coal type": "unknown",
        "Coal source": null,
        "Conversion to (fuel)": null,
        "Conversion to (GEM unit ID)": null,
        "Alternate Fuel": null,
        "Location": "Weda",
        "Local area (taluk, county)": null,
        "Major area (prefecture, district)": "Weda",
        "Subnational unit (province, state)": "North Maluku",
        "Subregion": "South-eastern Asia",
        "Region": "Asia",
        "Location accuracy": "exact",
        "Permits": null,
        "Permit Date": null,
        "Permit Parsed": null,
        "Captive": "nickel",
        "Captive industry use": "power",
        "Captive residential use": null,
        "CHP": null,
        "Capacity factor": "0.64",
        "Plant age (years)": "2",
        "Heat rate (Btu per kWh)": "9249.9",
        "Emission factor (kg of CO2 per TJ)": "96100",
        "Annual CO2 (million tonnes / annum)": "1.998125917",
        "Remaining plant lifetime (years)": "33",
        "Lifetime CO2 (million tonnes)": "65.93815525",
        "China capacity payment recipient": null
      }
    },
    {
      "type": "Feature",
      "geometry": {
        "type": "Point",
        "coordinates": [
          128.0081471,
          0.4761609
        ]
      },
      "properties": {
        "name": "Weda Bay power station",
        "source": "GEM_Coal_2026",
        "GEM unit/phase ID": "G100000115273",
        "GEM location ID": "L100000104613",
        "Country/Area": "Indonesia",
        "Wiki URL": "https://www.gem.wiki/Weda_Bay_power_station",
        "Plant name": "Weda Bay power station",
        "Unit name": "Unit 11",
        "Plant name (other)": "青山集团纬达贝工业园自备电厂",
        "Plant name (local)": null,
        "Owner": "PT Indonesia Weda Bay Industrial Park [100%]",
        "Owner GEM Entity ID": "E100000121027 [100%]",
        "Parent": "Zhejiang Huayou Holding Group Co Ltd [24.0%]; TSINGSHAN Holding Group Co Ltd [18.5%]; Zhenshi Holding Group Co Ltd [16.9%]; unknown [12.3%]; Shanghai Decent Investment (Group) Co Ltd [10.9%]; Tongxiang Wushi Trading Co Ltd [5.7%]; Zhejiang Qingshan Business Management Co Ltd [5.3%]; Huakai Investment Co Ltd [0.3%]",
        "Parent GEM Entity ID": "E100002008005 [24.0%]; E100000128088 [18.5%]; E100000127998 [16.9%]; E100000132388 [12.3%]; E100000128090 [10.9%]; E100000128497 [5.7%]; E100000128539 [5.3%]; E100000130601 [0.3%]",
        "Capacity (MW)": "380",
        "Status": "operating",
        "Start year": "2023",
        "Retired year": null,
        "Planned retirement": null,
        "Coal phaseout year": null,
        "Net zero year": "2060",
        "Combustion technology": "supercritical",
        "Coal type": "unknown",
        "Coal source": null,
        "Conversion to (fuel)": null,
        "Conversion to (GEM unit ID)": null,
        "Alternate Fuel": null,
        "Location": "Weda",
        "Local area (taluk, county)": null,
        "Major area (prefecture, district)": "Weda",
        "Subnational unit (province, state)": "North Maluku",
        "Subregion": "South-eastern Asia",
        "Region": "Asia",
        "Location accuracy": "exact",
        "Permits": null,
        "Permit Date": null,
        "Permit Parsed": null,
        "Captive": "nickel",
        "Captive industry use": "power",
        "Captive residential use": null,
        "CHP": null,
        "Capacity factor": "0.64",
        "Plant age (years)": "2",
        "Heat rate (Btu per kWh)": "9249.9",
        "Emission factor (kg of CO2 per TJ)": "96100",
        "Annual CO2 (million tonnes / annum)": "1.998125917",
        "Remaining plant lifetime (years)": "33",
        "Lifetime CO2 (million tonnes)": "65.93815525",
        "China capacity payment recipient": null
      }
    },
    {
      "type": "Feature",
      "geometry": {
        "type": "Point",
        "coordinates": [
          128.0081471,
          0.4761609
        ]
      },
      "properties": {
        "name": "Weda Bay power station",
        "source": "GEM_Coal_2026",
        "GEM unit/phase ID": "G100000115364",
        "GEM location ID": "L100000104613",
        "Country/Area": "Indonesia",
        "Wiki URL": "https://www.gem.wiki/Weda_Bay_power_station",
        "Plant name": "Weda Bay power station",
        "Unit name": "Unit 12",
        "Plant name (other)": "青山集团纬达贝工业园自备电厂",
        "Plant name (local)": null,
        "Owner": "PT Indonesia Weda Bay Industrial Park [100%]",
        "Owner GEM Entity ID": "E100000121027 [100%]",
        "Parent": "Zhejiang Huayou Holding Group Co Ltd [24.0%]; TSINGSHAN Holding Group Co Ltd [18.5%]; Zhenshi Holding Group Co Ltd [16.9%]; unknown [12.3%]; Shanghai Decent Investment (Group) Co Ltd [10.9%]; Tongxiang Wushi Trading Co Ltd [5.7%]; Zhejiang Qingshan Business Management Co Ltd [5.3%]; Huakai Investment Co Ltd [0.3%]",
        "Parent GEM Entity ID": "E100002008005 [24.0%]; E100000128088 [18.5%]; E100000127998 [16.9%]; E100000132388 [12.3%]; E100000128090 [10.9%]; E100000128497 [5.7%]; E100000128539 [5.3%]; E100000130601 [0.3%]",
        "Capacity (MW)": "380",
        "Status": "operating",
        "Start year": "2024",
        "Retired year": null,
        "Planned retirement": null,
        "Coal phaseout year": null,
        "Net zero year": "2060",
        "Combustion technology": "supercritical",
        "Coal type": "unknown",
        "Coal source": null,
        "Conversion to (fuel)": null,
        "Conversion to (GEM unit ID)": null,
        "Alternate Fuel": null,
        "Location": "Weda",
        "Local area (taluk, county)": null,
        "Major area (prefecture, district)": "Weda",
        "Subnational unit (province, state)": "North Maluku",
        "Subregion": "South-eastern Asia",
        "Region": "Asia",
        "Location accuracy": "exact",
        "Permits": null,
        "Permit Date": null,
        "Permit Parsed": null,
        "Captive": "nickel",
        "Captive industry use": "power",
        "Captive residential use": null,
        "CHP": null,
        "Capacity factor": "0.64",
        "Plant age (years)": "1",
        "Heat rate (Btu per kWh)": "9249.9",
        "Emission factor (kg of CO2 per TJ)": "96100",
        "Annual CO2 (million tonnes / annum)": "1.998125917",
        "Remaining plant lifetime (years)": "34",
        "Lifetime CO2 (million tonnes)": "67.93628116",
        "China capacity payment recipient": null
      }
    },
    {
      "type": "Feature",
      "geometry": {
        "type": "Point",
        "coordinates": [
          128.0081471,
          0.4761609
        ]
      },
      "properties": {
        "name": "Weda Bay power station",
        "source": "GEM_Coal_2026",
        "GEM unit/phase ID": "G100001000640",
        "GEM location ID": "L100000104613",
        "Country/Area": "Indonesia",
        "Wiki URL": "https://www.gem.wiki/Weda_Bay_power_station",
        "Plant name": "Weda Bay power station",
        "Unit name": "Unit 13",
        "Plant name (other)": "青山集团纬达贝工业园自备电厂",
        "Plant name (local)": null,
        "Owner": "PT Indonesia Weda Bay Industrial Park [100%]",
        "Owner GEM Entity ID": "E100000121027 [100%]",
        "Parent": "Zhejiang Huayou Holding Group Co Ltd [24.0%]; TSINGSHAN Holding Group Co Ltd [18.5%]; Zhenshi Holding Group Co Ltd [16.9%]; unknown [12.3%]; Shanghai Decent Investment (Group) Co Ltd [10.9%]; Tongxiang Wushi Trading Co Ltd [5.7%]; Zhejiang Qingshan Business Management Co Ltd [5.3%]; Huakai Investment Co Ltd [0.3%]",
        "Parent GEM Entity ID": "E100002008005 [24.0%]; E100000128088 [18.5%]; E100000127998 [16.9%]; E100000132388 [12.3%]; E100000128090 [10.9%]; E100000128497 [5.7%]; E100000128539 [5.3%]; E100000130601 [0.3%]",
        "Capacity (MW)": "380",
        "Status": "operating",
        "Start year": "2024",
        "Retired year": null,
        "Planned retirement": null,
        "Coal phaseout year": null,
        "Net zero year": "2060",
        "Combustion technology": "supercritical",
        "Coal type": "unknown",
        "Coal source": null,
        "Conversion to (fuel)": null,
        "Conversion to (GEM unit ID)": null,
        "Alternate Fuel": null,
        "Location": "Weda",
        "Local area (taluk, county)": null,
        "Major area (prefecture, district)": "Weda",
        "Subnational unit (province, state)": "North Maluku",
        "Subregion": "South-eastern Asia",
        "Region": "Asia",
        "Location accuracy": "exact",
        "Permits": null,
        "Permit Date": null,
        "Permit Parsed": null,
        "Captive": "nickel",
        "Captive industry use": "power",
        "Captive residential use": null,
        "CHP": null,
        "Capacity factor": "0.64",
        "Plant age (years)": "1",
        "Heat rate (Btu per kWh)": "9249.9",
        "Emission factor (kg of CO2 per TJ)": "96100",
        "Annual CO2 (million tonnes / annum)": "1.998125917",
        "Remaining plant lifetime (years)": "34",
        "Lifetime CO2 (million tonnes)": "67.93628116",
        "China capacity payment recipient": null
      }
    },
    {
      "type": "Feature",
      "geometry": {
        "type": "Point",
        "coordinates": [
          128.0081471,
          0.4761609
        ]
      },
      "properties": {
        "name": "Weda Bay power station",
        "source": "GEM_Coal_2026",
        "GEM unit/phase ID": "G100001000641",
        "GEM location ID": "L100000104613",
        "Country/Area": "Indonesia",
        "Wiki URL": "https://www.gem.wiki/Weda_Bay_power_station",
        "Plant name": "Weda Bay power station",
        "Unit name": "Unit 14",
        "Plant name (other)": "青山集团纬达贝工业园自备电厂",
        "Plant name (local)": null,
        "Owner": "PT Indonesia Weda Bay Industrial Park [100%]",
        "Owner GEM Entity ID": "E100000121027 [100%]",
        "Parent": "Zhejiang Huayou Holding Group Co Ltd [24.0%]; TSINGSHAN Holding Group Co Ltd [18.5%]; Zhenshi Holding Group Co Ltd [16.9%]; unknown [12.3%]; Shanghai Decent Investment (Group) Co Ltd [10.9%]; Tongxiang Wushi Trading Co Ltd [5.7%]; Zhejiang Qingshan Business Management Co Ltd [5.3%]; Huakai Investment Co Ltd [0.3%]",
        "Parent GEM Entity ID": "E100002008005 [24.0%]; E100000128088 [18.5%]; E100000127998 [16.9%]; E100000132388 [12.3%]; E100000128090 [10.9%]; E100000128497 [5.7%]; E100000128539 [5.3%]; E100000130601 [0.3%]",
        "Capacity (MW)": "380",
        "Status": "operating",
        "Start year": "2025",
        "Retired year": null,
        "Planned retirement": null,
        "Coal phaseout year": null,
        "Net zero year": "2060",
        "Combustion technology": "supercritical",
        "Coal type": "unknown",
        "Coal source": null,
        "Conversion to (fuel)": null,
        "Conversion to (GEM unit ID)": null,
        "Alternate Fuel": null,
        "Location": "Weda",
        "Local area (taluk, county)": null,
        "Major area (prefecture, district)": "Weda",
        "Subnational unit (province, state)": "North Maluku",
        "Subregion": "South-eastern Asia",
        "Region": "Asia",
        "Location accuracy": "exact",
        "Permits": null,
        "Permit Date": null,
        "Permit Parsed": null,
        "Captive": "nickel",
        "Captive industry use": "power",
        "Captive residential use": null,
        "CHP": null,
        "Capacity factor": "0.64",
        "Plant age (years)": "0",
        "Heat rate (Btu per kWh)": "9249.9",
        "Emission factor (kg of CO2 per TJ)": "96100",
        "Annual CO2 (million tonnes / annum)": "1.998125917",
        "Remaining plant lifetime (years)": "35",
        "Lifetime CO2 (million tonnes)": "69.93440708",
        "China capacity payment recipient": null
      }
    },
    {
      "type": "Feature",
      "geometry": {
        "type": "Point",
        "coordinates": [
          127.984206,
          0.478894
        ]
      },
      "properties": {
        "name": "Weda Bay power station",
        "source": "GEM_Coal_2026",
        "GEM unit/phase ID": "G100000114315",
        "GEM location ID": "L100000104613",
        "Country/Area": "Indonesia",
        "Wiki URL": "https://www.gem.wiki/Weda_Bay_power_station",
        "Plant name": "Weda Bay power station",
        "Unit name": "Unit 2",
        "Plant name (other)": "青山集团纬达贝工业园自备电厂",
        "Plant name (local)": null,
        "Owner": "PT Yashi Indonesia Investment [100%]",
        "Owner GEM Entity ID": "E100000121086 [100%]",
        "Parent": "Huakai Investment Co Ltd; Shanghai Decent Investment (Group) Co Ltd; Tongxiang Wushi Trading Co Ltd; unknown; Zhejiang Huajun Investment Co Ltd; Zhenshi Holding Group Co Ltd",
        "Parent GEM Entity ID": "E100000130601; E100000128090; E100000128497; E100000132388; E100000121577; E100000127998",
        "Capacity (MW)": "250",
        "Status": "operating",
        "Start year": "2020",
        "Retired year": null,
        "Planned retirement": null,
        "Coal phaseout year": null,
        "Net zero year": "2060",
        "Combustion technology": "supercritical",
        "Coal type": "unknown",
        "Coal source": null,
        "Conversion to (fuel)": null,
        "Conversion to (GEM unit ID)": null,
        "Alternate Fuel": null,
        "Location": "Weda",
        "Local area (taluk, county)": null,
        "Major area (prefecture, district)": "Weda",
        "Subnational unit (province, state)": "North Maluku",
        "Subregion": "South-eastern Asia",
        "Region": "Asia",
        "Location accuracy": "exact",
        "Permits": null,
        "Permit Date": null,
        "Permit Parsed": null,
        "Captive": "nickel",
        "Captive industry use": "power",
        "Captive residential use": null,
        "CHP": null,
        "Capacity factor": "0.64",
        "Plant age (years)": "5",
        "Heat rate (Btu per kWh)": "10090.8",
        "Emission factor (kg of CO2 per TJ)": "96100",
        "Annual CO2 (million tonnes / annum)": "1.434061663",
        "Remaining plant lifetime (years)": "30",
        "Lifetime CO2 (million tonnes)": "43.02184988",
        "China capacity payment recipient": null
      }
    },
    {
      "type": "Feature",
      "geometry": {
        "type": "Point",
        "coordinates": [
          127.984206,
          0.478894
        ]
      },
      "properties": {
        "name": "Weda Bay power station",
        "source": "GEM_Coal_2026",
        "GEM unit/phase ID": "G100000114316",
        "GEM location ID": "L100000104613",
        "Country/Area": "Indonesia",
        "Wiki URL": "https://www.gem.wiki/Weda_Bay_power_station",
        "Plant name": "Weda Bay power station",
        "Unit name": "Unit 3",
        "Plant name (other)": "青山集团纬达贝工业园自备电厂",
        "Plant name (local)": null,
        "Owner": "PT Youshan Nickel Indonesia [100%]",
        "Owner GEM Entity ID": "E100000121087 [100%]",
        "Parent": "Beijing Chengtong ICBC Equity Investment Fund LP; CCB Financial Assets Investment Co Ltd; China National Petroleum Corp; Guolian Industrial Investment Fund Management (Beijing) Co Ltd; Hainan PetroChina Shennan Petroleum Technology Development Co Ltd; Shanghai Decent Investment (Group) Co Ltd; TSINGSHAN Holding Group Co Ltd; unknown; Zhejiang Qingshan Business Management Co Ltd",
        "Parent GEM Entity ID": "E100000125250; E100000156444; E100000180733; E100001015634; E100001015633; E100000128090; E100000128088; E100000132388; E100000128539",
        "Capacity (MW)": "250",
        "Status": "operating",
        "Start year": "2021",
        "Retired year": null,
        "Planned retirement": null,
        "Coal phaseout year": null,
        "Net zero year": "2060",
        "Combustion technology": "supercritical",
        "Coal type": "unknown",
        "Coal source": null,
        "Conversion to (fuel)": null,
        "Conversion to (GEM unit ID)": null,
        "Alternate Fuel": null,
        "Location": "Weda",
        "Local area (taluk, county)": null,
        "Major area (prefecture, district)": "Weda",
        "Subnational unit (province, state)": "North Maluku",
        "Subregion": "South-eastern Asia",
        "Region": "Asia",
        "Location accuracy": "exact",
        "Permits": null,
        "Permit Date": null,
        "Permit Parsed": null,
        "Captive": "nickel",
        "Captive industry use": "power",
        "Captive residential use": null,
        "CHP": null,
        "Capacity factor": "0.64",
        "Plant age (years)": "4",
        "Heat rate (Btu per kWh)": "10090.8",
        "Emission factor (kg of CO2 per TJ)": "96100",
        "Annual CO2 (million tonnes / annum)": "1.434061663",
        "Remaining plant lifetime (years)": "31",
        "Lifetime CO2 (million tonnes)": "44.45591154",
        "China capacity payment recipient": null
      }
    },
    {
      "type": "Feature",
      "geometry": {
        "type": "Point",
        "coordinates": [
          127.984206,
          0.478894
        ]
      },
      "properties": {
        "name": "Weda Bay power station",
        "source": "GEM_Coal_2026",
        "GEM unit/phase ID": "G100000114317",
        "GEM location ID": "L100000104613",
        "Country/Area": "Indonesia",
        "Wiki URL": "https://www.gem.wiki/Weda_Bay_power_station",
        "Plant name": "Weda Bay power station",
        "Unit name": "Unit 4",
        "Plant name (other)": "青山集团纬达贝工业园自备电厂",
        "Plant name (local)": null,
        "Owner": "PT Libai Indonesia Metal Co [100%]",
        "Owner GEM Entity ID": "E100000121036 [100%]",
        "Parent": "Metallurgical Corporation of China Ltd; Shanghai Decent Investment (Group) Co Ltd; TSINGSHAN Holding Group Co Ltd; unknown; Zhejiang Qingshan Business Management Co Ltd",
        "Parent GEM Entity ID": "E100000125333; E100000128090; E100000128088; E100000132388; E100000128539",
        "Capacity (MW)": "250",
        "Status": "operating",
        "Start year": "2021",
        "Retired year": null,
        "Planned retirement": null,
        "Coal phaseout year": null,
        "Net zero year": "2060",
        "Combustion technology": "supercritical",
        "Coal type": "unknown",
        "Coal source": null,
        "Conversion to (fuel)": null,
        "Conversion to (GEM unit ID)": null,
        "Alternate Fuel": null,
        "Location": "Weda",
        "Local area (taluk, county)": null,
        "Major area (prefecture, district)": "Weda",
        "Subnational unit (province, state)": "North Maluku",
        "Subregion": "South-eastern Asia",
        "Region": "Asia",
        "Location accuracy": "exact",
        "Permits": null,
        "Permit Date": null,
        "Permit Parsed": null,
        "Captive": "nickel",
        "Captive industry use": "power",
        "Captive residential use": null,
        "CHP": null,
        "Capacity factor": "0.64",
        "Plant age (years)": "4",
        "Heat rate (Btu per kWh)": "10090.8",
        "Emission factor (kg of CO2 per TJ)": "96100",
        "Annual CO2 (million tonnes / annum)": "1.434061663",
        "Remaining plant lifetime (years)": "31",
        "Lifetime CO2 (million tonnes)": "44.45591154",
        "China capacity payment recipient": null
      }
    },
    {
      "type": "Feature",
      "geometry": {
        "type": "Point",
        "coordinates": [
          127.984206,
          0.478894
        ]
      },
      "properties": {
        "name": "Weda Bay power station",
        "source": "GEM_Coal_2026",
        "GEM unit/phase ID": "G100000115268",
        "GEM location ID": "L100000104613",
        "Country/Area": "Indonesia",
        "Wiki URL": "https://www.gem.wiki/Weda_Bay_power_station",
        "Plant name": "Weda Bay power station",
        "Unit name": "Unit 5",
        "Plant name (other)": "青山集团纬达贝工业园自备电厂",
        "Plant name (local)": null,
        "Owner": "PT Huayue Nickel Cobalt [100%]",
        "Owner GEM Entity ID": "E100000120581 [100%]",
        "Parent": "Zhejiang Huayou Cobalt Co",
        "Parent GEM Entity ID": "E100000121578",
        "Capacity (MW)": "250",
        "Status": "operating",
        "Start year": "2022",
        "Retired year": null,
        "Planned retirement": null,
        "Coal phaseout year": null,
        "Net zero year": "2060",
        "Combustion technology": "supercritical",
        "Coal type": "unknown",
        "Coal source": null,
        "Conversion to (fuel)": null,
        "Conversion to (GEM unit ID)": null,
        "Alternate Fuel": null,
        "Location": "Weda",
        "Local area (taluk, county)": null,
        "Major area (prefecture, district)": "Weda",
        "Subnational unit (province, state)": "North Maluku",
        "Subregion": "South-eastern Asia",
        "Region": "Asia",
        "Location accuracy": "exact",
        "Permits": null,
        "Permit Date": null,
        "Permit Parsed": null,
        "Captive": "nickel",
        "Captive industry use": "power",
        "Captive residential use": null,
        "CHP": null,
        "Capacity factor": "0.64",
        "Plant age (years)": "3",
        "Heat rate (Btu per kWh)": "10090.8",
        "Emission factor (kg of CO2 per TJ)": "96100",
        "Annual CO2 (million tonnes / annum)": "1.434061663",
        "Remaining plant lifetime (years)": "32",
        "Lifetime CO2 (million tonnes)": "45.8899732",
        "China capacity payment recipient": null
      }
    },
    {
      "type": "Feature",
      "geometry": {
        "type": "Point",
        "coordinates": [
          127.984206,
          0.478894
        ]
      },
      "properties": {
        "name": "Weda Bay power station",
        "source": "GEM_Coal_2026",
        "GEM unit/phase ID": "G100000115269",
        "GEM location ID": "L100000104613",
        "Country/Area": "Indonesia",
        "Wiki URL": "https://www.gem.wiki/Weda_Bay_power_station",
        "Plant name": "Weda Bay power station",
        "Unit name": "Unit 6",
        "Plant name (other)": "青山集团纬达贝工业园自备电厂",
        "Plant name (local)": null,
        "Owner": "PT Huake Nickel Indonesia [100%]",
        "Owner GEM Entity ID": "E100000121021 [100%]",
        "Parent": "Zhejiang Huayou Holding Group Co Ltd [70.0%]; TSINGSHAN Holding Group Co Ltd [12.1%]; unknown [7.4%]; Shanghai Decent Investment (Group) Co Ltd [7.1%]; Zhejiang Qingshan Business Management Co Ltd [3.4%]",
        "Parent GEM Entity ID": "E100002008005 [70.0%]; E100000128088 [12.1%]; E100000132388 [7.4%]; E100000128090 [7.1%]; E100000128539 [3.4%]",
        "Capacity (MW)": "250",
        "Status": "operating",
        "Start year": "2022",
        "Retired year": null,
        "Planned retirement": null,
        "Coal phaseout year": null,
        "Net zero year": "2060",
        "Combustion technology": "supercritical",
        "Coal type": "unknown",
        "Coal source": null,
        "Conversion to (fuel)": null,
        "Conversion to (GEM unit ID)": null,
        "Alternate Fuel": null,
        "Location": "Weda",
        "Local area (taluk, county)": null,
        "Major area (prefecture, district)": "Weda",
        "Subnational unit (province, state)": "North Maluku",
        "Subregion": "South-eastern Asia",
        "Region": "Asia",
        "Location accuracy": "exact",
        "Permits": null,
        "Permit Date": null,
        "Permit Parsed": null,
        "Captive": "nickel",
        "Captive industry use": "power",
        "Captive residential use": null,
        "CHP": null,
        "Capacity factor": "0.64",
        "Plant age (years)": "3",
        "Heat rate (Btu per kWh)": "10090.8",
        "Emission factor (kg of CO2 per TJ)": "96100",
        "Annual CO2 (million tonnes / annum)": "1.434061663",
        "Remaining plant lifetime (years)": "32",
        "Lifetime CO2 (million tonnes)": "45.8899732",
        "China capacity payment recipient": null
      }
    },
    {
      "type": "Feature",
      "geometry": {
        "type": "Point",
        "coordinates": [
          127.984206,
          0.478894
        ]
      },
      "properties": {
        "name": "Weda Bay power station",
        "source": "GEM_Coal_2026",
        "GEM unit/phase ID": "G100000115270",
        "GEM location ID": "L100000104613",
        "Country/Area": "Indonesia",
        "Wiki URL": "https://www.gem.wiki/Weda_Bay_power_station",
        "Plant name": "Weda Bay power station",
        "Unit name": "Unit 7",
        "Plant name (other)": "青山集团纬达贝工业园自备电厂",
        "Plant name (local)": null,
        "Owner": "PT Sunny Metal Industry [100%]",
        "Owner GEM Entity ID": "E100000121074 [100%]",
        "Parent": "Walsin Lihwa Corp [50.1%]; PT Harum Energy Tbk [10.6%]",
        "Parent GEM Entity ID": "E100000121535 [50.1%]; E100001000569 [10.6%]",
        "Capacity (MW)": "380",
        "Status": "operating",
        "Start year": "2022",
        "Retired year": null,
        "Planned retirement": null,
        "Coal phaseout year": null,
        "Net zero year": "2060",
        "Combustion technology": "supercritical",
        "Coal type": "unknown",
        "Coal source": null,
        "Conversion to (fuel)": null,
        "Conversion to (GEM unit ID)": null,
        "Alternate Fuel": null,
        "Location": "Weda",
        "Local area (taluk, county)": null,
        "Major area (prefecture, district)": "Weda",
        "Subnational unit (province, state)": "North Maluku",
        "Subregion": "South-eastern Asia",
        "Region": "Asia",
        "Location accuracy": "exact",
        "Permits": null,
        "Permit Date": null,
        "Permit Parsed": null,
        "Captive": "nickel",
        "Captive industry use": "power",
        "Captive residential use": null,
        "CHP": null,
        "Capacity factor": "0.64",
        "Plant age (years)": "3",
        "Heat rate (Btu per kWh)": "9249.9",
        "Emission factor (kg of CO2 per TJ)": "96100",
        "Annual CO2 (million tonnes / annum)": "1.998125917",
        "Remaining plant lifetime (years)": "32",
        "Lifetime CO2 (million tonnes)": "63.94002933",
        "China capacity payment recipient": null
      }
    },
    {
      "type": "Feature",
      "geometry": {
        "type": "Point",
        "coordinates": [
          127.984206,
          0.478894
        ]
      },
      "properties": {
        "name": "Weda Bay power station",
        "source": "GEM_Coal_2026",
        "GEM unit/phase ID": "G100000115271",
        "GEM location ID": "L100000104613",
        "Country/Area": "Indonesia",
        "Wiki URL": "https://www.gem.wiki/Weda_Bay_power_station",
        "Plant name": "Weda Bay power station",
        "Unit name": "Unit 8",
        "Plant name (other)": "青山集团纬达贝工业园自备电厂",
        "Plant name (local)": null,
        "Owner": "PT Angel Nickel Industry [100%]",
        "Owner GEM Entity ID": "E100000120991 [100%]",
        "Parent": "Nickel Industries Ltd [80.0%]",
        "Parent GEM Entity ID": "E100000120926 [80.0%]",
        "Capacity (MW)": "380",
        "Status": "operating",
        "Start year": "2022",
        "Retired year": null,
        "Planned retirement": null,
        "Coal phaseout year": null,
        "Net zero year": "2060",
        "Combustion technology": "supercritical",
        "Coal type": "unknown",
        "Coal source": null,
        "Conversion to (fuel)": null,
        "Conversion to (GEM unit ID)": null,
        "Alternate Fuel": null,
        "Location": "Weda",
        "Local area (taluk, county)": null,
        "Major area (prefecture, district)": "Weda",
        "Subnational unit (province, state)": "North Maluku",
        "Subregion": "South-eastern Asia",
        "Region": "Asia",
        "Location accuracy": "exact",
        "Permits": null,
        "Permit Date": null,
        "Permit Parsed": null,
        "Captive": "nickel",
        "Captive industry use": "power",
        "Captive residential use": null,
        "CHP": null,
        "Capacity factor": "0.64",
        "Plant age (years)": "3",
        "Heat rate (Btu per kWh)": "9249.9",
        "Emission factor (kg of CO2 per TJ)": "96100",
        "Annual CO2 (million tonnes / annum)": "1.998125917",
        "Remaining plant lifetime (years)": "32",
        "Lifetime CO2 (million tonnes)": "63.94002933",
        "China capacity payment recipient": null
      }
    },
    {
      "type": "Feature",
      "geometry": {
        "type": "Point",
        "coordinates": [
          127.984206,
          0.478894
        ]
      },
      "properties": {
        "name": "Weda Bay power station",
        "source": "GEM_Coal_2026",
        "GEM unit/phase ID": "G100000114896",
        "GEM location ID": "L100000104613",
        "Country/Area": "Indonesia",
        "Wiki URL": "https://www.gem.wiki/Weda_Bay_power_station",
        "Plant name": "Weda Bay power station",
        "Unit name": "Unit 9",
        "Plant name (other)": "青山集团纬达贝工业园自备电厂",
        "Plant name (local)": null,
        "Owner": "PT Angel Nickel Industry [100%]",
        "Owner GEM Entity ID": "E100000120991 [100%]",
        "Parent": "Nickel Industries Ltd [80.0%]",
        "Parent GEM Entity ID": "E100000120926 [80.0%]",
        "Capacity (MW)": "380",
        "Status": "operating",
        "Start year": "2023",
        "Retired year": null,
        "Planned retirement": null,
        "Coal phaseout year": null,
        "Net zero year": "2060",
        "Combustion technology": "supercritical",
        "Coal type": "unknown",
        "Coal source": null,
        "Conversion to (fuel)": null,
        "Conversion to (GEM unit ID)": null,
        "Alternate Fuel": null,
        "Location": "Weda",
        "Local area (taluk, county)": null,
        "Major area (prefecture, district)": "Weda",
        "Subnational unit (province, state)": "North Maluku",
        "Subregion": "South-eastern Asia",
        "Region": "Asia",
        "Location accuracy": "exact",
        "Permits": null,
        "Permit Date": null,
        "Permit Parsed": null,
        "Captive": "nickel",
        "Captive industry use": "power",
        "Captive residential use": null,
        "CHP": null,
        "Capacity factor": "0.64",
        "Plant age (years)": "2",
        "Heat rate (Btu per kWh)": "9249.9",
        "Emission factor (kg of CO2 per TJ)": "96100",
        "Annual CO2 (million tonnes / annum)": "1.998125917",
        "Remaining plant lifetime (years)": "33",
        "Lifetime CO2 (million tonnes)": "65.93815525",
        "China capacity payment recipient": null
      }
    },
    {
      "type": "Feature",
      "geometry": {
        "type": "Point",
        "coordinates": [
          127.418975,
          -1.530514
        ]
      },
      "properties": {
        "name": "Xinxing Ductile Iron Pipes power station",
        "source": "GEM_Coal_2026",
        "GEM unit/phase ID": "G100000114318",
        "GEM location ID": "L100000104614",
        "Country/Area": "Indonesia",
        "Wiki URL": "https://www.gem.wiki/Xinxing_Ductile_Iron_Pipes_power_station",
        "Plant name": "Xinxing Ductile Iron Pipes power station",
        "Unit name": "Unit 1",
        "Plant name (other)": "新兴铸管镍铁园区自备电厂",
        "Plant name (local)": null,
        "Owner": "PT Megah Surya Pertiwi [100%]",
        "Owner GEM Entity ID": "E100001000747 [100%]",
        "Parent": "Xinxing Qiyun Investment Holdings Co Ltd [40.0%]; PT Trimegah Bangun Persada Tbk [30.0%]; Harita Group [20.0%]; PT Gane Permai Sentosa [10.0%]",
        "Parent GEM Entity ID": "E100000121551 [40.0%]; E100000121080 [30.0%]; E100000120543 [20.0%]; E100000121014 [10.0%]",
        "Capacity (MW)": "38",
        "Status": "operating",
        "Start year": "2017",
        "Retired year": null,
        "Planned retirement": null,
        "Coal phaseout year": null,
        "Net zero year": "2060",
        "Combustion technology": "unknown",
        "Coal type": "unknown",
        "Coal source": null,
        "Conversion to (fuel)": null,
        "Conversion to (GEM unit ID)": null,
        "Alternate Fuel": null,
        "Location": "Kawasi",
        "Local area (taluk, county)": "Obi",
        "Major area (prefecture, district)": "South Halmahera",
        "Subnational unit (province, state)": "North Maluku",
        "Subregion": "South-eastern Asia",
        "Region": "Asia",
        "Location accuracy": "exact",
        "Permits": null,
        "Permit Date": null,
        "Permit Parsed": null,
        "Captive": "nickel",
        "Captive industry use": null,
        "Captive residential use": null,
        "CHP": null,
        "Capacity factor": "0.64",
        "Plant age (years)": "8",
        "Heat rate (Btu per kWh)": "10326",
        "Emission factor (kg of CO2 per TJ)": "96100",
        "Annual CO2 (million tonnes / annum)": "0.223058068",
        "Remaining plant lifetime (years)": "27",
        "Lifetime CO2 (million tonnes)": "6.022567831",
        "China capacity payment recipient": null
      }
    },
    {
      "type": "Feature",
      "geometry": {
        "type": "Point",
        "coordinates": [
          127.418975,
          -1.530514
        ]
      },
      "properties": {
        "name": "Xinxing Ductile Iron Pipes power station",
        "source": "GEM_Coal_2026",
        "GEM unit/phase ID": "G100000114319",
        "GEM location ID": "L100000104614",
        "Country/Area": "Indonesia",
        "Wiki URL": "https://www.gem.wiki/Xinxing_Ductile_Iron_Pipes_power_station",
        "Plant name": "Xinxing Ductile Iron Pipes power station",
        "Unit name": "Unit 2",
        "Plant name (other)": "新兴铸管镍铁园区自备电厂",
        "Plant name (local)": null,
        "Owner": "PT Megah Surya Pertiwi [100%]",
        "Owner GEM Entity ID": "E100001000747 [100%]",
        "Parent": "Xinxing Qiyun Investment Holdings Co Ltd [40.0%]; PT Trimegah Bangun Persada Tbk [30.0%]; Harita Group [20.0%]; PT Gane Permai Sentosa [10.0%]",
        "Parent GEM Entity ID": "E100000121551 [40.0%]; E100000121080 [30.0%]; E100000120543 [20.0%]; E100000121014 [10.0%]",
        "Capacity (MW)": "38",
        "Status": "operating",
        "Start year": "2017",
        "Retired year": null,
        "Planned retirement": null,
        "Coal phaseout year": null,
        "Net zero year": "2060",
        "Combustion technology": "unknown",
        "Coal type": "unknown",
        "Coal source": null,
        "Conversion to (fuel)": null,
        "Conversion to (GEM unit ID)": null,
        "Alternate Fuel": null,
        "Location": "Kawasi",
        "Local area (taluk, county)": "Obi",
        "Major area (prefecture, district)": "South Halmahera",
        "Subnational unit (province, state)": "North Maluku",
        "Subregion": "South-eastern Asia",
        "Region": "Asia",
        "Location accuracy": "exact",
        "Permits": null,
        "Permit Date": null,
        "Permit Parsed": null,
        "Captive": "nickel",
        "Captive industry use": null,
        "Captive residential use": null,
        "CHP": null,
        "Capacity factor": "0.64",
        "Plant age (years)": "8",
        "Heat rate (Btu per kWh)": "10326",
        "Emission factor (kg of CO2 per TJ)": "96100",
        "Annual CO2 (million tonnes / annum)": "0.223058068",
        "Remaining plant lifetime (years)": "27",
        "Lifetime CO2 (million tonnes)": "6.022567831",
        "China capacity payment recipient": null
      }
    },
    {
      "type": "Feature",
      "geometry": {
        "type": "Point",
        "coordinates": [
          127.418975,
          -1.530514
        ]
      },
      "properties": {
        "name": "Xinxing Ductile Iron Pipes power station",
        "source": "GEM_Coal_2026",
        "GEM unit/phase ID": "G100000114320",
        "GEM location ID": "L100000104614",
        "Country/Area": "Indonesia",
        "Wiki URL": "https://www.gem.wiki/Xinxing_Ductile_Iron_Pipes_power_station",
        "Plant name": "Xinxing Ductile Iron Pipes power station",
        "Unit name": "Unit 3",
        "Plant name (other)": "新兴铸管镍铁园区自备电厂",
        "Plant name (local)": null,
        "Owner": "PT Megah Surya Pertiwi [100%]",
        "Owner GEM Entity ID": "E100001000747 [100%]",
        "Parent": "Xinxing Qiyun Investment Holdings Co Ltd [40.0%]; PT Trimegah Bangun Persada Tbk [30.0%]; Harita Group [20.0%]; PT Gane Permai Sentosa [10.0%]",
        "Parent GEM Entity ID": "E100000121551 [40.0%]; E100000121080 [30.0%]; E100000120543 [20.0%]; E100000121014 [10.0%]",
        "Capacity (MW)": "38",
        "Status": "operating",
        "Start year": "2017",
        "Retired year": null,
        "Planned retirement": null,
        "Coal phaseout year": null,
        "Net zero year": "2060",
        "Combustion technology": "unknown",
        "Coal type": "unknown",
        "Coal source": null,
        "Conversion to (fuel)": null,
        "Conversion to (GEM unit ID)": null,
        "Alternate Fuel": null,
        "Location": "Kawasi",
        "Local area (taluk, county)": "Obi",
        "Major area (prefecture, district)": "South Halmahera",
        "Subnational unit (province, state)": "North Maluku",
        "Subregion": "South-eastern Asia",
        "Region": "Asia",
        "Location accuracy": "exact",
        "Permits": null,
        "Permit Date": null,
        "Permit Parsed": null,
        "Captive": "nickel",
        "Captive industry use": null,
        "Captive residential use": null,
        "CHP": null,
        "Capacity factor": "0.64",
        "Plant age (years)": "8",
        "Heat rate (Btu per kWh)": "10326",
        "Emission factor (kg of CO2 per TJ)": "96100",
        "Annual CO2 (million tonnes / annum)": "0.223058068",
        "Remaining plant lifetime (years)": "27",
        "Lifetime CO2 (million tonnes)": "6.022567831",
        "China capacity payment recipient": null
      }
    },
    {
      "type": "Feature",
      "geometry": {
        "type": "Point",
        "coordinates": [
          127.418975,
          -1.530514
        ]
      },
      "properties": {
        "name": "Xinxing Ductile Iron Pipes power station",
        "source": "GEM_Coal_2026",
        "GEM unit/phase ID": "G100000114321",
        "GEM location ID": "L100000104614",
        "Country/Area": "Indonesia",
        "Wiki URL": "https://www.gem.wiki/Xinxing_Ductile_Iron_Pipes_power_station",
        "Plant name": "Xinxing Ductile Iron Pipes power station",
        "Unit name": "Unit 4",
        "Plant name (other)": "新兴铸管镍铁园区自备电厂",
        "Plant name (local)": null,
        "Owner": "PT Megah Surya Pertiwi [100%]",
        "Owner GEM Entity ID": "E100001000747 [100%]",
        "Parent": "Xinxing Qiyun Investment Holdings Co Ltd [40.0%]; PT Trimegah Bangun Persada Tbk [30.0%]; Harita Group [20.0%]; PT Gane Permai Sentosa [10.0%]",
        "Parent GEM Entity ID": "E100000121551 [40.0%]; E100000121080 [30.0%]; E100000120543 [20.0%]; E100000121014 [10.0%]",
        "Capacity (MW)": "38",
        "Status": "operating",
        "Start year": "2017",
        "Retired year": null,
        "Planned retirement": null,
        "Coal phaseout year": null,
        "Net zero year": "2060",
        "Combustion technology": "unknown",
        "Coal type": "unknown",
        "Coal source": null,
        "Conversion to (fuel)": null,
        "Conversion to (GEM unit ID)": null,
        "Alternate Fuel": null,
        "Location": "Kawasi",
        "Local area (taluk, county)": "Obi",
        "Major area (prefecture, district)": "South Halmahera",
        "Subnational unit (province, state)": "North Maluku",
        "Subregion": "South-eastern Asia",
        "Region": "Asia",
        "Location accuracy": "exact",
        "Permits": null,
        "Permit Date": null,
        "Permit Parsed": null,
        "Captive": "nickel",
        "Captive industry use": null,
        "Captive residential use": null,
        "CHP": null,
        "Capacity factor": "0.64",
        "Plant age (years)": "8",
        "Heat rate (Btu per kWh)": "10326",
        "Emission factor (kg of CO2 per TJ)": "96100",
        "Annual CO2 (million tonnes / annum)": "0.223058068",
        "Remaining plant lifetime (years)": "27",
        "Lifetime CO2 (million tonnes)": "6.022567831",
        "China capacity payment recipient": null
      }
    },
    {
      "type": "Feature",
      "geometry": {
        "type": "Point",
        "coordinates": [
          127.418975,
          -1.530514
        ]
      },
      "properties": {
        "name": "Xinxing Ductile Iron Pipes power station",
        "source": "GEM_Coal_2026",
        "GEM unit/phase ID": "G100000114322",
        "GEM location ID": "L100000104614",
        "Country/Area": "Indonesia",
        "Wiki URL": "https://www.gem.wiki/Xinxing_Ductile_Iron_Pipes_power_station",
        "Plant name": "Xinxing Ductile Iron Pipes power station",
        "Unit name": "Unit 5",
        "Plant name (other)": "新兴铸管镍铁园区自备电厂",
        "Plant name (local)": null,
        "Owner": "PT Megah Surya Pertiwi [100%]",
        "Owner GEM Entity ID": "E100001000747 [100%]",
        "Parent": "Xinxing Qiyun Investment Holdings Co Ltd [40.0%]; PT Trimegah Bangun Persada Tbk [30.0%]; Harita Group [20.0%]; PT Gane Permai Sentosa [10.0%]",
        "Parent GEM Entity ID": "E100000121551 [40.0%]; E100000121080 [30.0%]; E100000120543 [20.0%]; E100000121014 [10.0%]",
        "Capacity (MW)": "65",
        "Status": "cancelled",
        "Start year": null,
        "Retired year": null,
        "Planned retirement": null,
        "Coal phaseout year": null,
        "Net zero year": "2060",
        "Combustion technology": "unknown",
        "Coal type": "unknown",
        "Coal source": null,
        "Conversion to (fuel)": null,
        "Conversion to (GEM unit ID)": null,
        "Alternate Fuel": null,
        "Location": "Kawasi",
        "Local area (taluk, county)": "Obi",
        "Major area (prefecture, district)": "South Halmahera",
        "Subnational unit (province, state)": "North Maluku",
        "Subregion": "South-eastern Asia",
        "Region": "Asia",
        "Location accuracy": "exact",
        "Permits": null,
        "Permit Date": null,
        "Permit Parsed": null,
        "Captive": "nickel",
        "Captive industry use": null,
        "Captive residential use": null,
        "CHP": null,
        "Capacity factor": "0",
        "Plant age (years)": "0",
        "Heat rate (Btu per kWh)": "10326",
        "Emission factor (kg of CO2 per TJ)": "96100",
        "Annual CO2 (million tonnes / annum)": "0",
        "Remaining plant lifetime (years)": "0",
        "Lifetime CO2 (million tonnes)": "0",
        "China capacity payment recipient": null
      }
    }
  ]
}