kode_desa,tech,dist_grid_m,hydro_kw,wind50,feedstock,slope_deg,in_pa,wdpa_overlap_frac,high_forest,treecover_pct_2000,forest_loss_pct,size_kw,capex_usd,capex_low_usd,capex_high_usd,tariff_class,dist_grid_km,terrain_multiplier,anchor_loads,fired_rule
81.01.01.1009,solar_battery,6016.6052590933705,12.73126728339089,0.9950831874757187,0.6223870904260556,2.1585659318629893,False,0.0,False,96.59274241148371,50.300108235757165,,,,,,6.02,1.07,,uniform equatorial irradiance; no discriminating alternative
81.01.01.2001,resource_present_but_screened,25177.28424592295,68.89100880282004,0.8745642683582586,0.9956898973400595,20.157544348559195,True,0.4309154291437345,False,99.74350949757518,37.60155316606931,,,,,,25.18,1.67,,"43% of village inside a protected area - non-viable without deep community and regulator engagement; flagged for policy pathway, not commercial deployment"
81.01.01.2002,grid_extension,1408.4018868916642,45.6391185067701,1.1260747917188518,0.886149139687671,10.46175316907906,False,0.0,False,97.6929331795643,50.22709370338716,,,,,,1.41,1.35,,1.4 km from a reliably-lit settlement
81.01.01.2003,grid_extension,1408.297331886985,16.786901252264308,1.3639089817389516,0.9310969125615384,11.663395285119382,False,0.0,False,97.89288343314168,55.147075147075164,,,,,,1.41,1.3900000000000001,,1.4 km from a reliably-lit settlement
81.01.01.2004,grid_extension,0.0,2.726865987049595,,0.41850916496945023,2.052428229615737,False,0.0,False,49.67983706720977,89.62011771000536,,,,,,0.0,1.07,,0.0 km from a reliably-lit settlement
81.01.01.2005,grid_extension,0.0,8.66693266392621,1.3639089817389516,0.8064749256809525,6.263780517808497,False,0.0,False,89.85086411656458,53.38185256503164,,,,,,0.0,1.21,,0.0 km from a reliably-lit settlement
81.01.01.2007,grid_extension,497.9269995441099,11.186306435863736,1.3639089817389516,0.6697450828746038,1.6795112182894656,False,0.0,False,91.5180737506065,94.9733527131783,,,,,,0.5,1.06,,0.5 km from a reliably-lit settlement
81.01.01.2021,solar_biomass_hybrid,8865.415284794899,10.260528111641037,1.3732418511459128,0.9550797876524482,21.337504904975386,False,0.03640546108136123,False,73.35965781667603,39.84108534517255,,,,,,8.87,1.71,,96% cropland/tree cover - sago/coconut residue
81.01.01.2022,grid_extension,3520.875579135111,21.44859016934971,1.3639089817389516,0.8978194897156345,6.887506545380284,False,0.0,False,97.77674251523895,72.24981604120677,,,,,,3.52,1.23,,3.5 km from a reliably-lit settlement
81.01.01.2023,resource_present_but_screened,1795.3286520161148,54.35189873042767,0.9209323493001931,0.9849142396661633,14.82091877377163,True,0.21805176306627908,False,99.6253545351735,71.94232183145452,,,,,,1.8,1.49,,"22% of village inside a protected area - non-viable without deep community and regulator engagement; flagged for policy pathway, not commercial deployment"
81.01.02.2001,grid_extension,3520.997284151182,17.277354491177764,0.8520550676345926,0.7209035064917299,3.1680240678785947,False,0.0,False,92.0637526506601,44.40106200218648,,,,,,3.52,1.11,,3.5 km from a reliably-lit settlement
81.01.02.2002,grid_extension,4481.469095062466,3.1139724301983485,0.8520550676345926,0.8442319834039864,2.4286859022311806,False,0.0,False,95.98641091936746,42.30205278592376,,,,,,4.48,1.08,,4.5 km from a reliably-lit settlement
81.01.02.2003,grid_extension,3485.602010413696,0.819638593536427,0.8520550676345926,0.8658732974861476,2.9823150937008585,False,0.0,False,95.02402008952949,52.76254744833404,,,,,,3.49,1.1,,3.5 km from a reliably-lit settlement
81.01.02.2004,grid_extension,2226.859896805365,0.43888049917825744,0.8520550676345926,0.9106386999244142,1.8333981573473235,False,0.0,False,93.60813441439397,34.09648405560098,,,,,,2.23,1.06,,2.2 km from a reliably-lit settlement
81.01.02.2005,grid_extension,1574.6311075931403,0.5432126747549534,0.8520550676345926,0.7656874500399677,2.2076312648623304,False,0.0,False,87.4943792155883,42.02898550724638,,,,,,1.57,1.07,,1.6 km from a reliably-lit settlement
81.01.02.2006,grid_extension,1408.4018868916642,33.783278026961376,0.8520550676345926,0.8721448844438437,5.464655069818952,False,0.0,False,93.59535100867384,62.28027737461703,,,,,,1.41,1.18,,1.4 km from a reliably-lit settlement
81.01.02.2007,grid_extension,995.8862886896275,12.178948942876746,0.8520550676345926,0.6913017925359978,2.0671131877364415,False,0.0,False,73.07084878980423,49.92175273865415,,,,,,1.0,1.07,,1.0 km from a reliably-lit settlement
81.01.02.2008,grid_extension,497.94314434481373,0.29529749864043164,0.8520550676345926,0.7913242009132417,1.9889673821970995,False,0.0,False,95.07140501737561,43.03621169916435,,,,,,0.5,1.07,,0.5 km from a reliably-lit settlement
81.01.02.2009,grid_extension,0.0,29.31529540051594,0.8520550676345926,0.863890707780225,4.714295959711185,False,0.0,False,90.26449104968958,25.97639043871499,,,,,,0.0,1.16,,0.0 km from a reliably-lit settlement
81.01.02.2010,grid_extension,497.9420774547979,1.125426937424812,0.8520550676345926,0.9054926702542215,2.2738032111343935,False,0.0,False,97.96804542671047,34.83884648006785,,,,,,0.5,1.08,,0.5 km from a reliably-lit settlement
81.01.02.2012,grid_extension,1574.6311075931403,0.8434138129643834,0.8520550676345926,0.7720124591658436,1.8936672707898696,False,0.0,False,96.11507876209289,35.306666666666665,,,,,,1.57,1.06,,1.6 km from a reliably-lit settlement
81.01.02.2016,grid_extension,2226.8789117282513,40.067586648857805,0.8520550676345926,0.8630412184926608,6.785776033391353,False,0.0,False,97.11192533396242,47.335861840409486,,,,,,2.23,1.23,,2.2 km from a reliably-lit settlement
81.01.06.2001,grid_extension,0.0,23.793523821179953,0.564333993793828,0.9283200258830869,4.9290919885324715,False,0.0037293011809348686,False,93.3087328650925,51.66809838082214,,,,,,0.0,1.16,,0.0 km from a reliably-lit settlement
81.01.06.2002,grid_extension,2053.446375152027,17.245713841805376,,0.8561453849832616,3.818404506859719,False,0.0,False,89.50690083830045,49.15254237288135,,,,,,2.05,1.13,,2.1 km from a reliably-lit settlement
81.01.06.2003,resource_present_but_screened,4015.2776698037956,12.435130597776322,0.9813381080164296,0.7130561220011422,3.076614160034146,True,0.633572789441033,False,81.95933359369468,58.88840231580169,,,,,,4.02,1.1,,"63% of village inside a protected area - non-viable without deep community and regulator engagement; flagged for policy pathway, not commercial deployment"
81.01.06.2007,resource_present_but_screened,5005.0940925221375,47.20519164403042,0.6123630363012903,0.9916294554537638,11.380204384471591,True,0.49885431246800355,False,98.40447221118296,66.23943930068772,,,,,,5.01,1.38,,"50% of village inside a protected area - non-viable without deep community and regulator engagement; flagged for policy pathway, not commercial deployment"
81.01.06.2010,resource_present_but_screened,11656.450252971528,66.29945788263666,0.6344300443945967,0.9974494001719088,14.134995562910968,True,0.1803289698351985,False,99.47428207776515,85.84516144124544,,,,,,11.66,1.47,,"18% of village inside a protected area - non-viable without deep community and regulator engagement; flagged for policy pathway, not commercial deployment"
81.01.06.2011,micro_hydro,8107.23648103193,34.860913378501614,0.5240232646960642,0.995168095416565,6.981167107563547,False,0.0,False,99.34444383485706,56.71313520374669,,,,,,8.11,1.23,,"~35 kW screening potential (capped catchment 25 km2, head 60 m); 24-h baseload"
81.01.06.2012,resource_present_but_screened,19446.8398280254,68.5172697545158,0.49406340016465594,0.9966313141408084,17.088550449480785,True,0.596006462505226,False,99.78676547042758,38.28093059476299,,,,,,19.45,1.5699999999999998,,"60% of village inside a protected area - non-viable without deep community and regulator engagement; flagged for policy pathway, not commercial deployment"
81.01.06.2021,solar_battery,,,,0.6227741330834116,2.775506588388668,False,0.017322097378277154,False,65.33149171270719,64.04494382022472,,,,,,,1.09,,uniform equatorial irradiance; no discriminating alternative
81.01.06.2022,micro_hydro,23252.057744960985,43.272732711558156,0.509060538049246,0.9717472790452552,7.507135289928468,False,0.08501127936962677,False,98.50924826150444,37.344221335202164,,,,,,23.25,1.25,,"~43 kW screening potential (capped catchment 25 km2, head 60 m); 24-h baseload"
81.01.06.2044,solar_biomass_hybrid,34520.7871660323,0.9173574633886394,0.53071703783062,0.7959120946672815,5.90990020288262,False,0.06181566714049713,False,91.55622142829704,52.06579954093344,,,,,,34.52,1.2,,80% cropland/tree cover - sago/coconut residue
81.01.06.2045,solar_biomass_hybrid,6474.4527326639745,2.627273720688329,,0.9687507311418576,5.073933720139439,False,0.0011655730556943992,False,96.89525280175943,63.33175338170417,,,,,,6.47,1.17,,97% cropland/tree cover - sago/coconut residue
81.01.06.2050,grid_extension,3591.2442307645965,8.892555016560992,1.1346352269659872,0.6982969022874973,2.2830481767509103,False,0.0,False,93.88232199604911,48.50351398533112,,,,,,3.59,1.08,,3.6 km from a reliably-lit settlement
81.01.06.2052,solar_biomass_hybrid,32074.205888454977,0.2691376290069439,,0.7974011543566161,2.318790701262029,False,0.03311319590174052,False,85.52623485267887,40.57750759878421,,,,,,32.07,1.08,,80% cropland/tree cover - sago/coconut residue
81.01.06.2053,resource_present_but_screened,34260.973727861994,1.1645081451013255,0.53071703783062,0.5965216191563891,4.823405890913262,True,0.10832023914459818,False,93.35530854733616,80.97644908054632,,,,,,34.26,1.16,,"11% of village inside a protected area - non-viable without deep community and regulator engagement; flagged for policy pathway, not commercial deployment"
81.01.09.2001,resource_present_but_screened,0.0,1.202081072994252,,0.8569284516770235,18.720266942574785,True,0.8621958319948599,False,83.23455464276577,35.51190683121854,,,,,,0.0,1.62,,"86% of village inside a protected area - non-viable without deep community and regulator engagement; flagged for policy pathway, not commercial deployment"
81.01.09.2002,grid_extension,0.0,0.09962478476133699,,0.5005461827891734,1.9719876157515968,False,0.0,False,39.01727073704694,,,,,,,0.0,1.07,,0.0 km from a reliably-lit settlement
81.01.09.2003,grid_extension,0.0,0.3249436874319487,,0.7748762698619432,10.940487554348893,False,0.022284485567211833,False,70.86809176225233,25.0,,,,,,0.0,1.3599999999999999,,0.0 km from a reliably-lit settlement
81.01.09.2004,grid_extension,995.1429859572945,0.6596523391866751,,0.9501230149854618,18.543965590920486,False,0.004752851711026615,False,95.31879194630872,31.182795698924732,,,,,,1.0,1.62,,1.0 km from a reliably-lit settlement
81.01.09.2005,grid_extension,0.0,0.34702569092912783,,0.655193888565972,7.214484078874071,False,0.03267322622161331,False,32.201351743583366,75.0,,,,,,0.0,1.24,,0.0 km from a reliably-lit settlement
81.01.09.2006,solar_biomass_hybrid,15359.586813900625,0.70308595952042,,0.9449321112434119,11.606327082027684,False,0.0,False,85.56623014664491,73.01482390709094,,,,,,15.36,1.3900000000000001,,94% cropland/tree cover - sago/coconut residue
81.01.09.2007,grid_extension,2679.4559586555997,1.3891590911981844,,0.9663609221914442,23.781869460718415,False,0.008881798779830558,False,98.68606844516303,7.6203740549144445,,,,,,2.68,1.79,,2.7 km from a reliably-lit settlement
81.01.09.2008,grid_extension,1990.2378626686811,1.273318140788951,,0.9546018029971244,14.798279455042866,False,0.004815504067737528,False,95.61785022477248,19.051321928460357,,,,,,1.99,1.49,,2.0 km from a reliably-lit settlement
81.01.09.2009,solar_biomass_hybrid,12936.702871578214,0.46568519040744866,,0.9273957158962796,6.331242510348301,False,0.023697056469341504,False,90.30687019458409,7.852651722252607,,,,,,12.94,1.21,,93% cropland/tree cover - sago/coconut residue
81.01.09.2010,solar_biomass_hybrid,22936.427554969738,0.5051550840844115,,0.9321336268785297,12.9625993969778,False,0.02651450693439973,False,0.0,,,,,,,22.94,1.43,,93% cropland/tree cover - sago/coconut residue
81.01.09.2011,grid_extension,995.1429859572945,0.34563707060636545,,0.8944629884154724,9.769789156541327,False,0.01266817244426986,False,67.45236692201922,100.0,,,,,,1.0,1.33,,1.0 km from a reliably-lit settlement
81.01.09.2012,grid_extension,4693.952390776349,2.799628055000018,,0.9118796215570408,17.047864742699502,False,0.0,False,89.20533436662468,69.40894568690095,,,,,,4.69,1.5699999999999998,,4.7 km from a reliably-lit settlement
81.01.09.2013,grid_extension,2051.490231971627,1.7602522561149134,,0.946246584150458,18.93094329278219,False,0.011221504131699945,False,98.18988522007523,62.92134831460674,,,,,,2.05,1.63,,2.1 km from a reliably-lit settlement
81.01.09.2014,resource_present_but_screened,3980.523960485604,1.0416379967602751,,0.968246231609351,20.33758275294234,False,0.00669783899911538,True,96.4348893461858,0.0,,,,,,3.98,1.6800000000000002,,"96% intact canopy, 0.0% loss since 2015 - non-viable without deep community and regulator engagement; flagged for policy pathway, not commercial deployment"
81.01.09.2016,solar_biomass_hybrid,5289.081433127118,0.7078844930907028,,0.9535909542743539,15.67519971401178,False,0.0,False,91.39150943396226,59.87460815047022,,,,,,5.29,1.52,,95% cropland/tree cover - sago/coconut residue
81.01.09.2017,grid_extension,2487.7973283358515,2.1015812566814187,,0.9781160799238819,19.876892122514395,False,0.006300144003291505,False,98.90465905584693,10.526315789473685,,,,,,2.49,1.6600000000000001,,2.5 km from a reliably-lit settlement
81.01.09.2018,resource_present_but_screened,3980.5360191813365,0.3472126655867584,,0.9114810410886509,20.71487875315275,False,0.024577167019027474,True,94.53326286582546,0.0,,,,,,3.98,1.69,,"95% intact canopy, 0.0% loss since 2015 - non-viable without deep community and regulator engagement; flagged for policy pathway, not commercial deployment"
81.01.11.2011,resource_present_but_screened,14336.461850492435,68.44627695377139,0.8077481087115286,0.9948592272460957,20.17732600073292,True,0.753802248432114,False,99.66847533307362,28.269617706237426,,,,,,14.34,1.67,,"75% of village inside a protected area - non-viable without deep community and regulator engagement; flagged for policy pathway, not commercial deployment"
81.01.11.2012,resource_present_but_screened,15824.228975095437,70.95774373736636,0.8599223325791396,0.9738232112796774,21.694596598023097,True,0.5709587135160364,False,99.22379254171621,30.00645136806954,,,,,,15.82,1.72,,"57% of village inside a protected area - non-viable without deep community and regulator engagement; flagged for policy pathway, not commercial deployment"
81.01.11.2013,resource_present_but_screened,18590.51164656987,68.81731398246062,0.8589836331409331,0.978537882341011,20.185954783123503,True,0.4268796060231055,False,99.04421155375836,47.8968708409422,,,,,,18.59,1.67,,"43% of village inside a protected area - non-viable without deep community and regulator engagement; flagged for policy pathway, not commercial deployment"
81.01.11.2014,resource_present_but_screened,21007.24008377826,69.68332871506762,0.8554766829846396,0.9791225963660762,21.85868495338981,True,0.5078450414499993,False,99.0054595986171,39.13667687595715,,,,,,21.01,1.73,,"51% of village inside a protected area - non-viable without deep community and regulator engagement; flagged for policy pathway, not commercial deployment"
81.01.11.2016,resource_present_but_screened,25471.871727395202,76.27045617083026,0.7967843661469216,0.9360305284857481,22.631205541721393,True,0.7402801843515189,False,95.47894509042985,40.30048760316341,,,,,,25.47,1.75,,"74% of village inside a protected area - non-viable without deep community and regulator engagement; flagged for policy pathway, not commercial deployment"
81.01.11.2018,resource_present_but_screened,25524.091953730695,68.28631746063924,0.9906325227112799,0.9864502590669852,22.56827217478555,True,0.4959600935161544,False,99.28225844107797,44.873017248851546,,,,,,25.52,1.75,,"50% of village inside a protected area - non-viable without deep community and regulator engagement; flagged for policy pathway, not commercial deployment"
81.01.11.2019,resource_present_but_screened,25837.580415936784,65.5743179706583,1.1515480372820324,0.9929255142210148,20.87708072153314,True,0.1896525389016163,False,99.47975790028448,44.39423956993734,,,,,,25.84,1.7,,"19% of village inside a protected area - non-viable without deep community and regulator engagement; flagged for policy pathway, not commercial deployment"
81.01.11.2020,micro_hydro,35543.17810776071,61.02499144454977,1.7587817494009725,0.9941156316830931,17.746122824158736,False,0.0,False,99.46620692272889,70.65087894186586,,,,,,35.54,1.5899999999999999,,"~61 kW screening potential (capped catchment 25 km2, head 60 m); 24-h baseload"
81.01.12.2001,grid_extension,3484.9054192689364,1.288241092291303,,0.9166269395097819,12.616953412497516,False,0.013681010289990643,False,90.15833033465275,77.14669684538126,,,,,,3.48,1.42,,3.5 km from a reliably-lit settlement
81.01.12.2002,grid_extension,0.0,1.8351137766807042,,0.7180137499800612,4.968323748605827,False,0.008103408855260567,False,78.6149879044049,85.77286802242867,,,,,,0.0,1.17,,0.0 km from a reliably-lit settlement
81.01.12.2003,grid_extension,497.8531566887971,2.910527616614748,,0.9233957295781099,8.867307702809661,False,0.0009044593279523729,False,88.60008319435806,66.12614037863209,,,,,,0.5,1.3,,0.5 km from a reliably-lit settlement
81.01.12.2004,grid_extension,1795.0222404611034,5.0522641814798765,,0.7286662832362606,8.95677038395625,False,0.016952310488128244,False,73.17125198123931,85.88488012195685,,,,,,1.8,1.3,,1.8 km from a reliably-lit settlement
81.01.12.2005,grid_extension,2681.027636467032,15.19467423999618,,0.6601900891198482,5.633008961651489,False,0.037207151835301815,False,87.31737704010297,60.166252427995595,,,,,,2.68,1.19,,2.7 km from a reliably-lit settlement
81.01.12.2006,solar_biomass_hybrid,6698.056082271183,5.654292177636267,,0.7990904381907292,5.39412111507283,False,0.003598764068142878,False,95.8508561265481,66.56306321340365,,,,,,6.7,1.18,,80% cropland/tree cover - sago/coconut residue
81.01.12.2012,grid_extension,0.0,1.0406573942466846,,0.9012366129624693,3.867202856245742,False,0.0052792302262938805,False,90.19631848821801,64.74242142458621,,,,,,0.0,1.13,,0.0 km from a reliably-lit settlement
81.01.13.2001,solar_biomass_hybrid,5676.39934564597,11.477119496702038,,0.9795970017238153,9.625457273001077,False,0.007706163768892557,False,96.23394818224665,70.13683876489313,,,,,,5.68,1.32,,98% cropland/tree cover - sago/coconut residue
81.01.13.2002,solar_biomass_hybrid,6056.630545319732,4.297137184296522,,0.9904168236462648,16.452627019039834,False,0.0,False,98.93412611699269,57.40426334653843,,,,,,6.06,1.55,,99% cropland/tree cover - sago/coconut residue
81.01.13.2003,grid_extension,4903.273200437132,20.26033924679983,,0.992770141233993,14.251114580708736,False,0.0,False,98.74090390591196,76.64094598657182,,,,,,4.9,1.48,,4.9 km from a reliably-lit settlement
81.01.13.2004,grid_extension,3982.7776739356163,27.93604300552316,,0.9947728342692403,12.062131024817907,False,0.0,False,99.7165763981908,51.79004854368934,,,,,,3.98,1.4,,4.0 km from a reliably-lit settlement
81.01.13.2005,solar_biomass_hybrid,5994.81681069155,1.2162335350717932,,0.934650827405832,7.956779665589033,False,0.0,False,95.0069661712945,64.22748447204968,,,,,,5.99,1.27,,93% cropland/tree cover - sago/coconut residue
81.01.13.2006,grid_extension,497.8555262322595,30.48162680173511,,0.980333097447449,13.091241642682977,False,0.0,False,98.15902117504456,44.65973083898065,,,,,,0.5,1.44,,0.5 km from a reliably-lit settlement
81.01.13.2007,grid_extension,0.0,25.872354847929387,,0.9672347338196771,13.803474321855713,False,0.0,False,96.88103202292318,49.11906033101976,,,,,,0.0,1.46,,0.0 km from a reliably-lit settlement
81.01.13.2008,grid_extension,497.857880072215,2.1389092286062814,,0.8568706028440616,6.290211078442924,False,0.0,False,86.44160656652195,83.95117346719871,,,,,,0.5,1.21,,0.5 km from a reliably-lit settlement
81.01.13.2009,grid_extension,0.0,32.62310668358138,,0.902292916506137,7.02492338712557,False,0.0023831748953164274,False,85.13674014144577,71.56100874867445,,,,,,0.0,1.23,,0.0 km from a reliably-lit settlement
81.01.13.2010,grid_extension,497.8649258333027,25.316381555424407,,0.9467657283075456,5.606242309221686,False,0.0,False,83.6265384746514,80.08338678640153,,,,,,0.5,1.19,,0.5 km from a reliably-lit settlement
81.01.13.2011,solar_biomass_hybrid,5125.736361733795,10.563846137900955,,0.9678690266145417,6.453644068592645,False,0.004804105818888592,False,96.77139966912176,76.26310012746073,,,,,,5.13,1.22,,97% cropland/tree cover - sago/coconut residue
81.01.14.2001,grid_extension,0.0,21.0473457603798,4.280025535967054,0.9809021041608003,20.346192616865796,False,0.0,False,97.94385243508856,74.28818079514099,,,,,,0.0,1.6800000000000002,,0.0 km from a reliably-lit settlement
81.01.14.2002,grid_extension,0.0,38.89215146151469,4.262196451047849,0.9395635899297691,11.649139889333641,False,0.0010123738288428893,False,92.39794585544708,46.47492108032271,,,,,,0.0,1.3900000000000001,,0.0 km from a reliably-lit settlement
81.01.15.2006,wind_solar_hybrid,7350.197301773606,14.034658255075346,5.233645165275681,0.9780123311068203,21.016473858133327,False,0.0,False,98.38941498603644,30.567021507712372,,,,,,7.35,1.7,,mean 50 m wind 5.2 m/s (ERA5 coarse - met mast required)
81.01.15.2007,wind_solar_hybrid,7075.36046784897,15.563815620929223,5.233645165275681,0.9810484787143947,21.679011568569553,False,0.0,False,98.27350723051146,26.5791632485644,,,,,,7.08,1.72,,mean 50 m wind 5.2 m/s (ERA5 coarse - met mast required)
81.01.15.2008,grid_extension,4589.847219679539,28.594246600475863,5.159939738568578,0.9593482473569308,19.782387856433534,False,0.0,False,98.94430706161378,31.758329763656356,,,,,,4.59,1.6600000000000001,,4.6 km from a reliably-lit settlement
81.01.15.2009,grid_extension,0.0,33.4574266869753,5.039450521128573,0.9852408826357852,19.933418653015163,False,0.0,False,98.84087885603154,40.85365853658539,,,,,,0.0,1.6600000000000001,,0.0 km from a reliably-lit settlement
81.01.15.2010,grid_extension,0.0,40.588788026991296,4.937757944695524,0.9874645106703018,18.132834643957608,False,0.0,False,98.22630728401364,38.797797676669916,,,,,,0.0,1.6,,0.0 km from a reliably-lit settlement
81.01.15.2011,grid_extension,0.0,43.36777312794832,4.929435852614535,0.9730005937628757,12.368514194758907,False,0.0,False,96.46166482073747,36.30699697987288,,,,,,0.0,1.41,,0.0 km from a reliably-lit settlement
81.01.15.2015,grid_extension,497.8555262322595,44.747037987878656,4.710422117075965,0.9934157568642517,20.32043893016704,False,0.0,False,99.18443894838163,49.3030607845955,,,,,,0.5,1.6800000000000002,,0.5 km from a reliably-lit settlement
81.01.15.2016,grid_extension,0.0,12.823445792138369,4.757826640375705,0.9665199120870925,22.225252613089427,False,0.0,False,97.64673801577388,61.380350744861424,,,,,,0.0,1.74,,0.0 km from a reliably-lit settlement
81.01.16.2001,resource_present_but_screened,11611.356509900124,1.2434210812094455,,0.9463950344874051,14.450048375900966,False,0.008758484782132692,True,64.63701220488026,1.350780920219502,,,,,,11.61,1.48,,"65% intact canopy, 1.4% loss since 2015 - non-viable without deep community and regulator engagement; flagged for policy pathway, not commercial deployment"
81.01.16.2002,solar_biomass_hybrid,11460.776001759217,3.8719421206900417,,0.9115792826296708,13.413873077877444,False,0.010651053864168623,False,65.11059502181934,54.202988792029906,,,,,,11.46,1.45,,91% cropland/tree cover - sago/coconut residue
81.01.16.2003,solar_biomass_hybrid,11968.566326266902,4.302157911877824,,0.7752866404777876,11.530402800540697,False,0.02460155226931552,False,40.562813428306754,63.0,,,,,,11.97,1.38,,78% cropland/tree cover - sago/coconut residue
81.01.16.2004,solar_biomass_hybrid,12325.610766433647,3.011510538314477,,0.9000156776671631,11.931161582088205,False,0.006537535960367171,False,28.69895060228688,81.71823063155203,,,,,,12.33,1.4,,90% cropland/tree cover - sago/coconut residue
81.01.16.2005,solar_biomass_hybrid,10963.576992421313,7.186302249693803,,0.9372353991328745,17.003544269673128,False,0.009461871971435856,False,43.809766670916744,39.73561430793157,,,,,,10.96,1.5699999999999998,,94% cropland/tree cover - sago/coconut residue
81.01.16.2006,solar_biomass_hybrid,9563.055866196746,5.731406909940569,,0.9370776671216487,14.684273176646098,False,0.026185862330440637,False,60.60350782605769,7.600950118764846,,,,,,9.56,1.49,,94% cropland/tree cover - sago/coconut residue
81.01.16.2007,solar_biomass_hybrid,9152.522512605472,2.9814806454326335,,0.9152013903087302,11.262617616541222,False,0.020233085140822275,False,64.66768362833744,12.757475083056477,,,,,,9.15,1.38,,92% cropland/tree cover - sago/coconut residue
81.01.17.1001,grid_extension,0.0,6.527412912849876,1.3639089817389516,0.39949305111734557,5.4939613025065,False,0.0,False,31.646680315881838,46.83640798902275,,,,,,0.0,1.18,,0.0 km from a reliably-lit settlement
81.01.17.1002,grid_extension,0.0,0.8977811516291041,,0.33109951369944246,4.332743620610911,False,0.0,False,31.349300450557255,37.34439834024896,,,,,,0.0,1.1400000000000001,,0.0 km from a reliably-lit settlement
81.01.17.1003,grid_extension,0.0,0.15644142675755576,1.3639089817389516,0.0,1.3973542173092246,False,0.0,False,0.0,0.0,,,,,,0.0,1.05,,0.0 km from a reliably-lit settlement
81.01.17.1004,grid_extension,0.0,0.1766545524369256,1.3639089817389516,0.0005081817257851408,1.5622945872084866,False,0.0,False,0.0,,,,,,,0.0,1.05,,0.0 km from a reliably-lit settlement
81.01.17.1005,grid_extension,0.0,3.2290106203223328,1.3639089817389516,0.2632968967794,3.8661866075594675,False,0.0,False,12.828223558750185,0.6802721088435373,,,,,,0.0,1.13,,0.0 km from a reliably-lit settlement
81.01.20.2001,resource_present_but_screened,24094.71610060492,77.5446084249961,0.6240178322163071,0.9565260788345712,23.60195644220346,True,0.8748027042401645,False,97.62852296980368,19.092646122189027,,,,,,24.09,1.79,,"87% of village inside a protected area - non-viable without deep community and regulator engagement; flagged for policy pathway, not commercial deployment"
81.01.20.2002,micro_hydro,19975.32659268366,49.40546143911099,0.6896965615069238,0.9865482075143,10.394024067539947,False,0.024940655876996082,False,98.50154444539476,78.89280484364295,,,,,,19.98,1.35,,"~49 kW screening potential (capped catchment 25 km2, head 60 m); 24-h baseload"
81.01.20.2003,micro_hydro,31473.114439152665,34.93491099546932,0.9119919621330981,0.7247716491588757,7.488237458970743,False,0.032716234447609086,False,80.53761512581201,71.38692915381687,,,,,,31.47,1.25,,"~35 kW screening potential (capped catchment 25 km2, head 60 m); 24-h baseload"
81.01.20.2004,solar_biomass_hybrid,35415.135831352185,12.89273906177281,0.9119919621330981,0.8839001542510828,6.007872394053552,False,0.0021405922009018314,False,91.3470163503468,29.09112675740185,,,,,,35.42,1.2,,88% cropland/tree cover - sago/coconut residue
81.01.20.2005,solar_biomass_hybrid,38874.41244210322,12.43836084521752,0.9119919621330981,0.7127159777428518,4.710976395034164,False,0.004535742019310317,False,54.42207714209826,51.42399463557288,,,,,,38.87,1.16,,71% cropland/tree cover - sago/coconut residue
81.01.20.2006,resource_present_but_screened,44958.3375180914,0.2494592856329239,,0.6619923917803751,2.5502165117343347,True,0.8290312054545141,False,63.369796675367496,42.17857760858281,,,,,,44.96,1.09,,"83% of village inside a protected area - non-viable without deep community and regulator engagement; flagged for policy pathway, not commercial deployment"
81.01.20.2007,solar_biomass_hybrid,45389.4446020355,0.810530476690254,,0.7700049293460401,2.1091610725375247,False,0.004930763857500924,False,68.59208742451008,59.55766192733017,,,,,,45.39,1.07,,77% cropland/tree cover - sago/coconut residue
81.01.20.2008,micro_hydro,19446.87903744133,37.466160166826796,0.825960619831507,0.9458467656722862,10.38845853718513,False,0.0013340633284349684,False,94.67774658620954,73.99876467484783,,,,,,19.45,1.35,,"~37 kW screening potential (capped catchment 25 km2, head 60 m); 24-h baseload"
81.01.20.2009,micro_hydro,19421.35818781413,34.24577532087256,0.8671346274351577,0.9153190097489838,11.000256815159792,False,0.0006378366702320463,False,89.9884346296038,38.40882185439589,,,,,,19.42,1.37,,"~34 kW screening potential (capped catchment 25 km2, head 60 m); 24-h baseload"
81.01.20.2010,micro_hydro,22052.33917262237,45.26587798088914,0.9036269231515007,0.9135602142216471,14.738138136598709,False,0.0,False,92.38459863732633,71.24045817174061,,,,,,22.05,1.49,,"~45 kW screening potential (capped catchment 25 km2, head 60 m); 24-h baseload"
81.01.20.2011,micro_hydro,24037.605326732322,51.6827928118829,0.9630577454850942,0.9882057879548629,17.221117577033088,False,0.0,False,98.2230478876404,46.67133095254448,,,,,,24.04,1.5699999999999998,,"~52 kW screening potential (capped catchment 25 km2, head 60 m); 24-h baseload"
81.01.20.2012,micro_hydro,29986.654458171055,48.39954169051655,1.058281947274973,0.985486390299137,15.16380097659906,False,0.0,False,98.16230414804974,37.080153717790225,,,,,,29.99,1.51,,"~48 kW screening potential (capped catchment 25 km2, head 60 m); 24-h baseload"
81.01.20.2013,solar_biomass_hybrid,,0.18925675455216473,,0.8581785228817401,4.7793550592662,False,0.06255666364460563,False,41.269841269841265,0.0,,,,,,,1.16,,86% cropland/tree cover - sago/coconut residue
81.01.21.2001,grid_extension,4723.883201350347,43.532082258692846,0.7676798105521573,0.9613005449845414,13.930388547824991,False,0.0,False,98.810697228795,60.279180098534155,,,,,,4.72,1.46,,4.7 km from a reliably-lit settlement
81.01.21.2002,micro_hydro,6772.75899283298,42.2971319049506,0.769590067479258,0.9698546055300461,13.056899508839752,False,0.0,False,99.28041960563596,59.66086355950368,,,,,,6.77,1.44,,"~42 kW screening potential (capped catchment 25 km2, head 60 m); 24-h baseload"
81.01.21.2003,micro_hydro,11056.17907764138,47.882331495283005,0.7910920425108675,0.9742486374392542,17.45103361000139,False,0.0,False,99.74939419671519,49.40597128000277,,,,,,11.06,1.58,,"~48 kW screening potential (capped catchment 25 km2, head 60 m); 24-h baseload"
81.01.21.2004,micro_hydro,12043.663725689952,51.35461706382655,0.8354163717533556,0.958983731830646,15.23460521689839,False,0.0,False,99.22355487454658,40.73521364970402,,,,,,12.04,1.51,,"~51 kW screening potential (capped catchment 25 km2, head 60 m); 24-h baseload"
81.01.22.2001,wind_solar_hybrid,8974.522750194017,8.166689476496241,5.233645165275681,0.9876601404016769,19.763882932482815,False,0.0,False,99.33082075465742,43.81253291205898,,,,,,8.97,1.6600000000000001,,mean 50 m wind 5.2 m/s (ERA5 coarse - met mast required)
81.01.22.2002,wind_solar_hybrid,6490.626209677307,29.057619862152904,5.233645165275681,0.9932283445591799,16.73105850037193,False,0.0,False,98.9880381506846,58.76097735826513,,,,,,6.49,1.56,,mean 50 m wind 5.2 m/s (ERA5 coarse - met mast required)
81.01.22.2003,grid_extension,3484.666819618484,20.117824431754336,5.233645165275681,0.9914400374292437,15.763937923063759,False,0.0,False,98.67888670109154,24.84183245674214,,,,,,3.48,1.53,,3.5 km from a reliably-lit settlement
81.01.22.2004,grid_extension,995.6190913195669,31.12026147649727,5.233645165275681,0.9864435469936539,19.525671993057685,False,0.0,False,97.76116999001381,29.52792708576769,,,,,,1.0,1.65,,1.0 km from a reliably-lit settlement
81.01.22.2005,grid_extension,0.0,39.25983878836709,5.233645165275681,0.9590075945751122,18.442370491326226,False,0.0,False,94.63815675689547,61.568485068530485,,,,,,0.0,1.6099999999999999,,0.0 km from a reliably-lit settlement
81.01.23.2001,micro_hydro,5995.676541267049,47.02120580898476,0.9868045356114068,0.9551068523559633,10.223529134393901,False,0.0,False,92.95303905123527,59.22330097087381,,,,,,6.0,1.34,,"~47 kW screening potential (capped catchment 25 km2, head 60 m); 24-h baseload"
81.01.23.2002,grid_extension,4508.801545311127,47.89525789823272,0.951254163934915,0.9936926112776797,12.769916111137286,False,0.0,False,98.17635542945172,25.83579962731558,,,,,,4.51,1.43,,4.5 km from a reliably-lit settlement
81.01.23.2003,resource_present_but_screened,10082.164984825928,69.64372333816709,0.8178821662646453,0.9903440669620877,15.349524100377755,True,0.8181880488934689,False,99.51024684598812,22.54947077772665,,,,,,10.08,1.51,,"82% of village inside a protected area - non-viable without deep community and regulator engagement; flagged for policy pathway, not commercial deployment"
81.01.23.2004,grid_extension,2538.8836437005143,49.8996505359909,0.7980304817114788,0.9892403706738953,13.796775956151066,False,0.0,False,99.3860111400525,72.99783549783551,,,,,,2.54,1.46,,2.5 km from a reliably-lit settlement
81.01.23.2005,grid_extension,0.0,34.155843416088096,0.7980304817114788,0.9888753049946245,13.286779497311823,False,0.0,False,98.27216674439659,22.971259509721055,,,,,,0.0,1.44,,0.0 km from a reliably-lit settlement
81.01.23.2006,grid_extension,0.0,60.93561201634504,0.7994858553279002,0.9606704291787327,14.502723122720694,False,0.062410185272448716,False,95.48722318457685,45.31125003703595,,,,,,0.0,1.48,,0.0 km from a reliably-lit settlement
81.01.23.2007,resource_present_but_screened,3028.7050785979477,63.96999644897385,0.843117633807906,0.9960072531841916,18.411601349305162,True,0.47496652999017747,False,98.9429465539586,49.09776589650568,,,,,,3.03,1.6099999999999999,,"47% of village inside a protected area - non-viable without deep community and regulator engagement; flagged for policy pathway, not commercial deployment"
81.01.23.2008,resource_present_but_screened,6298.236856454352,65.19377414452732,0.833181444782861,0.9894482613669688,18.58310978957644,True,0.7537358750351613,False,99.22755067173202,19.908347654012417,,,,,,6.3,1.62,,"75% of village inside a protected area - non-viable without deep community and regulator engagement; flagged for policy pathway, not commercial deployment"
81.01.23.2009,grid_extension,3983.31959551327,51.04978251649275,0.7980304817114788,0.9903619925714492,12.575439535306444,False,0.0,False,98.9281662387293,57.52808988764049,,,,,,3.98,1.42,,4.0 km from a reliably-lit settlement
81.01.23.2010,resource_present_but_screened,12317.898600715138,64.44258682441847,0.8028497512517172,0.991323750075611,17.18815916128693,True,0.8258992553076282,False,99.5076996323845,21.422376409366873,,,,,,12.32,1.5699999999999998,,"83% of village inside a protected area - non-viable without deep community and regulator engagement; flagged for policy pathway, not commercial deployment"
81.01.24.2001,grid_extension,704.2831461848282,36.2767615261594,1.2930455138608068,0.8197490567909599,6.737027356229163,False,0.0,False,91.74513752812251,57.05780125457021,,,,,,0.7,1.22,,0.7 km from a reliably-lit settlement
81.01.24.2002,grid_extension,0.0,5.658741486303838,1.252051544845392,0.3963645544054531,1.319204284334422,False,0.0,False,68.83018521493656,62.48005493728667,,,,,,0.0,1.04,,0.0 km from a reliably-lit settlement
81.01.24.2003,grid_extension,497.9925482625217,5.252289624763818,1.4377822911083982,0.3970774747291732,1.2102333774588616,False,0.0,False,64.0965083966603,72.79617294080019,,,,,,0.5,1.04,,0.5 km from a reliably-lit settlement
81.01.24.2004,grid_extension,2489.9377972903258,11.754444397167036,1.252051544845392,0.8375243448462886,2.4341770730425187,False,0.0,False,82.11076460364612,46.584038694074984,,,,,,2.49,1.08,,2.5 km from a reliably-lit settlement
81.01.24.2005,grid_extension,0.0,6.532750159937031,1.7722731625531143,0.5276139217796914,1.295058885884962,False,0.0,False,21.984054653357354,69.54447117814756,,,,,,0.0,1.04,,0.0 km from a reliably-lit settlement
81.01.24.2006,grid_extension,497.9845473255169,3.2834745409937405,1.7722731625531143,0.376014705882353,0.9670529129614497,False,0.0,False,5.386244631405541,87.1592116133601,,,,,,0.5,1.03,,0.5 km from a reliably-lit settlement
81.01.24.2007,grid_extension,4979.835432772854,9.864950359664675,2.002697530713341,0.8821953493879604,2.3195437921134987,False,0.0,False,63.94131065947739,29.10547396528706,,,,,,4.98,1.08,,5.0 km from a reliably-lit settlement
81.01.24.2008,grid_extension,497.9825392270295,0.9817596307420193,1.7201897743297532,0.8953941247891012,1.2343925839483483,False,0.0,False,67.88794802655438,54.60609409535837,,,,,,0.5,1.04,,0.5 km from a reliably-lit settlement
81.01.24.2009,grid_extension,0.0,39.233333957035285,1.6522696264930086,0.8751321904132836,7.222348447460944,False,0.0,False,95.12751659617035,30.640719395078758,,,,,,0.0,1.24,,0.0 km from a reliably-lit settlement
81.01.24.2010,solar_biomass_hybrid,6971.7696058819965,5.467011980357967,,0.7910245274434381,1.2852096145047454,False,0.0,False,50.58855644434153,65.53906723198062,,,,,,6.97,1.04,,79% cropland/tree cover - sago/coconut residue
81.01.24.2011,grid_extension,2227.0590893597773,0.5917193922757107,1.5305998701392762,0.6298990030766554,1.0953262786446254,False,0.0,False,27.14552847296211,79.98025991116961,,,,,,2.23,1.04,,2.2 km from a reliably-lit settlement
81.01.24.2012,grid_extension,0.0,0.6661715955184264,1.252051544845392,0.6195748722594037,1.3628327356707306,False,0.0,False,36.99680735978329,79.34216307827506,,,,,,0.0,1.05,,0.0 km from a reliably-lit settlement
81.01.25.2001,grid_extension,0.0,6.4667797702543615,1.2687389097508392,0.35572776960105945,1.6244668727968559,False,0.0,False,84.5316194388539,44.61482401094873,,,,,,0.0,1.05,,0.0 km from a reliably-lit settlement
81.01.25.2002,grid_extension,2490.0606324194196,8.917310122228885,1.2403731574112953,0.5732568117897412,2.1644320480267765,False,0.0,False,67.70435541624929,30.120196893959623,,,,,,2.49,1.07,,2.5 km from a reliably-lit settlement
81.01.25.2003,grid_extension,498.01212648388395,39.8545163387164,0.8461280791110231,0.9453992100172499,8.896847967319747,False,0.0,False,95.98543706706089,75.52589301020514,,,,,,0.5,1.3,,0.5 km from a reliably-lit settlement
81.01.25.2004,grid_extension,0.0,19.110395194335073,1.0579290743232237,0.8351183254000352,4.429723077248846,False,0.0,False,72.22936640861177,24.063256262672514,,,,,,0.0,1.15,,0.0 km from a reliably-lit settlement
81.01.25.2005,grid_extension,1494.0072477233837,4.978467157229942,1.0398423325637236,0.46878605748531865,1.1802248415810992,False,0.0,False,53.106245210398086,49.01025193587088,,,,,,1.49,1.04,,1.5 km from a reliably-lit settlement
81.01.25.2006,grid_extension,0.0,0.32924531515528505,1.221834101435622,0.6576934089217211,1.3608883657776447,False,0.0,False,36.690581573116056,42.70496768982229,,,,,,0.0,1.05,,0.0 km from a reliably-lit settlement
81.01.25.2007,grid_extension,1991.9939131433107,1.1669010839884153,1.1914075337716885,0.3444859282363361,1.0838224543089985,False,0.0,False,33.21891394814684,36.358551591644186,,,,,,1.99,1.04,,2.0 km from a reliably-lit settlement
81.01.25.2008,grid_extension,1795.5626120383547,5.065166154279111,0.9263144648640917,0.6705689450608767,1.160192988614881,False,0.0,False,31.71566355863586,38.46849260028126,,,,,,1.8,1.04,,1.8 km from a reliably-lit settlement
81.01.25.2009,solar_biomass_hybrid,5386.655934459709,5.362762100528826,0.9263144648640917,0.7536589195979899,1.2248837033831115,False,0.0,False,14.522951836068401,82.41530688312768,,,,,,5.39,1.04,,75% cropland/tree cover - sago/coconut residue
81.01.25.2010,grid_extension,3889.477137900414,5.501936800018347,1.252051544845392,0.37536640466010723,1.2916950217659051,False,0.0,False,36.816751776095295,60.63375267030619,,,,,,3.89,1.04,,3.9 km from a reliably-lit settlement
81.01.25.2011,grid_extension,4591.273550171019,8.219493570519466,1.252051544845392,0.6383851615100469,1.80348058777655,False,0.0,False,59.80686504131495,77.98904567628601,,,,,,4.59,1.06,,4.6 km from a reliably-lit settlement
81.01.26.2001,grid_extension,2489.2181566206687,1.8081681327524384,,0.9444026163474659,8.242977949603004,False,0.018541067405485834,False,97.05863324373763,41.830065359477125,,,,,,2.49,1.27,,2.5 km from a reliably-lit settlement
81.01.26.2002,grid_extension,704.0605886569707,2.3244225820532343,,0.9334605683376652,8.436118549340891,False,0.010118254097653144,False,92.21901464509389,78.54269110415736,,,,,,0.7,1.28,,0.7 km from a reliably-lit settlement
81.01.26.2003,grid_extension,0.0,9.471057704842341,,0.966504215982053,6.817186267007476,False,0.005964860703869036,False,96.27105269265586,80.180859080633,,,,,,0.0,1.23,,0.0 km from a reliably-lit settlement
81.01.26.2004,grid_extension,1113.2228690832758,21.129318956346946,,0.8745687688430421,5.853908586653956,False,0.00851781491928864,False,91.2770838752596,62.68087020884433,,,,,,1.11,1.2,,1.1 km from a reliably-lit settlement
81.01.26.2005,grid_extension,3485.0462425196024,1.8330949931402745,,0.887706103557998,2.6097937703129364,False,0.010586601874349184,False,86.14253884661014,33.33333333333333,,,,,,3.49,1.09,,3.5 km from a reliably-lit settlement
81.01.26.2006,grid_extension,2489.2539356702846,12.462538356576948,,0.969710440946774,7.240755016324527,False,0.0061107773639312735,False,98.73528139568415,61.43055877579414,,,,,,2.49,1.24,,2.5 km from a reliably-lit settlement
81.01.26.2007,grid_extension,995.7391726752544,4.0111660539533265,,0.969814735252379,6.560545375515994,False,0.0057218553392591525,False,96.29396964479263,30.04866180048666,,,,,,1.0,1.22,,1.0 km from a reliably-lit settlement
81.01.26.2008,grid_extension,1574.3981985190405,36.03325396333401,1.3732418511459128,0.8889571237159446,5.581292592972414,False,0.006083947309667335,False,85.84112801898645,61.10100090991811,,,,,,1.57,1.19,,1.6 km from a reliably-lit settlement
81.01.26.2009,grid_extension,0.0,0.6912667060014978,,0.4452750156456436,8.358789084578316,False,0.013805334353374832,False,58.4901067566158,0.542740841248304,,,,,,0.0,1.28,,0.0 km from a reliably-lit settlement
81.01.26.2010,grid_extension,995.7438488386458,1.5350876072719932,,0.9114079725460451,10.85688652100352,False,0.014345680830694447,False,88.97841345127007,67.36170212765956,,,,,,1.0,1.3599999999999999,,1.0 km from a reliably-lit settlement
81.02.01.1013,grid_extension,0.0,0.20999225600905655,6.18619865619142,0.2036752872487743,1.8814965375675516,False,0.0,False,2.990941079583738,0.0,,,,,,0.0,1.06,,0.0 km from a reliably-lit settlement
81.02.01.2015,grid_extension,0.0,5.640454351419395,6.18619865619142,0.6849935062379474,2.185058431032968,False,0.0,False,66.78751100077498,68.50672328379333,,,,,,0.0,1.07,,0.0 km from a reliably-lit settlement
81.02.01.2016,grid_extension,497.11258470793115,0.9571797378970551,6.18619865619142,0.908719259158475,2.83077747576059,False,0.0,False,88.55376477816544,47.38050942832864,,,,,,0.5,1.09,,0.5 km from a reliably-lit settlement
81.02.01.2017,grid_extension,1491.3434117851596,14.622245945546547,6.18619865619142,0.8498969422117755,3.1474460367765613,False,0.0,False,95.77106559168821,50.698075054008115,,,,,,1.49,1.1,,1.5 km from a reliably-lit settlement
81.02.01.2018,solar_biomass_hybrid,5965.098867579648,1.508422216611098,,0.9481584080052011,2.5029260350784948,False,0.0,False,96.15476252973173,49.84906198886901,,,,,,5.97,1.08,,95% cropland/tree cover - sago/coconut residue
81.02.01.2048,resource_present_but_screened,5377.502706589277,2.9700562195119518,,0.9377007229223977,3.822153440263826,True,0.18149714351517168,False,93.89573004957623,93.87660297551375,,,,,,5.38,1.13,,"18% of village inside a protected area - non-viable without deep community and regulator engagement; flagged for policy pathway, not commercial deployment"
81.02.01.2049,grid_extension,3144.207173517674,3.2390344617573934,6.18619865619142,0.8682005037200016,2.735892764550314,False,0.0,False,88.82991818115997,75.30669895076676,,,,,,3.14,1.09,,3.1 km from a reliably-lit settlement
81.02.01.2052,grid_extension,1111.6451069248674,0.8123316914283247,6.18619865619142,0.8686263668755372,2.6759668739090996,False,0.0,False,85.92327648404276,71.85609508003641,,,,,,1.11,1.09,,1.1 km from a reliably-lit settlement
81.02.01.2057,grid_extension,0.0,0.24043452952121197,6.18619865619142,0.46848019084021236,2.01817195695705,False,0.0,False,31.43630702585625,56.5044814340589,,,,,,0.0,1.07,,0.0 km from a reliably-lit settlement
81.02.01.2067,grid_extension,4276.632509931149,0.26246255380448696,,0.8262351529485418,1.7218600169087754,False,0.0,False,87.2472458513457,84.77789815817985,,,,,,4.28,1.06,,4.3 km from a reliably-lit settlement
81.02.01.2068,grid_extension,3515.3702685492462,0.6922108359324393,,0.8678511106835137,3.0255508859240416,False,0.0,False,90.88305081122675,71.83569708322186,,,,,,3.52,1.1,,3.5 km from a reliably-lit settlement
81.02.01.2069,resource_present_but_screened,1491.4171480088996,2.696609561709469,6.18619865619142,0.8954596106364848,3.056192608226248,True,0.11167313049653141,False,90.47928593278854,67.44494781035829,,,,,,1.49,1.1,,"11% of village inside a protected area - non-viable without deep community and regulator engagement; flagged for policy pathway, not commercial deployment"
81.02.01.2071,grid_extension,3619.390392386541,0.48523986767451405,,0.9249607195102126,2.450807122954718,False,0.0,False,96.34954928108476,65.01374913123622,,,,,,3.62,1.08,,3.6 km from a reliably-lit settlement
81.02.03.2001,grid_extension,3584.8663852366935,8.131649986786845,,0.9948234723177094,10.702361385925453,False,0.0,False,99.12249368155013,27.588668057538197,,,,,,3.58,1.3599999999999999,,3.6 km from a reliably-lit settlement
81.02.03.2002,grid_extension,4007.9719290901976,3.5066143976979505,,0.9819221589432143,7.8931734564024385,False,0.0,False,81.19567271352985,50.954963452016045,,,,,,4.01,1.26,,4.0 km from a reliably-lit settlement
81.02.03.2003,grid_extension,2049.7413251432486,6.533293451406481,,0.9837361350551346,8.916238472440057,False,0.0,False,96.6560405959274,23.353293413173652,,,,,,2.05,1.3,,2.0 km from a reliably-lit settlement
81.02.03.2004,grid_extension,2677.1757127381456,4.16405535999768,,0.9702981784429747,8.391447798703618,False,0.0,False,97.79345228427574,65.71506253398587,,,,,,2.68,1.28,,2.7 km from a reliably-lit settlement
81.02.03.2005,grid_extension,1406.1215719133252,6.543515565710639,,0.8267495094833223,7.733402225159531,False,0.0,False,89.03804596948463,98.49699398797596,,,,,,1.41,1.26,,1.4 km from a reliably-lit settlement
81.02.03.2006,grid_extension,497.14280518780515,0.5584898848497442,6.118830757344969,0.7590154058008434,8.679547629868127,False,0.0,False,44.926413632842745,,,,,,,0.5,1.29,,0.5 km from a reliably-lit settlement
81.02.03.2007,grid_extension,0.0,3.5324275142380235,,0.827573276670208,9.87050951340547,False,0.0,False,79.50804281154159,73.4375,,,,,,0.0,1.33,,0.0 km from a reliably-lit settlement
81.02.03.2008,grid_extension,1406.1215719133252,2.3413478190799744,,0.9874538672365856,15.432042498579637,False,0.0,False,94.3461009469341,66.97788697788698,,,,,,1.41,1.51,,1.4 km from a reliably-lit settlement
81.02.03.2009,grid_extension,4276.7129426406445,36.416189344751764,6.088528107487536,0.9976141353224356,12.781922141061804,False,0.0002539239180460554,False,99.65559746697492,47.50580046403712,,,,,,4.28,1.43,,4.3 km from a reliably-lit settlement
81.02.03.2015,resource_present_but_screened,8809.592053906355,10.402519618665147,6.0116892453490465,0.9964593748036726,14.58081109767509,True,0.27989517001216135,False,98.29031447443997,13.236733894654412,,,,,,8.81,1.49,,"28% of village inside a protected area - non-viable without deep community and regulator engagement; flagged for policy pathway, not commercial deployment"
81.02.03.2016,resource_present_but_screened,3480.012836722014,8.149331575309343,6.04188532513058,0.9949376868554538,18.40075585080032,True,0.12255496397319403,False,98.04565074992863,21.009258317224557,,,,,,3.48,1.6099999999999999,,"12% of village inside a protected area - non-viable without deep community and regulator engagement; flagged for policy pathway, not commercial deployment"
81.02.03.2017,resource_present_but_screened,2534.8929464575026,9.95072823108989,,0.99382889200561,15.334704440073263,False,0.0,True,89.62962962962962,0.0,,,,,,2.53,1.51,,"90% intact canopy, 0.0% loss since 2015 - non-viable without deep community and regulator engagement; flagged for policy pathway, not commercial deployment"
81.02.03.2018,grid_extension,3479.9074520739773,1.1783431789224883,,0.9577825735095765,14.691227870471089,False,0.0,False,87.10352274261032,33.33333333333333,,,,,,3.48,1.49,,3.5 km from a reliably-lit settlement
81.02.03.2020,grid_extension,4583.098833963217,1.7576097954344931,,0.975894123207815,17.08640761885591,False,0.0,False,87.7656360818514,43.52941176470594,,,,,,4.58,1.5699999999999998,,4.6 km from a reliably-lit settlement
81.02.03.2021,grid_extension,2049.584775021516,2.196500023025746,,0.9920506235445187,9.820722776172472,False,0.0,False,95.0196699368277,36.02390005431833,,,,,,2.05,1.33,,2.0 km from a reliably-lit settlement
81.02.03.2022,grid_extension,3144.1358113160445,2.9743252571411998,,1.0,9.675474912476773,False,0.0,False,95.2480469721849,36.99382292381606,,,,,,3.14,1.32,,3.1 km from a reliably-lit settlement
81.02.03.2023,grid_extension,1792.4535340909117,1.78459515428472,,1.0,10.140992627481753,False,0.0,False,97.146073740501,29.411764705882355,,,,,,1.79,1.34,,1.8 km from a reliably-lit settlement
81.02.03.2024,resource_present_but_screened,2982.7891309980328,0.5947333608909283,,0.9840754762333991,10.16135463208183,False,0.0,True,98.49741555475417,0.0,,,,,,2.98,1.34,,"98% intact canopy, 0.0% loss since 2015 - non-viable without deep community and regulator engagement; flagged for policy pathway, not commercial deployment"
81.02.03.2025,solar_biomass_hybrid,5118.301695875303,3.2770189927565005,,0.9542212055172787,10.510978701581443,False,0.0,False,97.13829326402426,27.339449541284427,,,,,,5.12,1.35,,95% cropland/tree cover - sago/coconut residue
81.02.03.2026,grid_extension,2812.2218973615863,11.897301028564799,,0.9893465602760407,11.083658242673682,False,0.0,False,99.3924377895077,44.32472598922536,,,,,,2.81,1.37,,2.8 km from a reliably-lit settlement
81.02.03.2027,grid_extension,2485.7140259390258,1.0781750644133514,6.118830757344969,0.924279393584488,7.339554999479313,False,0.0,False,92.65671738847703,42.182779456193344,,,,,,2.49,1.24,,2.5 km from a reliably-lit settlement
81.02.03.2029,grid_extension,1792.460333417451,4.75892041142592,,0.9914489789074813,7.6537602323926714,False,0.0,False,97.43692833450598,61.160151324085746,,,,,,1.79,1.26,,1.8 km from a reliably-lit settlement
81.02.03.2032,grid_extension,1111.6576867453398,0.9523941571673255,6.118830757344969,0.9748901203898339,11.395294751935012,False,0.0,False,97.79572155677164,66.6086956521739,,,,,,1.11,1.38,,1.1 km from a reliably-lit settlement
81.02.03.2033,grid_extension,2109.230095022826,8.57154741450593,6.118830757344969,0.9809517025217267,10.144521894951005,False,0.0,False,98.42955791272156,30.790378006872853,,,,,,2.11,1.34,,2.1 km from a reliably-lit settlement
81.02.03.2035,grid_extension,3515.4099378664223,1.904788314334651,6.118830757344969,0.9844777587903268,11.043976018365631,False,0.0,False,97.21046431853779,52.48120300751879,,,,,,3.52,1.37,,3.5 km from a reliably-lit settlement
81.02.03.2036,resource_present_but_screened,4896.47297169095,43.39847449441674,6.081291480676982,0.9902062964249675,13.335150777040283,True,0.4626863202474894,False,99.1240694789082,63.3360858794385,,,,,,4.9,1.44,,"46% of village inside a protected area - non-viable without deep community and regulator engagement; flagged for policy pathway, not commercial deployment"
81.02.03.2037,resource_present_but_screened,5354.61342558919,9.739475424453525,6.064782300338108,0.9945611319920407,12.704973734687746,True,0.6277462635654999,False,99.86481279098415,14.235938277750126,,,,,,5.35,1.42,,"63% of village inside a protected area - non-viable without deep community and regulator engagement; flagged for policy pathway, not commercial deployment"
81.02.03.2039,grid_extension,2223.2566203657193,1.1706739095399872,,0.9970035131225459,14.809515779370054,False,0.0,False,98.56115107913669,18.75,,,,,,2.22,1.49,,2.2 km from a reliably-lit settlement
81.02.03.2040,grid_extension,4689.893667171464,4.4085199260715955,,0.9936088623775032,11.441549752999592,False,0.0,False,96.69047619047618,47.14666666666671,,,,,,4.69,1.38,,4.7 km from a reliably-lit settlement
81.02.03.2041,grid_extension,4583.151574994547,8.780830684679472,,0.9844274980146205,9.467116299865314,False,0.0,False,99.20382814090816,65.57570488138124,,,,,,4.58,1.32,,4.6 km from a reliably-lit settlement
81.02.03.2042,grid_extension,497.09732447479536,10.959175671635832,,0.9393465538891652,8.952296511282338,False,0.0,False,95.90989326035707,68.5263157894737,,,,,,0.5,1.3,,0.5 km from a reliably-lit settlement
81.02.04.2001,grid_extension,3479.573786309898,14.584803260935253,,0.9886343106728019,10.70910292211519,False,0.0,False,93.5427991476835,15.452941917601118,,,,,,3.48,1.3599999999999999,,3.5 km from a reliably-lit settlement
81.02.04.2003,grid_extension,0.0,4.235063834154532,,0.8546034330687294,8.537934488507481,False,0.0,False,96.85659619507693,61.61412227571571,,,,,,0.0,1.28,,0.0 km from a reliably-lit settlement
81.02.04.2004,grid_extension,3143.834541606794,2.7328620297553563,,0.8889778174680069,10.952330844736444,False,0.0,False,95.6774883932559,64.1773685485825,,,,,,3.14,1.37,,3.1 km from a reliably-lit settlement
81.02.04.2005,solar_biomass_hybrid,5069.202341098647,6.139050346240211,,0.976135512098431,12.772009377961558,False,0.0,False,98.67419206690678,47.263530601922135,,,,,,5.07,1.43,,98% cropland/tree cover - sago/coconut residue
81.02.04.2006,solar_biomass_hybrid,8014.987971762653,12.546224258163493,,0.9741942072476177,17.10619653360039,False,0.0,False,98.99366424837088,39.801347995743185,,,,,,8.01,1.5699999999999998,,97% cropland/tree cover - sago/coconut residue
81.02.04.2012,solar_biomass_hybrid,12436.11350312066,5.6923999062472825,,0.9815280907109228,15.920594130709965,False,0.0,False,93.01593698479577,49.593353226844556,,,,,,12.44,1.53,,98% cropland/tree cover - sago/coconut residue
81.02.04.2013,solar_biomass_hybrid,9561.116059984837,4.77195408805898,,0.991179161967185,13.274364672919756,False,0.0,False,94.75292959657361,44.815616265440475,,,,,,9.56,1.44,,99% cropland/tree cover - sago/coconut residue
81.02.04.2014,solar_biomass_hybrid,7455.997559641164,15.89440790461949,,0.9873317888302855,15.9956535558444,False,0.0,False,90.27711036360724,30.122416215131476,,,,,,7.46,1.53,,99% cropland/tree cover - sago/coconut residue
81.02.04.2015,grid_extension,1792.2891525225498,3.341062969017198,,0.9913038932069289,13.954766244744372,False,0.0,False,89.08601354118558,42.937010808796146,,,,,,1.79,1.47,,1.8 km from a reliably-lit settlement
81.02.04.2016,solar_biomass_hybrid,12672.36270639773,9.34006672082975,,0.9896315060826534,11.584944273786357,False,0.0,False,98.41801363002534,40.209742588641234,,,,,,12.67,1.3900000000000001,,99% cropland/tree cover - sago/coconut residue
81.02.05.2001,resource_present_but_screened,19612.93379698713,6.548745118653157,5.972788536103999,0.9973005714159278,11.40732537948922,True,0.7241070292576879,False,99.0872177289977,20.995772663222173,,,,,,19.61,1.38,,"72% of village inside a protected area - non-viable without deep community and regulator engagement; flagged for policy pathway, not commercial deployment"
81.02.05.2002,resource_present_but_screened,40091.94910218883,4.363274567134493,5.66569522307027,0.9928503544782233,14.110518474469265,True,0.2886978557930725,False,97.68549364848778,34.07964450521279,,,,,,40.09,1.47,,"29% of village inside a protected area - non-viable without deep community and regulator engagement; flagged for policy pathway, not commercial deployment"
81.02.05.2003,resource_present_but_screened,38726.7682849586,2.5757808649657625,5.66569522307027,0.993305605070311,12.234923817911909,True,0.4469446370208971,False,95.5849540922105,15.798319327731095,,,,,,38.73,1.41,,"45% of village inside a protected area - non-viable without deep community and regulator engagement; flagged for policy pathway, not commercial deployment"
81.02.05.2005,resource_present_but_screened,30250.357101456255,1.810894314986979,5.852437803368967,0.9905476474300539,10.957842808207008,True,0.6407595433764343,False,96.42822056615161,28.337577300836674,,,,,,30.25,1.37,,"64% of village inside a protected area - non-viable without deep community and regulator engagement; flagged for policy pathway, not commercial deployment"
81.02.05.2006,resource_present_but_screened,25572.291090956733,4.383272037448605,5.863213822823087,0.9973454949781287,12.025778441410088,True,0.5615896871945258,False,96.95300758769841,26.129592850049676,,,,,,25.57,1.4,,"56% of village inside a protected area - non-viable without deep community and regulator engagement; flagged for policy pathway, not commercial deployment"
81.02.05.2008,resource_present_but_screened,11649.257845861897,8.05360294045236,6.0116892453490465,0.9975523877892866,11.75162528676782,True,0.683911503698741,True,99.17680842335567,1.5751907457543697,,,,,,11.65,1.3900000000000001,,"68% of village inside a protected area; 99% intact canopy, 1.6% loss since 2015 - non-viable without deep community and regulator engagement; flagged for policy pathway, not commercial deployment"
81.02.05.2009,resource_present_but_screened,31362.197207087545,3.680101100819682,5.852437803368967,0.990618237797174,11.616582107947147,True,0.511044949531624,False,93.25885084155546,35.00962463907605,,,,,,31.36,1.3900000000000001,,"51% of village inside a protected area - non-viable without deep community and regulator engagement; flagged for policy pathway, not commercial deployment"
81.02.05.2010,resource_present_but_screened,18762.45064617093,7.349680784560135,5.972788536103999,0.9929181711135046,12.156913333533769,True,0.4921285109185172,False,96.99110500998873,23.529411764705895,,,,,,18.76,1.41,,"49% of village inside a protected area - non-viable without deep community and regulator engagement; flagged for policy pathway, not commercial deployment"
81.02.05.2011,resource_present_but_screened,16824.06415255764,22.556352572641448,5.972788536103999,0.9984309799434647,14.74002426528014,True,0.6951199505306596,False,99.10770253385553,7.679684936002628,,,,,,16.82,1.49,,"70% of village inside a protected area - non-viable without deep community and regulator engagement; flagged for policy pathway, not commercial deployment"
81.02.05.2012,resource_present_but_screened,14832.526957248385,59.79993732685729,5.972788536103999,0.9985026357960686,16.407221282499222,True,0.644167286043181,False,98.7897509526451,11.455718895661542,,,,,,14.83,1.55,,"64% of village inside a protected area - non-viable without deep community and regulator engagement; flagged for policy pathway, not commercial deployment"
81.02.05.2017,resource_present_but_screened,36473.65228404608,2.6708911504313275,5.66569522307027,0.9972169853667296,15.882970408376142,True,0.6446564405795706,False,98.78151687982142,19.254907197222593,,,,,,36.47,1.53,,"64% of village inside a protected area - non-viable without deep community and regulator engagement; flagged for policy pathway, not commercial deployment"
81.02.05.2019,resource_present_but_screened,35806.29465872586,6.583195956263026,5.786299806179845,0.9971400903224639,12.577015759763968,True,0.40601102292369934,False,98.51745922560323,29.20230406702742,,,,,,35.81,1.42,,"41% of village inside a protected area - non-viable without deep community and regulator engagement; flagged for policy pathway, not commercial deployment"
81.02.05.2020,resource_present_but_screened,34726.15611286397,53.31202269009203,5.852437803368967,0.9998567493112948,11.293924063490016,True,0.4320914190000771,False,95.99307935598335,6.066350710900478,,,,,,34.73,1.38,,"43% of village inside a protected area - non-viable without deep community and regulator engagement; flagged for policy pathway, not commercial deployment"
81.02.05.2021,resource_present_but_screened,27796.371728159054,6.770491776370038,5.852437803368967,0.9931891325499589,15.095158589696302,True,0.5483101503231904,False,93.72724805584929,74.11824410048213,,,,,,27.8,1.5,,"55% of village inside a protected area - non-viable without deep community and regulator engagement; flagged for policy pathway, not commercial deployment"
81.02.05.2022,resource_present_but_screened,28908.43669026397,3.382576552808167,5.852437803368967,0.9872239913551555,12.62455860227338,True,0.4496882411445185,False,91.9280839593967,71.47872779843041,,,,,,28.91,1.42,,"45% of village inside a protected area - non-viable without deep community and regulator engagement; flagged for policy pathway, not commercial deployment"
81.02.05.2023,resource_present_but_screened,30913.43582666564,3.3771298689407017,5.852437803368967,0.9926305730142977,11.329908305377646,True,0.43408330576081755,False,89.68809091075983,32.34142521534848,,,,,,30.91,1.38,,"43% of village inside a protected area - non-viable without deep community and regulator engagement; flagged for policy pathway, not commercial deployment"
81.02.05.2026,resource_present_but_screened,12734.069950334024,15.614387273812229,5.99979521014003,0.998002093045381,15.966449324271615,True,0.6831083074053986,False,98.2793796635802,12.63068663464256,,,,,,12.73,1.53,,"68% of village inside a protected area - non-viable without deep community and regulator engagement; flagged for policy pathway, not commercial deployment"
81.02.05.2027,resource_present_but_screened,10201.130147255744,8.161546887628933,6.0116892453490465,0.9929042339141226,10.595435435484802,True,0.4878632204206132,False,98.47577455592483,17.199231709446483,,,,,,10.2,1.35,,"49% of village inside a protected area - non-viable without deep community and regulator engagement; flagged for policy pathway, not commercial deployment"
81.02.05.2030,resource_present_but_screened,29805.50121412153,1.5886027693926565,5.852437803368967,0.997799204795545,12.798285486769824,True,0.43310676896514,False,97.61568951681541,5.7657657657657655,,,,,,29.81,1.43,,"43% of village inside a protected area - non-viable without deep community and regulator engagement; flagged for policy pathway, not commercial deployment"
81.02.13.2001,wind_solar_hybrid,7237.2563430487935,11.420823594300568,6.351731602777939,0.8702855819422423,2.3979631166323725,False,0.0,False,90.06639427987743,40.37909350317105,,,,,,7.24,1.08,,mean 50 m wind 6.4 m/s (ERA5 coarse - met mast required)
81.02.13.2002,solar_biomass_hybrid,8961.341779241264,2.099221034846721,,0.7763382275657185,2.3959014248784802,False,0.0,False,79.40717460795817,51.33445670489757,,,,,,8.96,1.08,,78% cropland/tree cover - sago/coconut residue
81.02.13.2003,solar_biomass_hybrid,10450.468657254085,1.48612802925359,,0.9161745964316057,3.1525476911028374,False,0.0,False,91.50856882358238,37.812239537291944,,,,,,10.45,1.11,,92% cropland/tree cover - sago/coconut residue
81.02.13.2004,wind_solar_hybrid,11170.180402946722,0.6553098458492439,6.3489897615047,0.9718805768581488,2.774099013753884,False,0.0,False,94.45414468035848,37.13226557673116,,,,,,11.17,1.09,,mean 50 m wind 6.3 m/s (ERA5 coarse - met mast required)
81.02.13.2005,wind_solar_hybrid,10198.752979837782,0.3096699761014577,6.3489897615047,0.9139568811800938,2.6034708552881383,False,0.0,False,86.90352697095437,29.529435456803387,,,,,,10.2,1.09,,mean 50 m wind 6.3 m/s (ERA5 coarse - met mast required)
81.02.13.2006,wind_solar_hybrid,6687.110519032118,1.9458679347489387,6.3489897615047,0.9372542272906017,3.841212841898754,False,0.0,False,92.97512535640547,26.556016597510375,,,,,,6.69,1.13,,mean 50 m wind 6.3 m/s (ERA5 coarse - met mast required)
81.02.13.2013,grid_extension,1988.1491392750193,7.1350208042227585,6.351055922600645,0.9793945181738025,3.3391676830577595,False,0.0,False,98.98260808052225,44.649386856300154,,,,,,1.99,1.11,,2.0 km from a reliably-lit settlement
81.02.13.2014,solar_biomass_hybrid,8508.672747372237,12.285492499097522,,0.8677510688405111,2.5755859965955445,False,0.0,False,94.2771813095418,24.06327170793566,,,,,,8.51,1.09,,87% cropland/tree cover - sago/coconut residue
81.02.13.2015,solar_biomass_hybrid,7780.653802460948,0.1922241640356515,,0.7736622175341797,2.399576837809008,False,0.0,False,86.92669859566523,38.49604221635886,,,,,,7.78,1.08,,77% cropland/tree cover - sago/coconut residue
81.02.13.2016,solar_biomass_hybrid,7587.744271191537,0.2228641726645669,,0.8685365089313694,5.549957605157649,False,0.0,False,69.52709051049169,26.91680261011419,,,,,,7.59,1.18,,87% cropland/tree cover - sago/coconut residue
81.02.13.2017,solar_battery,7339.440799543246,0.3056371886670634,,0.6449448123620308,3.8119347017399727,False,0.0,False,76.97809961144472,79.62864721485411,,,,,,7.34,1.13,,uniform equatorial irradiance; no discriminating alternative
81.02.13.2019,wind_solar_hybrid,10343.203469700526,0.28851377430308484,6.3489897615047,0.8657470717640765,2.431124617673584,False,0.0,False,81.36525332197108,43.97647638835088,,,,,,10.34,1.08,,mean 50 m wind 6.3 m/s (ERA5 coarse - met mast required)
81.02.13.2020,wind_solar_hybrid,9496.219716616186,0.4207292628067527,6.3489897615047,0.8858442767035467,3.5635138476193395,False,0.0,False,86.29887719443353,21.62791826433044,,,,,,9.5,1.12,,mean 50 m wind 6.3 m/s (ERA5 coarse - met mast required)
81.02.13.2021,wind_solar_hybrid,6326.376258372561,1.5284667394515532,6.3489897615047,0.9311674917491749,3.566576639304158,False,0.0,False,86.90441813456542,16.82762657301727,,,,,,6.33,1.12,,mean 50 m wind 6.3 m/s (ERA5 coarse - met mast required)
81.02.13.2022,wind_solar_hybrid,7064.421459857842,2.445047011804808,6.3489897615047,0.9865620704365552,3.138861463686494,False,0.0,False,95.80499134927594,17.446662078458363,,,,,,7.06,1.1,,mean 50 m wind 6.3 m/s (ERA5 coarse - met mast required)
81.02.13.2023,wind_solar_hybrid,7732.298287863706,0.3243580567524534,6.3489897615047,0.9112731885206913,2.776597849887922,False,0.0,False,86.46814448355691,69.93635342568327,,,,,,7.73,1.09,,mean 50 m wind 6.3 m/s (ERA5 coarse - met mast required)
81.02.13.2024,wind_solar_hybrid,8435.26757133406,1.7163938031808603,6.3489897615047,0.7625738918674758,2.9201251155001753,False,0.0,False,87.32731789217371,36.90175645915024,,,,,,8.44,1.1,,mean 50 m wind 6.3 m/s (ERA5 coarse - met mast required)
81.02.14.2001,resource_present_but_screened,1988.1177027530337,4.347131690053257,6.35279296069016,0.7611121876996172,2.7022131188100746,True,0.5733920426611545,False,92.76881006552934,54.22177009155648,,,,,,1.99,1.09,,"57% of village inside a protected area - non-viable without deep community and regulator engagement; flagged for policy pathway, not commercial deployment"
81.02.14.2002,resource_present_but_screened,4246.6716360433375,2.276105310211192,6.35279296069016,0.841061892008025,3.3934795288177977,True,1.0,False,97.49227846629024,61.52321630804079,,,,,,4.25,1.11,,"100% of village inside a protected area - non-viable without deep community and regulator engagement; flagged for policy pathway, not commercial deployment"
81.02.14.2003,resource_present_but_screened,6480.7516201826475,0.6135426864289286,6.35279296069016,0.8684625228085971,3.2821093251806412,True,1.0,False,95.63159422522114,50.416898276820476,,,,,,6.48,1.11,,"100% of village inside a protected area - non-viable without deep community and regulator engagement; flagged for policy pathway, not commercial deployment"
81.02.14.2004,resource_present_but_screened,6005.88959376544,2.4850576543551677,6.35279296069016,0.5908840739238744,2.525747465949842,True,1.0,False,80.70678542979218,48.350841107764666,,,,,,6.01,1.08,,"100% of village inside a protected area - non-viable without deep community and regulator engagement; flagged for policy pathway, not commercial deployment"
81.02.14.2006,resource_present_but_screened,6905.763550741511,0.29347728430913406,,0.9314977344312211,3.372070171057297,True,1.0,False,91.70653561445195,36.82865153097687,,,,,,6.91,1.11,,"100% of village inside a protected area - non-viable without deep community and regulator engagement; flagged for policy pathway, not commercial deployment"
81.02.14.2007,resource_present_but_screened,18611.587735366644,0.49439661659359696,,0.950956097963904,2.6032350853115265,True,1.0,False,94.22814818893951,61.905822935234724,,,,,,18.61,1.09,,"100% of village inside a protected area - non-viable without deep community and regulator engagement; flagged for policy pathway, not commercial deployment"
81.02.14.2008,resource_present_but_screened,30038.45264224882,0.20529612790796903,,0.9403148767752548,2.5118627530100315,True,1.0,False,90.45070388957097,59.39333872355963,,,,,,30.04,1.08,,"100% of village inside a protected area - non-viable without deep community and regulator engagement; flagged for policy pathway, not commercial deployment"
81.02.14.2009,resource_present_but_screened,2049.2967200664234,0.2241303541982828,6.35279296069016,0.799614102536412,2.9915937092801417,True,0.3676912110935913,False,87.93315717854752,64.16545622606631,,,,,,2.05,1.1,,"37% of village inside a protected area - non-viable without deep community and regulator engagement; flagged for policy pathway, not commercial deployment"
81.02.14.2010,grid_extension,2485.196169319436,5.633601851015366,6.35279296069016,0.8465480109909151,2.945286435817433,False,0.0,False,98.71698611374681,37.99833887043191,,,,,,2.49,1.1,,2.5 km from a reliably-lit settlement
81.02.15.2001,resource_present_but_screened,994.217531529192,1.300240124074972,6.18619865619142,0.8603101459672748,2.692749359131592,True,0.633315626444434,False,89.97847503932445,38.31979739760721,,,,,,0.99,1.09,,"63% of village inside a protected area - non-viable without deep community and regulator engagement; flagged for policy pathway, not commercial deployment"
81.02.15.2002,resource_present_but_screened,0.0,4.368318419504646,6.18619865619142,0.8581934167888552,3.23546953334242,True,0.9405834854298162,False,85.61005784787811,57.54637889894452,,,,,,0.0,1.11,,"94% of village inside a protected area - non-viable without deep community and regulator engagement; flagged for policy pathway, not commercial deployment"
81.02.15.2003,resource_present_but_screened,3144.1596651569716,9.136921511415512,6.18619865619142,0.8768997960392131,3.265611677517101,True,0.5648559882882537,False,88.29252241629878,58.04910381396892,,,,,,3.14,1.11,,"56% of village inside a protected area - non-viable without deep community and regulator engagement; flagged for policy pathway, not commercial deployment"
81.02.15.2004,resource_present_but_screened,5986.369589273202,1.007598103296473,6.18619865619142,0.9147980504848974,3.3015564925628906,True,0.6905675360448668,False,92.02958256812427,65.92309950102731,,,,,,5.99,1.11,,"69% of village inside a protected area - non-viable without deep community and regulator engagement; flagged for policy pathway, not commercial deployment"
81.02.15.2005,resource_present_but_screened,3584.8663852366935,4.728635945455774,6.18619865619142,0.7657035494845884,2.303562305437559,True,0.6377697659066673,False,89.16410240786442,69.78534553029618,,,,,,3.58,1.08,,"64% of village inside a protected area - non-viable without deep community and regulator engagement; flagged for policy pathway, not commercial deployment"
81.02.15.2006,resource_present_but_screened,4583.186493859921,4.4824463705106155,6.18619865619142,0.773622286717297,2.493035758037041,True,0.9367319625258547,False,87.02528895454942,60.53080680280115,,,,,,4.58,1.08,,"94% of village inside a protected area - non-viable without deep community and regulator engagement; flagged for policy pathway, not commercial deployment"
81.02.15.2007,grid_extension,1406.0949470074916,5.245586487300146,6.18619865619142,0.8401347681094649,2.503817031935822,False,0.0,False,90.98680968588488,63.417849112196656,,,,,,1.41,1.08,,1.4 km from a reliably-lit settlement
81.02.15.2008,resource_present_but_screened,6924.476379120662,0.716300143214963,,0.9411565574096934,3.7687729310373856,True,0.6429524454357175,False,96.03365025635921,88.58055500099822,,,,,,6.92,1.13,,"64% of village inside a protected area - non-viable without deep community and regulator engagement; flagged for policy pathway, not commercial deployment"
81.02.15.2009,grid_extension,1111.6283101828597,1.3331167866903058,6.18619865619142,0.8054049449282916,2.2807533128956803,False,0.0,False,81.4466054935528,81.21923727221494,,,,,,1.11,1.08,,1.1 km from a reliably-lit settlement
81.02.16.2001,resource_present_but_screened,0.0,0.21376007097232638,6.18619865619142,0.32918709299773163,1.8932440608105345,True,1.0,False,27.15581897340212,84.29602888086643,,,,,,0.0,1.06,,"100% of village inside a protected area - non-viable without deep community and regulator engagement; flagged for policy pathway, not commercial deployment"
81.02.16.2002,resource_present_but_screened,0.0,0.09392108532380156,6.18619865619142,0.0,1.2633968857329767,True,1.0,False,0.0,,,,,,,0.0,1.04,,"100% of village inside a protected area - non-viable without deep community and regulator engagement; flagged for policy pathway, not commercial deployment"
81.02.16.2003,resource_present_but_screened,1792.3098922898348,5.996239139081386,,0.8513226404931473,3.1650417121967527,True,0.2487905840107725,False,87.95226387524376,73.03683113273108,,,,,,1.79,1.11,,"25% of village inside a protected area - non-viable without deep community and regulator engagement; flagged for policy pathway, not commercial deployment"
81.02.16.2004,resource_present_but_screened,3334.578777746899,4.594771372372266,,0.9898310308506711,3.2608216273423247,True,0.2241732300798786,False,98.97141676587285,47.785715402291686,,,,,,3.33,1.11,,"22% of village inside a protected area - non-viable without deep community and regulator engagement; flagged for policy pathway, not commercial deployment"
81.02.16.2005,resource_present_but_screened,4500.952572789454,7.574219742148899,6.35279296069016,0.9394323683958752,3.246862295736747,True,0.14082842456759087,False,98.99540757749713,31.49080876455682,,,,,,4.5,1.11,,"14% of village inside a protected area - non-viable without deep community and regulator engagement; flagged for policy pathway, not commercial deployment"
81.02.16.2006,resource_present_but_screened,4473.754982184988,1.5108435697457627,,0.767374820923163,3.0490874295409256,True,1.0,False,77.65151845996628,56.9000843678438,,,,,,4.47,1.1,,"100% of village inside a protected area - non-viable without deep community and regulator engagement; flagged for policy pathway, not commercial deployment"
81.02.16.2007,resource_present_but_screened,497.1030451526122,8.285749487567408,6.18619865619142,0.8471077428492739,2.8459417156163576,True,0.2668858441200772,False,89.3335333331694,52.14022748502666,,,,,,0.5,1.09,,"27% of village inside a protected area - non-viable without deep community and regulator engagement; flagged for policy pathway, not commercial deployment"
81.02.16.2009,resource_present_but_screened,703.004467446687,3.3560970918785213,,0.4204144389698431,1.851545138328372,True,1.0,False,44.56812343823719,59.61234177215191,,,,,,0.7,1.06,,"100% of village inside a protected area - non-viable without deep community and regulator engagement; flagged for policy pathway, not commercial deployment"
81.02.16.2010,resource_present_but_screened,2049.568963831176,0.20543992158909824,,0.8958690568978955,1.8134716357584975,True,1.0,False,82.2872285150161,57.46077325402522,,,,,,2.05,1.06,,"100% of village inside a protected area - non-viable without deep community and regulator engagement; flagged for policy pathway, not commercial deployment"
81.02.16.2011,resource_present_but_screened,3143.8710215274423,0.6624919036504389,,0.8224945926459983,2.9116466259638702,True,1.0,False,83.13426738122129,76.39850401846108,,,,,,3.14,1.1,,"100% of village inside a protected area - non-viable without deep community and regulator engagement; flagged for policy pathway, not commercial deployment"
81.02.16.2012,resource_present_but_screened,5964.937237725138,0.4000101015560924,,0.9274779304950275,3.5427822870237793,True,1.0,False,88.17460613058213,60.70694615700781,,,,,,5.96,1.12,,"100% of village inside a protected area - non-viable without deep community and regulator engagement; flagged for policy pathway, not commercial deployment"
81.02.16.2013,resource_present_but_screened,6047.216120869172,3.224960245795576,,0.5235790307971013,4.125356695087657,True,1.0,False,63.983926196338125,35.917312661498705,,,,,,6.05,1.1400000000000001,,"100% of village inside a protected area - non-viable without deep community and regulator engagement; flagged for policy pathway, not commercial deployment"
81.02.17.2003,resource_present_but_screened,9906.242587536659,60.69795176977744,6.004778232955382,0.9842358499267261,9.711827307835298,True,0.5608768167738861,False,97.98865962740241,49.628160634605884,,,,,,9.91,1.32,,"56% of village inside a protected area - non-viable without deep community and regulator engagement; flagged for policy pathway, not commercial deployment"
81.02.17.2006,resource_present_but_screened,15251.922503818985,21.30070669896562,5.972788536103999,0.9814442057544951,9.421350483492676,True,0.6448244885506536,False,96.72172765122026,25.165562913907287,,,,,,15.25,1.31,,"64% of village inside a protected area - non-viable without deep community and regulator engagement; flagged for policy pathway, not commercial deployment"
81.02.17.2008,resource_present_but_screened,16669.31385997936,14.45580301618915,5.972788536103999,0.9898995109671295,10.852574058295694,True,0.4217492675277513,False,97.23838408847072,58.39236218047434,,,,,,16.67,1.3599999999999999,,"42% of village inside a protected area - non-viable without deep community and regulator engagement; flagged for policy pathway, not commercial deployment"
81.02.17.2009,resource_present_but_screened,17621.082550456427,5.63553699328794,5.972788536103999,0.9879190942068814,11.285045707257925,True,0.5170800881623859,False,98.10517983475981,57.71362586605085,,,,,,17.62,1.38,,"52% of village inside a protected area - non-viable without deep community and regulator engagement; flagged for policy pathway, not commercial deployment"
81.02.17.2010,resource_present_but_screened,21241.262735019427,3.2451801503430495,5.972788536103999,0.9842634605936246,10.929609025413225,True,0.46521575768085777,False,98.65060101710588,39.19423692636074,,,,,,21.24,1.3599999999999999,,"47% of village inside a protected area - non-viable without deep community and regulator engagement; flagged for policy pathway, not commercial deployment"
81.02.17.2011,resource_present_but_screened,18716.55329597974,10.183651543188006,5.972788536103999,0.9853547431955361,10.331591639151803,True,0.41647684822421055,False,96.59795458169145,57.55910504544223,,,,,,18.72,1.34,,"42% of village inside a protected area - non-viable without deep community and regulator engagement; flagged for policy pathway, not commercial deployment"
81.02.17.2012,resource_present_but_screened,20764.45538052949,3.241614547321877,5.972788536103999,0.9904096724967719,11.445273563670803,True,0.5051530660155883,False,98.94019060138021,58.86984715145902,,,,,,20.76,1.38,,"51% of village inside a protected area - non-viable without deep community and regulator engagement; flagged for policy pathway, not commercial deployment"
81.02.17.2013,resource_present_but_screened,22175.21637718559,8.801435559346372,5.970737103159653,0.9790799710512031,12.323723438606093,True,0.5458862906508664,False,97.27924975990054,62.24197679674551,,,,,,22.18,1.41,,"55% of village inside a protected area - non-viable without deep community and regulator engagement; flagged for policy pathway, not commercial deployment"
81.02.17.2014,resource_present_but_screened,22644.171874347714,9.620802988382739,5.931869286974089,0.9905712193335774,12.073389194673172,True,0.5587095790115926,False,97.3038579563671,28.12238055322716,,,,,,22.64,1.4,,"56% of village inside a protected area - non-viable without deep community and regulator engagement; flagged for policy pathway, not commercial deployment"
81.02.17.2015,resource_present_but_screened,23114.315039264628,8.02217185981368,5.862059552643983,0.9885271277495218,10.848304317698018,True,0.5357342593676434,False,99.53427259363333,42.17261904761906,,,,,,23.11,1.3599999999999999,,"54% of village inside a protected area - non-viable without deep community and regulator engagement; flagged for policy pathway, not commercial deployment"
81.02.17.2017,resource_present_but_screened,29576.924058820754,15.683211183507076,5.852437803368967,0.985461709008233,11.400004679983784,True,0.7256736526946109,False,97.05869890681053,44.83386041675691,,,,,,29.58,1.38,,"73% of village inside a protected area - non-viable without deep community and regulator engagement; flagged for policy pathway, not commercial deployment"
81.02.17.2018,resource_present_but_screened,29917.819768283585,16.50737050215283,5.852437803368967,0.9753841812257882,15.48927369540516,True,0.669540174591263,False,97.63315506649738,49.023515344758884,,,,,,29.92,1.52,,"67% of village inside a protected area - non-viable without deep community and regulator engagement; flagged for policy pathway, not commercial deployment"
81.02.17.2019,resource_present_but_screened,32264.003403561066,3.3493846888937497,5.852437803368967,0.9904156976897481,14.899042540593257,True,0.7511153063269245,False,99.41518309146137,50.0784929356358,,,,,,32.26,1.5,,"75% of village inside a protected area - non-viable without deep community and regulator engagement; flagged for policy pathway, not commercial deployment"
81.02.17.2022,resource_present_but_screened,38328.83601134236,24.425277103821998,5.66569522307027,0.9694294506381474,15.962999789512871,True,0.2052855269131816,False,97.18711190402641,33.7496155029222,,,,,,38.33,1.53,,"21% of village inside a protected area - non-viable without deep community and regulator engagement; flagged for policy pathway, not commercial deployment"
81.02.17.2024,resource_present_but_screened,23585.575736294842,6.4933122621271435,5.852437803368967,0.9922473521960748,11.111256358375531,True,0.635382220368128,False,99.07656008461475,38.4873515745999,,,,,,23.59,1.37,,"64% of village inside a protected area - non-viable without deep community and regulator engagement; flagged for policy pathway, not commercial deployment"
81.02.17.2025,resource_present_but_screened,26423.810512490436,3.2352296073187867,5.852437803368967,0.9884961549416118,9.396736172128426,True,0.6584969181866858,False,98.5556615730785,31.812215488591633,,,,,,26.42,1.31,,"66% of village inside a protected area - non-viable without deep community and regulator engagement; flagged for policy pathway, not commercial deployment"
81.02.18.2001,solar_biomass_hybrid,12779.04031632462,6.268681213145691,,0.9886403263132311,14.542972993694836,False,0.0,False,97.26040423036693,55.80597291782601,,,,,,12.78,1.48,,99% cropland/tree cover - sago/coconut residue
81.02.18.2002,solar_biomass_hybrid,14827.930370166298,2.013221339913965,,0.9639518974580543,17.758134325418016,False,0.0,False,97.75460529158445,33.48180198523798,,,,,,14.83,1.5899999999999999,,96% cropland/tree cover - sago/coconut residue
81.02.18.2004,solar_biomass_hybrid,12514.78221694249,2.417770652141326,,0.9856527084758577,13.546548421021926,False,0.0,False,98.27341227125945,46.92423915389598,,,,,,12.51,1.45,,99% cropland/tree cover - sago/coconut residue
81.02.18.2006,solar_biomass_hybrid,10378.85082150235,11.643111908276191,,0.9780004917399397,17.05674454531692,False,0.0,False,98.71264986886472,44.653362556234846,,,,,,10.38,1.5699999999999998,,98% cropland/tree cover - sago/coconut residue
81.02.18.2007,solar_biomass_hybrid,11591.78791213849,0.27290753623658726,,0.9070127001656544,11.998668429505237,False,0.0,False,94.67427309532573,44.03647116806309,,,,,,11.59,1.4,,91% cropland/tree cover - sago/coconut residue
81.02.18.2008,resource_present_but_screened,11559.873576703814,,,0.9947534102833157,10.194632870952661,False,0.0,True,89.21074727120065,1.5,,,,,,11.56,1.34,,"89% intact canopy, 1.5% loss since 2015 - non-viable without deep community and regulator engagement; flagged for policy pathway, not commercial deployment"
81.02.18.2010,solar_biomass_hybrid,11168.725475630601,0.5927032405426054,,0.8010693887471139,15.566691206893816,False,0.0,False,89.21151743409065,34.385493619879114,,,,,,11.17,1.52,,80% cropland/tree cover - sago/coconut residue
81.02.18.2013,solar_biomass_hybrid,11969.673985221987,0.7886540908147668,,0.9081201384829822,21.212259746785943,False,0.0,False,93.77585896744017,66.29055007052187,,,,,,11.97,1.71,,91% cropland/tree cover - sago/coconut residue
81.02.19.2001,grid_extension,497.01760532198455,0.4571289169886821,6.35279296069016,0.924984276226721,2.386487375376301,False,0.0,False,94.55562659846544,42.45195710163864,,,,,,0.5,1.08,,0.5 km from a reliably-lit settlement
81.02.19.2002,grid_extension,0.0,1.8693953716986376,6.35137811867236,0.9365280289330923,2.14264853806054,False,0.0,False,93.70642015211274,65.52941918395662,,,,,,0.0,1.07,,0.0 km from a reliably-lit settlement
81.02.19.2003,grid_extension,0.0,4.133438134427499,6.349040640423569,0.9470188188622006,2.81185038402859,False,0.0,False,91.53567916256898,52.61419922949919,,,,,,0.0,1.09,,0.0 km from a reliably-lit settlement
81.02.19.2004,grid_extension,2049.2723518056355,0.6774459518749089,6.3489897615047,0.9771485762745532,2.2472744273374996,False,0.0,False,93.42695384427314,51.54814004376369,,,,,,2.05,1.07,,2.0 km from a reliably-lit settlement
81.02.19.2005,grid_extension,3514.528773534227,0.9996815703465228,6.3489897615047,0.9432758424500546,2.2017266094799015,False,0.0,False,92.85650424675906,34.64667314230211,,,,,,3.51,1.07,,3.5 km from a reliably-lit settlement
81.02.19.2006,grid_extension,4920.379183812971,1.6448686536780825,6.3489897615047,0.8660828660828661,2.387426377787638,False,0.0,False,91.50628581022939,30.202469135802474,,,,,,4.92,1.08,,4.9 km from a reliably-lit settlement
81.02.19.2007,grid_extension,0.0,0.3375729678632081,6.352756133937485,0.9359524913195204,2.2023139897712456,False,0.0,False,92.76824991473023,43.6599423631124,,,,,,0.0,1.07,,0.0 km from a reliably-lit settlement
81.02.19.2008,grid_extension,994.0509921528171,0.6006234843986414,6.35279296069016,0.8983719607564338,3.1297729184789285,False,0.0,False,95.78371076113619,66.22770919067219,,,,,,0.99,1.1,,1.0 km from a reliably-lit settlement
81.02.19.2009,grid_extension,0.0,0.7558434743498309,6.35279296069016,0.8008344711038127,2.462563427757594,False,0.0,False,94.09136474294716,45.44876742180053,,,,,,0.0,1.08,,0.0 km from a reliably-lit settlement
81.02.19.2010,grid_extension,4970.411986193902,2.7646852867140446,6.3489897615047,0.8971786833855799,3.3971767080466395,False,0.0,False,92.97709671559966,76.43408889451693,,,,,,4.97,1.11,,5.0 km from a reliably-lit settlement
81.02.19.2011,wind_solar_hybrid,5623.423512416613,1.3040467003157072,6.3489897615047,0.8972260341109586,3.728934770944556,False,0.0,False,86.1273092566276,84.99291282778174,,,,,,5.62,1.12,,mean 50 m wind 6.3 m/s (ERA5 coarse - met mast required)
81.03.01.2002,grid_extension,0.0,14.629605599251354,5.544162944857442,0.9143784531708671,5.115083533047391,False,0.0,False,88.10535537827153,17.61296119178043,,,,,,0.0,1.17,,0.0 km from a reliably-lit settlement
81.03.01.2003,grid_extension,1788.4144251962407,15.996509331951065,6.061396763205755,0.9494355704431878,3.820706718028625,False,0.0,False,87.78849486304388,50.30081445811785,,,,,,1.79,1.13,,1.8 km from a reliably-lit settlement
81.03.01.2004,grid_extension,0.0,15.712881380307852,6.134072536175363,0.936901070604151,4.298745506757255,False,0.0,False,79.59577930028682,35.79527865995575,,,,,,0.0,1.1400000000000001,,0.0 km from a reliably-lit settlement
81.03.01.2008,grid_extension,1568.4683014010836,11.011979356382003,6.7650064071914455,0.8278008603134922,3.8344677189212018,False,0.0,False,95.4061988488844,55.684428704521395,,,,,,1.57,1.13,,1.6 km from a reliably-lit settlement
81.03.01.2009,wind_solar_hybrid,9411.059650751344,13.478809460541592,6.618725567475897,0.7879264103341314,3.7552216009634853,False,0.0028201563611858563,False,92.47979575298463,32.45223173666443,,,,,,9.41,1.13,,mean 50 m wind 6.6 m/s (ERA5 coarse - met mast required)
81.03.01.2011,wind_solar_hybrid,9628.843454207,0.1275873191539608,6.9785827286711735,0.5264591566245465,2.3039408671284733,False,0.0,False,53.96749249920726,32.17093327958073,,,,,,9.63,1.08,,mean 50 m wind 7.0 m/s (ERA5 coarse - met mast required)
81.03.02.2001,grid_extension,0.0,5.8113295724574385,7.361508854463688,0.6857406875087476,2.1206823616930586,False,0.022839948192408078,False,52.74072281483073,50.55884931801708,,,,,,0.0,1.07,,0.0 km from a reliably-lit settlement
81.03.02.2002,grid_extension,0.0,7.060245073986624,7.3625686172869145,0.5708058118345756,2.1623785576100136,False,0.0,False,55.6656324892985,18.51773155132484,,,,,,0.0,1.07,,0.0 km from a reliably-lit settlement
81.03.02.2003,grid_extension,0.0,4.905069841204581,7.357635097005722,0.4860679137898011,1.8151909827118398,False,0.0,False,14.466247117226287,76.59170956380383,,,,,,0.0,1.06,,0.0 km from a reliably-lit settlement
81.03.02.2004,grid_extension,0.0,2.642284744649394,7.35659156481555,0.37681011324937064,1.6871661922774792,False,0.0,False,13.452516052330349,31.92823003995927,,,,,,0.0,1.06,,0.0 km from a reliably-lit settlement
81.03.02.2005,solar_battery,7319.981422876017,0.8632560064967076,,0.24251809900908142,1.995487981708203,False,0.0,False,2.8599710967706327,92.29843561973526,,,,,,7.32,1.07,,uniform equatorial irradiance; no discriminating alternative
81.03.02.2006,solar_battery,7744.33098708339,2.2669582650431486,,0.428169784413301,2.2059414372240727,False,0.0,False,8.859901285458587,58.7937384898711,,,,,,7.74,1.07,,uniform equatorial irradiance; no discriminating alternative
81.03.02.2007,solar_battery,12274.45671086403,2.3990529151744857,,0.4378934550106734,1.7159863896764616,False,0.0,False,9.031935404374995,68.03358088472719,,,,,,12.27,1.06,,uniform equatorial irradiance; no discriminating alternative
81.03.03.2001,grid_extension,0.0,21.892289339616912,5.148794072288493,0.9562192054007718,4.798689053110448,False,0.0,False,91.43070888482035,26.377672101857947,,,,,,0.0,1.16,,0.0 km from a reliably-lit settlement
81.03.03.2002,grid_extension,701.5145891212813,20.305105259775807,4.549798523570611,0.9505017527494846,4.455200307462896,False,0.0,False,96.05277015124699,41.956655160547626,,,,,,0.7,1.15,,0.7 km from a reliably-lit settlement
81.03.03.2004,solar_biomass_hybrid,12705.967908821429,25.40817452009314,3.93927571524885,0.9460769309886331,6.0543504124405905,False,0.0,False,93.8928767267579,44.688607027021995,,,,,,12.71,1.2,,95% cropland/tree cover - sago/coconut residue
81.03.03.2005,solar_biomass_hybrid,18416.99428262522,29.757663349104785,3.8966897143168033,0.9648407320495201,6.159325908376291,False,0.0,False,96.56815632272003,33.31999021504659,,,,,,18.42,1.21,,96% cropland/tree cover - sago/coconut residue
81.03.03.2006,micro_hydro,20092.189931662502,30.44622488870753,4.035986049343812,0.9792349993981704,6.565523308069907,False,0.0,False,97.0253340347054,35.885508524397416,,,,,,20.09,1.22,,"~30 kW screening potential (capped catchment 25 km2, head 58 m); 24-h baseload"
81.03.03.2007,solar_biomass_hybrid,22871.45267918612,28.67421544075068,4.058811456142657,0.9939413392786272,6.846600711435214,False,0.0,False,97.67797301493866,38.67633742785801,,,,,,22.87,1.23,,99% cropland/tree cover - sago/coconut residue
81.03.03.2008,solar_biomass_hybrid,16787.486138769407,13.585018784584536,3.8493693639961597,0.9891124987679231,6.175788696546878,False,0.0,False,97.91801948051945,62.4091270083695,,,,,,16.79,1.21,,99% cropland/tree cover - sago/coconut residue
81.03.03.2009,solar_biomass_hybrid,7507.0846767403655,21.85958948919321,4.113329028195263,0.9898658712152844,5.289417940220917,False,0.0,False,97.78228385440106,41.77250154992605,,,,,,7.51,1.18,,99% cropland/tree cover - sago/coconut residue
81.03.04.2001,grid_extension,701.6605304561459,10.773111314577719,5.800015245112879,0.74361511997503,4.220720324733635,False,0.00898438260213771,False,88.89190803028667,58.80921476597059,,,,,,0.7,1.1400000000000001,,0.7 km from a reliably-lit settlement
81.03.04.2002,grid_extension,992.2927365450178,0.7624781975328606,5.660304549197545,0.3934080568194428,2.3916546535657983,False,0.01576932195951229,False,52.37869440422921,57.64008744678404,,,,,,0.99,1.08,,1.0 km from a reliably-lit settlement
81.03.04.2004,grid_extension,0.0,2.8935134364032553,5.660304549197545,0.5467238014176072,2.3498934408582284,False,0.012484077554782015,False,75.82469665865975,61.34366359131602,,,,,,0.0,1.08,,0.0 km from a reliably-lit settlement
81.03.04.2006,solar_biomass_hybrid,9106.571213449384,13.599200036538477,4.739820721199013,0.7911806531978817,3.508149085255328,False,0.01025234779059837,False,95.00404536719991,45.39549589362882,,,,,,9.11,1.12,,79% cropland/tree cover - sago/coconut residue
81.03.04.2007,wind_solar_hybrid,8678.703627630684,15.60043765620932,5.555646749025795,0.7432839086828391,4.095505281080869,False,0.010388838673380436,False,88.911087958502,38.82032451912861,,,,,,8.68,1.1400000000000001,,mean 50 m wind 5.6 m/s (ERA5 coarse - met mast required)
81.03.04.2008,resource_present_but_screened,15016.576157699865,13.27960688607648,3.4230807611765224,0.8425177265633393,3.383965607605995,True,0.32444544975795325,False,96.82685709005806,45.13481116014038,,,,,,15.02,1.11,,"32% of village inside a protected area - non-viable without deep community and regulator engagement; flagged for policy pathway, not commercial deployment"
81.03.04.2009,wind_solar_hybrid,14733.347487502628,8.346006340743822,5.629302712149189,0.47503428855240787,3.703275195333253,False,0.019860699419239153,False,79.68549934156269,31.38141932875052,,,,,,14.73,1.12,,mean 50 m wind 5.6 m/s (ERA5 coarse - met mast required)
81.03.05.2001,grid_extension,496.43223983742234,13.80711345183553,6.101867510146316,0.8633419889666997,4.333244504045675,False,0.0079159606724038,False,96.68701149346988,43.89185475915714,,,,,,0.5,1.1400000000000001,,0.5 km from a reliably-lit settlement
81.03.05.2004,grid_extension,496.43461616309554,2.913402309149148,6.71991489954742,0.9032674098084508,3.4137934749666146,False,0.051740158642169784,False,94.12932942513605,60.31643654152423,,,,,,0.5,1.11,,0.5 km from a reliably-lit settlement
81.03.05.2005,resource_present_but_screened,8949.645157071871,4.657203556577115,,0.8938222790800356,3.3556146829773743,True,0.5613509369399075,False,95.6315461002543,40.34541293441855,,,,,,8.95,1.11,,"56% of village inside a protected area - non-viable without deep community and regulator engagement; flagged for policy pathway, not commercial deployment"
81.03.05.2006,resource_present_but_screened,16502.96011326453,7.045786785656433,,0.8010449302504681,3.292378040863212,True,0.2926966090555292,False,88.28409699541068,31.438670460219225,,,,,,16.5,1.11,,"29% of village inside a protected area - non-viable without deep community and regulator engagement; flagged for policy pathway, not commercial deployment"
81.03.05.2007,solar_biomass_hybrid,23177.875778962145,2.2557264228994605,,0.7733424402247172,3.4797316557768907,False,0.006245175142333298,False,76.64634183116512,29.354073182171405,,,,,,23.18,1.12,,77% cropland/tree cover - sago/coconut residue
81.03.05.2008,solar_battery,19277.293290942067,3.302549822603579,,0.601744990573692,2.6772915151658943,False,0.022585425682524328,False,53.190357022901104,25.937457260315867,,,,,,19.28,1.09,,uniform equatorial irradiance; no discriminating alternative
81.03.06.2001,solar_biomass_hybrid,21209.211396156974,1.1046280197420306,,0.9306335509595338,7.963593040352994,False,0.008228114584865744,False,83.4774801280328,54.546201232032864,,,,,,21.21,1.27,,93% cropland/tree cover - sago/coconut residue
81.03.06.2002,solar_biomass_hybrid,21388.687594146584,1.9104294064616236,,0.9902160818367305,9.195995291628458,False,0.003628335840436795,False,95.67288606589915,52.72660109895189,,,,,,21.39,1.31,,99% cropland/tree cover - sago/coconut residue
81.03.06.2003,solar_biomass_hybrid,21538.28540428068,2.1045607050944852,,0.9620028409090908,6.695477248619481,False,0.013632017483950274,False,91.16017948735461,67.15274161148729,,,,,,21.54,1.22,,96% cropland/tree cover - sago/coconut residue
81.03.06.2004,solar_biomass_hybrid,27089.499183551274,2.631190466460776,,0.8964035925110563,9.168201506842893,False,0.013404512332930676,False,87.31503940306067,59.377521613832904,,,,,,27.09,1.31,,90% cropland/tree cover - sago/coconut residue
81.03.06.2005,solar_biomass_hybrid,27777.28957428622,1.0771818697424718,,0.9517432830710153,12.385064995941683,False,0.012718445414633543,False,91.1914690668069,46.00545249807386,,,,,,27.78,1.41,,95% cropland/tree cover - sago/coconut residue
81.03.06.2006,solar_biomass_hybrid,31346.893362819865,0.4433918084537413,,0.9416419775400986,10.279189280316908,False,0.01064013704873717,False,87.13542239901889,44.663481608608926,,,,,,31.35,1.34,,94% cropland/tree cover - sago/coconut residue
81.03.07.2001,resource_present_but_screened,23319.717063168886,17.137779451084747,3.401621631222058,0.9419252066016135,4.575317376572401,True,0.6576324896917382,False,97.88390532120748,68.28872728533261,,,,,,23.32,1.15,,"66% of village inside a protected area - non-viable without deep community and regulator engagement; flagged for policy pathway, not commercial deployment"
81.03.07.2002,resource_present_but_screened,35275.25132794945,0.6708477722164585,,0.7253692837703913,11.504545756107328,True,0.1294360547428031,False,73.66059490664276,31.621310847067846,,,,,,35.28,1.38,,"13% of village inside a protected area - non-viable without deep community and regulator engagement; flagged for policy pathway, not commercial deployment"
81.03.07.2008,wind_solar_hybrid,11320.77539857584,10.043261513750739,6.408856337872097,0.7827986094257029,3.292545650946433,False,0.01874680825603392,False,95.81678879847917,41.37974636468445,,,,,,11.32,1.11,,mean 50 m wind 6.4 m/s (ERA5 coarse - met mast required)
81.03.07.2009,solar_biomass_hybrid,19536.557041783875,9.850909199384283,4.9876794573089835,0.7048256835529204,3.1722782180809648,False,0.017713716176477188,False,92.10060217636527,58.12098068631259,,,,,,19.54,1.11,,70% cropland/tree cover - sago/coconut residue
81.03.07.2010,solar_biomass_hybrid,22114.181813162904,12.039578994910542,4.96134493600665,0.9133368926855312,3.7970993229333,False,0.00556845722096018,False,94.95772994624491,54.2467334553685,,,,,,22.11,1.13,,91% cropland/tree cover - sago/coconut residue
81.03.07.2011,solar_biomass_hybrid,22944.80567851905,14.684245788864201,4.974154984939395,0.9073664399392457,4.5740492717398995,False,0.0021666833961127814,False,94.39492414346903,41.69743447839666,,,,,,22.94,1.15,,91% cropland/tree cover - sago/coconut residue
81.03.07.2012,solar_biomass_hybrid,26510.63925047357,13.569816163517324,3.9260864708223195,0.9800233177735956,5.359121277007504,False,0.0024384431890769717,False,97.95864645004096,86.67456808537085,,,,,,26.51,1.18,,98% cropland/tree cover - sago/coconut residue
81.03.07.2013,resource_present_but_screened,38662.12276974067,3.0536062033806908,,0.8301675554269494,6.602915604784768,True,0.6629333725264149,False,93.10256922578733,50.77661701834231,,,,,,38.66,1.22,,"66% of village inside a protected area - non-viable without deep community and regulator engagement; flagged for policy pathway, not commercial deployment"
81.03.07.2014,solar_biomass_hybrid,27846.088556115024,0.5328544197886351,,0.9225583831807739,7.615819461858575,False,0.03091009864447939,False,77.41773222564328,50.416097926115114,,,,,,27.85,1.25,,92% cropland/tree cover - sago/coconut residue
81.03.07.2015,resource_present_but_screened,,0.07089449219929536,,0.27974504249291793,2.7360893401311612,True,0.1735127478753541,True,72.31638418079095,0.0,,,,,,,1.09,,"17% of village inside a protected area; 72% intact canopy, 0.0% loss since 2015 - non-viable without deep community and regulator engagement; flagged for policy pathway, not commercial deployment"
81.03.07.2016,resource_present_but_screened,,0.3399121348849637,,0.5549645390070923,5.1065628712291335,True,0.2619469026548672,False,10.479573712255775,74.54545454545455,,,,,,,1.17,,"26% of village inside a protected area - non-viable without deep community and regulator engagement; flagged for policy pathway, not commercial deployment"
81.03.08.2002,resource_present_but_screened,36436.6104454023,32.92781066471882,4.382612752241581,0.994449088891781,7.167695630856198,True,0.5418596751281576,False,97.2175470561895,26.70731035495897,,,,,,36.44,1.24,,"54% of village inside a protected area - non-viable without deep community and regulator engagement; flagged for policy pathway, not commercial deployment"
81.03.08.2003,resource_present_but_screened,34839.43098119931,32.505154455540364,4.316387987995749,0.9866682407598704,6.8522731552851965,True,0.6420794769362714,False,96.4722179788076,35.69858886293588,,,,,,34.84,1.23,,"64% of village inside a protected area - non-viable without deep community and regulator engagement; flagged for policy pathway, not commercial deployment"
81.03.08.2004,resource_present_but_screened,33788.62752997486,32.58743326553676,4.305831903069887,0.9776256748716978,7.19931362340232,True,0.6309703415118748,False,95.89451675446435,42.577717504694355,,,,,,33.79,1.24,,"63% of village inside a protected area - non-viable without deep community and regulator engagement; flagged for policy pathway, not commercial deployment"
81.03.08.2005,resource_present_but_screened,32767.131058138886,31.298204371824102,4.236970966801053,0.9812545615180731,7.037144486035754,True,0.6245704020878291,False,98.03770498470382,54.82870933563554,,,,,,32.77,1.23,,"62% of village inside a protected area - non-viable without deep community and regulator engagement; flagged for policy pathway, not commercial deployment"
81.03.08.2006,resource_present_but_screened,30978.447540185094,30.893525497492437,4.193917370253525,0.991951100836937,7.270551533453133,True,0.45461100450607106,False,97.61226515364656,39.304522277020816,,,,,,30.98,1.24,,"45% of village inside a protected area - non-viable without deep community and regulator engagement; flagged for policy pathway, not commercial deployment"
81.03.08.2007,resource_present_but_screened,29542.322388555967,29.55734714939216,4.15540139777829,0.9955215255706443,7.275085907096765,True,0.14044585538416005,False,96.43335353563826,37.05048495399155,,,,,,29.54,1.24,,"14% of village inside a protected area - non-viable without deep community and regulator engagement; flagged for policy pathway, not commercial deployment"
81.03.08.2008,solar_biomass_hybrid,28001.711393011323,25.982418645146062,4.037701077778908,0.9977408993899523,6.34531296828766,False,0.028230663556560023,False,98.08293902348133,28.312584251843635,,,,,,28.0,1.21,,100% cropland/tree cover - sago/coconut residue
81.03.08.2009,solar_biomass_hybrid,25265.55811617616,26.874659140734884,3.9240545246967264,0.9973886031070326,6.659703397738932,False,0.00037997343213651795,False,97.56289373632356,36.04347594437637,,,,,,25.27,1.22,,100% cropland/tree cover - sago/coconut residue
81.03.08.2010,resource_present_but_screened,36034.42996938831,33.72309870422076,4.4343164318208235,0.9817008259048688,7.512455908943073,True,0.4258211307930993,False,93.9977714280701,29.42548999274085,,,,,,36.03,1.25,,"43% of village inside a protected area - non-viable without deep community and regulator engagement; flagged for policy pathway, not commercial deployment"
81.03.09.2001,solar_biomass_hybrid,29785.483378547844,18.124930691892036,4.1705859746476435,0.9138952195488221,6.7184767765483535,False,0.0,False,94.38222948969664,51.81986330187106,,,,,,29.79,1.22,,91% cropland/tree cover - sago/coconut residue
81.03.09.2002,solar_biomass_hybrid,22603.284705297814,20.590942921785437,4.1995451810507625,0.9715050074532958,5.931770840228346,False,0.03130280605454595,False,98.6195431791531,66.64767967833811,,,,,,22.6,1.2,,97% cropland/tree cover - sago/coconut residue
81.03.09.2003,resource_present_but_screened,35244.919096587524,25.71771336261029,3.995706387551841,0.983399622620828,6.178732224669508,True,0.543581064328981,False,97.71035897489433,44.7169190256748,,,,,,35.24,1.21,,"54% of village inside a protected area - non-viable without deep community and regulator engagement; flagged for policy pathway, not commercial deployment"
81.03.09.2004,resource_present_but_screened,38056.04665387453,31.69569962918584,3.9109832589916063,0.9904535777536639,6.847720900875761,True,0.7884986817415974,False,99.31908501113213,27.36444953156133,,,,,,38.06,1.23,,"79% of village inside a protected area - non-viable without deep community and regulator engagement; flagged for policy pathway, not commercial deployment"
81.03.09.2005,resource_present_but_screened,38619.15888054302,32.78707617861032,4.02570870491141,0.9966540628972065,6.852836398339813,True,0.6356070062536021,False,97.26830795860975,47.77673257475714,,,,,,38.62,1.23,,"64% of village inside a protected area - non-viable without deep community and regulator engagement; flagged for policy pathway, not commercial deployment"
81.03.18.2001,resource_present_but_screened,43251.76957723811,6.60677666146376,,0.944930920195965,6.727944596934118,True,0.6068224918978596,False,83.41713296207767,39.736045249385825,,,,,,43.25,1.22,,"61% of village inside a protected area - non-viable without deep community and regulator engagement; flagged for policy pathway, not commercial deployment"
81.03.18.2002,resource_present_but_screened,51049.586639793175,3.0797621387899,,0.9332750839672628,8.787888645633576,True,0.8827117693032204,False,84.33298468764151,34.577101985695,,,,,,51.05,1.29,,"88% of village inside a protected area - non-viable without deep community and regulator engagement; flagged for policy pathway, not commercial deployment"
81.03.18.2003,solar_biomass_hybrid,47531.735819344955,1.137608380580885,,0.9179362642069693,5.856460310206546,False,0.025421175479800648,False,84.17667067189888,59.96558906094359,,,,,,47.53,1.2,,92% cropland/tree cover - sago/coconut residue
81.03.18.2004,solar_biomass_hybrid,40965.698980595334,2.1313562179511405,,0.9541727891661199,4.211433196604463,False,0.018558752985997858,False,94.91860870238465,53.3116245734852,,,,,,40.97,1.1400000000000001,,95% cropland/tree cover - sago/coconut residue
81.03.18.2005,solar_biomass_hybrid,35813.89212215701,2.713208667023517,,0.8943368220868246,6.292634894711958,False,0.016515892197773243,False,92.48311608283186,35.561513496079186,,,,,,35.81,1.21,,89% cropland/tree cover - sago/coconut residue
81.04.01.2002,grid_extension,0.0,2.655926051333613,,0.3022572600076087,1.7659619791895114,False,0.010101437024513951,False,31.524613399335742,40.44117647058823,,,,,,0.0,1.06,,0.0 km from a reliably-lit settlement
81.04.01.2009,grid_extension,1113.4034603974428,16.122913926962017,2.5859879907551226,0.4310069275783813,10.22917969419058,False,0.0,False,41.74553311471392,50.99266292619766,,,,,,1.11,1.34,,1.1 km from a reliably-lit settlement
81.04.01.2010,grid_extension,0.0,21.85963809811809,2.4281655038478,0.6246433230276198,11.453140174031374,False,0.0,False,61.045201396121826,39.17355371900829,,,,,,0.0,1.38,,0.0 km from a reliably-lit settlement
81.04.01.2011,grid_extension,497.92263769083644,14.612150987156589,2.2125945884808815,0.622673966169263,4.40541552250182,False,0.0,False,46.53369375273045,89.20286798819065,,,,,,0.5,1.15,,0.5 km from a reliably-lit settlement
81.04.01.2012,grid_extension,1408.362479974527,21.392371239132984,2.7796932857615135,0.24330483994923618,11.11208905831367,False,0.0,False,17.813962458026207,73.77441211638103,,,,,,1.41,1.37,,1.4 km from a reliably-lit settlement
81.04.02.2004,grid_extension,995.94270668548,33.58285632158812,0.7948965501721642,0.9831019267839592,18.447563479106194,False,0.0008358058527406906,False,98.00586982336871,70.34722479014904,,,,,,1.0,1.6099999999999999,,1.0 km from a reliably-lit settlement
81.04.02.2005,grid_extension,0.0,0.2082966624573969,0.9271432962365891,0.9254413709816549,2.747151331313296,False,0.0030337014032666204,False,85.93923009447664,64.01414677276746,,,,,,0.0,1.09,,0.0 km from a reliably-lit settlement
81.04.02.2006,grid_extension,0.0,43.04752596853789,0.6535814829538228,0.9672311964848892,22.282900116758857,False,0.0002427909756461975,False,95.8491693078115,68.57840326746778,,,,,,0.0,1.74,,0.0 km from a reliably-lit settlement
81.04.02.2007,micro_hydro,12044.245831775852,40.830558021051054,0.6461273450573779,0.9411059144653473,19.298250439812914,False,0.0,False,93.23774685320905,62.08198590575172,,,,,,12.04,1.6400000000000001,,"~41 kW screening potential (capped catchment 25 km2, head 60 m); 24-h baseload"
81.04.02.2008,micro_hydro,19598.09111040856,48.22164035071182,0.7963705098990571,0.9838752067727232,20.308240996399192,False,0.0,False,98.4734496075051,41.487587768414016,,,,,,19.6,1.6800000000000002,,"~48 kW screening potential (capped catchment 25 km2, head 60 m); 24-h baseload"
81.04.02.2014,grid_extension,3485.79947339918,34.65570338824662,0.5509364330398573,0.8794880333837702,17.76314051596523,False,0.00016587826101007494,False,88.95874403141234,51.445560263496425,,,,,,3.49,1.5899999999999999,,3.5 km from a reliably-lit settlement
81.04.02.2018,grid_extension,1991.8689715942662,32.23209083962761,0.6933837078854116,0.9816171021147743,19.866629519975362,False,0.0,False,97.64054767004272,33.19111372664413,,,,,,1.99,1.6600000000000001,,2.0 km from a reliably-lit settlement
81.04.02.2019,micro_hydro,31184.52218098347,42.787983456326664,1.4424697735581782,0.9930984364565766,20.38756741904826,False,0.0,False,99.32937743745387,34.39744749099968,,,,,,31.18,1.6800000000000002,,"~43 kW screening potential (capped catchment 25 km2, head 60 m); 24-h baseload"
81.04.02.2020,grid_extension,3521.1965295904743,33.85483342118278,0.7333495689225062,0.979493431191861,21.380676122837325,False,0.00029952278629321493,False,97.37775063502376,68.24574527772583,,,,,,3.52,1.71,,3.5 km from a reliably-lit settlement
81.04.02.2023,grid_extension,3521.2037403777135,1.4553610174260683,0.9271432962365891,0.6273206298633662,7.007053540860166,False,0.006004717992708556,False,66.4086434377681,51.855072463768124,,,,,,3.52,1.23,,3.5 km from a reliably-lit settlement
81.04.03.2001,grid_extension,0.0,14.351657770652828,2.2125945884808815,0.5612704222441963,5.2215499142743385,False,0.0,False,58.11611957334595,69.36966633703257,,,,,,0.0,1.17,,0.0 km from a reliably-lit settlement
81.04.03.2002,grid_extension,0.0,22.661412490083897,2.16693525883482,0.7499264213098071,10.131841815070189,False,0.0,False,62.26651939030421,60.71783480446601,,,,,,0.0,1.34,,0.0 km from a reliably-lit settlement
81.04.03.2016,grid_extension,0.0,22.486180783698156,1.8169007526616685,0.8108985334772332,11.821401382997395,False,0.0,False,68.20813490280649,54.69767118042262,,,,,,0.0,1.3900000000000001,,0.0 km from a reliably-lit settlement
81.04.03.2027,grid_extension,497.92044105961344,21.110861942757985,2.1492051196617035,0.6856918421046658,10.156599229182174,False,0.0,False,67.52357880110256,70.78363134525387,,,,,,0.5,1.34,,0.5 km from a reliably-lit settlement
81.04.06.2001,grid_extension,497.96206557327235,22.17010395846043,2.19101719728178,0.5940058451136873,11.65168407001384,False,0.0013861388162824295,False,37.534718495233754,81.08218063466236,,,,,,0.5,1.3900000000000001,,0.5 km from a reliably-lit settlement
81.04.06.2002,grid_extension,0.0,24.300185881757372,1.9610002282412198,0.693433311862951,14.029028229484346,False,0.001212659686869657,False,53.98247463964386,66.92639047257063,,,,,,0.0,1.47,,0.0 km from a reliably-lit settlement
81.04.06.2003,grid_extension,2489.836214492833,20.862270605672116,2.0560929114445847,0.5968710674401854,10.777862379212937,False,0.0009952542399710325,False,50.44267399031847,77.51472214749053,,,,,,2.49,1.3599999999999999,,2.5 km from a reliably-lit settlement
81.04.06.2004,solar_battery,7584.858147981412,22.733586800686705,2.3721147702966263,0.6786259504107626,10.219597755520088,False,0.001708545040753678,False,56.44305813513096,60.90188168329143,,,,,,7.58,1.34,,uniform equatorial irradiance; no discriminating alternative
81.04.06.2005,solar_biomass_hybrid,9395.76272183371,26.95178690134389,2.3721147702966263,0.8180085838192764,10.36218578983474,False,0.002707738602338568,False,71.03105212552374,49.122064734503965,,,,,,9.4,1.35,,82% cropland/tree cover - sago/coconut residue
81.04.06.2006,solar_biomass_hybrid,12319.10570262712,29.256814887100408,2.0752284807696095,0.8211682833761718,11.725442700169504,False,0.0005597320070996312,False,80.78211315821517,34.54769809325149,,,,,,12.32,1.3900000000000001,,82% cropland/tree cover - sago/coconut residue
81.04.06.2007,solar_biomass_hybrid,15461.220715066453,9.670030481608272,2.1765220382930237,0.9796808765565735,14.087372116721177,False,0.004925049994215545,False,92.16391085549964,74.59572892235529,,,,,,15.46,1.47,,98% cropland/tree cover - sago/coconut residue
81.04.06.2008,solar_biomass_hybrid,15469.364654454947,20.885291093309664,2.1765220382930237,0.7978586160480665,13.05321215930694,False,0.004525108475273513,False,83.03406898307952,91.12985181028077,,,,,,15.47,1.44,,80% cropland/tree cover - sago/coconut residue
81.04.06.2009,solar_biomass_hybrid,11951.386279423823,29.336554336880603,2.0650636756806096,0.9036570080686578,12.653849217565083,False,0.0026374028110535924,False,80.43872225352604,68.66631363945838,,,,,,11.95,1.42,,90% cropland/tree cover - sago/coconut residue
81.04.06.2010,solar_biomass_hybrid,13673.769052230991,0.49731661690594,2.1765220382930237,0.7838991724420271,14.63022848696322,False,0.0,False,79.87136383569656,51.30609511051575,,,,,,13.67,1.49,,78% cropland/tree cover - sago/coconut residue
81.04.10.2001,resource_present_but_screened,16376.65356822785,45.84995574586346,2.4988734048660537,0.9861714589088793,19.425632716682824,True,0.1711047529547412,False,98.73214528635559,26.985627121719613,,,,,,16.38,1.65,,"17% of village inside a protected area - non-viable without deep community and regulator engagement; flagged for policy pathway, not commercial deployment"
81.04.10.2002,resource_present_but_screened,10919.436360081732,31.86367633532428,2.823334743537656,0.9769898909661738,15.299201412650383,True,0.2315169324934365,False,84.54862362980626,64.6813211808094,,,,,,10.92,1.51,,"23% of village inside a protected area - non-viable without deep community and regulator engagement; flagged for policy pathway, not commercial deployment"
81.04.10.2003,resource_present_but_screened,8566.008894170027,18.73686808772204,3.0090390580269717,0.9571379267174438,11.822993168453452,True,0.18327082138500758,False,75.0158824957555,60.86843902324159,,,,,,8.57,1.3900000000000001,,"18% of village inside a protected area - non-viable without deep community and regulator engagement; flagged for policy pathway, not commercial deployment"
81.04.10.2004,resource_present_but_screened,12565.836096834146,41.127881070948106,2.4860876119873545,0.9932237055526278,21.046283277608214,True,0.399792751028027,False,99.37217536843137,57.31447491947136,,,,,,12.57,1.7,,"40% of village inside a protected area - non-viable without deep community and regulator engagement; flagged for policy pathway, not commercial deployment"
81.04.10.2006,solar_biomass_hybrid,24195.579243686232,15.953719045373731,2.513221143513545,0.9718946437335542,19.63000050401911,False,0.0,False,98.11207247867418,59.502408554338025,,,,,,24.2,1.65,,97% cropland/tree cover - sago/coconut residue
81.04.11.2001,grid_extension,995.8210180549514,25.482129105483985,1.5432701880980206,0.8589198079473088,11.26239775870782,False,0.0,False,68.95267388352897,72.07353728332032,,,,,,1.0,1.38,,1.0 km from a reliably-lit settlement
81.04.11.2003,grid_extension,0.0,4.611641155842952,1.0613132238778835,0.48914199217307835,1.2504112054460328,False,0.0,False,26.169255988421895,74.69635627530366,,,,,,0.0,1.04,,0.0 km from a reliably-lit settlement
81.04.11.2004,grid_extension,704.1053942770217,22.047298941921674,0.9912351993370053,0.7838191250810884,5.973058138874507,False,0.0,False,76.10197320813893,76.32848503922848,,,,,,0.7,1.2,,0.7 km from a reliably-lit settlement
81.04.11.2006,grid_extension,995.7964463182223,23.263985795957378,1.2927132339725393,0.8313282301195147,6.435597009858303,False,0.0,False,65.51806003052403,72.82780410742497,,,,,,1.0,1.21,,1.0 km from a reliably-lit settlement
81.04.11.2008,grid_extension,2489.4854670443447,31.545140510165478,1.3577140044764981,0.9052359063255654,14.268763913177494,False,0.0,False,87.1692632028059,28.470742155352518,,,,,,2.49,1.48,,2.5 km from a reliably-lit settlement
81.04.11.2009,grid_extension,3485.1277460446126,27.420092000155037,0.6836440602397881,0.6906865708660807,12.862477533511067,False,0.0,False,67.00497463077821,52.75071051563135,,,,,,3.49,1.43,,3.5 km from a reliably-lit settlement
81.04.11.2010,grid_extension,0.0,39.598136606322356,0.536328679913163,0.6983505996784102,15.0520853778505,False,0.0,False,83.04155615574433,56.31960980500528,,,,,,0.0,1.5,,0.0 km from a reliably-lit settlement
81.04.12.2001,grid_extension,0.0,7.633680232143614,1.2302377095643093,0.591569243051131,1.9761645850911562,False,0.0,False,42.218592931070525,75.4381939983482,,,,,,0.0,1.07,,0.0 km from a reliably-lit settlement
81.04.12.2004,grid_extension,0.0,12.754109802960928,0.837089910668936,0.7052049847793492,3.1069264326894497,False,0.0,False,39.396424576965096,78.38423098278736,,,,,,0.0,1.1,,0.0 km from a reliably-lit settlement
81.04.12.2005,grid_extension,704.1359953872548,6.35533255616245,1.6785128357055767,0.7167738162216495,1.7221738743501929,False,0.0,False,74.31218160673667,87.39142236699242,,,,,,0.7,1.06,,0.7 km from a reliably-lit settlement
81.04.12.2006,grid_extension,0.0,39.03174756539674,1.1618922304541743,0.9191415350783803,12.452643151065594,False,0.0,False,78.88551775149772,90.47198528181971,,,,,,0.0,1.42,,0.0 km from a reliably-lit settlement
81.04.12.2007,grid_extension,0.0,37.89060811293088,0.7289288653618659,0.8378795042617457,13.118397997853272,False,0.0,False,80.47527788424685,55.91171216347512,,,,,,0.0,1.44,,0.0 km from a reliably-lit settlement
81.04.12.2009,grid_extension,3624.528391735951,38.80348041316397,1.003917418671902,0.9507581054771268,15.665900798766264,False,0.0,False,89.98666476039459,64.53622131193538,,,,,,3.62,1.52,,3.6 km from a reliably-lit settlement
81.04.12.2010,grid_extension,497.8948339006943,41.4465336700512,1.5469961252246307,0.9186677125876843,15.232989204668613,False,0.0,False,83.85836151281187,62.932862190812756,,,,,,0.5,1.51,,0.5 km from a reliably-lit settlement
81.04.13.2001,grid_extension,0.0,40.87457495885925,0.8582188351395943,0.986056279796424,18.77960620414836,False,0.0004194823481718126,False,97.88870933102888,64.51497250398513,,,,,,0.0,1.63,,0.0 km from a reliably-lit settlement
81.04.13.2002,grid_extension,1493.9140600282199,27.58960028529409,0.9370509543757771,0.9543192385005295,16.51640953134962,False,0.0,False,95.28615050969519,72.75144508670522,,,,,,1.49,1.55,,1.5 km from a reliably-lit settlement
81.04.13.2003,grid_extension,995.9488566186519,36.50057258438611,1.2360810812892082,0.9538823860241132,18.77571175376164,False,0.0005485490679121572,False,94.78197156323023,30.764744711258114,,,,,,1.0,1.63,,1.0 km from a reliably-lit settlement
81.04.13.2004,micro_hydro,16310.893698691068,39.22109054924001,0.9119406599377434,0.9805642388288732,20.660216336326794,False,0.0,False,98.89033407727074,23.395836282069432,,,,,,16.31,1.69,,"~39 kW screening potential (capped catchment 25 km2, head 60 m); 24-h baseload"
81.04.13.2005,micro_hydro,23439.56761813238,38.8725876060625,0.7136522555043202,0.9897463219133483,21.21380454076418,False,0.0,False,98.9247840026904,4.020427336015228,,,,,,23.44,1.71,,"~39 kW screening potential (capped catchment 25 km2, head 60 m); 24-h baseload"
81.04.13.2006,micro_hydro,7042.114162309498,31.963352982525265,1.1060348998975187,0.7614610725192182,16.118680676179423,False,0.0,False,75.0218391882052,71.84784796296827,,,,,,7.04,1.54,,"~32 kW screening potential (capped catchment 25 km2, head 60 m); 24-h baseload"
81.04.13.2007,micro_hydro,19372.497400470853,39.195535771443865,0.5003489259506403,0.9132812362297711,16.668802697385374,False,0.0,False,92.36038982703029,45.1047958491697,,,,,,19.37,1.56,,"~39 kW screening potential (capped catchment 25 km2, head 60 m); 24-h baseload"
81.04.13.2008,micro_hydro,22467.39189358658,46.39406201218051,0.6963589948500539,0.956695398999724,16.024986035139335,False,0.0,False,97.76084876172362,43.50927790518179,,,,,,22.47,1.53,,"~46 kW screening potential (capped catchment 25 km2, head 60 m); 24-h baseload"
81.04.13.2009,micro_hydro,14920.069075535475,37.91802457642674,0.5607080989887344,0.8735894284455077,17.380016589052286,False,0.0,False,93.96210015022896,52.182928135375406,,,,,,14.92,1.58,,"~38 kW screening potential (capped catchment 25 km2, head 60 m); 24-h baseload"
81.04.13.2010,grid_extension,4453.982066645532,30.565779321160104,1.3669082131873638,0.8706416396821065,14.830622294752482,False,0.0025358577165806072,False,79.06579675089674,79.62608567643164,,,,,,4.45,1.49,,4.5 km from a reliably-lit settlement
81.04.13.2011,micro_hydro,6158.6469204383675,31.755399070986762,0.7677161784946643,0.7431540570928992,15.721344535002546,False,0.0,False,73.67333252403053,80.29941350364388,,,,,,6.16,1.52,,"~32 kW screening potential (capped catchment 25 km2, head 60 m); 24-h baseload"
81.04.13.2012,solar_biomass_hybrid,12126.269576574241,25.721030604846362,1.4996202445137714,0.9471584656869557,14.114495632957054,False,0.0,False,96.32117911545683,70.67359273733527,,,,,,12.13,1.47,,95% cropland/tree cover - sago/coconut residue
81.04.13.2013,micro_hydro,6492.805477507393,33.82251507601538,1.3092177418822122,0.9215654036512152,16.758962903107765,False,0.001769349911801403,False,89.05649157124891,37.326988048098265,,,,,,6.49,1.56,,"~34 kW screening potential (capped catchment 25 km2, head 60 m); 24-h baseload"
81.04.14.2001,grid_extension,0.0,40.81326637453594,1.7718379510456441,0.8125742721799936,15.177354064595557,False,0.0,False,92.83136932997625,70.32373464572102,,,,,,0.0,1.51,,0.0 km from a reliably-lit settlement
81.04.14.2002,resource_present_but_screened,497.9004669610182,37.178963143865914,2.3502827857801636,0.887083527354191,16.95347165978161,True,0.17076224675226465,False,78.70652535090231,81.26472240565342,,,,,,0.5,1.5699999999999998,,"17% of village inside a protected area - non-viable without deep community and regulator engagement; flagged for policy pathway, not commercial deployment"
81.04.14.2003,grid_extension,3340.040395526677,4.60039628803308,2.7236885901797923,0.1894095858665192,9.040876467730184,False,0.0,False,12.657141610468189,29.52710495963091,,,,,,3.34,1.3,,3.3 km from a reliably-lit settlement
81.04.14.2004,grid_extension,2681.30623775521,8.526888305899854,2.0142727205184103,0.09105166172223164,3.100049754812359,False,0.0,False,95.0101826339806,82.35578695171398,,,,,,2.68,1.1,,2.7 km from a reliably-lit settlement
81.04.14.2005,solar_biomass_hybrid,5499.5028866253,26.84182723939533,3.0291570289948244,0.7456022650521034,8.329577267024177,False,0.0,False,34.54437730660687,90.7723728184181,,,,,,5.5,1.28,,75% cropland/tree cover - sago/coconut residue
81.04.15.2001,grid_extension,0.0,9.172024426568413,2.779984703386016,0.39453355353924646,10.920527631697885,False,0.004822229652027906,False,22.72804100604434,66.89059500959696,,,,,,0.0,1.3599999999999999,,0.0 km from a reliably-lit settlement
81.04.15.2002,grid_extension,0.0,12.139233607605789,2.779984703386016,0.48450092723519655,11.51283053153102,False,0.0035550801466077294,False,29.350120943499107,83.71463714637146,,,,,,0.0,1.38,,0.0 km from a reliably-lit settlement
81.04.15.2003,grid_extension,704.2173403857647,19.522572205720127,2.7793169192570404,0.5962789384440916,10.358373245888426,False,0.0007787787446148689,False,45.82215720373628,49.4740925941892,,,,,,0.7,1.35,,0.7 km from a reliably-lit settlement
81.04.15.2004,grid_extension,0.0,15.28900230114446,2.5296454422979777,0.5295186353956551,8.606721818016991,False,0.0004369247060422117,False,39.13633232908676,62.99968769519053,,,,,,0.0,1.29,,0.0 km from a reliably-lit settlement
81.04.15.2005,grid_extension,0.0,22.099763364812134,2.184855118225382,0.4701126594140896,8.712021836894138,False,0.002892884827532114,False,32.95262405221621,76.84539161123934,,,,,,0.0,1.29,,0.0 km from a reliably-lit settlement
81.05.01.2003,grid_extension,0.0,41.56617803540194,2.099624562739966,0.9438492322391612,9.697291493263386,False,0.0,False,92.0469908548213,82.12912643756405,,,,,,0.0,1.32,,0.0 km from a reliably-lit settlement
81.05.01.2004,grid_extension,1113.4418414874665,43.13837334067419,1.9640322419452616,0.9562527620632575,9.814323860272252,False,0.017343635450044897,False,94.63325484131727,81.30732169016686,,,,,,1.11,1.33,,1.1 km from a reliably-lit settlement
81.05.01.2010,grid_extension,497.9784916289056,21.69567679523228,2.5897852177160625,0.8742100392050938,4.186174403790222,False,0.0,False,82.36499771603343,82.3845788271841,,,,,,0.5,1.1400000000000001,,0.5 km from a reliably-lit settlement
81.05.01.2011,grid_extension,995.9262334631014,5.575208807720297,2.669905538415172,0.6104449182207494,2.8166383264903927,False,7.92585625667093e-05,False,95.34700023776188,41.79524193397201,,,,,,1.0,1.09,,1.0 km from a reliably-lit settlement
81.05.01.2012,grid_extension,0.0,5.854331327415765,2.620772809800293,0.6910653875398965,2.272670939760321,False,0.0,False,92.18030734206033,84.05176972855509,,,,,,0.0,1.08,,0.0 km from a reliably-lit settlement
81.05.01.2022,grid_extension,0.0,6.337391302793989,2.671206507575703,0.48762699929584535,1.2504893028426152,False,0.0,False,68.71525943811464,71.84553423359397,,,,,,0.0,1.04,,0.0 km from a reliably-lit settlement
81.05.01.2024,grid_extension,0.0,11.081393015824114,2.671206507575703,0.7259639088847254,2.0136410505120104,False,0.0,False,79.39574610109838,71.09262777443122,,,,,,0.0,1.07,,0.0 km from a reliably-lit settlement
81.05.02.2001,grid_extension,0.0,0.08769176802818286,,0.17932272960492557,1.6914861006841788,False,0.0,False,0.0,100.0,,,,,,0.0,1.06,,0.0 km from a reliably-lit settlement
81.05.02.2002,grid_extension,2488.839385009607,0.17800288494592825,,0.8717094301899366,6.808605167281778,False,0.0,False,83.93882161241343,72.95774647887325,,,,,,2.49,1.23,,2.5 km from a reliably-lit settlement
81.05.02.2003,grid_extension,1991.071508007686,0.488280697149934,,0.8235019061040796,6.230371076743653,False,0.0,False,78.60695548283205,80.52935807727411,,,,,,1.99,1.21,,2.0 km from a reliably-lit settlement
81.05.02.2004,grid_extension,2488.8070529623224,0.1379601292401075,,0.6979741032154141,5.290779650069939,False,0.0,False,75.8771386064964,54.56110154905336,,,,,,2.49,1.18,,2.5 km from a reliably-lit settlement
81.05.02.2005,solar_battery,,,,0.5312298776561494,1.799514185280159,False,0.0,False,0.0,100.0,,,,,,,1.06,,uniform equatorial irradiance; no discriminating alternative
81.05.02.2006,solar_battery,5993.9344666608595,21.245499325649433,3.582030023727613,0.6191895316075109,7.446130306100786,False,0.0,False,97.68788677566037,46.386523046092215,,,,,,5.99,1.25,,uniform equatorial irradiance; no discriminating alternative
81.05.02.2028,grid_extension,1407.8928403823923,0.17890470267561015,,0.7315001740341106,7.045132304590748,False,0.0,False,82.9818333681353,40.0,,,,,,1.41,1.23,,1.4 km from a reliably-lit settlement
81.05.02.2046,solar_battery,9015.006288128701,0.14012991298993008,3.582030023727613,0.025081905580321178,1.1069434573317591,False,0.0,False,93.11585447711104,,,,,,,9.02,1.04,,uniform equatorial irradiance; no discriminating alternative
81.05.02.2047,solar_battery,9779.713211541532,0.07081799372968786,3.582030023727613,0.26047499517281325,1.3984469618657376,False,0.0,False,90.05535530381053,100.0,,,,,,9.78,1.05,,uniform equatorial irradiance; no discriminating alternative
81.05.02.2048,solar_battery,10152.617150272139,0.13639564582800406,3.582030023727613,0.6782711156338708,2.6919650160676256,False,0.0,False,67.78943986291101,85.68232662192393,,,,,,10.15,1.09,,uniform equatorial irradiance; no discriminating alternative
81.05.02.2049,solar_battery,10641.171538827386,0.18727510664870003,3.582030023727613,0.3393367072860413,2.4716776706139183,False,0.0,False,89.09060061079063,85.90308370044053,,,,,,10.64,1.08,,uniform equatorial irradiance; no discriminating alternative
81.05.02.2050,solar_biomass_hybrid,11186.172113931556,9.928967178258604,3.582030023727613,0.9146806368654844,4.284508114627881,False,0.0,False,97.22805443683076,55.52725420275092,,,,,,11.19,1.1400000000000001,,91% cropland/tree cover - sago/coconut residue
81.05.02.2051,solar_biomass_hybrid,12243.816803671762,11.237754116789967,3.582030023727613,0.9807770803225702,6.278498472503826,False,0.0,False,98.78771834031032,46.36667680145945,,,,,,12.24,1.21,,98% cropland/tree cover - sago/coconut residue
81.05.02.2052,solar_biomass_hybrid,17315.371778964203,10.486644000992596,3.582030023727613,0.9844096072395377,11.673467063873021,False,0.0,False,98.08175530399193,16.66419350051937,,,,,,17.32,1.3900000000000001,,98% cropland/tree cover - sago/coconut residue
81.05.02.2053,solar_biomass_hybrid,19992.10561892181,1.5774243387191602,,0.9877987478864871,12.012383926677945,False,0.0,False,97.86106032906766,35.348568122649695,,,,,,19.99,1.4,,99% cropland/tree cover - sago/coconut residue
81.05.02.2054,solar_biomass_hybrid,21410.52013978759,3.410259274611183,,0.9974960781947628,5.555867121778855,False,0.0,False,99.11296162201305,22.970195272353543,,,,,,21.41,1.19,,100% cropland/tree cover - sago/coconut residue
81.05.03.2001,micro_hydro,17597.064135016244,36.99575889702874,1.3938202961055473,0.9964294858921581,10.35900292349401,False,0.0,False,99.48512406299763,35.619107055509645,,,,,,17.6,1.35,,"~37 kW screening potential (capped catchment 25 km2, head 60 m); 24-h baseload"
81.05.03.2002,micro_hydro,18369.14821148833,40.77321243269287,1.4765770709086765,0.9972835784010875,12.54933767270206,False,0.0,False,99.62980331435263,39.011581754157454,,,,,,18.37,1.42,,"~41 kW screening potential (capped catchment 25 km2, head 60 m); 24-h baseload"
81.05.03.2003,micro_hydro,21931.264911650673,40.81368805311973,1.383948571331499,0.9819479362027576,11.330896843475287,False,0.0,False,97.47374242538913,50.7819877446081,,,,,,21.93,1.38,,"~41 kW screening potential (capped catchment 25 km2, head 60 m); 24-h baseload"
81.05.03.2004,solar_biomass_hybrid,23379.700690449397,24.90379394341228,1.3238539250766648,0.9968078503887444,12.660220743295664,False,0.0,False,99.76653381119017,48.32074039261055,,,,,,23.38,1.42,,100% cropland/tree cover - sago/coconut residue
81.05.03.2015,solar_biomass_hybrid,41751.649777284256,17.90893012895557,,0.9922012603233005,3.720292438527211,False,0.0,False,97.11804957487122,31.312171323576017,,,,,,41.75,1.12,,99% cropland/tree cover - sago/coconut residue
81.05.03.2016,solar_biomass_hybrid,37958.909969366876,19.17612728021002,1.229666177791872,0.9910790006927047,6.301234689368995,False,0.0,False,98.97365449950284,51.2819270101294,,,,,,37.96,1.21,,99% cropland/tree cover - sago/coconut residue
81.05.03.2018,micro_hydro,38980.5420390257,32.47701595004534,1.4888019996757387,0.9964127914189465,6.999951266732988,False,0.0,False,98.83110079214894,81.79140718091685,,,,,,38.98,1.23,,"~32 kW screening potential (capped catchment 25 km2, head 60 m); 24-h baseload"
81.05.03.2021,solar_biomass_hybrid,22559.687541123545,28.091833820264718,1.2540096314247011,0.8961524438077072,5.105716886763636,False,0.0,False,93.32250592009075,58.54129062449267,,,,,,22.56,1.17,,90% cropland/tree cover - sago/coconut residue
81.05.04.2001,grid_extension,1112.9727576967014,4.553027741528539,,0.897008108863827,6.182265206902138,False,0.04334327454041333,False,91.6633149718749,20.838440794312337,,,,,,1.11,1.21,,1.1 km from a reliably-lit settlement
81.05.04.2003,solar_biomass_hybrid,12442.676764994138,3.603598299721018,,0.9148300383183069,8.662224936383367,False,0.0,False,95.58893554780505,53.63609255725193,,,,,,12.44,1.29,,91% cropland/tree cover - sago/coconut residue
81.05.04.2004,grid_extension,0.0,2.689482074767152,,0.9472765551616794,8.688453071209507,False,0.0,False,95.85953736942967,48.5721570627231,,,,,,0.0,1.29,,0.0 km from a reliably-lit settlement
81.05.04.2005,grid_extension,1794.5955193650184,3.0795669494669076,,0.9652870304748404,6.854751225239861,False,0.0,False,94.4764928493473,45.81005586592179,,,,,,1.79,1.23,,1.8 km from a reliably-lit settlement
81.05.04.2006,solar_biomass_hybrid,7178.189204109905,0.8228680499976574,,0.9829051511612821,5.246647756862273,False,0.0,False,96.38063726086499,28.428927680798015,,,,,,7.18,1.17,,98% cropland/tree cover - sago/coconut residue
81.05.04.2023,grid_extension,4977.444594116543,0.514788687965169,,0.9497747531870028,5.129322259377911,False,0.0,False,94.0764880667114,50.0,,,,,,4.98,1.17,,5.0 km from a reliably-lit settlement
81.05.04.2024,grid_extension,2488.702520265329,1.9875078678049605,,0.8783028143050264,6.762096934920442,False,0.0,False,92.66291824131255,4.466154919748779,,,,,,2.49,1.23,,2.5 km from a reliably-lit settlement
81.05.04.2031,grid_extension,3790.5574128352155,5.126269764196091,,0.9829503003496609,6.91988594986104,False,0.0,False,98.59394844975724,16.099773242630384,,,,,,3.79,1.23,,3.8 km from a reliably-lit settlement
81.05.04.2032,solar_biomass_hybrid,8238.629930091533,0.6556622236433749,,0.9527143501206669,5.6583668079165275,False,0.0,False,94.43943572337716,53.65632782431514,,,,,,8.24,1.19,,95% cropland/tree cover - sago/coconut residue
81.05.04.2042,resource_present_but_screened,5124.606271461253,0.48787675921441864,,0.9837605846189538,4.862494336220216,False,0.0,True,94.19347346417372,0.0,,,,,,5.12,1.16,,"94% intact canopy, 0.0% loss since 2015 - non-viable without deep community and regulator engagement; flagged for policy pathway, not commercial deployment"
81.05.04.2043,grid_extension,0.0,5.086666813843515,,0.9015166633406505,8.18714373429949,False,0.0,False,87.93877591746322,75.91721542803387,,,,,,0.0,1.27,,0.0 km from a reliably-lit settlement
81.05.04.2047,grid_extension,3147.8950308102717,2.393882214795053,,0.974816369359916,7.56987703303701,False,0.0,False,95.91025784127693,52.149532710280376,,,,,,3.15,1.25,,3.1 km from a reliably-lit settlement
81.05.04.2048,solar_biomass_hybrid,5124.360636947794,6.741159681841208,,0.9692577618430086,6.067013723617594,False,0.0,False,94.44765319355298,10.596026490066226,,,,,,5.12,1.2,,97% cropland/tree cover - sago/coconut residue
81.05.04.2051,grid_extension,4223.479415718751,1.25506462764905,,0.9179450588655012,5.002807654173405,False,0.0,False,91.7627481278973,100.0,,,,,,4.22,1.17,,4.2 km from a reliably-lit settlement
81.05.04.2052,solar_biomass_hybrid,5564.981539165247,0.6314305223738839,,0.8029293770342896,6.283088636700618,False,0.0,False,82.83378746594006,7.637231503579953,,,,,,5.56,1.21,,80% cropland/tree cover - sago/coconut residue
81.05.04.2054,grid_extension,3027.6453077226533,2.0114458504426973,,0.9549227461373068,8.34917990462285,False,0.0,False,97.64202840568115,10.526315789473681,,,,,,3.03,1.28,,3.0 km from a reliably-lit settlement
81.05.05.2001,solar_biomass_hybrid,43176.03695627935,0.26936143299604215,,0.848929359480374,15.583789898011396,False,0.0,False,85.59930389384381,51.04384133611691,,,,,,43.18,1.52,,85% cropland/tree cover - sago/coconut residue
81.05.05.2002,solar_biomass_hybrid,50295.3944126597,0.5713799820826202,,0.9625328356145446,15.223160069525095,False,0.0,False,94.05234567901236,12.5,,,,,,50.3,1.51,,96% cropland/tree cover - sago/coconut residue
81.05.05.2003,resource_present_but_screened,51868.07053040314,0.6304319540454878,,0.8748960931005815,9.432287765356257,False,0.0,True,79.38883691923918,0.0,,,,,,51.87,1.31,,"79% intact canopy, 0.0% loss since 2015 - non-viable without deep community and regulator engagement; flagged for policy pathway, not commercial deployment"
81.05.05.2004,solar_biomass_hybrid,53860.42599917402,0.9823481497581822,,0.9091068901565428,9.437576635423012,False,0.0,False,91.29231012630412,17.48826291079812,,,,,,53.86,1.31,,91% cropland/tree cover - sago/coconut residue
81.05.05.2005,solar_biomass_hybrid,64100.072299588704,1.7620372072158568,,0.947622225571032,13.044124551138468,False,0.0,False,96.13869697165364,31.349944217181115,,,,,,64.1,1.43,,95% cropland/tree cover - sago/coconut residue
81.05.05.2006,solar_biomass_hybrid,58100.88272430764,1.0794200717034685,,0.9591238142785823,12.124253424289885,False,0.0,False,97.59844775645212,5.6449254167885385,,,,,,58.1,1.4,,96% cropland/tree cover - sago/coconut residue
81.05.05.2008,solar_biomass_hybrid,64864.326811815445,1.0572223243295142,,0.9666306727856263,12.563518701516816,False,0.0,False,95.45400005999345,15.937388829598012,,,,,,64.86,1.42,,97% cropland/tree cover - sago/coconut residue
81.05.05.2010,solar_biomass_hybrid,66355.94031551546,1.0572223243295142,,0.9940818905851906,14.598559574692004,False,0.0,False,98.35098700048147,40.3708386009271,,,,,,66.36,1.49,,99% cropland/tree cover - sago/coconut residue
81.05.05.2011,resource_present_but_screened,62109.73520323223,1.3838292461710593,,0.9803846469510027,18.185348546676405,False,0.0,True,99.41445262265029,0.0,,,,,,62.11,1.6099999999999999,,"99% intact canopy, 0.0% loss since 2015 - non-viable without deep community and regulator engagement; flagged for policy pathway, not commercial deployment"
81.05.05.2021,solar_biomass_hybrid,62829.07368109926,1.363037885567857,,0.8920088274580407,14.131700995421085,False,0.0,False,91.72183507549362,18.53463910047153,,,,,,62.83,1.47,,89% cropland/tree cover - sago/coconut residue
81.05.05.2022,solar_biomass_hybrid,60607.39531608333,0.6738451800327231,,0.9659343274111675,18.183075766965867,False,0.0,False,97.48145797802721,7.872078720787207,,,,,,60.61,1.6099999999999999,,97% cropland/tree cover - sago/coconut residue
81.05.05.2023,solar_biomass_hybrid,62783.552112346675,1.037860181252985,,0.9202769460132155,10.963349283385755,False,0.0,False,94.62771804364033,5.826126536185708,,,,,,62.78,1.37,,92% cropland/tree cover - sago/coconut residue
81.05.05.2024,solar_biomass_hybrid,65652.64970138296,1.4096297657726855,,0.9795044645497015,12.892556417910557,False,0.0,False,98.75944606724299,18.04627249357327,,,,,,65.65,1.43,,98% cropland/tree cover - sago/coconut residue
81.05.05.2028,resource_present_but_screened,64772.266144788,1.0572223243295142,,0.9647915721558546,12.768960988827802,False,0.0,True,98.20839107975304,0.0,,,,,,64.77,1.43,,"98% intact canopy, 0.0% loss since 2015 - non-viable without deep community and regulator engagement; flagged for policy pathway, not commercial deployment"
81.05.06.2001,solar_biomass_hybrid,27253.92080107466,10.082281117479845,2.5315985928541775,0.9843199954550711,8.580827007369518,False,0.00049101363881686,False,97.95970953860139,42.806152248685855,,,,,,27.25,1.29,,98% cropland/tree cover - sago/coconut residue
81.05.06.2002,solar_biomass_hybrid,27107.03591493821,29.78998266733057,2.630059299555296,0.9973901278790734,7.821097099426856,False,0.0,False,99.12889444812352,61.970149253731364,,,,,,27.11,1.26,,100% cropland/tree cover - sago/coconut residue
81.05.06.2003,solar_biomass_hybrid,32455.433987431134,6.38792370194595,2.45863477471283,0.9808359530829006,6.987385183301404,False,0.0006002545079113542,False,99.31747580975772,51.07589984350549,,,,,,32.46,1.23,,98% cropland/tree cover - sago/coconut residue
81.05.06.2004,micro_hydro,33389.10378869879,32.62435012882995,2.4909186051640293,0.9955628124631779,6.556955690696729,False,0.0,False,99.38269526660092,66.01233080575439,,,,,,33.39,1.22,,"~33 kW screening potential (capped catchment 25 km2, head 57 m); 24-h baseload"
81.05.06.2005,solar_biomass_hybrid,34671.12922248856,22.86539491707659,2.5012536613292715,0.99626358266259,4.8714795804628475,False,0.0,False,98.79184472612859,80.58056218996879,,,,,,34.67,1.16,,100% cropland/tree cover - sago/coconut residue
81.05.06.2006,solar_biomass_hybrid,36189.76502669643,21.72664917545529,2.43333014008413,0.9902823428268881,4.82342740200284,False,0.0,False,98.60006421723774,62.96135074528429,,,,,,36.19,1.16,,99% cropland/tree cover - sago/coconut residue
81.05.06.2007,solar_biomass_hybrid,33932.31740584852,23.197637122128974,1.7513287503928117,0.9803722867902441,5.369790903392438,False,0.0,False,98.452312031674,72.32924119936463,,,,,,33.93,1.18,,98% cropland/tree cover - sago/coconut residue
81.05.06.2008,solar_biomass_hybrid,26328.65591630866,10.605168567989697,2.5315985928541775,0.9581289803089086,6.104664856692517,False,0.0,False,95.2214765100671,37.98581560283689,,,,,,26.33,1.2,,96% cropland/tree cover - sago/coconut residue
81.05.06.2010,solar_biomass_hybrid,28533.592439438813,3.0329535950831095,,0.9812191276319693,9.214854249509738,False,0.0,False,96.08583361448164,31.176757812500007,,,,,,28.53,1.31,,98% cropland/tree cover - sago/coconut residue
81.05.06.2011,solar_biomass_hybrid,41797.232967625976,14.081408344152356,2.3090236671656115,0.8000968169068897,3.3550979615020404,False,0.0,False,96.81227334761128,27.24061375591938,,,,,,41.8,1.11,,80% cropland/tree cover - sago/coconut residue
81.05.07.2001,micro_hydro,7966.63919102654,42.0119696869404,1.0235149862018085,0.8762445260491332,9.620504942596222,False,0.0,False,90.53399351970039,63.09001411836533,,,,,,7.97,1.32,,"~42 kW screening potential (capped catchment 25 km2, head 60 m); 24-h baseload"
81.05.07.2002,micro_hydro,9958.298988783175,58.70217859139934,0.9508759094040927,0.9881312182897101,15.145574865693648,False,0.0,False,98.8335122466874,68.92720464178431,,,,,,9.96,1.5,,"~59 kW screening potential (capped catchment 25 km2, head 60 m); 24-h baseload"
81.05.07.2003,micro_hydro,19728.688580972634,41.35940140174509,1.082083696859364,0.9934094923186029,13.480440835354033,False,0.0,False,99.08731700412295,67.48887317499275,,,,,,19.73,1.45,,"~41 kW screening potential (capped catchment 25 km2, head 60 m); 24-h baseload"
81.05.07.2004,micro_hydro,10954.128887661493,34.53003814714542,1.0710614111353747,0.9939442934541458,15.159552282010132,False,0.0,False,99.0905697279496,40.99008946010467,,,,,,10.95,1.51,,"~35 kW screening potential (capped catchment 15 km2, head 60 m); 24-h baseload"
81.05.07.2005,solar_biomass_hybrid,13443.703634857287,22.404164940592953,1.1023228103662508,0.9977882956606362,13.953868083178882,False,0.0,False,99.29452638690066,47.61014245641055,,,,,,13.44,1.47,,100% cropland/tree cover - sago/coconut residue
81.05.07.2006,micro_hydro,14937.448483174763,50.50928264205554,1.1172400223267926,0.9958730982356983,12.929207535261238,False,0.0,False,98.97675309484535,34.12572897103885,,,,,,14.94,1.43,,"~51 kW screening potential (capped catchment 25 km2, head 60 m); 24-h baseload"
81.05.07.2007,micro_hydro,15941.02073856941,48.82803424050902,1.0364760082702555,0.9978236865642509,12.597671442405831,False,0.0,False,99.42017668585814,46.35224274406334,,,,,,15.94,1.42,,"~49 kW screening potential (capped catchment 25 km2, head 60 m); 24-h baseload"
81.05.07.2008,micro_hydro,16498.84089394616,47.505301860858424,1.1332951485212486,0.9929593099467364,13.722518054713662,False,0.0,False,98.90001904840354,71.53442004580361,,,,,,16.5,1.46,,"~48 kW screening potential (capped catchment 25 km2, head 60 m); 24-h baseload"
81.05.07.2009,micro_hydro,19822.665517107554,39.55849700729816,1.2372133516215624,0.9803128264813551,10.319532679615646,False,0.0,False,97.23869746225068,50.77951590740939,,,,,,19.82,1.34,,"~40 kW screening potential (capped catchment 25 km2, head 60 m); 24-h baseload"
81.05.07.2010,micro_hydro,17952.499042612424,46.54656621261751,1.040971701966301,0.9880291894573319,9.8503360603886,False,0.0,False,98.65019222359294,81.47379346133886,,,,,,17.95,1.33,,"~47 kW screening potential (capped catchment 25 km2, head 60 m); 24-h baseload"
81.05.07.2011,micro_hydro,19083.640759987335,45.2103518292924,1.0464161509933458,0.9954749244873287,13.306543336047598,False,0.0,False,99.32405546509555,77.86064838431636,,,,,,19.08,1.44,,"~45 kW screening potential (capped catchment 25 km2, head 60 m); 24-h baseload"
81.05.07.2012,solar_biomass_hybrid,21135.955410005718,16.934156795091038,1.2540096314247011,0.865159754956806,3.2687472598675447,False,0.0,False,83.98757251278285,47.130793270829194,,,,,,21.14,1.11,,87% cropland/tree cover - sago/coconut residue
81.05.08.2001,micro_hydro,30904.675673755257,32.91296020222333,1.3090805700688812,0.9920158986306749,9.046453287930397,False,0.0,False,98.78180458646686,49.72779912332922,,,,,,30.9,1.3,,"~33 kW screening potential (capped catchment 25 km2, head 60 m); 24-h baseload"
81.05.08.2002,solar_biomass_hybrid,37374.31301375318,29.767427915504623,2.3116877885604077,0.995815524561207,6.665816014337452,False,0.0,False,99.21833955794898,32.90838068181819,,,,,,37.37,1.22,,100% cropland/tree cover - sago/coconut residue
81.05.08.2003,micro_hydro,36868.98672156586,30.704214865862998,2.8378299782429823,0.9957908608311848,7.861998305080568,False,0.0,False,99.38108530730419,34.747068676716964,,,,,,36.87,1.26,,"~31 kW screening potential (capped catchment 25 km2, head 60 m); 24-h baseload"
81.05.08.2004,micro_hydro,33665.50741323566,30.402863839659133,2.69308378897176,0.995350385599035,7.847274185739103,False,0.0,False,99.36961815127886,40.21661732189034,,,,,,33.67,1.26,,"~30 kW screening potential (capped catchment 25 km2, head 60 m); 24-h baseload"
81.05.08.2005,micro_hydro,31662.245985706304,31.15618871423109,2.9458760669457567,0.9982659562145256,8.33010603704088,False,0.0,False,99.7699493100796,30.429025423728817,,,,,,31.66,1.28,,"~31 kW screening potential (capped catchment 25 km2, head 60 m); 24-h baseload"
81.05.08.2006,solar_biomass_hybrid,29577.343889580417,26.66888538320997,3.0284610735916497,0.9324562295286939,6.815243698993636,False,0.0,False,99.10722110884542,17.196169679613394,,,,,,29.58,1.23,,93% cropland/tree cover - sago/coconut residue
81.05.08.2007,solar_biomass_hybrid,27779.378438645817,22.044706473451427,3.040144215163425,0.9781175908281922,5.862535426936385,False,0.0,False,99.2231584011622,13.229282794500197,,,,,,27.78,1.2,,98% cropland/tree cover - sago/coconut residue
81.05.08.2008,solar_biomass_hybrid,25348.194737249043,23.069107935048443,3.042185302834117,0.9877872831129823,6.085643818335766,False,0.0,False,98.9956145290848,43.772032902467714,,,,,,25.35,1.2,,99% cropland/tree cover - sago/coconut residue
81.05.08.2009,solar_biomass_hybrid,22510.706164650855,20.493142121260394,3.042185302834117,0.9917576609191479,5.172475961522279,False,0.0,False,98.80267763046619,54.585994937929385,,,,,,22.51,1.17,,99% cropland/tree cover - sago/coconut residue
81.05.08.2010,micro_hydro,38884.40183736918,30.65116328843089,1.687833866583095,0.9955030994270402,8.432332197863264,False,0.0,False,99.33553642034185,31.835106382978733,,,,,,38.88,1.28,,"~31 kW screening potential (capped catchment 25 km2, head 60 m); 24-h baseload"
81.05.08.2012,micro_hydro,29379.34212961124,35.10159087946494,1.302077667430405,0.9924089208352757,10.969415266389978,False,0.0,False,98.78345073928222,33.4224284791165,,,,,,29.38,1.37,,"~35 kW screening potential (capped catchment 25 km2, head 60 m); 24-h baseload"
81.05.08.2013,solar_biomass_hybrid,24243.873528945413,17.987749614359245,3.042185302834117,0.9631462614144632,5.2726409250167805,False,0.0,False,98.66412639820197,28.820116054158607,,,,,,24.24,1.18,,96% cropland/tree cover - sago/coconut residue
81.05.08.2014,solar_biomass_hybrid,30627.17187961941,28.89751692938912,2.994282645686651,0.9875424077483931,7.611771165421687,False,0.0,False,99.72386869801461,28.233954745979812,,,,,,30.63,1.25,,99% cropland/tree cover - sago/coconut residue
81.05.09.2001,solar_battery,15461.746892027595,1.0993869479307792,,0.5922590214846919,3.438162826463591,False,0.0,False,91.28241974736353,41.303729006547115,,,,,,15.46,1.11,,uniform equatorial irradiance; no discriminating alternative
81.05.09.2002,solar_battery,16952.115299425026,0.6508520251987948,,0.6797007119228518,3.1631214484041332,False,0.0,False,96.70604345745821,38.39369487708766,,,,,,16.95,1.11,,uniform equatorial irradiance; no discriminating alternative
81.05.09.2003,solar_biomass_hybrid,16544.90862253778,0.36561994287039157,,0.7606785351598934,4.202535408641837,False,0.0,False,87.92435233160623,21.752912601375005,,,,,,16.54,1.1400000000000001,,76% cropland/tree cover - sago/coconut residue
81.05.09.2004,solar_biomass_hybrid,18443.137354701208,0.06099397689018307,,0.8987307219871709,2.024180067555871,False,0.0,False,94.3537012602939,50.0,,,,,,18.44,1.07,,90% cropland/tree cover - sago/coconut residue
81.05.09.2006,solar_biomass_hybrid,17420.686360796753,0.39868789222843404,,0.9101481272302518,2.205008377442109,False,0.0,False,95.45057766367137,66.66666666666666,,,,,,17.42,1.07,,91% cropland/tree cover - sago/coconut residue
81.05.10.2001,solar_biomass_hybrid,87443.6149898,1.190080673107723,,0.9799872011169933,9.893087592021788,False,0.0,False,95.52709149439553,18.65338371693576,,,,,,87.44,1.33,,98% cropland/tree cover - sago/coconut residue
81.05.10.2002,solar_biomass_hybrid,90134.74428295187,1.190080673107723,,0.9265086206896551,17.71176071815854,False,0.0,False,92.49335536240211,5.293631100082714,,,,,,90.13,1.5899999999999999,,93% cropland/tree cover - sago/coconut residue
81.05.10.2004,solar_biomass_hybrid,87226.8105483486,1.9834677885128718,,0.9405375139977603,17.215085362412584,False,0.0,False,96.8774493337812,6.885422270037654,,,,,,87.23,1.5699999999999998,,94% cropland/tree cover - sago/coconut residue
81.05.10.2005,solar_biomass_hybrid,90552.81430693499,1.5867742308102974,,0.9638003959683227,9.048172999533508,False,0.0,False,95.09572338080137,16.39405204460967,,,,,,90.55,1.3,,96% cropland/tree cover - sago/coconut residue
81.05.10.2007,solar_biomass_hybrid,91908.11973786647,0.787936853498714,,0.9957940821998673,10.137663456086434,False,0.0,False,97.5236923076923,24.12493268712978,,,,,,91.91,1.34,,100% cropland/tree cover - sago/coconut residue
81.05.10.2009,solar_biomass_hybrid,92390.98109985492,0.9784745893730941,,0.9578040988077611,15.476881193927271,False,0.0,False,95.34541203974284,38.53580901856765,,,,,,92.39,1.52,,96% cropland/tree cover - sago/coconut residue
81.05.10.2010,resource_present_but_screened,91035.80979311108,1.190080673107723,,0.9346933736613067,16.80227604139251,False,0.0,True,95.54348497006357,0.0,,,,,,91.04,1.56,,"96% intact canopy, 0.0% loss since 2015 - non-viable without deep community and regulator engagement; flagged for policy pathway, not commercial deployment"
81.05.11.2001,grid_extension,4977.232382308465,7.602459330592838,,0.9936359751048428,6.630064110536016,False,0.0,False,98.20103065256863,66.21297037630104,,,,,,4.98,1.22,,5.0 km from a reliably-lit settlement
81.05.11.2002,grid_extension,3338.8737341355095,1.6790638084797895,,0.9784665478896601,6.732886863186046,False,0.0,False,96.22450233472598,27.02040816326531,,,,,,3.34,1.22,,3.3 km from a reliably-lit settlement
81.05.11.2003,resource_present_but_screened,7399.128140151041,2.279628595335592,,0.9806811291517887,6.908171146186998,False,0.0,True,96.59301424770118,0.0,,,,,,7.4,1.23,,"97% intact canopy, 0.0% loss since 2015 - non-viable without deep community and regulator engagement; flagged for policy pathway, not commercial deployment"
81.05.11.2004,solar_biomass_hybrid,8861.5669484155,0.451859388558229,,0.9480707686733895,5.848019586983057,False,0.0,False,96.75705054653059,42.21218961625283,,,,,,8.86,1.19,,95% cropland/tree cover - sago/coconut residue
81.05.11.2005,solar_biomass_hybrid,5564.759723586456,3.0721100296148163,,0.9089766857461958,8.134151237982516,False,0.0,False,87.9185267857143,100.0,,,,,,5.56,1.27,,91% cropland/tree cover - sago/coconut residue
81.05.11.2007,resource_present_but_screened,4927.221884591762,0.6253235436986783,,0.9980859674067593,6.272555441902673,False,0.0,True,97.82304718558933,0.0,,,,,,4.93,1.21,,"98% intact canopy, 0.0% loss since 2015 - non-viable without deep community and regulator engagement; flagged for policy pathway, not commercial deployment"
81.05.11.2008,solar_biomass_hybrid,10651.48345302193,0.18825571783334596,,0.9410699359152969,4.878029021486034,False,0.0,False,71.39074693422519,20.0,,,,,,10.65,1.16,,94% cropland/tree cover - sago/coconut residue
81.05.11.2009,solar_biomass_hybrid,10581.512598631634,0.23455149381663637,,0.9370034052213396,6.06955277644321,False,0.0,False,57.883778156350566,0.0,,,,,,10.58,1.2,,94% cropland/tree cover - sago/coconut residue
81.05.11.2012,solar_biomass_hybrid,9177.414566477859,,,0.7346615349784923,3.622445854723834,False,0.0,False,76.07514712539613,59.74842767295597,,,,,,9.18,1.12,,73% cropland/tree cover - sago/coconut residue
81.05.11.2013,solar_battery,8805.504122954857,0.07725796714698645,,0.66921454928835,2.005917595230252,False,0.0,False,65.36739531208849,17.92717086834734,,,,,,8.81,1.07,,uniform equatorial irradiance; no discriminating alternative
81.05.11.2014,grid_extension,2052.2148629590424,1.7195554269816806,,0.9367266931244618,7.584491182816708,False,0.0,False,93.77369577641653,59.78487161693269,,,,,,2.05,1.25,,2.1 km from a reliably-lit settlement
81.05.11.2015,grid_extension,3147.928783343105,2.0543705903620495,,0.9808843950703003,8.555518036100182,False,0.0,False,95.20142308610106,9.116809116809117,,,,,,3.15,1.29,,3.1 km from a reliably-lit settlement
81.05.11.2016,resource_present_but_screened,2111.7229266051927,1.7164279607434907,,0.9789468083219522,7.732284344710247,False,0.0,True,96.18822945120438,0.0,,,,,,2.11,1.26,,"96% intact canopy, 0.0% loss since 2015 - non-viable without deep community and regulator engagement; flagged for policy pathway, not commercial deployment"
81.05.11.2017,grid_extension,3519.519454059034,2.7527735830922904,,0.9424288840262582,8.484341757995631,False,0.0,False,92.4718240507714,4.555160142348754,,,,,,3.52,1.28,,3.5 km from a reliably-lit settlement
81.05.11.2019,resource_present_but_screened,8446.55234400403,1.526402370691018,,0.850476902936226,2.8008963868158303,False,0.0,True,71.79199401421621,0.0,,,,,,8.45,1.09,,"72% intact canopy, 0.0% loss since 2015 - non-viable without deep community and regulator engagement; flagged for policy pathway, not commercial deployment"
81.05.11.2022,resource_present_but_screened,4902.057959099932,1.6495624601562242,,0.7745311818578283,6.61564713135513,False,0.0,True,74.01861006106427,0.0,,,,,,4.9,1.22,,"74% intact canopy, 0.0% loss since 2015 - non-viable without deep community and regulator engagement; flagged for policy pathway, not commercial deployment"
81.05.11.2023,grid_extension,4721.880517865737,1.0240366765382718,,0.9608771251931995,7.965819952695914,False,0.0,False,94.9265558562041,100.0,,,,,,4.72,1.27,,4.7 km from a reliably-lit settlement
81.05.12.2001,micro_hydro,5828.72443029991,40.295007059588585,2.1342804740956143,0.9452728212327896,7.901059239715926,False,0.0,False,97.2216678960283,83.88446942436575,,,,,,5.83,1.26,,"~40 kW screening potential (capped catchment 25 km2, head 60 m); 24-h baseload"
81.05.12.2002,micro_hydro,12449.41169543766,38.95140824545483,2.032262044484164,0.9320068126156278,8.020840918331581,False,0.0,False,97.88841358296195,88.69242049308038,,,,,,12.45,1.27,,"~39 kW screening potential (capped catchment 25 km2, head 60 m); 24-h baseload"
81.05.12.2003,solar_battery,11836.789379409434,11.240085691833627,2.064444934047516,0.6880007157075443,2.358114671392911,False,0.0,False,62.075659042320034,54.44331335067678,,,,,,11.84,1.08,,uniform equatorial irradiance; no discriminating alternative
81.05.12.2004,solar_biomass_hybrid,16501.123717416944,13.251627247829601,2.177802107332645,0.8647117104449988,3.4256698402116403,False,0.0,False,92.34046727596748,62.032276551741326,,,,,,16.5,1.11,,86% cropland/tree cover - sago/coconut residue
81.05.12.2005,solar_battery,10469.483337001402,10.721653192224714,2.002697530713341,0.498771159528346,2.3855146139959458,False,0.0,False,70.75704604576408,31.5473507355653,,,,,,10.47,1.08,,uniform equatorial irradiance; no discriminating alternative
81.05.12.2006,solar_battery,11496.889222606043,9.302806058133548,,0.5871802777151937,2.027285378073067,False,0.0,False,70.55914322819379,57.3063509441203,,,,,,11.5,1.07,,uniform equatorial irradiance; no discriminating alternative
81.05.12.2008,grid_extension,2489.9025771603997,25.1689312184597,2.5897852177160625,0.9034481066368693,5.137751572754953,False,0.0,False,96.13519274008264,55.864350393884756,,,,,,2.49,1.17,,2.5 km from a reliably-lit settlement
81.05.12.2009,solar_battery,13952.28740487111,9.566848650419358,2.8652309719187152,0.6734139153291651,2.7369286512294675,False,0.0,False,87.33367196526036,72.18954278927532,,,,,,13.95,1.09,,uniform equatorial irradiance; no discriminating alternative
81.05.12.2010,grid_extension,4014.8309526211683,14.988991295136207,2.5897852177160625,0.8368326665746998,3.12908680357875,False,0.0,False,64.82034415280165,54.978992506605465,,,,,,4.01,1.1,,4.0 km from a reliably-lit settlement
81.05.12.2011,solar_biomass_hybrid,5199.005665148866,10.71635999410806,2.5897852177160625,0.7459105611350844,2.3348682933129847,False,0.0,False,90.25271315436035,44.2514813238616,,,,,,5.2,1.08,,75% cropland/tree cover - sago/coconut residue
81.05.12.2012,solar_biomass_hybrid,18451.989536615692,16.53331568771346,2.4971051725544817,0.8131984099507383,3.2984233332750823,False,0.0,False,82.86948616798578,65.07796033862385,,,,,,18.45,1.11,,81% cropland/tree cover - sago/coconut residue
81.05.12.2013,solar_battery,12126.886949821459,11.163452840031438,,0.66316529423579,2.373854531828646,False,0.0,False,87.43174666289129,59.211874579149224,,,,,,12.13,1.08,,uniform equatorial irradiance; no discriminating alternative
81.05.13.2005,solar_biomass_hybrid,23018.541601011562,19.370186461654566,,0.9844714141795743,5.250104749921185,False,0.0,False,98.01719116512649,27.40608228980322,,,,,,23.02,1.18,,98% cropland/tree cover - sago/coconut residue
81.05.13.2006,solar_biomass_hybrid,24245.68730723054,19.4874479059505,,0.9685468542514689,4.93531020905626,False,0.0,False,95.69640470114406,32.71692745376956,,,,,,24.25,1.16,,97% cropland/tree cover - sago/coconut residue
81.05.13.2007,solar_biomass_hybrid,25987.50912397627,16.403593400287498,2.5315985928541775,0.9752587542609233,4.898098164468471,False,0.0,False,96.43268980396535,15.008828722778105,,,,,,25.99,1.16,,98% cropland/tree cover - sago/coconut residue
81.05.13.2009,solar_biomass_hybrid,27709.281879566097,7.717849652751213,2.5315985928541775,1.0,7.249323093316457,False,0.0,False,100.0,21.63069544364509,,,,,,27.71,1.24,,100% cropland/tree cover - sago/coconut residue
81.05.14.2002,solar_biomass_hybrid,11967.672491967684,14.76553810104745,3.582030023727613,0.983971318904087,11.45461713986824,False,0.0,False,99.31484021759186,18.19217081850534,,,,,,11.97,1.38,,98% cropland/tree cover - sago/coconut residue
81.05.14.2003,solar_biomass_hybrid,19818.970193510308,4.149411311370676,,0.9872397709605248,9.255353754592335,False,0.0,False,96.63037499288708,34.00463375512386,,,,,,19.82,1.31,,99% cropland/tree cover - sago/coconut residue
81.05.14.2004,solar_biomass_hybrid,18706.031014421525,2.5461096876520104,,0.996450412692982,10.665710907067773,False,0.0,False,99.17106991234233,23.932472691161866,,,,,,18.71,1.3599999999999999,,100% cropland/tree cover - sago/coconut residue
81.05.14.2005,solar_biomass_hybrid,21382.962168365495,16.207535955401973,,0.962393363074274,3.713821789525392,False,0.0,False,92.52220642518947,22.05340699815838,,,,,,21.38,1.12,,96% cropland/tree cover - sago/coconut residue
81.05.14.2006,micro_hydro,16487.780889381385,32.842681343401516,3.582030023727613,0.9968745073309161,6.6675979529443055,False,0.0,False,99.31893560039492,62.5618471687741,,,,,,16.49,1.22,,"~33 kW screening potential (capped catchment 25 km2, head 58 m); 24-h baseload"
81.05.14.2007,solar_biomass_hybrid,14775.510462840191,22.807858250310698,3.582030023727613,0.9904259484244389,6.908338024301796,False,0.0,False,98.73324210092886,28.843338213762813,,,,,,14.78,1.23,,99% cropland/tree cover - sago/coconut residue
81.05.14.2008,solar_biomass_hybrid,16053.675046543081,0.37026976441233356,3.582030023727613,0.9962705246295555,5.219513387207295,False,0.0,False,97.87958442858931,18.75915974596971,,,,,,16.05,1.17,,100% cropland/tree cover - sago/coconut residue
81.05.14.2009,solar_biomass_hybrid,10249.931304647851,3.6559008250437097,3.582030023727613,0.8185746600772046,5.355402818994459,False,0.0,False,97.94753864505577,14.50134770889489,,,,,,10.25,1.18,,82% cropland/tree cover - sago/coconut residue
81.05.15.2002,micro_hydro,27605.48938164292,30.781131002230875,1.5464069461916732,0.9707786765366304,6.333751715153472,False,0.00022238136338507657,False,96.06716613970482,81.47223955084218,,,,,,27.61,1.21,,"~31 kW screening potential (capped catchment 25 km2, head 55 m); 24-h baseload"
81.05.15.2003,micro_hydro,8823.346463360713,39.56857823909772,1.6906125440906326,0.9780657269819247,8.603047432724932,False,0.027977760882604133,False,96.97264707866462,82.89349898648976,,,,,,8.82,1.29,,"~40 kW screening potential (capped catchment 25 km2, head 60 m); 24-h baseload"
81.05.15.2004,micro_hydro,18663.26080791819,41.806255129515975,1.3932318315159222,0.9913393120578567,9.70225216918585,False,0.0,False,98.28534022731759,62.0480708816545,,,,,,18.66,1.32,,"~42 kW screening potential (capped catchment 25 km2, head 60 m); 24-h baseload"
81.05.15.2005,solar_biomass_hybrid,32759.132940534684,13.189573944571023,2.0983241927579406,0.8570184975405041,2.9418079156139543,False,0.0,False,97.00098833010227,28.07409773235389,,,,,,32.76,1.1,,86% cropland/tree cover - sago/coconut residue
81.05.15.2007,solar_battery,32272.77398040994,0.611729684966179,,0.34195825263610896,2.499668799359396,False,0.022242498321483273,False,94.31605945587715,87.2255489021956,,,,,,32.27,1.08,,uniform equatorial irradiance; no discriminating alternative
81.05.15.2009,solar_biomass_hybrid,22909.346104196757,13.885415739111576,1.7825586955956496,0.9397707706489035,2.708561315923729,False,0.00758280650799586,False,93.783694480192,58.94396551724138,,,,,,22.91,1.09,,94% cropland/tree cover - sago/coconut residue
81.05.15.2010,solar_biomass_hybrid,26290.017514971343,13.568675703405255,1.5647037831988375,0.993160432758073,2.6795605303559875,False,0.0,False,98.31995468298817,69.43806141633594,,,,,,26.29,1.09,,99% cropland/tree cover - sago/coconut residue
81.06.01.2008,grid_extension,0.0,54.55065529444313,1.9083320957066312,0.9851880651948302,16.71749552913804,False,0.0,False,98.47604443675367,51.806932649494605,,,,,,0.0,1.56,,0.0 km from a reliably-lit settlement
81.06.01.2009,resource_present_but_screened,2226.6279858790963,0.18454122175762433,,0.9408391972895488,1.673890192814408,False,0.0,True,90.43440486533449,1.1363636363636365,,,,,,2.23,1.06,,"90% intact canopy, 1.1% loss since 2015 - non-viable without deep community and regulator engagement; flagged for policy pathway, not commercial deployment"
81.06.01.2010,grid_extension,0.0,51.69165377430361,2.286991741333118,0.9142898684869492,15.370091775999361,False,0.0,False,94.36244276724301,62.080882798763135,,,,,,0.0,1.51,,0.0 km from a reliably-lit settlement
81.06.01.2011,grid_extension,0.0,14.227341647692594,2.505885515857786,0.4817641615491095,2.15812025177532,False,0.0,False,40.358692950421606,27.913242624275934,,,,,,0.0,1.07,,0.0 km from a reliably-lit settlement
81.06.01.2012,grid_extension,497.92263769083644,7.674316709906026,2.808938426218949,0.8458597086526646,3.091836608624881,False,0.0,False,89.57493360165674,50.014301604957886,,,,,,0.5,1.1,,0.5 km from a reliably-lit settlement
81.06.01.2014,grid_extension,0.0,1.6443258658057363,3.068241191365706,0.4223412946321305,1.5265633872440039,False,0.0,False,70.59615061152896,57.00985761226725,,,,,,0.0,1.05,,0.0 km from a reliably-lit settlement
81.06.02.2002,grid_extension,0.0,27.93402037751351,2.1186660873340433,0.9556508451409083,7.683430978331757,False,0.001054118954741831,False,96.49468704500923,53.13694785184779,,,,,,0.0,1.26,,0.0 km from a reliably-lit settlement
81.06.02.2003,grid_extension,0.0,30.89563981062271,2.297073656709878,0.9245488658254781,8.966444736810953,False,0.028175286441822624,False,91.10371330782104,53.76949411862726,,,,,,0.0,1.3,,0.0 km from a reliably-lit settlement
81.06.02.2004,grid_extension,0.0,,,0.5684523809523809,1.5586627044129822,False,0.0,False,54.67540202501488,34.090909090909086,,,,,,0.0,1.05,,0.0 km from a reliably-lit settlement
81.06.02.2005,grid_extension,2489.8823390875323,38.7512371207221,2.0685883665060367,0.997096921838973,15.307991556037406,False,0.0,False,99.45353325538969,52.30951440979078,,,,,,2.49,1.51,,2.5 km from a reliably-lit settlement
81.06.02.2006,grid_extension,1574.723686079561,44.502716570836064,2.43252828625805,0.9931554169522064,14.761210462038909,False,0.0,False,98.86864636011117,51.14132088870854,,,,,,1.57,1.49,,1.6 km from a reliably-lit settlement
81.06.02.2007,grid_extension,0.0,28.180363130819487,2.573080188475168,0.7202839411714697,5.723418265746362,False,0.014641508644310085,False,80.26713858010038,80.81836389950577,,,,,,0.0,1.19,,0.0 km from a reliably-lit settlement
81.06.02.2008,grid_extension,1795.3671760603734,40.37144571310454,3.329506959793098,0.8745384303701986,13.897113125079061,False,0.0052457999834356565,False,91.28681265802035,31.743511678511737,,,,,,1.8,1.46,,1.8 km from a reliably-lit settlement
81.06.03.2001,micro_hydro,14024.067087956331,38.8251589168494,1.5209015470792353,0.9925456867347582,14.420543602856466,False,0.0,False,99.59444573629544,53.5144434886367,,,,,,14.02,1.48,,"~39 kW screening potential (capped catchment 25 km2, head 60 m); 24-h baseload"
81.06.03.2002,micro_hydro,23506.64990752617,47.81745464613035,1.1907204035627112,0.989385076240739,15.171737692453965,False,0.0,False,99.34533088605049,66.85288640595905,,,,,,23.51,1.51,,"~48 kW screening potential (capped catchment 25 km2, head 60 m); 24-h baseload"
81.06.03.2003,micro_hydro,22299.90165337058,46.648504864192624,1.3009456568001683,0.9874622071485435,14.881438565716719,False,0.0,False,99.40981841274515,46.809210526315795,,,,,,22.3,1.5,,"~47 kW screening potential (capped catchment 25 km2, head 60 m); 24-h baseload"
81.06.03.2004,micro_hydro,25354.68684484192,49.332713880451244,1.1907204035627112,0.9727806764695149,11.70301085505734,False,0.0,False,97.3265873650596,26.20768977982255,,,,,,25.35,1.3900000000000001,,"~49 kW screening potential (capped catchment 25 km2, head 60 m); 24-h baseload"
81.06.03.2005,micro_hydro,27080.68568301955,57.47084945967445,1.1907204035627112,0.9871079645746624,16.59532464518883,False,0.0,False,98.60662265855937,38.279192273924494,,,,,,27.08,1.55,,"~57 kW screening potential (capped catchment 25 km2, head 60 m); 24-h baseload"
81.06.03.2006,micro_hydro,29038.508161577447,55.34564503397666,1.1907204035627112,0.9936734974556457,14.18934332299639,False,0.0,False,99.4911421032793,51.58516926383665,,,,,,29.04,1.47,,"~55 kW screening potential (capped catchment 25 km2, head 60 m); 24-h baseload"
81.06.03.2007,micro_hydro,29466.65903451306,52.41686291782366,1.1512757429553746,0.9910062391439108,16.671205368426232,False,0.0,False,98.88858327691266,62.25078266600759,,,,,,29.47,1.56,,"~52 kW screening potential (capped catchment 25 km2, head 60 m); 24-h baseload"
81.06.03.2008,micro_hydro,32120.56708714838,42.416224800938025,0.9113428536141689,0.9797186723810606,11.272065255433336,False,0.0,False,94.35863978059,52.4593815513627,,,,,,32.12,1.38,,"~42 kW screening potential (capped catchment 25 km2, head 60 m); 24-h baseload"
81.06.03.2009,micro_hydro,42284.864276786444,50.5006047800563,0.9220844229375934,0.9869395213374828,12.86389777763138,False,0.0,False,97.52054832882926,53.46131681313936,,,,,,42.28,1.43,,"~51 kW screening potential (capped catchment 25 km2, head 60 m); 24-h baseload"
81.06.03.2010,micro_hydro,39530.85333990717,47.035884600301465,0.9109453482467904,0.9854566432467029,14.465558045331452,False,0.0,False,97.0458550601466,60.44904302306562,,,,,,39.53,1.48,,"~47 kW screening potential (capped catchment 25 km2, head 60 m); 24-h baseload"
81.06.03.2011,solar_biomass_hybrid,44107.290434093775,16.63010452345157,0.9356180196844825,0.9951081126918155,18.87766344399211,False,0.0,False,99.50564886202329,54.00026360880455,,,,,,44.11,1.63,,100% cropland/tree cover - sago/coconut residue
81.06.03.2012,solar_biomass_hybrid,48800.576756005146,25.277487764023945,0.9356180196844825,0.9841671460644413,12.934045413574257,False,0.0,False,96.30481931391215,49.80970504281641,,,,,,48.8,1.43,,98% cropland/tree cover - sago/coconut residue
81.06.03.2028,solar_biomass_hybrid,39144.70598425475,14.980390750663615,0.8838058532357728,0.9351574212893553,2.5896469447641306,False,0.0,False,80.38001499201512,68.34254719933246,,,,,,39.14,1.09,,94% cropland/tree cover - sago/coconut residue
81.06.03.2029,micro_hydro,34173.72819757708,50.94994525620669,0.9073562259971565,0.9993752387227038,19.32745060666307,False,0.0,False,99.75566532681775,56.27948931446021,,,,,,34.17,1.6400000000000001,,"~51 kW screening potential (capped catchment 25 km2, head 60 m); 24-h baseload"
81.06.03.2030,micro_hydro,30540.929777462163,48.78249339548478,1.0075036909526067,0.9990601463123578,18.70481526468357,False,0.0,False,99.65676634007859,56.83410870973442,,,,,,30.54,1.62,,"~49 kW screening potential (capped catchment 25 km2, head 60 m); 24-h baseload"
81.06.03.2032,micro_hydro,13872.300201300432,43.81552055934074,1.6591608660696864,0.9983868599121133,17.411304629129898,False,0.0,False,99.953233317398,54.4736358625758,,,,,,13.87,1.58,,"~44 kW screening potential (capped catchment 25 km2, head 60 m); 24-h baseload"
81.06.03.2034,micro_hydro,12676.871400310094,45.490729892132975,1.6307570287763875,0.9985951063995727,15.980754637532455,False,0.0,False,99.82201684530624,53.56816102470267,,,,,,12.68,1.53,,"~45 kW screening potential (capped catchment 25 km2, head 60 m); 24-h baseload"
81.06.04.2001,resource_present_but_screened,8977.361675695705,38.15005861595729,2.967671401508097,0.9023017841122278,11.884870161187692,True,0.31973953630241,False,90.0523134496317,51.37279929978757,,,,,,8.98,1.4,,"32% of village inside a protected area - non-viable without deep community and regulator engagement; flagged for policy pathway, not commercial deployment"
81.06.04.2002,micro_hydro,11464.043012284103,32.19250246852655,,0.8224125194933108,8.464679335942627,False,0.0,False,88.97477290138994,47.03757225433527,,,,,,11.46,1.28,,"~32 kW screening potential (capped catchment 25 km2, head 60 m); 24-h baseload"
81.06.04.2003,solar_biomass_hybrid,21231.845892432433,14.468087099463206,4.2989227705741095,0.9086145883446934,17.384647781279156,False,0.0,False,84.99868029261181,65.185590116438,,,,,,21.23,1.58,,91% cropland/tree cover - sago/coconut residue
81.06.04.2004,solar_biomass_hybrid,26107.10473612739,9.992040020922891,4.098784994717515,0.949771595066086,19.18508183645999,False,0.0,False,84.79912863442401,67.65426459596381,,,,,,26.11,1.6400000000000001,,95% cropland/tree cover - sago/coconut residue
81.06.04.2005,micro_hydro,15339.427160914453,36.02883841375896,4.5142096873784165,0.9359119880845638,16.471069480308508,False,0.0,False,89.7247328135073,54.90306182029603,,,,,,15.34,1.55,,"~36 kW screening potential (capped catchment 25 km2, head 60 m); 24-h baseload"
81.06.04.2006,grid_extension,0.0,29.081190537126638,3.411202891120225,0.8812232514610295,9.81451945292834,False,0.016180527863143952,False,85.97527992701211,60.10693654696008,,,,,,0.0,1.33,,0.0 km from a reliably-lit settlement
81.06.04.2007,grid_extension,1113.5362799994439,10.791196265124755,3.411202891120225,0.9240719593328414,14.456718507519088,False,0.009777985017177896,False,94.56180435622244,59.36601350899486,,,,,,1.11,1.48,,1.1 km from a reliably-lit settlement
81.06.05.2001,micro_hydro,6988.1592723423955,35.98841996574487,1.8961506363329106,0.9919147015573662,18.915261238332754,False,0.0,False,99.12384009111028,17.952804167943626,,,,,,6.99,1.63,,"~36 kW screening potential (capped catchment 16 km2, head 60 m); 24-h baseload"
81.06.05.2002,micro_hydro,8286.412879301273,54.89541098194055,1.7061233085275402,0.9964737791566224,20.84179760960525,False,0.0,False,99.59467572161923,30.065815453468492,,,,,,8.29,1.69,,"~55 kW screening potential (capped catchment 25 km2, head 60 m); 24-h baseload"
81.06.05.2003,micro_hydro,7729.318201457034,44.611099597246884,1.5413297014679856,0.9757557900939678,10.998859125707845,False,0.0,False,97.8416793047706,59.39480268083786,,,,,,7.73,1.37,,"~45 kW screening potential (capped catchment 25 km2, head 60 m); 24-h baseload"
81.06.05.2004,solar_biomass_hybrid,9017.218036900294,7.392029590863592,1.5446328922677997,0.9869351087600894,15.13092622704723,False,0.0,False,98.92081878355137,53.76617865478467,,,,,,9.02,1.5,,99% cropland/tree cover - sago/coconut residue
81.06.05.2005,micro_hydro,9970.336278963965,47.92886424862702,1.432162343282058,0.9891644648332325,17.206264952831187,False,0.0,False,99.37325598835332,38.971259294723154,,,,,,9.97,1.5699999999999998,,"~48 kW screening potential (capped catchment 25 km2, head 60 m); 24-h baseload"
81.06.05.2006,solar_biomass_hybrid,14652.286227326436,28.06945796957332,1.4802913059926641,0.9901159688305766,16.210536838135088,False,0.0,False,98.79803874456847,32.107228730751544,,,,,,14.65,1.54,,99% cropland/tree cover - sago/coconut residue
81.06.05.2007,micro_hydro,16438.552903540505,44.52490836177835,1.3474463965539887,0.9643097297252103,14.169439150380073,False,0.0,False,98.74219394719653,66.29875456782759,,,,,,16.44,1.47,,"~45 kW screening potential (capped catchment 25 km2, head 60 m); 24-h baseload"
81.06.06.2002,micro_hydro,14154.233907209531,48.27563497356034,1.6928882254437665,0.9980262737790472,15.79499405215195,False,0.0,False,99.76973006946024,49.37060316486963,,,,,,14.15,1.53,,"~48 kW screening potential (capped catchment 25 km2, head 60 m); 24-h baseload"
81.06.06.2003,grid_extension,3792.0574684134203,41.21188506693363,2.262098633138081,0.9645959040611976,14.207585039250462,False,0.0,False,96.76152452692848,51.09091139593557,,,,,,3.79,1.47,,3.8 km from a reliably-lit settlement
81.06.06.2004,grid_extension,2489.574747195794,51.24250927694815,1.9249653519755274,0.9950022443037922,15.667277603103503,False,0.0,False,99.66925788347775,39.04850619548028,,,,,,2.49,1.52,,2.5 km from a reliably-lit settlement
81.06.06.2005,micro_hydro,18282.08122041908,43.77012691416379,1.3731205116880463,0.9959425369363505,15.367944738780274,False,0.0,False,99.8075050328388,49.278168208912,,,,,,18.28,1.51,,"~44 kW screening potential (capped catchment 25 km2, head 60 m); 24-h baseload"
81.06.07.2001,grid_extension,0.0,12.73482841165294,3.005671136816437,0.5669213752330534,2.590444946045325,False,0.0,False,58.846321078312954,40.17438512790985,,,,,,0.0,1.09,,0.0 km from a reliably-lit settlement
81.06.07.2002,grid_extension,3188.302303440657,36.66239748866868,2.3651004439861074,0.9727207457150278,12.177227322670204,False,0.0,False,96.69141533019415,53.528473652734434,,,,,,3.19,1.41,,3.2 km from a reliably-lit settlement
81.06.07.2003,grid_extension,497.925901239331,33.98302026474765,2.950418871645039,0.9326360621136742,7.765608053782605,False,0.0,False,92.56237177965126,93.41303540418187,,,,,,0.5,1.26,,0.5 km from a reliably-lit settlement
81.06.07.2004,grid_extension,2816.761527002242,40.140619756966004,2.551813393115129,0.9740166353549978,15.808528211416675,False,0.0,False,96.49226977727125,52.27299844887246,,,,,,2.82,1.53,,2.8 km from a reliably-lit settlement
81.06.07.2005,grid_extension,0.0,39.98186002826851,3.0301862915219298,0.9796171615132125,14.317849350237452,False,0.0,False,95.9086496435333,37.30075467866934,,,,,,0.0,1.48,,0.0 km from a reliably-lit settlement
81.06.07.2006,grid_extension,497.9420774547979,38.28617925256408,3.041092129217847,0.8649604376282115,14.219946447191143,False,0.0,False,81.10412107950401,34.572490706319705,,,,,,0.5,1.47,,0.5 km from a reliably-lit settlement
81.06.08.2001,resource_present_but_screened,14543.470893325295,41.51515947391037,2.783967307389679,0.9866166812946128,14.928561010458507,True,0.3016238726881523,False,96.9769863852445,37.276593257244755,,,,,,14.54,1.5,,"30% of village inside a protected area - non-viable without deep community and regulator engagement; flagged for policy pathway, not commercial deployment"
81.06.08.2002,resource_present_but_screened,7468.757191419132,49.281570363489124,3.0385728571595716,0.9839132073992893,17.254120044571458,True,0.5251969738226334,False,98.52743885443822,46.47195156927038,,,,,,7.47,1.58,,"53% of village inside a protected area - non-viable without deep community and regulator engagement; flagged for policy pathway, not commercial deployment"
81.06.08.2003,resource_present_but_screened,497.8993372158674,45.91339254122428,3.126310634954805,0.9679207941574672,18.10566056023671,True,0.31496244444481086,False,96.75227512412017,39.38564445738413,,,,,,0.5,1.6,,"31% of village inside a protected area - non-viable without deep community and regulator engagement; flagged for policy pathway, not commercial deployment"
81.06.08.2004,resource_present_but_screened,995.7986744317348,10.640159184088981,,0.8896550978951464,16.263170641681537,True,0.24116066932766836,False,90.88380476503337,60.081352299298544,,,,,,1.0,1.54,,"24% of village inside a protected area - non-viable without deep community and regulator engagement; flagged for policy pathway, not commercial deployment"
81.06.08.2005,solar_battery,,,,0.41114864864864864,7.246910692046346,False,0.0,False,26.856187290969896,100.0,,,,,,,1.24,,uniform equatorial irradiance; no discriminating alternative
81.06.09.2001,grid_extension,2987.4697383404573,5.3226518325219105,4.861043388790442,0.9451655826434753,14.072947692844624,False,0.0,False,89.54978650460065,54.239863174461654,,,,,,2.99,1.47,,3.0 km from a reliably-lit settlement
81.06.09.2002,grid_extension,497.9116230567429,17.239715095480662,4.861043388790442,0.7770076293849298,10.292402484844313,False,0.0,False,95.87625970801875,53.90582510376416,,,,,,0.5,1.34,,0.5 km from a reliably-lit settlement
81.06.09.2003,grid_extension,4224.97640525956,3.491098673571329,,0.9682847023400314,14.840633230137803,False,0.0,False,96.90353375263511,51.01877746703957,,,,,,4.22,1.49,,4.2 km from a reliably-lit settlement
81.06.09.2004,grid_extension,497.91273708351747,6.044376191933038,4.861043388790442,0.962530836952744,15.329834746167565,False,0.0,False,97.18952575912657,46.09015639374425,,,,,,0.5,1.51,,0.5 km from a reliably-lit settlement
81.06.09.2005,grid_extension,1113.3667269817256,9.018517520966943,4.861043388790442,0.988857938718663,13.125150338605966,False,0.0,False,97.02814562262195,67.31685900652286,,,,,,1.11,1.44,,1.1 km from a reliably-lit settlement
81.06.09.2006,grid_extension,497.91273708351747,4.9841010375191175,4.861043388790442,0.964831267496602,14.780544899208438,False,0.0,False,96.18517818404399,47.86262331019365,,,,,,0.5,1.49,,0.5 km from a reliably-lit settlement
81.06.09.2007,grid_extension,2052.946807335738,6.056066893724014,,0.991783937827221,13.899047772107277,False,0.0,False,97.30540683650051,30.177946324387428,,,,,,2.05,1.46,,2.1 km from a reliably-lit settlement
81.06.10.2001,micro_hydro,45341.759804704314,52.557527226761174,0.8989386791037113,0.9909755865868719,21.043690590693917,False,0.0,False,98.0175401891988,64.77094035014154,,,,,,45.34,1.7,,"~53 kW screening potential (capped catchment 25 km2, head 60 m); 24-h baseload"
81.06.10.2003,micro_hydro,43806.18867737183,47.52191563947653,0.9285977274561701,0.9813052067668525,19.814016285760594,False,0.0,False,96.28956745754597,80.40100640676475,,,,,,43.81,1.6600000000000001,,"~48 kW screening potential (capped catchment 25 km2, head 60 m); 24-h baseload"
81.06.10.2005,micro_hydro,38347.733191643805,50.658389555798166,0.907796869471512,0.9772059298361231,20.166480773863977,False,0.0,False,95.7771721764066,52.77558121145029,,,,,,38.35,1.67,,"~51 kW screening potential (capped catchment 25 km2, head 60 m); 24-h baseload"
81.06.10.2006,micro_hydro,37175.504582570895,50.2603481036512,0.9111175298310953,0.9973591076432222,19.33579577135398,False,0.0,False,98.71823383892652,31.31211473141277,,,,,,37.18,1.6400000000000001,,"~50 kW screening potential (capped catchment 25 km2, head 60 m); 24-h baseload"
81.06.10.2007,solar_biomass_hybrid,45438.90025352727,9.346147420114313,1.0105294664166562,0.9650382999016422,11.68714400637771,False,0.0,False,94.2017900247345,9.78363123236125,,,,,,45.44,1.3900000000000001,,97% cropland/tree cover - sago/coconut residue
81.06.10.2008,micro_hydro,35978.950525793545,49.68377067090468,0.9188343522452976,0.9957306998425768,19.14772296669443,False,0.0,False,99.40066913330051,2.8633847328568107,,,,,,35.98,1.6400000000000001,,"~50 kW screening potential (capped catchment 25 km2, head 60 m); 24-h baseload"
81.06.10.2009,solar_biomass_hybrid,47604.087794044804,2.9477407565950555,1.0105294664166562,0.9055365193868351,6.581788339309161,False,0.0,False,88.03603603603605,20.45454545454546,,,,,,47.6,1.22,,91% cropland/tree cover - sago/coconut residue
81.06.10.2010,solar_biomass_hybrid,47645.84139152388,1.7883389065608033,1.0105294664166562,0.918130245570407,8.209849128694856,False,0.0,False,88.28625820738955,36.388953353446276,,,,,,47.65,1.27,,92% cropland/tree cover - sago/coconut residue
81.06.10.2011,solar_biomass_hybrid,48021.848678166796,0.4561833484400931,1.0105294664166562,0.9429725307245065,4.08538868343529,False,0.0,False,94.25647451963242,71.40542729850141,,,,,,48.02,1.1400000000000001,,94% cropland/tree cover - sago/coconut residue
81.06.10.2012,micro_hydro,32426.208285120232,57.66391843758172,0.9375551939726254,0.995220145436587,18.975486779163717,False,0.0,False,99.05831094636045,14.90155593245337,,,,,,32.43,1.63,,"~58 kW screening potential (capped catchment 25 km2, head 60 m); 24-h baseload"
81.06.10.2013,solar_biomass_hybrid,46616.9718802203,9.74561089602271,1.0855851816925577,0.9768545371955696,2.1747384290810388,False,0.0,False,93.51948278874718,42.99716275470726,,,,,,46.62,1.07,,98% cropland/tree cover - sago/coconut residue
81.06.10.2014,micro_hydro,52034.72240169899,34.50447683363636,1.0105294664166562,0.9410853611880775,10.52360874242012,False,0.0,False,89.82987573996051,59.19765840220388,,,,,,52.03,1.35,,"~35 kW screening potential (capped catchment 25 km2, head 60 m); 24-h baseload"
81.06.10.2015,solar_biomass_hybrid,47551.774666212514,2.818248882875583,1.0105294664166562,0.92806822395254,7.828523613500705,False,0.0,False,89.00987394138077,43.09243697478993,,,,,,47.55,1.26,,93% cropland/tree cover - sago/coconut residue
81.06.11.2002,micro_hydro,17426.906806986,52.5737449078141,0.955536454608963,0.9729539745642001,16.192472515789056,False,0.0,False,99.24043684345925,61.44412381951733,,,,,,17.43,1.54,,"~53 kW screening potential (capped catchment 25 km2, head 60 m); 24-h baseload"
81.06.11.2003,micro_hydro,21201.075847922788,38.68095023494874,0.9560656203965505,0.9963063994171567,20.00602010328066,False,0.0,False,99.7208092202614,35.84507636486374,,,,,,21.2,1.67,,"~39 kW screening potential (capped catchment 18 km2, head 60 m); 24-h baseload"
81.06.11.2004,micro_hydro,19972.622971442062,49.72774599770066,1.3461892262156376,0.9576025056947607,16.091357780798422,False,0.0,False,98.29692706405034,56.45847810979846,,,,,,19.97,1.54,,"~50 kW screening potential (capped catchment 25 km2, head 60 m); 24-h baseload"
81.06.11.2006,micro_hydro,24418.57725495591,47.31222856215599,1.0275590674296142,0.9936966345622497,16.305338953997424,False,0.0,False,99.86651066155017,52.59264579143929,,,,,,24.42,1.54,,"~47 kW screening potential (capped catchment 25 km2, head 60 m); 24-h baseload"
81.06.11.2007,micro_hydro,27858.008408714362,51.11523255670601,1.0443700794220834,0.9970350233506445,19.08873565262593,False,0.0,False,99.94070122544987,58.38974534008384,,,,,,27.86,1.6400000000000001,,"~51 kW screening potential (capped catchment 25 km2, head 60 m); 24-h baseload"
81.06.11.2008,micro_hydro,13672.844960449893,49.93413399035224,0.8417649767665804,0.9777081969933263,17.03170770632038,False,0.0,False,99.20858639406963,45.82557759662066,,,,,,13.67,1.5699999999999998,,"~50 kW screening potential (capped catchment 25 km2, head 60 m); 24-h baseload"
81.07.01.1012,grid_extension,0.0,0.3693758068397083,,0.22402521597011435,2.3827368515321066,False,0.0,False,42.84046465471949,0.0,,,,,,0.0,1.08,,0.0 km from a reliably-lit settlement
81.07.01.2001,grid_extension,2898.848586076893,6.9855026685043295,,0.9037866359885891,4.175016356988004,False,0.0,False,97.77065483939332,40.14595714202754,,,,,,2.9,1.1400000000000001,,2.9 km from a reliably-lit settlement
81.07.01.2003,solar_biomass_hybrid,16964.185719019202,17.959093766392574,2.376690047026376,0.923505128449398,2.8688123818967415,False,0.0,False,99.44044307254552,81.97684175197182,,,,,,16.96,1.1,,92% cropland/tree cover - sago/coconut residue
81.07.01.2004,solar_biomass_hybrid,10234.624101548625,15.879906622338748,2.3968928814233035,0.8325951700352554,2.606097586500905,False,0.0,False,99.2742946448082,87.24959736523046,,,,,,10.23,1.09,,83% cropland/tree cover - sago/coconut residue
81.07.01.2005,solar_biomass_hybrid,10003.036046933452,19.075938954205775,2.4196785082001298,0.9544286012451704,2.7566217741044876,False,0.0,False,99.35044233934936,75.38031174748743,,,,,,10.0,1.09,,95% cropland/tree cover - sago/coconut residue
81.07.01.2006,solar_battery,8551.621585991747,16.201164027759447,2.448660827210768,0.5002575333576672,2.681198882143991,False,0.0,False,94.72899720753658,80.48800325335502,,,,,,8.55,1.09,,uniform equatorial irradiance; no discriminating alternative
81.07.01.2007,solar_biomass_hybrid,16672.76473727063,18.06003559109724,2.387903278134872,0.9536318497654958,3.223761639422981,False,0.0,False,99.24684778623488,95.77242010210406,,,,,,16.67,1.11,,95% cropland/tree cover - sago/coconut residue
81.07.01.2009,grid_extension,994.2060903052244,12.91943584206306,3.844533791782991,0.7016437939875788,3.2610988713728863,False,0.0,False,98.88813405076544,74.23722429163354,,,,,,0.99,1.11,,1.0 km from a reliably-lit settlement
81.07.01.2010,grid_extension,994.2022870120547,6.6446620154673655,3.844533791782991,0.5436063144107813,3.2051075097028088,False,0.0,False,99.13077045033117,50.96068156703384,,,,,,0.99,1.11,,1.0 km from a reliably-lit settlement
81.07.01.2015,grid_extension,497.1371635424171,3.287949994010217,3.844533791782991,0.8809930255454224,3.1999354654711993,False,0.0,False,96.85735797436796,76.0860521780472,,,,,,0.5,1.11,,0.5 km from a reliably-lit settlement
81.07.02.2001,solar_battery,21641.638196137093,12.138025509267788,2.850542064180681,0.6150070289398416,2.832836231593041,False,0.0,False,93.9351927706288,37.40416560184004,,,,,,21.64,1.09,,uniform equatorial irradiance; no discriminating alternative
81.07.02.2003,solar_battery,17222.122424733254,9.11106516859763,3.2859833990033605,0.5555480033984705,2.1012767496030325,False,0.0,False,66.75656795461194,60.042582613562786,,,,,,17.22,1.07,,uniform equatorial irradiance; no discriminating alternative
81.07.02.2004,solar_battery,14709.891043104297,9.637324389238987,3.24886179335438,0.5577163041078677,2.2594142888270663,False,0.0,False,50.68457325912028,44.126817346018136,,,,,,14.71,1.08,,uniform equatorial irradiance; no discriminating alternative
81.07.02.2006,solar_biomass_hybrid,13853.976791430683,10.80164006943764,4.134293116308809,0.7233941949116898,2.5394234150880837,False,0.0,False,65.54514854942703,29.341862034564738,,,,,,13.85,1.08,,72% cropland/tree cover - sago/coconut residue
81.07.02.2008,wind_solar_hybrid,15595.518896665479,14.760827504471287,5.7512381600372295,0.82161227480657,3.0093076022086436,False,0.0,False,77.97281598036115,29.301578806529328,,,,,,15.6,1.1,,mean 50 m wind 5.8 m/s (ERA5 coarse - met mast required)
81.07.02.2026,solar_biomass_hybrid,28123.85790597771,11.826391284751825,2.7646393489625676,0.8085959281339493,2.5746314794477483,False,0.0,False,97.60572516567994,47.91994083387262,,,,,,28.12,1.09,,81% cropland/tree cover - sago/coconut residue
81.07.02.2027,solar_battery,23862.29444515971,11.134066224306753,3.4956588101684445,0.44961431513561473,2.6794537487214747,False,0.0,False,47.06994767941449,51.72603040447837,,,,,,23.86,1.09,,uniform equatorial irradiance; no discriminating alternative
81.07.02.2029,solar_biomass_hybrid,29343.818274680954,9.021481500562217,2.9807247161303776,0.9281642991943932,2.159729590864936,False,0.0,False,92.74856416990372,35.866163844981166,,,,,,29.34,1.07,,93% cropland/tree cover - sago/coconut residue
81.07.02.2031,solar_biomass_hybrid,29722.204216713137,9.460826632214244,4.218398385797226,0.7819220728217757,2.3612068535552266,False,0.0,False,79.22225475149116,48.100374365247085,,,,,,29.72,1.08,,78% cropland/tree cover - sago/coconut residue
81.07.03.2001,resource_present_but_screened,13818.848260618539,21.519924782332144,2.878688050952069,0.7823834110565189,4.0601840785468974,True,0.19135754646487113,False,97.20334044636756,51.878529640526196,,,,,,13.82,1.1400000000000001,,"19% of village inside a protected area - non-viable without deep community and regulator engagement; flagged for policy pathway, not commercial deployment"
81.07.03.2003,solar_battery,30846.92311692124,18.267428144033563,2.613988517661724,0.6889534943312619,4.125971582951468,False,0.0,False,99.16613234635764,43.75773950242037,,,,,,30.85,1.1400000000000001,,uniform equatorial irradiance; no discriminating alternative
81.07.03.2004,resource_present_but_screened,40017.30022264589,17.892649488620425,2.404641950370208,0.8400128401448724,3.1216165934713724,True,0.9936767112737076,False,99.59005661031311,44.55672944418927,,,,,,40.02,1.1,,"99% of village inside a protected area - non-viable without deep community and regulator engagement; flagged for policy pathway, not commercial deployment"
81.07.03.2006,solar_biomass_hybrid,50157.22219431614,12.802076415327786,2.7439514576551165,0.7835457028182334,2.4761375503226812,False,0.0,False,99.58422293586275,42.75227306603073,,,,,,50.16,1.08,,78% cropland/tree cover - sago/coconut residue
81.07.03.2007,resource_present_but_screened,53092.90187639257,10.58669707817404,3.4646817509531314,0.7234442756259845,2.4606984254271254,True,0.34873187701835173,False,99.39221189426476,27.527963577089555,,,,,,53.09,1.08,,"35% of village inside a protected area - non-viable without deep community and regulator engagement; flagged for policy pathway, not commercial deployment"
81.07.03.2008,solar_battery,59131.988785153335,9.923841971268256,3.005723646949167,0.6838866920797828,3.0248399900950322,False,0.0,False,99.37020741383388,35.827546896051416,,,,,,59.13,1.1,,uniform equatorial irradiance; no discriminating alternative
81.07.03.2009,solar_battery,62305.80474625237,11.086125382081226,3.995809225732815,0.49660433208881294,2.6388665755103085,False,0.028733479538512765,False,98.16215551158841,47.089035529694776,,,,,,62.31,1.09,,uniform equatorial irradiance; no discriminating alternative
81.07.03.2030,solar_battery,69179.8323079512,4.5131723984091785,4.152468708414104,0.5308763056550913,2.827416833520684,False,0.007655281374268615,False,98.26275859875915,39.747021817695114,,,,,,69.18,1.09,,uniform equatorial irradiance; no discriminating alternative
81.07.03.2031,solar_battery,58480.51070148285,10.708040811304059,3.2859928578507454,0.5981381755416425,2.627325529654794,False,0.03974714694732649,False,99.23499971154429,33.89735857485901,,,,,,58.48,1.09,,uniform equatorial irradiance; no discriminating alternative
81.07.03.2033,solar_biomass_hybrid,28428.054741311444,19.15511953047277,2.244352429539865,0.8355558169982442,4.2942764420654145,False,0.0,False,98.28026229602025,50.918766029866504,,,,,,28.43,1.1400000000000001,,84% cropland/tree cover - sago/coconut residue
81.07.03.2035,resource_present_but_screened,26260.210468977588,18.181564340697804,2.2424457183576454,0.9454603049413163,3.274603057503232,True,0.5850315156608592,False,98.72152064880257,46.32757595621753,,,,,,26.26,1.11,,"59% of village inside a protected area - non-viable without deep community and regulator engagement; flagged for policy pathway, not commercial deployment"
81.07.03.2036,resource_present_but_screened,24005.07750098143,20.56355185756815,2.169585726848838,0.9362862170210381,3.496240123859056,True,0.47968457945449045,False,98.83132662917399,48.63437920763803,,,,,,24.01,1.12,,"48% of village inside a protected area - non-viable without deep community and regulator engagement; flagged for policy pathway, not commercial deployment"
81.07.03.2037,solar_biomass_hybrid,25012.456470476867,0.3142649484054874,2.9087759667654813,0.9223924001550989,4.136830524959425,False,0.0,False,83.2645148783561,54.93810178817057,,,,,,25.01,1.1400000000000001,,92% cropland/tree cover - sago/coconut residue
81.07.03.2039,resource_present_but_screened,22474.622162077052,17.626259285459717,2.401290619804472,0.9636919247729475,3.7121114952068592,True,0.3847292801264676,False,99.43805541950705,39.09117975437291,,,,,,22.47,1.12,,"38% of village inside a protected area - non-viable without deep community and regulator engagement; flagged for policy pathway, not commercial deployment"
81.07.03.2043,solar_biomass_hybrid,22501.899694109165,5.978099517165109,3.9371481903153978,0.8618917213528521,2.4264574152054093,False,0.0,False,98.36670717717479,35.07234964071269,,,,,,22.5,1.08,,86% cropland/tree cover - sago/coconut residue
81.07.03.2045,solar_biomass_hybrid,23194.876833985345,20.571933527589124,2.232554575592147,0.9750922211156546,3.8587794249525293,False,0.0,False,99.62242042092188,42.615358459815816,,,,,,23.19,1.13,,98% cropland/tree cover - sago/coconut residue
81.07.04.2001,wind_solar_hybrid,36022.02013092131,18.71075326723816,5.112485261647075,0.7814420664130822,2.7820757778490353,False,0.0,False,98.42936878757311,47.88024311547991,,,,,,36.02,1.09,,mean 50 m wind 5.1 m/s (ERA5 coarse - met mast required)
81.07.04.2002,wind_solar_hybrid,43764.7633290756,4.499850305693782,5.112485261647075,0.8897140475489582,2.493350401157389,False,0.0,False,98.44344819947182,35.4825669530066,,,,,,43.76,1.08,,mean 50 m wind 5.1 m/s (ERA5 coarse - met mast required)
81.07.04.2004,wind_solar_hybrid,44722.03583141369,26.4289532171274,5.112485261647075,0.39513963773891564,2.6728972145467327,False,0.0,False,94.70972904710104,58.45358748909324,,,,,,44.72,1.09,,mean 50 m wind 5.1 m/s (ERA5 coarse - met mast required)
81.07.04.2005,wind_solar_hybrid,40952.97552071156,15.216052116577643,5.112485261647075,0.8021663943425305,2.885769478161884,False,0.0,False,94.43137214474771,70.80547112462008,,,,,,40.95,1.1,,mean 50 m wind 5.1 m/s (ERA5 coarse - met mast required)
81.07.04.2006,solar_battery,42961.203768269224,25.511914080101203,,0.15291455574550805,2.745990331041667,False,0.0,False,94.37898119034075,83.1332357247438,,,,,,42.96,1.09,,uniform equatorial irradiance; no discriminating alternative
81.07.04.2007,wind_solar_hybrid,37104.890228159275,9.9936600628203,5.112485261647075,0.8117036666110276,2.9201028397160944,False,0.0,False,98.5611355129065,93.52036009630483,,,,,,37.1,1.1,,mean 50 m wind 5.1 m/s (ERA5 coarse - met mast required)
81.07.04.2008,solar_biomass_hybrid,33119.644346765715,29.318041559887263,,0.7646194908956595,3.325976024369794,False,0.0,False,98.89916781718361,85.5346137308299,,,,,,33.12,1.11,,76% cropland/tree cover - sago/coconut residue
81.07.04.2009,solar_battery,40080.835768169796,8.53373353609117,,0.43780005505170533,9.81817078541193,False,0.0,False,97.16448317771383,90.44344839093887,,,,,,40.08,1.33,,uniform equatorial irradiance; no discriminating alternative
81.07.04.2010,solar_biomass_hybrid,32353.845069017683,0.9205512823108821,,0.7033781014440238,4.406528250804708,False,0.0,False,93.70014147634726,97.89553418521935,,,,,,32.35,1.15,,70% cropland/tree cover - sago/coconut residue
81.07.04.2013,solar_biomass_hybrid,47798.15733471062,2.293705886878522,,0.7004429550435418,2.1550997077164835,False,0.0,False,98.55622042861118,35.424474498940874,,,,,,47.8,1.07,,70% cropland/tree cover - sago/coconut residue
81.07.05.2001,solar_battery,59727.57166083349,0.9268211906370376,,0.4167583494568586,2.701653427593815,False,0.0,False,93.59021344892514,23.090799759470837,,,,,,59.73,1.09,,uniform equatorial irradiance; no discriminating alternative
81.07.05.2002,solar_battery,59012.60864703512,0.5937545348571347,,0.40026501852227997,2.564392660844985,False,0.0,False,92.47910054957815,72.18599376240432,,,,,,59.01,1.09,,uniform equatorial irradiance; no discriminating alternative
81.07.05.2003,solar_battery,56666.24440142915,0.2735885448944095,,0.11574432665518318,2.479818800173189,False,0.0,False,96.11863172375524,58.61201006832075,,,,,,56.67,1.08,,uniform equatorial irradiance; no discriminating alternative
81.07.05.2004,solar_battery,45260.95245214135,16.337353601398096,2.782987294004078,0.49191458555910317,3.1069439967563977,False,0.0,False,98.23034453735205,44.56910163716449,,,,,,45.26,1.1,,uniform equatorial irradiance; no discriminating alternative
81.07.05.2006,solar_battery,53283.18741697516,3.044023423390758,2.5973247473232033,0.31902072947623505,2.817762052815866,False,0.0,False,96.63998371312486,23.810169491525453,,,,,,53.28,1.09,,uniform equatorial irradiance; no discriminating alternative
81.07.05.2008,solar_battery,44963.447390456786,19.80848577560271,3.5676558182870335,0.6129319367832543,2.376614916179247,False,0.0,False,97.95473083277241,38.24811732065003,,,,,,44.96,1.08,,uniform equatorial irradiance; no discriminating alternative
81.07.05.2009,solar_biomass_hybrid,28548.17881286388,17.02851054780433,2.584996970498107,0.9121638228559747,3.052395223228925,False,0.0,False,99.68021560458612,64.79330647660368,,,,,,28.55,1.1,,91% cropland/tree cover - sago/coconut residue
81.07.06.2006,solar_biomass_hybrid,44669.46176919977,4.0462932915076575,4.578624764452926,0.7737206475593211,2.6442566079825016,False,0.0,False,97.21671240888263,58.285358643223915,,,,,,44.67,1.09,,77% cropland/tree cover - sago/coconut residue
81.07.06.2007,solar_biomass_hybrid,38394.87136059808,25.491173837723547,3.716813407107827,0.8160599620265843,2.9755955769337703,False,0.0,False,98.963820539347,30.337945112270383,,,,,,38.39,1.1,,82% cropland/tree cover - sago/coconut residue
81.07.06.2008,solar_battery,45914.19394098082,1.3729112377909922,4.225247504270257,0.4859014088882679,2.6860144600655658,False,0.0,False,97.4338159898083,63.93149284253582,,,,,,45.91,1.09,,uniform equatorial irradiance; no discriminating alternative
81.07.06.2009,solar_biomass_hybrid,30749.1171367163,34.72893346451896,3.9737956368125102,0.7901517934006193,3.567812202077869,False,0.0,False,96.78404955316641,87.56568575932738,,,,,,30.75,1.12,,79% cropland/tree cover - sago/coconut residue
81.07.06.2010,solar_biomass_hybrid,9792.206438668458,21.673817726900783,3.381028175171078,0.9230730050332616,3.010157181160152,False,0.0,False,99.21864307224956,74.01339426863271,,,,,,9.79,1.1,,92% cropland/tree cover - sago/coconut residue
81.07.07.2001,solar_battery,58461.471660829746,9.69653833972508,3.2205263269480735,0.5041901396798082,2.8552057812617235,False,0.0,False,94.68406696560969,40.529191947603174,,,,,,58.46,1.1,,uniform equatorial irradiance; no discriminating alternative
81.07.07.2004,solar_biomass_hybrid,60786.34597339171,9.58953959075849,4.15598700359267,0.8167643704077029,2.313464587690006,False,0.08517442539041198,False,99.0962608948471,27.939998932365363,,,,,,60.79,1.08,,82% cropland/tree cover - sago/coconut residue
81.07.07.2005,resource_present_but_screened,59878.88140707456,6.753574723956117,4.267800819206128,0.885576857697161,2.1499662980487813,True,0.240164951366721,False,99.37939371675877,36.34362184329809,,,,,,59.88,1.07,,"24% of village inside a protected area - non-viable without deep community and regulator engagement; flagged for policy pathway, not commercial deployment"
81.07.07.2008,solar_battery,66737.07094765153,10.883255851852102,4.876317329629753,0.6751222072888781,2.6247841908422385,False,0.0,False,97.81747915491545,39.377838717970704,,,,,,66.74,1.09,,uniform equatorial irradiance; no discriminating alternative
81.07.07.2009,solar_battery,68789.17295848599,10.588279878264439,4.1087867244716225,0.2015245520758099,2.5772134371915496,False,0.0,False,96.06342834436012,57.09497206703911,,,,,,68.79,1.09,,uniform equatorial irradiance; no discriminating alternative
81.07.07.2010,solar_biomass_hybrid,78970.91253489318,0.5949190911981602,,0.7233175818803975,3.2504775114876208,False,0.0,False,92.23814953575499,19.64235820061471,,,,,,78.97,1.11,,72% cropland/tree cover - sago/coconut residue
81.07.07.2011,solar_battery,77812.8356257822,0.2593753526517872,,0.45238357674290436,2.9163463910538074,False,0.0,False,85.71979292873667,22.408417770849574,,,,,,77.81,1.1,,uniform equatorial irradiance; no discriminating alternative
81.07.07.2012,solar_biomass_hybrid,32698.723523680932,12.38130252113778,2.3776516440324085,0.8579484784853931,2.5109393746669832,False,0.00518601523286535,False,99.34858854919332,35.275616619764975,,,,,,32.7,1.08,,86% cropland/tree cover - sago/coconut residue
81.07.07.2013,solar_battery,43158.64229792221,11.383272888221788,2.5873510591241513,0.1550357740407922,2.6091728858470833,False,0.0,False,98.21423402467985,34.63370082849502,,,,,,43.16,1.09,,uniform equatorial irradiance; no discriminating alternative
81.07.08.2003,resource_present_but_screened,77731.90045136712,4.1509216911977775,,0.6053619617505572,2.3801321612237,True,1.0,False,74.64229855313683,66.3272058230177,,,,,,77.73,1.08,,"100% of village inside a protected area - non-viable without deep community and regulator engagement; flagged for policy pathway, not commercial deployment"
81.07.08.2004,resource_present_but_screened,68056.37702233532,8.041785638093868,5.852954765716152,0.6910209786084475,2.554548047463541,True,0.9978811225149276,False,95.04092940171628,65.3003848372657,,,,,,68.06,1.09,,"100% of village inside a protected area - non-viable without deep community and regulator engagement; flagged for policy pathway, not commercial deployment"
81.07.08.2006,solar_battery,89964.93233477142,3.1253558122300116,,0.5303216967779955,2.9777185265739337,False,0.0,False,96.54376951747759,16.891005729274518,,,,,,89.96,1.1,,uniform equatorial irradiance; no discriminating alternative
81.07.08.2007,wind_solar_hybrid,81244.58653340771,9.37624666637229,5.803881845332261,0.35808190769805204,3.0064282673127476,False,0.0,False,95.56187726639713,49.84799911563124,,,,,,81.24,1.1,,mean 50 m wind 5.8 m/s (ERA5 coarse - met mast required)
81.07.09.2001,resource_present_but_screened,42164.58143969148,5.101046526553021,5.6248892484720825,0.5193312981320738,2.0350516837596704,True,0.37173486316691506,False,54.23715513483218,24.833318517201544,,,,,,42.16,1.07,,"37% of village inside a protected area - non-viable without deep community and regulator engagement; flagged for policy pathway, not commercial deployment"
81.07.09.2002,wind_solar_hybrid,19188.375271160272,19.694942278480845,6.125464014987757,0.8181370614096046,3.5835878723059347,False,0.0,False,91.50417638025631,59.71693995885031,,,,,,19.19,1.12,,mean 50 m wind 6.1 m/s (ERA5 coarse - met mast required)
81.07.09.2003,wind_solar_hybrid,27808.809881043093,15.306176745088848,5.738044212423992,0.7709689888591817,3.5581243387542307,False,0.09666005549701116,False,80.92172926279423,45.51183347590536,,,,,,27.81,1.12,,mean 50 m wind 5.7 m/s (ERA5 coarse - met mast required)
81.07.09.2004,wind_solar_hybrid,30714.105612792144,13.4370682375184,5.68782159712783,0.8678538196202669,3.438859960825708,False,0.0667134946952759,False,75.29111248356982,46.64740460296905,,,,,,30.71,1.11,,mean 50 m wind 5.7 m/s (ERA5 coarse - met mast required)
81.07.09.2005,wind_solar_hybrid,41338.57037131001,8.57098105254313,5.6248892484720825,0.5504375450414012,2.2588261060862447,False,0.07964648626229379,False,55.36089327630738,48.21972625164843,,,,,,41.34,1.08,,mean 50 m wind 5.6 m/s (ERA5 coarse - met mast required)
81.07.09.2006,wind_solar_hybrid,35760.892655464086,8.753443726972648,5.622288238883678,0.915128800353205,2.2798709041296434,False,0.050250429530900184,False,87.65880205188009,49.891741416640905,,,,,,35.76,1.08,,mean 50 m wind 5.6 m/s (ERA5 coarse - met mast required)
81.07.09.2007,resource_present_but_screened,35651.97915658049,8.02516971754204,4.3834635615954545,0.6856427998938298,2.1418911272446306,True,0.35747615062955285,False,94.0873465238314,52.48208883935681,,,,,,35.65,1.07,,"36% of village inside a protected area - non-viable without deep community and regulator engagement; flagged for policy pathway, not commercial deployment"
81.07.09.2009,solar_biomass_hybrid,44545.23462833875,8.377991512217617,3.00562949260509,0.7912181742640941,2.1049181331727036,False,0.0,False,99.50207399751002,18.657601752144576,,,,,,44.55,1.07,,79% cropland/tree cover - sago/coconut residue
81.07.10.2001,solar_biomass_hybrid,40701.7184956606,8.642248963377689,3.1246492343470416,0.7321060961899506,2.532977655574558,False,0.0,False,97.80407321962105,59.48313688701942,,,,,,40.7,1.08,,73% cropland/tree cover - sago/coconut residue
81.07.10.2002,solar_biomass_hybrid,25664.861918523446,10.810163280914988,2.690362606146701,0.7270250975464693,2.0269827067873263,False,0.0,False,77.29140704245762,28.188169627923433,,,,,,25.66,1.07,,73% cropland/tree cover - sago/coconut residue
81.07.10.2003,solar_biomass_hybrid,31283.822377997945,13.337886583303451,2.58302404223575,0.8872852144353806,2.482047528052563,False,0.0,False,99.05096129880249,49.76446417017607,,,,,,31.28,1.08,,89% cropland/tree cover - sago/coconut residue
81.07.10.2004,solar_biomass_hybrid,42446.72991563956,10.274342757939184,2.802163140994994,0.7635754936098046,2.2991761922133374,False,0.0,False,98.1650082545253,29.69509716237094,,,,,,42.45,1.08,,76% cropland/tree cover - sago/coconut residue
81.07.10.2005,solar_biomass_hybrid,39651.581039174846,12.680536311751888,2.578835770674383,0.7998219337706973,2.669709925247917,False,0.0,False,99.31335760000485,28.241581595373795,,,,,,39.65,1.09,,80% cropland/tree cover - sago/coconut residue
81.07.10.2006,solar_biomass_hybrid,42739.34852758638,9.017566144210562,2.657054605774088,0.8904408031928981,2.192586949812617,False,0.0,False,99.73201051440816,26.953263098352554,,,,,,42.74,1.07,,89% cropland/tree cover - sago/coconut residue
81.07.10.2007,solar_biomass_hybrid,29337.34534071931,9.638958788386912,3.3120846990488766,0.7956841595502685,2.720909032393856,False,0.0,False,99.43106319961215,49.30621176704632,,,,,,29.34,1.09,,80% cropland/tree cover - sago/coconut residue
81.08.01.1001,grid_extension,0.0,5.484619207622948,6.406033919693726,0.257624005629301,2.244508747135092,False,0.0,False,64.7212450062608,36.71177494525243,,,,,,0.0,1.07,,0.0 km from a reliably-lit settlement
81.08.01.2001,wind_solar_hybrid,10425.016864494752,2.527987881433292,6.444968487799802,0.05456152903079154,0.9870428905721318,False,0.0,False,3.8668139845129943,30.68220774768598,,,,,,10.43,1.03,,mean 50 m wind 6.4 m/s (ERA5 coarse - met mast required)
81.08.01.2002,grid_extension,701.2625221698362,4.816991643783537,6.419186128979395,0.6646741146885433,2.5495454668393305,False,0.0,False,58.07837279048572,17.43628319299864,,,,,,0.7,1.08,,0.7 km from a reliably-lit settlement
81.08.01.2004,grid_extension,0.0,14.986932684844934,6.429780804421641,0.9162198922668663,5.896171475674267,False,0.0,False,81.55975191709436,53.33859314010466,,,,,,0.0,1.2,,0.0 km from a reliably-lit settlement
81.08.01.2005,wind_solar_hybrid,6446.136181611044,2.9078899758342627,6.433645158398845,0.17682708706712147,1.146309340353443,False,0.0,False,22.833712440807723,55.38621887666475,,,,,,6.45,1.04,,mean 50 m wind 6.4 m/s (ERA5 coarse - met mast required)
81.08.01.2006,wind_solar_hybrid,12902.086994455587,6.466444235703341,6.458265645157669,0.11256122737365418,2.460050906871013,False,0.0,False,9.330317046495187,33.34814609082075,,,,,,12.9,1.08,,mean 50 m wind 6.5 m/s (ERA5 coarse - met mast required)
81.08.01.2007,wind_solar_hybrid,25014.010802073506,2.9156907944133996,6.468636927478753,0.26400895385109785,1.0853686388875778,False,0.0,False,21.8098190779268,30.537968048974832,,,,,,25.01,1.04,,mean 50 m wind 6.5 m/s (ERA5 coarse - met mast required)
81.08.02.2003,solar_biomass_hybrid,136330.638110991,7.814830887463011,,0.9828960056844135,14.897804566786704,False,0.006570651091790003,False,98.59037252348891,8.694852095505365,,,,,,136.33,1.5,,98% cropland/tree cover - sago/coconut residue
81.08.02.2004,solar_biomass_hybrid,134513.52941340138,8.21270348906177,,0.9945779580933859,12.39655847554165,False,0.002794131206813209,False,98.49186978807943,22.280324002870913,,,,,,134.51,1.41,,99% cropland/tree cover - sago/coconut residue
81.08.02.2005,solar_biomass_hybrid,129100.90522763094,26.46152605820335,,0.9607752449152054,15.148713604315342,False,0.0033677286101000147,False,93.2947077844422,38.700717217362495,,,,,,129.1,1.5,,96% cropland/tree cover - sago/coconut residue
81.08.02.2007,solar_biomass_hybrid,130065.57161888336,4.6727338745381255,,0.978548970553433,17.20112227853615,False,0.0065387983352097724,False,96.39967405012999,42.44025028208026,,,,,,130.07,1.5699999999999998,,98% cropland/tree cover - sago/coconut residue
81.08.03.2001,solar_battery,61725.64598677259,0.5960318129372559,,0.1827834967982492,11.824820093763915,False,0.05076629546956639,False,9.484946162814623,100.0,,,,,,61.73,1.3900000000000001,,uniform equatorial irradiance; no discriminating alternative
81.08.03.2002,solar_battery,94741.06199910761,0.3284537223688707,,0.6383681228660403,5.785142312644438,False,0.04898949272493113,False,52.656920248621205,34.94917904612979,,,,,,94.74,1.19,,uniform equatorial irradiance; no discriminating alternative
81.08.03.2003,resource_present_but_screened,87505.1870383979,1.0246534419575433,,0.9457129998048374,14.120125281379144,False,0.0025968025872438044,True,91.18945012227468,1.4132402950139131,,,,,,87.51,1.47,,"91% intact canopy, 1.4% loss since 2015 - non-viable without deep community and regulator engagement; flagged for policy pathway, not commercial deployment"
81.08.03.2004,solar_biomass_hybrid,85813.8305645206,4.898348176854038,,0.9315544092847933,6.742513092630953,False,0.0,False,92.75340200941116,9.581395348837216,,,,,,85.81,1.22,,93% cropland/tree cover - sago/coconut residue
81.08.03.2005,solar_biomass_hybrid,80965.62445385773,16.436606913170483,,0.9754174480264871,8.207987263987798,False,0.0,False,94.7871538896214,9.821116623576277,,,,,,80.97,1.27,,98% cropland/tree cover - sago/coconut residue
81.08.03.2006,solar_biomass_hybrid,79608.67587965836,1.603949601420522,,0.8260682754561506,12.381496629091451,False,0.0,False,75.88535811610157,3.8828219795458514,,,,,,79.61,1.41,,83% cropland/tree cover - sago/coconut residue
81.08.03.2008,solar_biomass_hybrid,76971.49817180708,2.893332059439004,,0.9230626277643559,12.517241850366974,False,0.0,False,81.8572980596958,43.5983141985177,,,,,,76.97,1.42,,92% cropland/tree cover - sago/coconut residue
81.08.03.2009,solar_biomass_hybrid,77982.75988740235,1.8371641211717094,,0.9487650864421882,14.511122878660116,False,0.0,False,91.87788119864908,18.699132531734616,,,,,,77.98,1.48,,95% cropland/tree cover - sago/coconut residue
81.08.03.2010,solar_biomass_hybrid,73639.85792545535,1.6074100156476816,,0.9538468504599144,11.796243963656472,False,0.0,False,86.08095214993776,28.1679186196451,,,,,,73.64,1.3900000000000001,,95% cropland/tree cover - sago/coconut residue
81.08.03.2011,solar_biomass_hybrid,74685.71542114831,3.199853650866285,,0.946641155173355,11.085289750783993,False,0.0,False,77.55879962639949,20.881061473845,,,,,,74.69,1.37,,95% cropland/tree cover - sago/coconut residue
81.08.04.2001,grid_extension,0.0,23.92201119457595,7.193082238475665,0.9468319800841296,7.069775902775396,False,0.0009528435211699908,False,47.46895119733765,29.640758846481614,,,,,,0.0,1.24,,0.0 km from a reliably-lit settlement
81.08.04.2002,grid_extension,1788.4428195360342,24.613820620387553,7.203265364883192,0.9719522630997738,7.533229808717348,False,0.001627340167002101,False,69.18924120368021,27.4416046039269,,,,,,1.79,1.25,,1.8 km from a reliably-lit settlement
81.08.04.2003,wind_solar_hybrid,13400.85604774934,25.376431681895617,7.207541935361739,0.9734107188539269,10.64585021402963,False,0.0022050412155198854,False,93.71447010583205,31.836024623070752,,,,,,13.4,1.35,,mean 50 m wind 7.2 m/s (ERA5 coarse - met mast required)
81.08.04.2004,wind_solar_hybrid,10879.41769035687,18.275605281804104,7.211070319115395,0.9694686692419402,7.034064801029658,False,0.002324410515046677,False,84.98428113693308,36.75743996323108,,,,,,10.88,1.23,,mean 50 m wind 7.2 m/s (ERA5 coarse - met mast required)
81.08.04.2005,wind_solar_hybrid,8256.062978578228,24.877608051310062,7.211070319115395,0.9827048823864566,7.806033179618723,False,0.0018164982306217855,False,85.97933277653564,23.801932062129072,,,,,,8.26,1.26,,mean 50 m wind 7.2 m/s (ERA5 coarse - met mast required)
81.08.04.2006,grid_extension,992.080988377461,24.130681549130575,7.204954873342167,0.9802554688992272,7.283054775010911,False,0.0020493130107095223,False,75.85363504587764,27.89650737112893,,,,,,0.99,1.24,,1.0 km from a reliably-lit settlement
81.08.04.2015,solar_biomass_hybrid,35199.06706860283,0.5513943023670409,,0.8510096644928105,30.335080945027478,False,0.019178792545334545,False,65.98156834091499,32.67410056806229,,,,,,35.2,2.0,,85% cropland/tree cover - sago/coconut residue
81.08.04.2016,solar_biomass_hybrid,34367.322310772186,0.7460927072853201,,0.8985726623515318,23.383589343923365,False,0.01724602282753048,False,75.48245695499548,30.992677949825975,,,,,,34.37,1.78,,90% cropland/tree cover - sago/coconut residue
81.08.04.2017,solar_biomass_hybrid,35147.099249751394,0.9194367555026752,,0.8770471346057853,25.43226191422166,False,0.021112867380530764,False,67.99985739157304,28.35854341736697,,,,,,35.15,1.85,,88% cropland/tree cover - sago/coconut residue
81.08.05.2001,grid_extension,496.01428595858005,2.889582821042012,7.156776339008704,0.9257149235405737,4.985639135489932,False,0.0,False,76.99534289758394,53.558683973177544,,,,,,0.5,1.17,,0.5 km from a reliably-lit settlement
81.08.05.2002,wind_solar_hybrid,5272.954990147839,10.47356407394873,7.156776339008704,0.9844009647718699,10.926231134396938,False,0.002771738300800118,False,90.7639859796675,42.407971750592594,,,,,,5.27,1.3599999999999999,,mean 50 m wind 7.2 m/s (ERA5 coarse - met mast required)
81.08.05.2003,grid_extension,0.0,25.433216703320426,7.156776339008704,0.9793961811199061,9.226639651210549,False,0.0015287565941312232,False,90.29982227030368,40.76896874733888,,,,,,0.0,1.31,,0.0 km from a reliably-lit settlement
81.08.05.2004,wind_solar_hybrid,7324.104301039138,15.967341219595518,7.183447669324993,0.9931410491703523,11.58158166042705,False,0.0022016210350759052,False,97.70938777674887,39.49303845011619,,,,,,7.32,1.3900000000000001,,mean 50 m wind 7.2 m/s (ERA5 coarse - met mast required)
81.08.05.2005,wind_solar_hybrid,15182.255190579395,25.30516477932572,7.187037380129764,0.9900381085776132,8.787532899264136,False,0.0033997673460441106,False,96.25137445965206,42.88733928960559,,,,,,15.18,1.29,,mean 50 m wind 7.2 m/s (ERA5 coarse - met mast required)
81.08.05.2006,grid_extension,1488.0271229886907,9.722988964104717,7.169165068490095,0.962847206607606,6.270697946163435,False,0.0009081404107492843,False,88.94823356599333,59.58997460654495,,,,,,1.49,1.21,,1.5 km from a reliably-lit settlement
81.08.05.2007,wind_solar_hybrid,7153.201555946819,25.130153993035837,7.143963591996922,0.9586484111774515,7.445212995447974,False,0.0021222242016579983,False,94.01730984765673,55.51665036854778,,,,,,7.15,1.25,,mean 50 m wind 7.1 m/s (ERA5 coarse - met mast required)
81.08.05.2008,wind_solar_hybrid,5272.508287392729,14.322462201670037,7.1665485445989665,0.9848625682273693,7.046964212062419,False,0.0006443086291145645,False,93.1809838715215,22.799214772099884,,,,,,5.27,1.23,,mean 50 m wind 7.2 m/s (ERA5 coarse - met mast required)
81.08.05.2009,wind_solar_hybrid,10462.876942134511,7.8581247404573205,7.160134789912544,0.9744570291260144,6.878965965365215,False,0.001310656328469456,False,97.1002598122068,44.60499822338032,,,,,,10.46,1.23,,mean 50 m wind 7.2 m/s (ERA5 coarse - met mast required)
81.08.05.2010,wind_solar_hybrid,11310.084051411819,9.105449991991842,7.148515723249983,0.9749415641922791,8.026216233125824,False,0.0011511059950844657,False,94.43849868087013,45.30149191877334,,,,,,11.31,1.27,,mean 50 m wind 7.1 m/s (ERA5 coarse - met mast required)
81.08.05.2011,wind_solar_hybrid,12249.343962025068,24.824027305054123,7.156220938554024,0.9869377912961015,7.699297294914906,False,0.0018278417127241145,False,90.89032865435259,29.32725131848453,,,,,,12.25,1.26,,mean 50 m wind 7.2 m/s (ERA5 coarse - met mast required)
81.08.06.2001,resource_present_but_screened,2480.5524838229085,14.0311529046812,3.7412046435022277,0.9231323298454963,17.573332699370244,True,0.19112710033056177,False,88.31718893464499,48.28974287270215,,,,,,2.48,1.5899999999999999,,"19% of village inside a protected area - non-viable without deep community and regulator engagement; flagged for policy pathway, not commercial deployment"
81.08.06.2002,grid_extension,2806.4392920567516,15.828686124589163,3.1970183114596624,0.996724762019144,19.4668502439219,False,0.004960677836881043,False,99.19081698862168,23.67507201767887,,,,,,2.81,1.65,,2.8 km from a reliably-lit settlement
81.08.06.2004,solar_biomass_hybrid,24330.033732123145,17.186649382671856,3.4290290662517617,0.9952845289613534,22.69591645674224,False,0.0,False,99.14213707256924,41.43639396576735,,,,,,24.33,1.76,,100% cropland/tree cover - sago/coconut residue
81.08.06.2021,resource_present_but_screened,10891.063286015742,15.494105468790071,3.381568477454215,0.8739895074006064,18.67022998162415,True,0.551590033782983,False,77.67777968590374,53.30553295362085,,,,,,10.89,1.62,,"55% of village inside a protected area - non-viable without deep community and regulator engagement; flagged for policy pathway, not commercial deployment"
81.08.06.2023,solar_biomass_hybrid,6468.220509730632,13.826181357865174,3.85204348594828,0.9171791104124929,22.492263826301297,False,0.0005163208643080895,False,80.69693927870962,26.92380694143168,,,,,,6.47,1.75,,92% cropland/tree cover - sago/coconut residue
81.08.07.2001,grid_extension,0.0,5.947457463088561,,0.47433458259746863,7.016148599450703,False,0.0,False,7.725030775655704,69.21568627450979,,,,,,0.0,1.23,,0.0 km from a reliably-lit settlement
81.08.07.2005,grid_extension,2479.526400721517,3.6576133078826207,,0.21256620410095592,4.413836455339142,False,0.0,False,3.9904269984676137,94.11764705882352,,,,,,2.48,1.15,,2.5 km from a reliably-lit settlement
81.08.08.2001,grid_extension,2891.2844572092868,0.5811741908485317,6.330118099057797,0.740489575138816,1.7908797415193936,False,0.0,False,64.28838037267798,23.45729464650593,,,,,,2.89,1.06,,2.9 km from a reliably-lit settlement
81.08.08.2002,grid_extension,0.0,2.081433038549683,6.315229829928913,0.8601901578944718,5.169692767152944,False,0.0,False,35.98703351353528,1.9196160767846429,,,,,,0.0,1.17,,0.0 km from a reliably-lit settlement
81.08.08.2003,grid_extension,0.0,1.6388976075773802,6.315229829928913,0.805122022311137,10.668540476871698,False,0.0,False,38.31994224056275,10.672409667384542,,,,,,0.0,1.3599999999999999,,0.0 km from a reliably-lit settlement
81.08.08.2004,grid_extension,0.0,2.9776929282060127,6.315229829928913,0.9106079111023215,9.578306475645945,False,0.0,False,46.745365989275086,28.17341108558641,,,,,,0.0,1.32,,0.0 km from a reliably-lit settlement
81.08.08.2005,grid_extension,1568.0191524659385,1.4404301371893782,6.315229829928913,0.9375969268781756,6.6515921640125155,False,0.0,False,69.90280507884297,42.55633015298962,,,,,,1.57,1.22,,1.6 km from a reliably-lit settlement
81.08.08.2006,grid_extension,3966.657030800621,0.524343587948338,6.315229829928913,0.9348555869427357,1.7148219767522297,False,0.0,False,74.41484174128912,35.661883449453256,,,,,,3.97,1.06,,4.0 km from a reliably-lit settlement
81.08.08.2007,grid_extension,1568.0363416547464,1.8327078667649155,6.315229829928913,0.8401434217403894,6.930715337227262,False,0.0,False,66.70759130016243,19.256950415591884,,,,,,1.57,1.23,,1.6 km from a reliably-lit settlement
81.08.09.2001,solar_battery,24838.775850157654,0.5759155533116675,,0.5043945341321607,3.3665676888643588,False,0.007006132579401854,False,12.337121771217708,38.394924982378456,,,,,,24.84,1.11,,uniform equatorial irradiance; no discriminating alternative
81.08.09.2002,solar_biomass_hybrid,22277.01349555748,0.8842211193156045,,0.8700420764382669,4.394461072358455,False,0.017238482355759092,False,71.39696078186049,43.82737116440697,,,,,,22.28,1.15,,87% cropland/tree cover - sago/coconut residue
81.08.09.2003,solar_biomass_hybrid,25956.75550314407,0.6010437530137203,,0.851344660043945,3.5123426931191633,False,0.01711438474870018,False,37.937917801436,49.51053099970341,,,,,,25.96,1.12,,85% cropland/tree cover - sago/coconut residue
81.08.09.2004,solar_biomass_hybrid,32759.250066536548,0.5706680382912883,,0.9119753900241705,6.552451739184636,False,0.044993189507447594,False,15.102130463430708,99.68253968253968,,,,,,32.76,1.22,,91% cropland/tree cover - sago/coconut residue
81.08.09.2005,solar_biomass_hybrid,27768.579149823276,1.3857331527774972,,0.8460117878192536,5.898282105213381,False,0.00609085193335429,False,6.38924908640811,81.20437956204381,,,,,,27.77,1.2,,85% cropland/tree cover - sago/coconut residue
81.08.09.2006,solar_biomass_hybrid,30283.64637834668,0.28863514056093315,,0.9332158087616761,4.934336980288885,False,0.00781952907270187,False,37.34036483857283,45.65810411457153,,,,,,30.28,1.16,,93% cropland/tree cover - sago/coconut residue
81.08.09.2007,solar_biomass_hybrid,32964.99102741422,0.30231460652340086,,0.9301005303054947,5.29994785740191,False,0.016819571865443417,False,67.84166754737535,30.95282491143018,,,,,,32.96,1.18,,93% cropland/tree cover - sago/coconut residue
81.08.09.2008,solar_biomass_hybrid,28268.64152643349,0.40340340763913884,,0.9771911052726369,7.173225001696941,False,0.008305964614895644,False,41.93028922555355,55.663847002574485,,,,,,28.27,1.24,,98% cropland/tree cover - sago/coconut residue
81.08.09.2009,solar_biomass_hybrid,29899.784705537597,0.7575989683306878,,0.9494643323752282,3.716880545418755,False,0.02330868326844182,False,74.34051504501087,53.19307855097723,,,,,,29.9,1.12,,95% cropland/tree cover - sago/coconut residue
81.08.09.2010,solar_biomass_hybrid,26818.42775383188,0.6702647209067619,,0.8552186226428129,4.618057464522305,False,0.00893350524958556,False,56.04095353584968,23.203700084685046,,,,,,26.82,1.15,,86% cropland/tree cover - sago/coconut residue
81.08.09.2011,solar_biomass_hybrid,26795.496216715226,0.4608984386539069,,0.8780025994448102,4.0141538462433894,False,0.019094687184095245,False,27.395831662040532,57.42844161744666,,,,,,26.8,1.13,,88% cropland/tree cover - sago/coconut residue
81.08.10.2001,solar_battery,23714.049366224863,0.6006033248928427,,0.4944639691475134,11.95292743038092,False,0.02539183978106729,False,27.963308457711438,30.61696658097689,,,,,,23.71,1.4,,uniform equatorial irradiance; no discriminating alternative
81.08.10.2002,solar_battery,23195.366968022947,1.5298112497434202,,0.6737670757119705,8.7115761593334,False,0.03272446616928221,False,69.77566823595997,16.385387737662906,,,,,,23.2,1.29,,uniform equatorial irradiance; no discriminating alternative
81.08.10.2003,solar_biomass_hybrid,24207.830324414146,0.38240319949227053,,0.7586064994020139,12.036353258704853,False,0.015586419753086422,False,38.311963888424486,47.47833350736139,,,,,,24.21,1.4,,76% cropland/tree cover - sago/coconut residue
81.08.10.2004,solar_battery,24511.580048073705,0.95730151638283,,0.6474270207837851,13.6528899482397,False,0.020840319435647122,False,50.61293145719411,42.34580384226495,,,,,,24.51,1.46,,uniform equatorial irradiance; no discriminating alternative
81.08.10.2005,solar_biomass_hybrid,27244.606957157594,0.6277712572063303,,0.8159598395635033,13.884347909094963,False,0.014402517874858887,False,44.66481928123022,23.47369622275478,,,,,,27.24,1.46,,82% cropland/tree cover - sago/coconut residue
81.08.10.2006,solar_battery,26292.7629568718,0.8370283429417738,,0.6691359169293528,11.710172359234823,False,0.011534217870620199,False,43.05634103151277,27.829806393516453,,,,,,26.29,1.3900000000000001,,uniform equatorial irradiance; no discriminating alternative
81.08.11.2001,grid_extension,4679.439043905262,1.753063525047536,7.1930301274327135,0.6424300089380963,6.7526247806306,False,0.015292265642569242,False,22.156099530029124,79.58639803858864,,,,,,4.68,1.23,,4.7 km from a reliably-lit settlement
81.08.11.2002,grid_extension,4960.169162941926,2.9473734249077226,7.1930301274327135,0.8431299769092989,6.391621878952526,False,0.007531387976538322,False,38.23087679320524,32.59597806215723,,,,,,4.96,1.21,,5.0 km from a reliably-lit settlement
81.08.11.2003,wind_solar_hybrid,7842.424937877952,0.5985178896293328,7.1930301274327135,0.9129541661317244,12.256876940264656,False,0.021019338725301394,False,66.18115612198453,88.13301823092505,,,,,,7.84,1.41,,mean 50 m wind 7.2 m/s (ERA5 coarse - met mast required)
81.08.11.2004,solar_battery,9145.809012875787,1.6119465241453654,,0.6952653591853082,9.382206667059883,False,0.002863034028078747,False,51.49914016041588,67.97767064196908,,,,,,9.15,1.31,,uniform equatorial irradiance; no discriminating alternative
81.08.11.2005,solar_battery,7323.563167526447,1.639690011859551,,0.6257544927585791,6.192511507319266,False,0.00485046766259896,False,36.93323375312851,86.63185378590083,,,,,,7.32,1.21,,uniform equatorial irradiance; no discriminating alternative
81.08.11.2006,solar_battery,6944.457110710671,0.3951500380801556,,0.3903862273518603,7.486754256496403,False,0.01992648481331011,False,12.2541749951641,62.8415300546448,,,,,,6.94,1.25,,uniform equatorial irradiance; no discriminating alternative
81.08.11.2007,solar_battery,6617.796135232635,1.2456908783622955,,0.4246091720587541,4.803590331725921,False,0.0045813334277938185,False,24.883698963326793,66.22436670687576,,,,,,6.62,1.16,,uniform equatorial irradiance; no discriminating alternative
81.08.11.2008,solar_battery,7506.45477967962,0.3901793962286727,,0.5719816678522696,10.02629188586915,False,0.02735891963754679,False,10.571891425707726,71.3365853658537,,,,,,7.51,1.33,,uniform equatorial irradiance; no discriminating alternative
81.08.12.2001,solar_battery,37327.62988307053,1.9407793665838071,,0.39731023478459104,1.1690019236104,False,0.0,False,46.205887686042416,7.849969255995082,,,,,,37.33,1.04,,uniform equatorial irradiance; no discriminating alternative
81.08.12.2002,wind_solar_hybrid,29584.188682470238,2.5585101558830883,6.468636927478753,0.23336627049625233,1.2543360822823002,False,0.0,False,29.210609304455744,11.247431758145003,,,,,,29.58,1.04,,mean 50 m wind 6.5 m/s (ERA5 coarse - met mast required)
81.08.12.2003,solar_battery,36951.767343981664,2.6179493681973534,,0.29449228932326915,1.0087347798116166,False,0.0,False,15.178624203520469,26.545166402535656,,,,,,36.95,1.03,,uniform equatorial irradiance; no discriminating alternative
81.08.12.2004,solar_battery,40657.33789397678,1.3847422795505715,,0.36838250002112977,0.9683602003990751,False,0.0,False,36.69481044503229,11.498048634043831,,,,,,40.66,1.03,,uniform equatorial irradiance; no discriminating alternative
81.08.12.2005,solar_battery,40529.48933068673,0.6602022185470947,,0.4938980129725449,1.1888009658459144,False,0.0,False,45.61626873376991,22.724358974358974,,,,,,40.53,1.04,,uniform equatorial irradiance; no discriminating alternative
81.08.13.2001,resource_present_but_screened,31319.999516083968,13.782862212212962,2.3253050552427887,0.9278190352434432,14.509974531400706,True,0.2748079400394517,False,91.17343663751869,53.89935358309585,,,,,,31.32,1.48,,"27% of village inside a protected area - non-viable without deep community and regulator engagement; flagged for policy pathway, not commercial deployment"
81.08.13.2002,resource_present_but_screened,23814.16628815714,14.703510200095419,2.27397376655804,0.9596028694774373,20.705436656368793,True,0.1940734154214912,False,89.49755311254609,59.11439114391145,,,,,,23.81,1.69,,"19% of village inside a protected area - non-viable without deep community and regulator engagement; flagged for policy pathway, not commercial deployment"
81.08.13.2004,resource_present_but_screened,0.0,15.537940934704359,2.76544677678058,0.9185270297760523,22.198837039651455,True,0.35498098040622983,False,82.3525334955402,64.51490449932074,,,,,,0.0,1.74,,"35% of village inside a protected area - non-viable without deep community and regulator engagement; flagged for policy pathway, not commercial deployment"
81.08.13.2006,resource_present_but_screened,30841.793674026965,15.686167001335114,3.438847210799268,0.9534381131748372,16.483342743499634,True,0.4618420767492578,False,93.99455868620447,53.872356156425774,,,,,,30.84,1.55,,"46% of village inside a protected area - non-viable without deep community and regulator engagement; flagged for policy pathway, not commercial deployment"
81.08.14.2001,resource_present_but_screened,19641.476115608013,14.829993398279782,4.343580095188651,0.9520678287616074,18.626414180636093,True,0.6299902909500861,False,92.82452279871568,62.954653748411715,,,,,,19.64,1.62,,"63% of village inside a protected area - non-viable without deep community and regulator engagement; flagged for policy pathway, not commercial deployment"
81.08.14.2002,wind_solar_hybrid,6654.05646955299,8.009828009517108,5.257837784859801,0.9253018771098159,20.99302587334996,False,0.02555927276536405,False,83.83086067908137,72.46931353235341,,,,,,6.65,1.7,,mean 50 m wind 5.3 m/s (ERA5 coarse - met mast required)
81.08.14.2003,grid_extension,0.0,0.7259743115075988,6.307469372730414,0.517711493877297,13.379176217794388,False,0.021766393646683927,False,16.129012181441087,57.86008230452675,,,,,,0.0,1.45,,0.0 km from a reliably-lit settlement
81.08.14.2004,grid_extension,3610.5956420824805,10.071359984678532,6.162581261341206,0.7542488153164233,14.24234175820132,False,0.00977151737484443,False,65.8782028204531,65.71772598262665,,,,,,3.61,1.47,,3.6 km from a reliably-lit settlement
81.08.14.2005,resource_present_but_screened,19522.833048366087,16.1164005395375,3.558027472538393,0.9014299202566347,17.953712092910678,True,0.3636327440675267,False,90.65923065109692,50.10401317500217,,,,,,19.52,1.6,,"36% of village inside a protected area - non-viable without deep community and regulator engagement; flagged for policy pathway, not commercial deployment"
81.08.15.2001,solar_biomass_hybrid,20826.331108418977,16.86744386201549,3.637140226957605,0.9733328866056612,20.679706338782513,False,0.0,False,95.25974337966052,45.16465995931609,,,,,,20.83,1.69,,97% cropland/tree cover - sago/coconut residue
81.08.15.2002,solar_biomass_hybrid,34857.0540332226,14.696409742195605,4.25859571959503,0.980206683115272,17.65057508196985,False,0.0,False,93.12589254956633,55.2064225133263,,,,,,34.86,1.5899999999999999,,98% cropland/tree cover - sago/coconut residue
81.08.15.2003,solar_biomass_hybrid,45668.315690421514,3.4079275239198417,4.564378110773619,0.9831034933572566,13.112218830502252,False,0.0,False,82.20605273716625,73.73460376481525,,,,,,45.67,1.44,,98% cropland/tree cover - sago/coconut residue
81.08.15.2004,solar_biomass_hybrid,33795.40183220197,14.998475621781672,4.251684248620084,0.9890975129997073,18.512927860715862,False,0.0,False,95.61315522124207,52.79109887153193,,,,,,33.8,1.62,,99% cropland/tree cover - sago/coconut residue
81.08.16.2001,solar_biomass_hybrid,49846.345431485744,6.304522232111196,,0.9809059436522762,15.263482119721415,False,0.004165204669667973,False,98.88320692005819,47.82003104914183,,,,,,49.85,1.51,,98% cropland/tree cover - sago/coconut residue
81.08.16.2002,solar_biomass_hybrid,50386.41693685288,19.28715263563801,,0.9777430442287462,14.71005752430387,False,0.014725590150582817,False,89.83027779108005,46.91549361424445,,,,,,50.39,1.49,,98% cropland/tree cover - sago/coconut residue
81.08.16.2003,solar_biomass_hybrid,60551.92374885788,4.718405907316961,,0.9671296774456984,17.069591676561757,False,0.019825000060046626,False,92.1458542994185,36.39446582752524,,,,,,60.55,1.5699999999999998,,97% cropland/tree cover - sago/coconut residue
81.08.17.2001,grid_extension,3506.8073309279484,0.8399161924566756,,0.17927681112956978,5.436716811464399,False,0.0,False,1.166863410913719,,,,,,,3.51,1.18,,3.5 km from a reliably-lit settlement
81.08.17.2003,grid_extension,2670.6761374696857,1.2865284397898364,,0.5304592975449309,8.62368526033636,False,0.0,False,3.9085932666630123,87.19275549805954,,,,,,2.67,1.29,,2.7 km from a reliably-lit settlement
81.09.01.2001,micro_hydro,8239.799331977083,46.471243485402205,0.9329370109448266,0.9953460090273393,20.717911204051997,False,0.0,False,99.50591522379625,55.77671652092712,,,,,,8.24,1.69,,"~46 kW screening potential (capped catchment 25 km2, head 60 m); 24-h baseload"
81.09.01.2002,grid_extension,2986.6534051509893,43.698820588952664,0.7867425371388108,0.92827880321122,16.90282909386754,False,0.0,False,96.89847670775829,58.74619977790321,,,,,,2.99,1.56,,3.0 km from a reliably-lit settlement
81.09.01.2003,grid_extension,0.0,44.675095381914225,1.0396468005405224,0.9687231866909376,21.417714708631543,False,0.0,False,96.98519139558051,70.49500318602347,,,,,,0.0,1.71,,0.0 km from a reliably-lit settlement
81.09.01.2004,grid_extension,0.0,37.524969149083105,1.330365981128543,0.9847781155504085,20.661751127549408,False,0.0,False,99.20884326250119,62.81480323983647,,,,,,0.0,1.69,,0.0 km from a reliably-lit settlement
81.09.01.2005,grid_extension,0.0,43.058358411780965,0.9977977726835643,0.9823291885706026,20.157453483491963,False,0.0,False,99.50955519075036,79.07759731404764,,,,,,0.0,1.67,,0.0 km from a reliably-lit settlement
81.09.01.2006,grid_extension,3589.6023369587892,10.812696522371754,,0.9701444040274458,12.021025345753353,False,0.0,False,97.17885533933062,50.87669683257919,,,,,,3.59,1.4,,3.6 km from a reliably-lit settlement
81.09.01.2007,micro_hydro,9352.640145301219,41.6478577715811,0.7792699404627135,0.9891160034650986,18.58864963810429,False,0.0,False,98.72818185244829,37.549773445008945,,,,,,9.35,1.62,,"~42 kW screening potential (capped catchment 25 km2, head 60 m); 24-h baseload"
81.09.01.2008,micro_hydro,9919.248333417205,40.3024831706948,0.792470613229735,0.9830580045452089,18.24818821550253,False,0.0,False,98.84187879624001,50.703639308694825,,,,,,9.92,1.6099999999999999,,"~40 kW screening potential (capped catchment 25 km2, head 60 m); 24-h baseload"
81.09.01.2009,grid_extension,0.0,32.13949918782993,1.3685962024658072,0.8781134184972773,8.168227835262142,False,0.0,False,97.31554046359466,53.67340834311223,,,,,,0.0,1.27,,0.0 km from a reliably-lit settlement
81.09.01.2010,grid_extension,0.0,40.1959572409098,1.3685962024658072,0.9770371824350852,14.437325088638458,False,0.0,False,97.72799273316532,69.06236551091818,,,,,,0.0,1.48,,0.0 km from a reliably-lit settlement
81.09.01.2011,micro_hydro,6697.107262654526,40.53274822297498,0.7812709433764078,0.9905216348339662,15.93236725652626,False,0.0,False,99.60050398846542,62.226366638131346,,,,,,6.7,1.53,,"~41 kW screening potential (capped catchment 25 km2, head 60 m); 24-h baseload"
81.09.01.2012,grid_extension,0.0,0.31505864419734053,1.3685962024658072,0.8248545880718811,8.297795867800287,False,0.0,False,90.77450725015194,62.281270252754375,,,,,,0.0,1.28,,0.0 km from a reliably-lit settlement
81.09.01.2013,grid_extension,703.9627786680203,37.62722224461648,1.3685962024658072,0.9109997201507892,13.47361893857793,False,0.0,False,96.86769595417586,58.237012574622185,,,,,,0.7,1.45,,0.7 km from a reliably-lit settlement
81.09.01.2014,grid_extension,1991.1430134473014,38.42670983102821,1.3628354222505445,0.9948266324279655,17.719506306597808,False,0.0,False,99.19176222474574,67.54296996497493,,,,,,1.99,1.5899999999999999,,2.0 km from a reliably-lit settlement
81.09.01.2016,grid_extension,1794.746108437068,,,0.6867976718722988,2.80551140240365,False,0.0,False,80.89014279134041,52.077988712160085,,,,,,1.79,1.09,,1.8 km from a reliably-lit settlement
81.09.01.2017,solar_biomass_hybrid,9613.815200175475,0.3682706591205582,,0.9235672414774341,12.670639155582817,False,0.0,False,78.43806921675774,20.317460317460316,,,,,,9.61,1.42,,92% cropland/tree cover - sago/coconut residue
81.09.02.2001,solar_biomass_hybrid,24393.45056055006,15.57705987117733,2.5019042629610784,0.9957747630930723,18.420377577255323,False,0.0,False,99.49810969849709,36.62860232318104,,,,,,24.39,1.6099999999999999,,100% cropland/tree cover - sago/coconut residue
81.09.02.2002,micro_hydro,20143.210840984986,40.43737622925864,2.2567024414750927,0.995628398083584,20.98309508226087,False,0.0,False,99.68818090430493,11.416213382266216,,,,,,20.14,1.7,,"~40 kW screening potential (capped catchment 25 km2, head 60 m); 24-h baseload"
81.09.02.2003,micro_hydro,11834.169766506648,43.4145144072176,1.6874523358916396,0.9952061710593085,19.47492043578277,False,0.0,False,99.36453894530207,26.95401548550369,,,,,,11.83,1.65,,"~43 kW screening potential (capped catchment 25 km2, head 60 m); 24-h baseload"
81.09.02.2004,micro_hydro,12915.611437810445,41.77561423014781,1.4608763337654134,0.9923545584047181,19.38353036665909,False,0.0,False,99.31423640296316,30.22762679591485,,,,,,12.92,1.65,,"~42 kW screening potential (capped catchment 25 km2, head 60 m); 24-h baseload"
81.09.02.2005,micro_hydro,11363.217443658947,43.81824866372184,1.1493952551659692,0.9956843107976925,19.02439901271681,False,0.0,False,99.48918207391998,30.57882941995923,,,,,,11.36,1.63,,"~44 kW screening potential (capped catchment 25 km2, head 60 m); 24-h baseload"
81.09.02.2006,micro_hydro,19818.92145936554,37.07450618049044,0.9981144294403682,0.9791312894634076,18.152024142044723,False,0.0,False,97.18126607163235,54.4027381631489,,,,,,19.82,1.6099999999999999,,"~37 kW screening potential (capped catchment 25 km2, head 60 m); 24-h baseload"
81.09.02.2007,micro_hydro,10963.550035230377,43.483478371406534,0.9491090089004707,0.9959951006767663,20.59865309639209,False,0.0,False,99.50694164304478,75.86917497069167,,,,,,10.96,1.69,,"~43 kW screening potential (capped catchment 25 km2, head 60 m); 24-h baseload"
81.09.02.2008,micro_hydro,14471.793292254766,39.505672490519395,1.2525901278338274,0.9949954090821278,17.89521136300641,False,0.0,False,99.59221359103229,24.54707483792626,,,,,,14.47,1.6,,"~40 kW screening potential (capped catchment 25 km2, head 60 m); 24-h baseload"
81.09.02.2009,micro_hydro,15583.552988648,37.600880100555194,0.9698777946744753,0.988521690147366,16.879985571684895,False,0.0,False,97.74401713111672,72.18958849135072,,,,,,15.58,1.56,,"~38 kW screening potential (capped catchment 25 km2, head 60 m); 24-h baseload"
81.09.02.2010,micro_hydro,19517.093622082284,39.79571325908493,1.3980371624466594,0.9853881488683006,13.76642361925608,False,0.0,False,97.70650513836037,29.192519056904832,,,,,,19.52,1.46,,"~40 kW screening potential (capped catchment 25 km2, head 60 m); 24-h baseload"
81.09.02.2011,solar_biomass_hybrid,23403.15174087136,9.030222417816582,1.3980371624466594,0.980754202153728,12.49670529858401,False,0.0,False,96.23879885289656,60.71021648309913,,,,,,23.4,1.42,,98% cropland/tree cover - sago/coconut residue
81.09.03.2001,grid_extension,3982.194369942281,10.224874959818603,,0.9840477630577723,12.75532150828814,False,0.0,False,98.53584487448147,32.58237880679662,,,,,,3.98,1.43,,4.0 km from a reliably-lit settlement
81.09.03.2002,grid_extension,3790.9262967644204,9.660936054050701,,0.9757175629783882,12.205245865829012,False,0.0,False,98.12013808689265,40.82061222841453,,,,,,3.79,1.41,,3.8 km from a reliably-lit settlement
81.09.03.2003,solar_biomass_hybrid,5124.9131364589975,4.680564572177486,,0.9662037500536331,14.73582715280218,False,0.0,False,97.59313550232392,33.17511866100426,,,,,,5.12,1.49,,97% cropland/tree cover - sago/coconut residue
81.09.03.2004,grid_extension,3887.7214326003345,5.633252132698189,,0.9780821612526707,16.413794380499297,False,0.0,False,98.76651196995951,62.92200232828874,,,,,,3.89,1.55,,3.9 km from a reliably-lit settlement
81.09.03.2005,grid_extension,497.7640003053656,10.08579423643395,,0.9513050756913276,13.301933915313175,False,0.0,False,97.56658546211739,53.348741148701826,,,,,,0.5,1.44,,0.5 km from a reliably-lit settlement
81.09.03.2006,grid_extension,497.76528730918955,10.176029703950048,,0.9729635301289005,10.23264697268835,False,0.0,False,98.88874022537387,18.187001140250857,,,,,,0.5,1.34,,0.5 km from a reliably-lit settlement
81.09.03.2007,grid_extension,497.7640003053656,12.786142239669115,,0.9663241386829489,15.020907976838314,False,0.0,False,96.79982337837913,41.34051491078484,,,,,,0.5,1.5,,0.5 km from a reliably-lit settlement
81.09.04.2001,solar_biomass_hybrid,35547.284217644534,29.31205086726056,1.4936971119232167,0.9809009710083323,13.130859937867793,False,0.005740578615145374,False,96.86204539367347,77.37046070055213,,,,,,35.55,1.44,,98% cropland/tree cover - sago/coconut residue
81.09.04.2002,micro_hydro,39614.463414775986,35.70469778480763,1.5494500095104817,0.9857397859088927,18.328330457230237,False,0.002923459519204198,False,97.86407445068305,51.54687090861483,,,,,,39.61,1.6099999999999999,,"~36 kW screening potential (capped catchment 24 km2, head 60 m); 24-h baseload"
81.09.04.2003,solar_biomass_hybrid,41520.369120732474,16.577615879494044,1.765620645879905,0.9514823529411766,17.34318201101781,False,0.0020955574182732616,False,97.57210523916454,38.86288504503776,,,,,,41.52,1.58,,95% cropland/tree cover - sago/coconut residue
81.09.04.2004,solar_biomass_hybrid,43741.88217865402,29.144934510526568,1.9239158868071156,0.915967521798817,22.20371638248254,False,0.004706541476769274,False,94.29714072284561,64.58608078528408,,,,,,43.74,1.74,,92% cropland/tree cover - sago/coconut residue
81.09.04.2005,solar_battery,50081.96682190108,0.7521752641906858,2.0012279288052794,0.6055248314002399,11.39577816386476,False,0.04626756581578476,False,34.083104632400605,0.0,,,,,,50.08,1.38,,uniform equatorial irradiance; no discriminating alternative
81.09.04.2006,micro_hydro,38738.80776168615,37.12378397496762,1.6980423096981367,0.9604469697357838,16.410499540869207,False,0.0021477610410902746,False,96.26650299230009,90.09151078242498,,,,,,38.74,1.55,,"~37 kW screening potential (capped catchment 25 km2, head 60 m); 24-h baseload"
81.09.04.2007,micro_hydro,35271.68782952908,36.957403341600646,1.8460044042864008,0.9800099887775964,15.966036400813108,False,0.0009140831322198731,False,96.81562304105364,67.4274796614348,,,,,,35.27,1.53,,"~37 kW screening potential (capped catchment 25 km2, head 60 m); 24-h baseload"
81.09.04.2008,micro_hydro,31111.06370730515,40.37804517219744,1.4355859643894984,0.9776432842164194,16.288204425068844,False,0.00014678711175022296,False,98.42826645479226,75.74002088286726,,,,,,31.11,1.54,,"~40 kW screening potential (capped catchment 25 km2, head 60 m); 24-h baseload"
81.09.04.2009,micro_hydro,40409.81837684995,41.94386744287025,1.7083921287134327,0.9757007941788083,19.4433194708178,False,0.0017214017451218481,False,99.08224600664057,80.78246876606399,,,,,,40.41,1.65,,"~42 kW screening potential (capped catchment 25 km2, head 60 m); 24-h baseload"
81.09.04.2010,solar_battery,51222.530327239794,28.276815116695577,1.817996475584493,0.6127041986543098,10.638473681164491,False,0.0,False,57.18128640747182,30.211311507126155,,,,,,51.22,1.35,,uniform equatorial irradiance; no discriminating alternative
81.09.04.2011,micro_hydro,46115.223058660355,31.863904612172963,1.7930609918849276,0.9479230912866596,17.864839794028065,False,0.0016267246817985063,False,89.81878051678387,82.74573637675263,,,,,,46.12,1.6,,"~32 kW screening potential (capped catchment 25 km2, head 60 m); 24-h baseload"
81.09.04.2012,solar_biomass_hybrid,47406.31179874021,9.331276882542111,1.7066213627322904,0.9261073253833052,15.218186746304504,False,0.004258999593756961,False,87.08305621717606,79.42110076935495,,,,,,47.41,1.51,,93% cropland/tree cover - sago/coconut residue
81.09.04.2013,solar_biomass_hybrid,52552.30492581296,18.215825543624955,2.1440295683348127,0.9877080271205734,13.544778957337352,False,0.0026670249040858813,False,97.41030701364487,19.480907696706616,,,,,,52.55,1.45,,99% cropland/tree cover - sago/coconut residue
81.09.04.2014,micro_hydro,52721.48023487438,34.685260315875595,1.817996475584493,0.9340569329098458,13.10121193513642,False,0.004285791970852535,False,93.15381608687528,66.71863447876822,,,,,,52.72,1.44,,"~35 kW screening potential (capped catchment 25 km2, head 60 m); 24-h baseload"
81.09.04.2015,micro_hydro,29579.156476996177,39.2803249165282,1.1816322485980852,0.9003305437731669,18.027370987152292,False,0.0,False,92.28170382890036,68.4265281299969,,,,,,29.58,1.6,,"~39 kW screening potential (capped catchment 25 km2, head 60 m); 24-h baseload"
81.09.05.2001,micro_hydro,29645.872980326032,37.76034739130136,1.119715908139716,0.8892835180503196,16.361979863005885,False,0.0,False,92.26639400039946,81.41397149011428,,,,,,29.65,1.55,,"~38 kW screening potential (capped catchment 25 km2, head 60 m); 24-h baseload"
81.09.05.2002,micro_hydro,31277.062650307336,41.48304193491373,1.3276004050553833,0.9586803302484312,15.953377045868612,False,0.0,False,97.83440526997012,90.00014932282102,,,,,,31.28,1.53,,"~41 kW screening potential (capped catchment 25 km2, head 60 m); 24-h baseload"
81.09.05.2003,micro_hydro,31686.405380501907,46.67957687647278,1.0984058555014387,0.967022807733454,16.0803159653819,False,0.0,False,96.56342796957156,83.72269955267697,,,,,,31.69,1.54,,"~47 kW screening potential (capped catchment 25 km2, head 60 m); 24-h baseload"
81.09.05.2004,solar_biomass_hybrid,40966.73576818148,12.207810481864685,1.7848438660991444,0.7452244168815089,2.4248178265993534,False,0.0,False,70.58650401388368,77.50393287886735,,,,,,40.97,1.08,,75% cropland/tree cover - sago/coconut residue
81.09.05.2005,micro_hydro,36801.797983845165,34.34115566207812,1.7848438660991444,0.6769220395668416,15.558948462760114,False,0.0,False,79.72320523056342,83.45240838902974,,,,,,36.8,1.52,,"~34 kW screening potential (capped catchment 25 km2, head 60 m); 24-h baseload"
81.09.05.2006,solar_battery,30137.312562928117,18.925536310009246,1.635796223937387,0.6916197506254097,17.044124869522268,False,0.0,False,88.60543378499739,92.75487445139939,,,,,,30.14,1.5699999999999998,,uniform equatorial irradiance; no discriminating alternative
81.09.05.2007,micro_hydro,27828.26098366551,50.94230702762035,1.2563624225167789,0.828343491690546,19.089594163570897,False,0.0,False,98.15008788366748,98.39197881195612,,,,,,27.83,1.6400000000000001,,"~51 kW screening potential (capped catchment 25 km2, head 60 m); 24-h baseload"
81.09.05.2008,micro_hydro,19692.743928602227,46.64195562624884,,0.9287313876801743,13.946057801146441,False,0.0,False,96.15942814280281,39.10727530173289,,,,,,19.69,1.46,,"~47 kW screening potential (capped catchment 25 km2, head 60 m); 24-h baseload"
81.09.05.2009,solar_biomass_hybrid,17809.685005636682,4.22763744320756,,0.9563895089285713,17.668806474835726,False,0.0,False,95.51963125823085,9.774723176785036,,,,,,17.81,1.5899999999999999,,96% cropland/tree cover - sago/coconut residue
81.09.05.2010,micro_hydro,12691.193181690995,47.68676210029603,1.0332312673858728,0.9959866144740348,21.747681934161456,False,0.0,False,99.72794235994735,44.96513637537497,,,,,,12.69,1.72,,"~48 kW screening potential (capped catchment 25 km2, head 60 m); 24-h baseload"
81.09.05.2015,solar_biomass_hybrid,18364.735756930317,6.355432254381494,1.036134241568237,0.9777262071831219,16.953745364587437,False,0.0,False,99.21826607180661,43.873885858720264,,,,,,18.36,1.5699999999999998,,98% cropland/tree cover - sago/coconut residue
81.09.05.2016,micro_hydro,17983.12781513897,45.01811796136455,1.0067014347153673,0.9979348764578312,20.001764702811528,False,0.0,False,99.77157316334943,23.973058458640864,,,,,,17.98,1.67,,"~45 kW screening potential (capped catchment 25 km2, head 60 m); 24-h baseload"
81.09.05.2018,solar_biomass_hybrid,45865.05989176292,6.290520690473218,1.7836534680502576,0.9895324494068388,14.324801307137598,False,0.0,False,98.32842094892489,53.52285509765825,,,,,,45.87,1.48,,99% cropland/tree cover - sago/coconut residue
81.09.05.2023,solar_battery,59496.81430179686,2.536048777146068,,0.2858480428144318,6.373691324192522,False,0.0,False,18.353622201413135,86.50496710101926,,,,,,59.5,1.21,,uniform equatorial irradiance; no discriminating alternative
81.09.05.2024,micro_hydro,22539.061267330988,51.56019755326238,1.2272901862412784,0.9575910379852287,16.34227782965315,False,0.0,False,99.65022665179464,96.83524460110401,,,,,,22.54,1.54,,"~52 kW screening potential (capped catchment 25 km2, head 60 m); 24-h baseload"
81.09.05.2025,micro_hydro,40763.876833923074,38.3789013316729,1.6558691764973927,0.6780462477331389,11.116417143543575,False,0.0,False,64.75988519880265,46.55998315523506,,,,,,40.76,1.37,,"~38 kW screening potential (capped catchment 25 km2, head 60 m); 24-h baseload"
81.09.05.2029,solar_biomass_hybrid,55438.953790267136,6.689652440630981,1.7836534680502576,0.9007637819788393,13.49213224259271,False,0.0,False,90.37770934805049,71.0337672137333,,,,,,55.44,1.45,,90% cropland/tree cover - sago/coconut residue
81.09.05.2030,solar_biomass_hybrid,52773.00963605235,17.104849630235616,1.7836534680502576,0.8744846541456711,13.545960301373063,False,0.0,False,87.37094072367505,92.7180408062169,,,,,,52.77,1.45,,87% cropland/tree cover - sago/coconut residue
81.09.06.2001,micro_hydro,30659.220133896913,43.44050623661353,1.5908254419891767,0.5508417256650704,15.010972223460628,False,0.0,False,77.80296683258587,91.21202050062097,,,,,,30.66,1.5,,"~43 kW screening potential (capped catchment 25 km2, head 60 m); 24-h baseload"
81.09.06.2002,micro_hydro,33458.90451056154,45.46876217181332,1.0356184390105159,0.6337681149309965,13.14194652074806,False,0.0,False,73.09395853125503,77.18557310583667,,,,,,33.46,1.44,,"~45 kW screening potential (capped catchment 25 km2, head 60 m); 24-h baseload"
81.09.06.2003,micro_hydro,31959.462377655072,40.48091691979248,0.8123315358970067,0.4120563533889882,9.907541683941407,False,0.0,False,56.00257833362633,71.2640478758568,,,,,,31.96,1.33,,"~40 kW screening potential (capped catchment 25 km2, head 60 m); 24-h baseload"
81.09.06.2004,micro_hydro,25873.503969432706,45.466154667815466,0.8874353433577182,0.8602038821559949,16.283599782913104,False,0.0,False,87.22276496502329,40.50903372476628,,,,,,25.87,1.54,,"~45 kW screening potential (capped catchment 25 km2, head 60 m); 24-h baseload"
81.09.06.2005,micro_hydro,36243.823913530425,45.82068460528603,0.9065580806090069,0.5112710131695694,11.486605783610742,False,0.0,False,63.998491167758985,92.72322187187282,,,,,,36.24,1.38,,"~46 kW screening potential (capped catchment 25 km2, head 60 m); 24-h baseload"
81.09.06.2006,micro_hydro,32459.21286784385,49.32423217831885,0.7944119249439978,0.8591025834136595,15.033955871874902,False,0.0,False,96.98440106219458,71.96353033432369,,,,,,32.46,1.5,,"~49 kW screening potential (capped catchment 25 km2, head 60 m); 24-h baseload"
81.09.06.2007,micro_hydro,26555.38896433029,37.257935671929744,0.4314618441123536,0.7943838309640063,12.13077323842528,False,0.0,False,88.43054035748737,46.55425786990488,,,,,,26.56,1.4,,"~37 kW screening potential (capped catchment 25 km2, head 60 m); 24-h baseload"
81.09.06.2008,micro_hydro,25390.631837845234,38.01542772211649,0.5874602466117862,0.8536213931183357,9.910592366963824,False,0.0,False,96.27159093040265,31.814177178453356,,,,,,25.39,1.33,,"~38 kW screening potential (capped catchment 25 km2, head 60 m); 24-h baseload"
81.09.06.2009,micro_hydro,32330.946891822936,41.25123396821449,0.6057790075567224,0.8657962072594455,12.483828576925136,False,0.0,False,92.92518578970557,22.885162333120952,,,,,,32.33,1.42,,"~41 kW screening potential (capped catchment 25 km2, head 60 m); 24-h baseload"
81.09.06.2010,micro_hydro,30477.182304963822,44.20907040960083,1.368433244954354,0.7215380281148731,14.33517530070398,False,0.0,False,83.01196556297018,72.27245095863448,,,,,,30.48,1.48,,"~44 kW screening potential (capped catchment 25 km2, head 60 m); 24-h baseload"
81.71.01.1012,grid_extension,0.0,,5.031851222760292,0.009174311926605507,1.373341590412555,False,0.0,False,0.0,,,,,,,0.0,1.05,,0.0 km from a reliably-lit settlement
81.71.01.1013,wind_solar_hybrid,,0.07230000811465113,5.031851222760292,0.0,1.102279027629591,False,0.0,False,0.0,,,,,,,,1.04,,mean 50 m wind 5.0 m/s (ERA5 coarse - met mast required)
81.71.01.2001,grid_extension,0.0,0.7971102093832927,,0.9382955271453342,9.80977609572648,False,0.0,False,87.84498192157825,21.315570358034975,,,,,,0.0,1.33,,0.0 km from a reliably-lit settlement
81.71.02.1011,grid_extension,0.0,6.768415856763893,5.031851222760292,0.0073649754500818305,2.2098997699170724,False,0.0,False,0.0,,,,,,,0.0,1.07,,0.0 km from a reliably-lit settlement
81.71.02.1013,grid_extension,0.0,1.3154759713247641,5.031851222760292,0.4189115646258504,10.072342350863744,False,0.0,False,28.029891304347824,,,,,,,0.0,1.34,,0.0 km from a reliably-lit settlement
81.71.02.1017,grid_extension,0.0,0.500013047331772,5.031851222760292,0.04339686861810755,1.5676357444913487,False,0.0,False,0.0,,,,,,,0.0,1.05,,0.0 km from a reliably-lit settlement
81.71.05.2002,resource_present_but_screened,2489.0477282989173,5.2708979218952665,5.031851222760292,0.969768820391227,11.61528160653233,False,0.0,True,95.46317162851382,0.0,,,,,,2.49,1.3900000000000001,,"95% intact canopy, 0.0% loss since 2015 - non-viable without deep community and regulator engagement; flagged for policy pathway, not commercial deployment"
81.71.05.2003,grid_extension,1408.0250352887906,7.187588075311727,5.031851222760292,0.9901150886111701,12.639996527018807,False,0.0,False,98.22321403350186,86.78640153944836,,,,,,1.41,1.42,,1.4 km from a reliably-lit settlement
81.72.01.2001,grid_extension,0.0,3.6210993139228185,6.063876189657772,0.8318010369095178,3.3039474321426407,False,0.0,False,86.41912832652874,62.56873779881724,,,,,,0.0,1.11,,0.0 km from a reliably-lit settlement
81.72.01.2002,grid_extension,0.0,5.148178385043187,6.063876189657772,0.9139117472893228,2.584784901374536,False,0.0,False,88.55899301156565,44.93379712746857,,,,,,0.0,1.09,,0.0 km from a reliably-lit settlement
81.72.01.2003,grid_extension,0.0,1.3351879837741194,6.063876189657772,0.9009877588804742,2.585703664674544,False,0.0,False,91.81267543211699,79.49606299212599,,,,,,0.0,1.09,,0.0 km from a reliably-lit settlement
81.72.01.2004,grid_extension,0.0,0.33649710400597455,6.063876189657772,0.9468008520176042,2.917734657174662,False,0.0,False,93.6527257208595,73.53900919608425,,,,,,0.0,1.1,,0.0 km from a reliably-lit settlement
81.72.01.2005,grid_extension,2485.9464369732505,0.2578790486804351,,0.8621475785781735,1.9658079023723072,False,0.0,False,77.6410588521007,64.24887344589827,,,,,,2.49,1.07,,2.5 km from a reliably-lit settlement
81.72.01.2006,grid_extension,0.0,12.02042571002418,6.063876189657772,0.8374751304478395,2.721714695871369,False,0.0,False,88.03378299120234,45.3075093442066,,,,,,0.0,1.09,,0.0 km from a reliably-lit settlement
81.72.01.2007,grid_extension,0.0,9.635917080835489,6.063876189657772,0.8760558321385147,2.7693715399179855,False,0.0,False,82.50451187808949,59.186405559405046,,,,,,0.0,1.09,,0.0 km from a reliably-lit settlement
81.72.01.2008,grid_extension,2677.4362679156343,0.6509576258469375,,0.9179423600815081,2.6407783850103588,False,0.008438895603813753,False,93.02448296198378,61.028728214662856,,,,,,2.68,1.09,,2.7 km from a reliably-lit settlement
81.72.02.1003,grid_extension,0.0,0.39299081130267005,6.063876189657772,0.27541873687445584,2.905714095507595,False,0.0,False,6.9194943446440424,,,,,,,0.0,1.1,,0.0 km from a reliably-lit settlement
81.72.02.1004,grid_extension,0.0,0.7655191438741006,,0.5726596758817923,3.806343461551418,False,0.0,False,51.078506097560975,52.459016393442624,,,,,,0.0,1.13,,0.0 km from a reliably-lit settlement
81.72.02.1005,grid_extension,0.0,0.4750674615934606,6.063876189657772,0.2515965534718702,3.440588726548528,False,0.0,False,1.303657671653889,8.355091383812011,,,,,,0.0,1.11,,0.0 km from a reliably-lit settlement
81.72.02.2001,grid_extension,0.0,1.4784563917083087,6.063876189657772,0.6575944579735812,2.504144791290486,False,0.0,False,70.7232472324723,53.79358250425743,,,,,,0.0,1.08,,0.0 km from a reliably-lit settlement
81.72.02.2002,grid_extension,0.0,11.056366247024604,6.073190531209052,0.8348272977172224,2.6389666531102582,False,0.0,False,82.37297469857829,54.72091305571188,,,,,,0.0,1.09,,0.0 km from a reliably-lit settlement
81.72.03.2001,solar_biomass_hybrid,41358.226509365704,0.8506709040662179,,0.9582365934162471,2.527881740950319,False,0.004025615843920314,False,83.31665228645385,36.893939393939384,,,,,,41.36,1.08,,96% cropland/tree cover - sago/coconut residue
81.72.03.2002,solar_biomass_hybrid,39466.16096060966,0.34424596538267227,,0.9549373627470552,2.3605651901945133,False,0.010824131262087474,False,87.22901187200934,37.94383847760504,,,,,,39.47,1.08,,95% cropland/tree cover - sago/coconut residue
81.72.03.2003,solar_biomass_hybrid,46004.611332724024,1.4641253159495493,,0.9448496219942061,3.7433725638035584,False,0.007151585883141042,False,89.0030227293545,23.09794490599038,,,,,,46.0,1.12,,94% cropland/tree cover - sago/coconut residue
81.72.03.2004,solar_biomass_hybrid,41371.7726979625,0.6441982712978639,,0.9142808299292797,2.57245180963064,False,0.039516285040317095,False,77.75568322408523,48.18855348023115,,,,,,41.37,1.09,,91% cropland/tree cover - sago/coconut residue
81.72.03.2005,solar_biomass_hybrid,43395.25520578258,0.7750407247161968,,0.9386568805947502,3.2737438225449345,False,0.012806896093920396,False,85.52063231661346,40.827767175572546,,,,,,43.4,1.11,,94% cropland/tree cover - sago/coconut residue
81.72.04.2001,solar_biomass_hybrid,84778.13359974523,4.777954256783964,,0.9645086043748075,4.7455514042359725,False,0.0,False,84.15293330516235,56.62737205290396,,,,,,84.78,1.16,,96% cropland/tree cover - sago/coconut residue
81.72.04.2002,solar_battery,91889.35147519133,0.5545774812044062,,0.676306566233565,9.470208929169523,False,0.015093280150255095,False,40.71039045322019,35.80419580419581,,,,,,91.89,1.32,,uniform equatorial irradiance; no discriminating alternative
81.72.04.2004,solar_biomass_hybrid,86732.4538253271,1.6470231383127905,,0.8623378733313481,6.560996959433739,False,0.01004630507189472,False,68.1711114119399,32.05148328362897,,,,,,86.73,1.22,,86% cropland/tree cover - sago/coconut residue
81.72.04.2012,resource_present_but_screened,89224.6544550608,0.9261981400289949,,0.5895941727367326,6.315524102560948,False,0.0936134803411691,True,63.73374934997399,0.0,,,,,,89.22,1.21,,"64% intact canopy, 0.0% loss since 2015 - non-viable without deep community and regulator engagement; flagged for policy pathway, not commercial deployment"
81.72.05.2001,solar_biomass_hybrid,85025.39198380683,3.5904792902178593,,0.979184355584307,7.414489358594875,False,0.0027895318437862163,False,78.97123528579418,69.20000000000002,,,,,,85.03,1.25,,98% cropland/tree cover - sago/coconut residue
81.72.05.2002,solar_biomass_hybrid,85277.72931996225,4.283500108036378,,0.9790180294819918,8.984032052915385,False,0.002687749295895463,False,85.76667381514046,40.76186131386862,,,,,,85.28,1.3,,98% cropland/tree cover - sago/coconut residue
81.72.05.2003,solar_biomass_hybrid,85078.56997046171,3.003917187344604,,0.9917164226901699,10.384215445974817,False,0.0013094594209912033,False,96.96993417541361,46.32615517801105,,,,,,85.08,1.35,,99% cropland/tree cover - sago/coconut residue
81.72.05.2004,solar_biomass_hybrid,84687.6116765869,5.220819291082803,,0.938193651392015,9.956391070385129,False,0.0,False,77.97820326618404,39.135869989842966,,,,,,84.69,1.33,,94% cropland/tree cover - sago/coconut residue
81.72.05.2005,solar_biomass_hybrid,86614.00560821558,1.6064059357177856,,0.8449814790020974,11.68784412240855,False,0.0009483960948396093,False,78.70595586102249,17.126756544689357,,,,,,86.61,1.3900000000000001,,84% cropland/tree cover - sago/coconut residue
81.72.05.2006,solar_biomass_hybrid,82956.07727888295,,,0.7628213579433091,10.210372986658708,False,0.005801687763713079,False,14.739701461047524,0.0,,,,,,82.96,1.34,,76% cropland/tree cover - sago/coconut residue
81.72.05.2007,solar_biomass_hybrid,76951.76473153086,0.2501942156904894,,0.8240319166755492,2.1698763855207543,False,0.019933301862370367,False,29.02867405333008,82.3041474654378,,,,,,76.95,1.07,,82% cropland/tree cover - sago/coconut residue
