kode_desa,valid_obs,rad_median,lit_months,rad_cv,lit_fraction,built_m2,l1_class,name,kecamatan,kabupaten,esdm_hydro_dist_m,esdm_hydro_mw,esdm_hydro_class,esdm_hydro_desa,esdm_hydro_kab,esdm_offgrid_dist_m,esdm_offgrid_type,esdm_offgrid_kw,esdm_offgrid_desa,esdm_offgrid_year,esdm_substation_dist_m,esdm_substation_name,esdm_substation_mva,esdm_substation_kv,esdm_substation_status,esdm_powerplant_dist_m,esdm_powerplant_name,esdm_powerplant_mw,esdm_powerplant_type,esdm_powerplant_fuel,esdm_solar_zone,esdm_solar_kwh_m2,esdm_solar_pot_gwp,lat,lon
81.01.01.1009,22,0.34990097577054574,17,0.7320114799406157,0.7727272727272727,38491.074509803926,intermittent,Hollo,Amahai,Maluku Tengah,6296.6826200354935,0,Mikro Hidro Kelas A (PLTMH),Nuweletetu,Maluku Tengah,152794.70722373686,PLTMH,30.0,Tahalupu,2014,90238.51936126866,GI 150 kV PLTMG Ambon Peaker,0.0,150 kV,Operasi,17283.795275471537,PLTMG Seram Unit 2,11.918,PLTMG,Gas,True,4.25099993,0.17429100000000003,-3.2444118552572268,129.08936575076467
81.01.01.2001,22,0.20946956534737526,5,0.5191858613447146,0.22727272727272727,172303.11372549017,intermittent,Tamilouw,Amahai,Maluku Tengah,2601.5528970287396,0,Mikro Hidro Kelas A (PLTMH),Tamilouw,Maluku Tengah,175974.73146282494,PLTMH,30.0,Tahalupu,2014,112124.09224422797,GI 150 kV PLTMG Ambon Peaker,0.0,150 kV,Operasi,25041.097579684192,PLTD Tehoru,1.7000000000000002,PLTD,HSD,True,2.78200006,0.11406200000000001,-3.242390875686588,129.29818883159496
81.01.01.2002,22,0.2609035278553747,9,0.5785183271409217,0.4090909090909091,168229.0549019608,intermittent,Sepa,Amahai,Maluku Tengah,8734.62961886864,0,Mikro Hidro Kelas A (PLTMH),Nuweletetu,Maluku Tengah,151484.90523020033,PLTMH,30.0,Tahalupu,2014,88014.72423372493,GI 150 kV PLTMG Ambon Peaker,0.0,150 kV,Operasi,15115.70800218184,PLTMG Seram Unit 2,11.918,PLTMG,Gas,True,4.33549976,0.177755,-3.2679486865785714,129.07712059657797
81.01.01.2003,22,0.27088710726887805,10,0.6075819647828333,0.45454545454545453,195646.25098039213,intermittent,Rutah,Amahai,Maluku Tengah,15005.10220291418,0,Mikro Hidro Kelas A (PLTMH),Layeni,Maluku Tengah,143796.34841555904,PLTMH,30.0,Tahalupu,2014,77778.44037632202,GI 150 kV PLTMG Ambon Peaker,0.0,150 kV,Operasi,7303.830344500494,PLTMG Seram Unit 2,11.918,PLTMG,Gas,True,4.43949986,0.182019,-3.3377374348567836,129.003906835248
81.01.01.2004,22,0.6487199375751405,14,0.8368404621934675,0.6363636363636364,152207.93333333335,intermittent,Soahuku,Amahai,Maluku Tengah,18701.66199874144,0,Mikro Hidro Kelas A (PLTMH),Layeni,Maluku Tengah,135424.6544373059,PLTMH,30.0,Tahalupu,2014,69499.38450171503,GI 150 kV PLTMG Ambon Peaker,0.0,150 kV,Operasi,4734.256611265758,PLTD BGP Masohi,2.6,PLTD,HSD,True,4.472000120000001,0.18335199000000002,-3.3445689974609953,128.92758644794057
81.01.01.2005,22,0.48448444521151846,16,0.5459975276112783,0.7272727272727273,151018.99215686278,intermittent,Amahai,Amahai,Maluku Tengah,13367.57109345973,0,Mikro Hidro Kelas A (PLTMH),Layeni,Maluku Tengah,140887.20479723788,PLTMH,30.0,Tahalupu,2014,75927.25971206122,GI 150 kV PLTMG Ambon Peaker,0.0,150 kV,Operasi,3847.648981814383,PLTMG Seram Unit 2,11.918,PLTMG,Gas,True,4.40700006,0.18068700000000001,-3.3169480883435707,128.9792070818221
81.01.01.2006,22,1.0383803051282028,18,0.5672813790641527,0.8181818181818182,304171.8980392157,lit_stable,Haruru,Amahai,Maluku Tengah,9745.45826819676,0,Mikro Hidro Kelas A (PLTMH),Layeni,Maluku Tengah,142092.7566993824,PLTMH,30.0,Tahalupu,2014,78427.8159997659,GI 150 kV PLTMG Ambon Peaker,0.0,150 kV,Operasi,5469.240161138068,PLTMG Seram Unit 2,11.918,PLTMG,Gas,True,4.34200001,0.178022,-3.28682459866778,128.99178566582276
81.01.01.2007,22,0.8397440217325168,18,0.6134189754987741,0.8181818181818182,43495.17254901961,intermittent,Sehati,Amahai,Maluku Tengah,9021.475935789707,0,Mikro Hidro Kelas A (PLTMH),Layeni,Maluku Tengah,140658.04787895636,PLTMH,30.0,Tahalupu,2014,77693.1496583755,GI 150 kV PLTMG Ambon Peaker,0.0,150 kV,Operasi,5083.633795304601,PLTMG Seram Unit 2,11.918,PLTMG,Gas,True,4.329,0.177489,-3.274170179462147,128.97935262950037
81.01.01.2008,22,0.430539851044367,17,0.5342312347349261,0.7727272727272727,142672.49411764703,lit_stable,Makariki,Amahai,Maluku Tengah,6087.236545909103,0,Mikro Hidro Kelas A (PLTMH),Layeni,Maluku Tengah,143467.85954382384,PLTMH,30.0,Tahalupu,2014,81103.1191785469,GI 150 kV PLTMG Ambon Peaker,0.0,150 kV,Operasi,8528.542805152641,PLTMG Seram Unit 2,11.918,PLTMG,Gas,True,4.28999996,0.17589000000000002,-3.2565107135324336,129.00515866900275
81.01.01.2010,22,0.6977464783359582,19,0.4983243913320231,0.8636363636363636,15105.75294117647,lit_stable,Yafila,Amahai,Maluku Tengah,4653.435030393954,0,Mikro Hidro Kelas A (PLTMH),Sepa,Maluku Tengah,150035.0338229042,PLTMH,30.0,Tahalupu,2014,88550.0512514407,GI 150 kV PLTMG Ambon Peaker,0.0,150 kV,Operasi,15904.795532849652,PLTMG Seram Unit 2,11.918,PLTMG,Gas,True,4.2249999,0.17322500000000002,-3.2250575862706636,129.06456889547815
81.01.01.2011,22,0.4111049845314665,18,0.460664414661659,0.8181818181818182,36603.34901960784,lit_stable,Banda Baru,Amahai,Maluku Tengah,6108.270782469589,0,Mikro Hidro Kelas A (PLTMH),Nuweletetu,Maluku Tengah,152545.3315422678,PLTMH,30.0,Tahalupu,2014,90850.48819626041,GI 150 kV PLTMG Ambon Peaker,0.0,150 kV,Operasi,18035.077070262338,PLTMG Seram Unit 2,11.918,PLTMG,Gas,True,4.19899988,0.172159,-3.2249964562291247,129.0871802896031
81.01.01.2020,22,0.20570981680945694,5,0.8001622554235607,0.22727272727272727,0.0,data_gap,Yainuelo,Amahai,Maluku Tengah,16072.318632952645,0,Mikro Hidro Kelas A (PLTMH),Nuweletetu,Maluku Tengah,150109.74935078737,PLTMH,30.0,Tahalupu,2014,83622.16876211221,GI 150 kV PLTMG Ambon Peaker,0.0,150 kV,Operasi,13332.742673608536,PLTMG Seram Unit 2,11.918,PLTMG,Gas,True,4.47849989,0.18361899,-3.34314129172377,129.0605271237242
81.01.01.2021,22,0.2540572077191742,4,0.3899428891752715,0.18181818181818182,8726.729411764707,intermittent,Nua Nea,Amahai,Maluku Tengah,156155.73082272947,0,Mikro Hidro Kelas A (PLTMH),Wanuwui,Maluku Barat Daya,204598.82483750107,PLTS Terpusat,15.0,Wunlah,2012,339328.6501852167,GI 150 kV Sirimau,0.0,150 kV,Operasi,154918.27023275977,PLTD Tepa,1.1,PLTD,HSD,False,,,-6.480076798264099,129.46185936945267
81.01.01.2022,22,0.2808464216970586,11,0.49379969744334107,0.5,11552.890196078431,intermittent,Hatuhenu,Amahai,Maluku Tengah,8627.11815872073,0,Mikro Hidro Kelas A (PLTMH),Layeni,Maluku Tengah,146942.66195435092,PLTMH,30.0,Tahalupu,2014,83268.5932256478,GI 150 kV PLTMG Ambon Peaker,0.0,150 kV,Operasi,10349.879122600589,PLTMG Seram Unit 2,11.918,PLTMG,Gas,True,4.33549976,0.177755,-3.2795988490384573,129.03580491773963
81.01.01.2023,22,0.20401992437075173,5,0.4964095563482188,0.22727272727272727,86822.0156862745,intermittent,Nuweletetu,Amahai,Maluku Tengah,2965.6766743060634,0,Mini Hidro (PLTM),Nuweletetu,Maluku Tengah,157085.55730081626,PLTMH,30.0,Tahalupu,2014,96708.29588341358,GI 150 kV PLTMG Ambon Peaker,0.0,150 kV,Operasi,24132.617252184016,PLTMG Seram Unit 2,11.918,PLTMG,Gas,True,3.84150004,0.157502,-3.185706745893658,129.12737717346303
81.01.02.2001,22,0.34421757325675795,14,0.7029342154284342,0.6363636363636364,27823.545098039216,intermittent,Usliapan,Teon Nila Serua,Maluku Tengah,5104.442118674803,0,Mikro Hidro Kelas A (PLTMH),Layeni,Maluku Tengah,139997.53784256033,PLTMH,30.0,Tahalupu,2014,80291.33617948553,GI 150 kV PLTMG Ambon Peaker,6000000.0,150 kV,Operasi,11181.634944823123,PLTMG Seram Unit 2,11.918,PLTMG,Gas,True,4.28999996,0.17589000000000002,-3.2091791042362225,128.97398964374304
81.01.02.2002,22,0.3939323298689119,15,0.7762726673373674,0.6818181818181818,15713.427450980393,intermittent,Kuralele,Teon Nila Serua,Maluku Tengah,4937.311065782383,0,Mikro Hidro Kelas A (PLTMH),Layeni,Maluku Tengah,140301.76446823427,PLTMH,30.0,Tahalupu,2014,80230.32482637807,GI 150 kV PLTMG Ambon Peaker,6000000.0,150 kV,Operasi,10581.25349863413,PLTMG Seram Unit 2,11.918,PLTMG,Gas,True,4.30950022,0.17669,-3.215711617640967,128.97682267652667
81.01.02.2003,22,0.4870485612656284,15,0.8278280787304682,0.6818181818181818,23612.96862745098,intermittent,Kokroman,Teon Nila Serua,Maluku Tengah,3404.2785544424646,0,Mikro Hidro Kelas A (PLTMH),Layeni,Maluku Tengah,141773.44234440412,PLTMH,30.0,Tahalupu,2014,81739.09784147397,GI 150 kV PLTMG Ambon Peaker,0.0,150 kV,Operasi,11544.315149503356,PLTMG Seram Unit 2,11.918,PLTMG,Gas,True,4.27050018,0.17509100000000002,-3.2116557040697313,128.9900266731291
81.01.02.2004,22,0.4398156882585898,14,0.6931778319654147,0.6363636363636364,29959.168627450978,intermittent,Messa,Teon Nila Serua,Maluku Tengah,2921.423573662387,0,Mikro Hidro Kelas A (PLTMH),Layeni,Maluku Tengah,142891.50410485317,PLTMH,30.0,Tahalupu,2014,82256.05723175587,GI 150 kV PLTMG Ambon Peaker,0.0,150 kV,Operasi,11132.043887943557,PLTMG Seram Unit 2,11.918,PLTMG,Gas,True,4.28999996,0.17589000000000002,-3.2214216727300715,129.00020318925493
81.01.02.2005,22,0.4849311569717262,16,0.7571201097380169,0.7272727272727273,17594.631372549018,intermittent,Ameth,Teon Nila Serua,Maluku Tengah,1977.183035229979,0,Mikro Hidro Kelas A (PLTMH),Layeni,Maluku Tengah,143333.95980771375,PLTMH,30.0,Tahalupu,2014,83092.1856036513,GI 150 kV PLTMG Ambon Peaker,0.0,150 kV,Operasi,12212.769252682398,PLTMG Seram Unit 2,11.918,PLTMG,Gas,True,4.25099993,0.17429100000000003,-3.2123872925595176,129.0040946914911
81.01.02.2006,22,0.38304488376914403,16,0.6480673689369161,0.7272727272727273,32108.8,intermittent,Waru,Teon Nila Serua,Maluku Tengah,1466.2903340766475,0,Mikro Hidro Kelas A (PLTMH),Layeni,Maluku Tengah,143764.68793079292,PLTMH,30.0,Tahalupu,2014,84176.29643915276,GI 150 kV PLTMG Ambon Peaker,6000000.0,150 kV,Operasi,13785.803321191404,PLTMG Seram Unit 2,11.918,PLTMG,Gas,True,4.21850014,0.172959,-3.1980796820223762,129.0076969559328
81.01.02.2007,22,0.5980698463150904,16,0.8621313249906041,0.7272727272727273,15090.61176470588,intermittent,Bumey,Teon Nila Serua,Maluku Tengah,973.8705925354632,0,Mikro Hidro Kelas A (PLTMH),Layeni,Maluku Tengah,144221.51306754554,PLTMH,30.0,Tahalupu,2014,84095.06433420733,GI 150 kV PLTMG Ambon Peaker,0.0,150 kV,Operasi,13094.137722450016,PLTMG Seram Unit 2,11.918,PLTMG,Gas,True,4.23799992,0.17375800000000002,-3.208054819200084,129.01202278803322
81.01.02.2008,22,0.5381913506162449,17,0.6937751134782957,0.7727272727272727,18515.129411764705,intermittent,Sifluru,Teon Nila Serua,Maluku Tengah,1589.9429393492285,0,Mikro Hidro Kelas A (PLTMH),Layeni,Maluku Tengah,144326.80954414094,PLTMH,30.0,Tahalupu,2014,83784.58954582301,GI 150 kV PLTMG Ambon Peaker,0.0,150 kV,Operasi,12402.050380318073,PLTMG Seram Unit 2,11.918,PLTMG,Gas,True,4.27050018,0.17509100000000002,-3.216425313349797,129.01308805358644
81.01.02.2009,22,0.5289793044948279,16,0.6592773375758013,0.7272727272727273,107758.68627450985,intermittent,Layeni,Teon Nila Serua,Maluku Tengah,352.21623887777463,0,Mikro Hidro Kelas B (PLTMH),Layeni,Maluku Tengah,145841.03168681022,PLTMH,30.0,Tahalupu,2014,85923.95116661792,GI 150 kV PLTMG Ambon Peaker,0.0,150 kV,Operasi,14744.566481514199,PLTMG Seram Unit 2,11.918,PLTMG,Gas,True,4.19899988,0.172159,-3.200100182116831,129.0264530161016
81.01.02.2010,22,0.46420148956894636,16,0.7079665017471669,0.7272727272727273,18142.60392156863,intermittent,Wotay,Teon Nila Serua,Maluku Tengah,2140.7215213185227,0,Mikro Hidro Kelas A (PLTMH),Layeni,Maluku Tengah,144709.8504648207,PLTMH,30.0,Tahalupu,2014,83827.36680636254,GI 150 kV PLTMG Ambon Peaker,0.0,150 kV,Operasi,12094.882976296934,PLTMG Seram Unit 2,11.918,PLTMG,Gas,True,4.27050018,0.17509100000000002,-3.22272030700415,129.01659047247222
81.01.02.2011,22,0.5143508229979465,17,0.5789910098877836,0.7727272727272727,33541.44313725489,lit_stable,Issu,Teon Nila Serua,Maluku Tengah,2525.048902606011,0,Mikro Hidro Kelas A (PLTMH),Layeni,Maluku Tengah,145494.79072470174,PLTMH,30.0,Tahalupu,2014,84377.72661108845,GI 150 kV PLTMG Ambon Peaker,0.0,150 kV,Operasi,12346.751929613029,PLTMG Seram Unit 2,11.918,PLTMG,Gas,True,4.26399994,0.174824,-3.2260583833323064,129.02367606309306
81.01.02.2012,22,0.5184062121882185,15,0.7294543279935924,0.6818181818181818,29916.42352941176,intermittent,Lesluru,Teon Nila Serua,Maluku Tengah,2231.1631976585068,0,Mikro Hidro Kelas B (PLTMH),Layeni,Maluku Tengah,147337.02361100115,PLTMH,30.0,Tahalupu,2014,86645.46700052368,GI 150 kV PLTMG Ambon Peaker,0.0,150 kV,Operasi,14651.468185381491,PLTMG Seram Unit 2,11.918,PLTMG,Gas,True,4.20550013,0.172426,-3.2131900593325358,129.040165809826
81.01.02.2013,22,0.47666778134485266,17,0.5666818645639403,0.7727272727272727,82352.96862745099,lit_stable,Watludan,Teon Nila Serua,Maluku Tengah,4040.387136369925,0,Mikro Hidro Kelas A (PLTMH),Layeni,Maluku Tengah,147924.69811154518,PLTMH,30.0,Tahalupu,2014,86437.19326048638,GI 150 kV PLTMG Ambon Peaker,0.0,150 kV,Operasi,13927.592972361763,PLTMG Seram Unit 2,11.918,PLTMG,Gas,True,4.24450016,0.174025,-3.2292064565753913,129.04556998256712
81.01.02.2014,22,0.5840547267613226,19,0.4907135466760066,0.8636363636363636,17576.733333333334,lit_stable,Trana,Teon Nila Serua,Maluku Tengah,4109.4109235171545,0,Mikro Hidro Kelas A (PLTMH),Sepa,Maluku Tengah,149038.5601803033,PLTMH,30.0,Tahalupu,2014,87633.34469105322,GI 150 kV PLTMG Ambon Peaker,0.0,150 kV,Operasi,15081.849744217705,PLTMG Seram Unit 2,11.918,PLTMG,Gas,True,4.23150015,0.173492,-3.225229929483024,129.05559377942672
81.01.02.2015,22,0.5213800942905399,19,0.5414866674236654,0.8636363636363636,39124.71764705883,lit_stable,Jerili,Teon Nila Serua,Maluku Tengah,3449.652395531435,0,Mikro Hidro Kelas A (PLTMH),Sepa,Maluku Tengah,149363.9608369069,PLTMH,30.0,Tahalupu,2014,88347.90910876683,GI 150 kV PLTMG Ambon Peaker,0.0,150 kV,Operasi,15958.083759327015,PLTMG Seram Unit 2,11.918,PLTMG,Gas,True,4.21199989,0.172692,-3.216034911793856,129.0584581193243
81.01.02.2016,22,0.3012351342735725,11,0.6274437353893683,0.5,29818.482352941177,intermittent,Nakupia,Teon Nila Serua,Maluku Tengah,3167.309677327279,0,Mikro Hidro Kelas A (PLTMH),Nuweletetu,Maluku Tengah,142065.31645383453,PLTMH,30.0,Tahalupu,2014,83059.68786300997,GI 150 kV PLTMG Ambon Peaker,6000000.0,150 kV,Operasi,13810.022427333504,PLTMG Seram Unit 2,11.918,PLTMG,Gas,True,4.21199989,0.172692,-3.190410836828955,128.99216880938707
81.01.06.2001,22,0.20639175920793956,6,0.7761628351209262,0.2727272727272727,189246.47450980393,intermittent,Wahai,Seram Utara,Maluku Tengah,10575.702289948027,0,Mikro Hidro Kelas A (PLTMH),Manusela,Maluku Tengah,192412.81227102093,PLTMH,30.0,Tahalupu,2014,141685.86765216358,GI 150 kV PLTMG Ambon Peaker,6000000.0,150 kV,Operasi,11958.947288194884,PLTD Wahai,1.0,PLTD,HSD,True,4.03649998,0.16549601000000003,-2.852393603693211,129.40434404000248
81.01.06.2002,22,0.4779815448756011,14,0.8209342337137447,0.6363636363636364,14822.003921568627,intermittent,Air Besar,Seram Utara,Maluku Tengah,8193.575285229184,0,Mikro Hidro Kelas A (PLTMH),Manusela,Maluku Tengah,206173.5443194838,PLTMH,30.0,Tahalupu,2014,155440.81073734758,GI 150 kV PLTMG Ambon Peaker,6000000.0,150 kV,Operasi,3022.389641483447,PLTD Wahai,1.0,PLTD,HSD,True,4.35500002,0.17855500000000002,-2.8037763837174667,129.52027681652638
81.01.06.2003,22,0.23335534265013697,5,0.7504086670584594,0.22727272727272727,51699.20392156862,intermittent,Pasahari,Seram Utara,Maluku Tengah,13979.633127743882,0,Mikro Hidro Kelas A (PLTMH),Manusela,Maluku Tengah,215917.56657541412,PLTMH,30.0,Tahalupu,2014,162844.473808509,GI 150 kV PLTMG Ambon Peaker,6000000.0,150 kV,Operasi,14435.743156669816,PLTD Wahai,1.0,PLTD,HSD,True,4.26399994,0.174824,-2.8370028790088857,129.61752374681114
81.01.06.2007,22,0.21279158447951527,3,0.4543391298162894,0.13636363636363635,7538.0,dark_settled,Manusela,Seram Utara,Maluku Tengah,1441.9495202721562,0,Mikro Hidro Kelas C (PLTMH),Manusela,Maluku Tengah,208180.8986683081,PLTMH,30.0,Tahalupu,2014,150872.29136298384,GI 150 kV PLTMG Ambon Peaker,0.0,150 kV,Operasi,22954.427280441945,PLTD Wahai,1.0,PLTD,HSD,True,3.4124999,0.13991299,-2.985570422721266,129.57213058822924
81.01.06.2009,22,0.19568784529502395,3,0.5962940764988514,0.13636363636363635,150.7450980392157,data_gap,Kaloa,Seram Utara,Maluku Tengah,11551.075855566618,0,Mikro Hidro Kelas B (PLTMH),Manusela,Maluku Tengah,219681.10648057554,PLTMH,30.0,Tahalupu,2014,164089.71457047583,GI 150 kV PLTMG Ambon Peaker,0.0,150 kV,Operasi,22323.608739626015,PLTD Wahai,1.0,PLTD,HSD,True,3.9260001200000003,0.16096599,-2.9021465340297286,129.6642651261502
81.01.06.2010,22,0.21864274586036964,4,0.4535241084047636,0.18181818181818182,9092.0,intermittent,Kanikeh,Seram Utara,Maluku Tengah,1284.3802358100543,0,Mikro Hidro Kelas C (PLTMH),Kanikeh,Maluku Tengah,210349.19683235933,PLTMH,30.0,Tahalupu,2014,148713.0762820803,GI 150 kV PLTMG Ambon Peaker,0.0,150 kV,Operasi,26001.460996213857,PLTD Tehoru,1.7000000000000002,PLTD,HSD,True,3.4254999199999996,0.14044601,-3.119362743339974,129.60454631053577
81.01.06.2011,22,0.21575344630017895,2,0.6150611604951902,0.09090909090909091,6819.576470588236,dark_settled,Roho,Seram Utara,Maluku Tengah,9085.437544883855,0,Mikro Hidro Kelas C (PLTMH),Kanikeh,Maluku Tengah,191536.04565408663,PLTMH,30.0,Tahalupu,2014,137793.20747726754,GI 150 kV PLTMG Ambon Peaker,6000000.0,150 kV,Operasi,17883.99221646846,PLTD Wahai,1.0,PLTD,HSD,True,3.6270000899999997,0.148707,-2.9321935112214956,129.41227078662806
81.01.06.2012,22,0.20139395741259558,2,0.6687478127803299,0.09090909090909091,17826.86274509804,dark_settled,Huaulu,Seram Utara,Maluku Tengah,7130.051673243003,0,Mikro Hidro Kelas A (PLTMH),Nuweletetu,Maluku Tengah,171406.9745529439,PLTMH,30.0,Tahalupu,2014,116626.08460033553,GI 150 kV PLTMG Ambon Peaker,6000000.0,150 kV,Operasi,30661.57015316425,PLTD Pasanea,1.6,PLTD,HSD,True,2.9509999799999997,0.120991,-3.0193319655133997,129.24251840781108
81.01.06.2021,22,0.33603449114437756,12,0.8833829806798426,0.5454545454545454,10192.482352941175,intermittent,Rumahsokat,Seram Utara,Maluku Tengah,15118.642722185117,0,Mikro Hidro Kelas A (PLTMH),Manusela,Maluku Tengah,190172.3050008824,PLTMH,30.0,Tahalupu,2014,141327.4814746297,GI 150 kV PLTMG Ambon Peaker,6000000.0,150 kV,Operasi,13545.061457515536,PLTD Wahai,1.0,PLTD,HSD,True,4.27050018,0.17509100000000002,-2.814514717958859,129.37460530870385
81.01.06.2022,22,0.22859505587880966,8,0.8033606455557888,0.36363636363636365,74465.25098039216,intermittent,Sawai,Seram Utara,Maluku Tengah,13900.144097764069,0,Mikro Hidro Kelas A (PLTMH),Nuweletetu,Maluku Tengah,173107.1118616318,PLTMH,30.0,Tahalupu,2014,121090.73441476468,GI 150 kV PLTMG Ambon Peaker,6000000.0,150 kV,Operasi,25691.23159087457,PLTD Pasanea,1.6,PLTD,HSD,True,3.5750000500000003,0.146575,-2.950436981633178,129.2469447441539
81.01.06.2044,22,0.36602403762248853,13,0.9111134936460262,0.5909090909090909,31030.6431372549,intermittent,Besi,Seram Utara,Maluku Tengah,14032.190681764441,0,Mikro Hidro Kelas A (PLTMH),Nuweletetu,Maluku Tengah,169860.9628783057,PLTMH,30.0,Tahalupu,2014,118802.99717790287,GI 150 kV PLTMG Ambon Peaker,6000000.0,150 kV,Operasi,22272.619726187833,PLTD Pasanea,1.6,PLTD,HSD,True,3.65949988,0.150039,-2.940462804718534,129.2153210671637
81.01.06.2045,22,0.281729420217321,11,0.8327160872156587,0.5,95413.20392156864,intermittent,Malaku,Seram Utara,Maluku Tengah,12698.829594574567,0,Mikro Hidro Kelas A (PLTMH),Manusela,Maluku Tengah,194260.454452901,PLTMH,30.0,Tahalupu,2014,145335.98126855193,GI 150 kV PLTMG Ambon Peaker,6000000.0,150 kV,Operasi,9550.244435373752,PLTD Wahai,1.0,PLTD,HSD,True,4.27699995,0.175357,-2.800854811692092,129.40911759775253
81.01.06.2046,22,0.2194141468784208,4,0.427175599587596,0.18181818181818182,1961.0,data_gap,Maraina,Seram Utara,Maluku Tengah,2694.8551461328793,0,Mikro Hidro Kelas C (PLTMH),Maraina,Maluku Tengah,213153.33065655665,PLTMH,30.0,Tahalupu,2014,153180.70617370037,GI 150 kV PLTMG Ambon Peaker,0.0,150 kV,Operasi,32776.87943960296,PLTD Wahai,1.0,PLTD,HSD,True,3.6465001100000003,0.149507,-3.0585190676320275,129.6253098517812
81.01.06.2047,22,0.2036826329515251,3,0.5216721683074308,0.13636363636363635,0.0,data_gap,Solea,Seram Utara,Maluku Tengah,6294.9164923385715,0,Mikro Hidro Kelas A (PLTMH),Solea,Maluku Tengah,207016.49244632665,PLTMH,30.0,Tahalupu,2014,152146.22362173337,GI 150 kV PLTMG Ambon Peaker,6000000.0,150 kV,Operasi,14972.477735190287,PLTD Wahai,1.0,PLTD,HSD,True,3.69199991,0.151372,-2.9165099203595566,129.55103059408322
81.01.06.2048,22,0.22376171151160967,4,0.6102009646681493,0.18181818181818182,0.0,data_gap,Elemata,Seram Utara,Maluku Tengah,10591.721916634115,0,Mikro Hidro Kelas A (PLTMH),Maneo Rendah,Maluku Tengah,224315.71005993165,PLTMH,30.0,Tahalupu,2014,167814.50875989007,GI 150 kV PLTMG Ambon Peaker,0.0,150 kV,Operasi,25126.866913039044,PLTD Kobisonta,4.0,PLTD,HSD,True,3.97149992,0.16283201,-2.918639803159627,129.70923856034722
81.01.06.2049,22,0.2229989268197458,5,0.6043439674108141,0.22727272727272727,0.0,data_gap,Hatuolo,Seram Utara,Maluku Tengah,8471.33784495843,0,Mikro Hidro Kelas B (PLTMH),Maraina,Maluku Tengah,218963.4995079495,PLTMH,30.0,Tahalupu,2014,162300.74573689958,GI 150 kV PLTMG Ambon Peaker,0.0,150 kV,Operasi,24617.860360928615,PLTD Wahai,1.0,PLTD,HSD,True,3.9065001,0.16016699,-2.937856523214284,129.66343466038967
81.01.06.2050,22,0.22021900695930835,6,0.7005801037276733,0.2727272727272727,37206.84705882353,intermittent,Siatele,Seram Utara,Maluku Tengah,15081.377154228812,0,Mikro Hidro Kelas A (PLTMH),Maneo Rendah,Maluku Tengah,228251.1997289903,PLTMH,30.0,Tahalupu,2014,172678.3663585007,GI 150 kV PLTMG Ambon Peaker,0.0,150 kV,Operasi,24100.42950412817,PLTD Kobisonta,4.0,PLTD,HSD,True,4.26399994,0.174824,-2.8777455218320234,129.73836768365206
81.01.06.2051,22,0.22621565217012035,4,0.7832333278949022,0.18181818181818182,0.0,data_gap,Masihulan,Seram Utara,Maluku Tengah,9798.785577914101,0,Mikro Hidro Kelas A (PLTMH),Nuweletetu,Maluku Tengah,167534.2524893982,PLTMH,30.0,Tahalupu,2014,115159.4564688095,GI 150 kV PLTMG Ambon Peaker,6000000.0,150 kV,Operasi,24109.72659558376,PLTD Pasanea,1.6,PLTD,HSD,True,3.1329999,0.128453,-2.9773766465251796,129.20074925023022
81.01.06.2052,22,0.38595728482411706,13,0.8465805441334691,0.5909090909090909,26388.992156862747,intermittent,Oping,Seram Utara,Maluku Tengah,15959.270257855196,0,Mikro Hidro Kelas A (PLTMH),Nuweletetu,Maluku Tengah,171522.3647434545,PLTMH,30.0,Tahalupu,2014,120896.74974698565,GI 150 kV PLTMG Ambon Peaker,6000000.0,150 kV,Operasi,22271.95173271226,PLTD Pasanea,1.6,PLTD,HSD,True,3.86100006,0.158301,-2.9250059206541086,129.227511243999
81.01.06.2053,22,0.20802820904415964,6,0.9187851008470833,0.2727272727272727,18902.6,intermittent,Olong,Seram Utara,Maluku Tengah,14349.72913451433,0,Mikro Hidro Kelas A (PLTMH),Nuweletetu,Maluku Tengah,167073.6517195063,PLTMH,30.0,Tahalupu,2014,116657.09438217148,GI 70 kV Waai,0.0,70 kV,Operasi,19859.82372272319,PLTD Pasanea,1.6,PLTD,HSD,True,3.34100008,0.136981,-2.9367100849136922,129.18900394453263
81.01.09.2001,22,0.32207778190969716,12,0.7230391988799632,0.5454545454545454,63233.854901960796,intermittent,Nusantara,Banda,Maluku Tengah,120214.9279858092,0,Mikro Hidro Kelas A (PLTMH),Mising,Seram Bagian Timur,279991.38820709265,PLTMH,30.0,Tahalupu,2014,202438.08589000747,GI 150 kV PLTMG Ambon Peaker,0.0,150 kV,Operasi,2476.5991609204384,PLTD Banda,3.4,PLTD,HSD,True,4.64750004,0.190547,-4.5204487264140365,129.88004079748822
81.01.09.2002,22,2.033888900721515,14,0.8479547913601587,0.6363636363636364,79735.22352941179,intermittent,Dwiwarna,Banda,Maluku Tengah,119503.34385578176,0,Mikro Hidro Kelas A (PLTMH),Mising,Seram Bagian Timur,282513.8092922007,PLTMH,30.0,Tahalupu,2014,204944.41982697244,GI 150 kV PLTMG Ambon Peaker,0.0,150 kV,Operasi,397.8908288852544,PLTS Banda,0.1,PLTS,Surya,True,4.64099979,0.190281,-4.5270599651429,129.90256752147084
81.01.09.2003,22,0.8468901424492696,16,0.7247268878678514,0.7272727272727273,17642.470588235294,intermittent,Merdeka,Banda,Maluku Tengah,118185.82636383368,0,Mikro Hidro Kelas A (PLTMH),Mising,Seram Bagian Timur,281329.47342214594,PLTMH,30.0,Tahalupu,2014,203730.06407851653,GI 150 kV PLTMG Ambon Peaker,0.0,150 kV,Operasi,794.7901383286091,PLTD Banda,3.4,PLTD,HSD,True,4.64750004,0.190547,-4.511207042588357,129.89953392337898
81.01.09.2004,22,0.3232108216303893,14,0.6389765262083418,0.6363636363636364,8773.64705882353,intermittent,Rajawali,Banda,Maluku Tengah,117947.32192079123,0,Mikro Hidro Kelas A (PLTMH),Mising,Seram Bagian Timur,281390.4931179763,PLTMH,30.0,Tahalupu,2014,203785.98737160818,GI 150 kV PLTMG Ambon Peaker,0.0,150 kV,Operasi,918.6872732957843,PLTD Banda,3.4,PLTD,HSD,True,4.64750004,0.190547,-4.509647713859816,129.9010870530467
81.01.09.2005,22,1.6340125977147781,16,0.7552918461883904,0.7272727272727273,83807.84313725488,intermittent,Kampung Baru,Banda,Maluku Tengah,118728.39859669431,0,Mikro Hidro Kelas A (PLTMH),Mising,Seram Bagian Timur,282440.1301313218,PLTMH,30.0,Tahalupu,2014,204853.04495416372,GI 150 kV PLTMG Ambon Peaker,0.0,150 kV,Operasi,488.4156901615802,PLTD Banda,3.4,PLTD,HSD,True,4.64750004,0.190547,-4.520709090522468,129.90555648321447
81.01.09.2006,22,0.20090120388750868,4,0.8158299773565075,0.18181818181818182,8351.992156862745,intermittent,Pulau Hatta,Banda,Maluku Tengah,117675.76319846987,0,Mikro Hidro Kelas A (PLTMH),Undur,Seram Bagian Timur,277415.1661223675,PLTS Terpusat,30.0,Kaimer,2016,221664.38446637767,GI 150 kV PLTMG Ambon Peaker,0.0,150 kV,Operasi,16426.10234695346,PLTS Banda,0.1,PLTS,Surya,True,4.64750004,0.190547,-4.592454784462521,130.0393512020281
81.01.09.2007,22,0.3568599943161043,15,0.5484024351667737,0.6818181818181818,17205.8,intermittent,Selamon,Banda,Maluku Tengah,118853.28842346037,0,Mikro Hidro Kelas A (PLTMH),Mising,Seram Bagian Timur,286552.2946077816,PLTMH,30.0,Tahalupu,2014,208967.33297317577,GI 150 kV PLTMG Ambon Peaker,0.0,150 kV,Operasi,3695.32439895489,PLTS Banda,0.1,PLTS,Surya,True,4.64750004,0.190547,-4.540568059230628,129.93687734878833
81.01.09.2008,22,0.3073813701019032,12,0.6390355757444451,0.5454545454545454,130800.17647058824,intermittent,Lonthoir,Banda,Maluku Tengah,122237.19408223397,0,Mikro Hidro Kelas A (PLTMH),Mising,Seram Bagian Timur,284272.7535025285,PLTMH,30.0,Tahalupu,2014,206771.5534746669,GI 150 kV PLTMG Ambon Peaker,0.0,150 kV,Operasi,1408.7595980996539,PLTD Lonthoir,1.24,PLTD,HSD,True,4.64099979,0.190281,-4.556359833757854,129.9034643578921
81.01.09.2009,22,0.24804427338164206,8,0.7430850171360759,0.36363636363636365,55477.38039215686,intermittent,Pulau Ay,Banda,Maluku Tengah,125932.27015552022,0,Mikro Hidro Kelas A (PLTMH),Osong,Seram Bagian Timur,270311.0827760649,PLTMH,30.0,Tahalupu,2014,192961.87121646042,GI 150 kV PLTMG Ambon Peaker,0.0,150 kV,Operasi,13671.031768332527,PLTD Lonthoir,1.24,PLTD,HSD,True,4.66699982,0.191347,-4.526307472518613,129.77406683910942
81.01.09.2010,22,0.3187852978863152,15,0.6347076869397328,0.6818181818181818,36854.34901960784,intermittent,Pulau Rhun,Banda,Maluku Tengah,133702.55309359738,0,Mikro Hidro Kelas A (PLTMH),Osong,Seram Bagian Timur,263632.3178395791,PLTMH,30.0,Tahalupu,2014,186637.17120014998,GI 150 kV PLTMG Ambon Peaker,0.0,150 kV,Operasi,23590.276089687188,PLTD Lonthoir,1.24,PLTD,HSD,True,4.65399981,0.19081399999999998,-4.555496369770048,129.6831383578036
81.01.09.2011,22,0.5277722717290467,16,0.6618137777035034,0.7272727272727273,21124.670588235294,intermittent,Tanah Rata,Banda,Maluku Tengah,118013.86558597838,0,Mikro Hidro Kelas A (PLTMH),Mising,Seram Bagian Timur,281881.94817251107,PLTMH,30.0,Tahalupu,2014,204279.0796815369,GI 150 kV PLTMG Ambon Peaker,0.0,150 kV,Operasi,644.3148422988636,PLTD Banda,3.4,PLTD,HSD,True,4.64750004,0.190547,-4.5125150647413,129.90454095986823
81.01.09.2012,22,0.43062043503011427,14,0.8764576820493944,0.6363636363636364,39902.054901960786,intermittent,Waer,Banda,Maluku Tengah,118818.96544201566,0,Mikro Hidro Kelas A (PLTMH),Mising,Seram Bagian Timur,288167.0496037052,PLTMH,30.0,Tahalupu,2014,210580.2321402361,GI 150 kV PLTMG Ambon Peaker,0.0,150 kV,Operasi,5305.869403712123,PLTS Banda,0.1,PLTS,Surya,True,4.64750004,0.190547,-4.547418127768487,129.94973663620945
81.01.09.2013,22,0.3535587791707397,15,0.6110040712943234,0.6818181818181818,2295.6,intermittent,Boiyauw,Banda,Maluku Tengah,121133.95439439292,0,Mikro Hidro Kelas A (PLTMH),Mising,Seram Bagian Timur,285193.6600761846,PLTMH,30.0,Tahalupu,2014,207663.30279313293,GI 150 kV PLTMG Ambon Peaker,0.0,150 kV,Operasi,2307.7899675237513,PLTD Lonthoir,1.24,PLTD,HSD,True,4.64099979,0.190281,-4.5520788379160555,129.91575274512672
81.01.09.2014,22,0.2961131276486956,11,0.6413500522883832,0.5,8811.666666666668,intermittent,Dender,Banda,Maluku Tengah,117406.66955148101,0,Mikro Hidro Kelas A (PLTMH),Mising,Seram Bagian Timur,286904.3194354914,PLTMH,30.0,Tahalupu,2014,209288.6816914215,GI 150 kV PLTMG Ambon Peaker,0.0,150 kV,Operasi,4466.135190697169,PLTS Banda,0.1,PLTS,Surya,True,4.64750004,0.190547,-4.530906661554731,129.9462339277605
81.01.09.2015,22,0.38771794147980515,13,0.9125215857652258,0.5909090909090909,0.0,data_gap,Lautang,Banda,Maluku Tengah,119752.37045862478,0,Mikro Hidro Kelas A (PLTMH),Mising,Seram Bagian Timur,288296.6001776956,PLTMH,30.0,Tahalupu,2014,210730.5592807934,GI 150 kV PLTMG Ambon Peaker,0.0,150 kV,Operasi,5412.298495582665,PLTS Banda,0.1,PLTS,Surya,True,4.64750004,0.190547,-4.555211669863262,129.9464742445933
81.01.09.2016,22,0.2755444740842274,10,0.679858244158335,0.45454545454545453,5381.239215686274,intermittent,Uring Tutra,Banda,Maluku Tengah,120439.13590805231,0,Mikro Hidro Kelas A (PLTMH),Mising,Seram Bagian Timur,288436.0069101998,PLTMH,30.0,Tahalupu,2014,210885.89222893922,GI 150 kV PLTMG Ambon Peaker,0.0,150 kV,Operasi,5632.158671687173,PLTS Banda,0.1,PLTS,Surya,True,4.64750004,0.190547,-4.561128557983058,129.94440756199072
81.01.09.2017,22,0.3712508147047997,16,0.5958593638588314,0.7272727272727273,6425.098039215686,intermittent,Walling Spanciby,Banda,Maluku Tengah,120364.32168736309,0,Mikro Hidro Kelas A (PLTMH),Mising,Seram Bagian Timur,285978.6334475948,PLTMH,30.0,Tahalupu,2014,208428.85008357244,GI 150 kV PLTMG Ambon Peaker,0.0,150 kV,Operasi,3238.000525352639,PLTS Banda,0.1,PLTS,Surya,True,4.64099979,0.190281,-4.549689744266855,129.92543812876002
81.01.09.2018,22,0.3382051258391838,13,0.6263239445012173,0.5909090909090909,7516.596078431372,intermittent,Combir Kasestoren,Banda,Maluku Tengah,116337.87840394658,0,Mikro Hidro Kelas A (PLTMH),Mising,Seram Bagian Timur,285884.486084445,PLTMH,30.0,Tahalupu,2014,208248.32066459802,GI 150 kV PLTMG Ambon Peaker,0.0,150 kV,Operasi,4248.880935580747,PLTS Banda,0.1,PLTS,Surya,True,4.64750004,0.190547,-4.518034040279817,129.94308597876667
81.01.11.2011,22,0.1895813410450346,5,0.5986001013877867,0.22727272727272727,17371.0431372549,intermittent,Telutih Baru,Tehoru,Maluku Tengah,5934.671131571911,0,Mikro Hidro Kelas A (PLTMH),Mosso,Maluku Tengah,213926.4243645566,PLTMH,30.0,Tahalupu,2014,148638.90436466687,GI 150 kV PLTMG Ambon Peaker,0.0,150 kV,Operasi,17730.631733992108,PLTD Tehoru,1.7000000000000002,PLTD,HSD,True,3.61400008,0.148174,-3.2453564760300795,129.64003175608204
81.01.11.2012,22,0.2236704723012331,5,0.5920805668870404,0.22727272727272727,19342.666666666668,intermittent,Mosso,Tehoru,Maluku Tengah,2343.2076823459665,0,Mikro Hidro Kelas A (PLTMH),Mosso,Maluku Tengah,211930.13808424384,PLTMH,30.0,Tahalupu,2014,145996.15724268582,GI 150 kV PLTMG Ambon Peaker,0.0,150 kV,Operasi,14481.52477842587,PLTD Tehoru,1.7000000000000002,PLTD,HSD,True,4.03000021,0.16523001,-3.272057282083492,129.62166444322668
81.01.11.2013,22,0.24023742635517575,6,0.5849864451117603,0.2727272727272727,38001.20392156863,intermittent,Hatumete,Tehoru,Maluku Tengah,2673.3022038334893,0,Mikro Hidro Kelas A (PLTMH),Mosso,Maluku Tengah,209238.75807377236,PLTMH,30.0,Tahalupu,2014,143380.80761684183,GI 150 kV PLTMG Ambon Peaker,0.0,150 kV,Operasi,12179.297366113104,PLTD Tehoru,1.7000000000000002,PLTD,HSD,True,4.0625,0.16656201,-3.2715144217730727,129.59742685073041
81.01.11.2014,22,0.2127082269816123,6,0.7229981326736045,0.2727272727272727,71133.19215686274,intermittent,Hatu,Tehoru,Maluku Tengah,2520.4202537666793,0,Mikro Hidro Kelas C (PLTMH),Hatu,Maluku Tengah,205319.85245017384,PLTMH,30.0,Tahalupu,2014,139740.7964890213,GI 150 kV PLTMG Ambon Peaker,0.0,150 kV,Operasi,9718.928880241414,PLTD Tehoru,1.7000000000000002,PLTD,HSD,True,4.114500049999999,0.168694,-3.2647228032314337,129.56225365308285
81.01.11.2015,22,0.16912766461864037,1,0.6527785234030902,0.045454545454545456,0.0,data_gap,PIliana,Tehoru,Maluku Tengah,6027.635108344642,0,Mikro Hidro Kelas A (PLTMH),Yaputih,Maluku Tengah,204980.67588299504,PLTMH,30.0,Tahalupu,2014,141244.8122286905,GI 150 kV PLTMG Ambon Peaker,0.0,150 kV,Operasi,15824.660308873423,PLTD Tehoru,1.7000000000000002,PLTD,HSD,True,3.17199993,0.130052,-3.1994405597414683,129.55923092016778
81.01.11.2016,22,0.13422986238048767,2,0.8335561350227237,0.09090909090909091,107907.89411764705,dark_settled,Yaputih,Tehoru,Maluku Tengah,3508.245967280251,0,Mikro Hidro Kelas A (PLTMH),Yaputih,Maluku Tengah,198544.6142673312,PLTMH,30.0,Tahalupu,2014,134263.30829496743,GI 150 kV PLTMG Ambon Peaker,0.0,150 kV,Operasi,11663.214396460738,PLTD Tehoru,1.7000000000000002,PLTD,HSD,True,4.03000021,0.16523001,-3.2264258276647073,129.50152497202117
81.01.11.2017,22,0.1247933628982141,2,0.752500028312874,0.09090909090909091,0.0,data_gap,Saunulu,Tehoru,Maluku Tengah,3056.7492740876164,0,Mikro Hidro Kelas A (PLTMH),Tehoru,Maluku Tengah,193632.93360491554,PLTMH,30.0,Tahalupu,2014,129967.36465423933,GI 150 kV PLTMG Ambon Peaker,0.0,150 kV,Operasi,14249.343159400598,PLTD Tehoru,1.7000000000000002,PLTD,HSD,True,3.93249989,0.16123299000000002,-3.212501375070587,129.45719075663675
81.01.11.2018,22,0.1696804909011178,4,0.6580881181640282,0.18181818181818182,187288.98039215687,intermittent,Tehoru,Tehoru,Maluku Tengah,1961.230710670541,0,Mikro Hidro Kelas A (PLTMH),Tehoru,Maluku Tengah,193241.72682800057,PLTMH,30.0,Tahalupu,2014,128119.12971691725,GI 150 kV PLTMG Ambon Peaker,0.0,150 kV,Operasi,9716.555446487611,PLTD Tehoru,1.7000000000000002,PLTD,HSD,True,3.4189999099999997,0.14017899,-3.260918038068394,129.4535065300493
81.01.11.2019,22,0.19986717440628682,4,0.5703335611098588,0.18181818181818182,140789.0431372549,intermittent,Haya,Tehoru,Maluku Tengah,4064.2056000866946,0,Mikro Hidro Kelas A (PLTMH),Tamilouw,Maluku Tengah,188941.52487335182,PLTMH,30.0,Tahalupu,2014,121941.82029409724,GI 150 kV PLTMG Ambon Peaker,0.0,150 kV,Operasi,10355.654996972602,PLTD Tehoru,1.7000000000000002,PLTD,HSD,True,3.38649988,0.13884699,-3.328777021695906,129.41220552522475
81.01.11.2020,22,0.227563048912671,5,0.7142765696127104,0.22727272727272727,36421.94901960784,intermittent,Salamahu,Tehoru,Maluku Tengah,5839.568319317729,0,Mikro Hidro Kelas A (PLTMH),Haya,Maluku Tengah,192502.49237979975,PLTMH,30.0,Tahalupu,2014,123442.15694874583,GI 150 kV PLTMG Ambon Peaker,0.0,150 kV,Operasi,10900.698185242722,PLTD Tehoru,1.7000000000000002,PLTD,HSD,True,4.465499879999999,0.18308599,-3.4029743945844553,129.4385262723573
81.01.12.2001,22,0.336435332026378,14,0.8040157722268937,0.6363636363636364,28655.984313725487,intermittent,Booi,Saparua,Maluku Tengah,23858.563897186952,0,Mikro Hidro Kelas A (PLTMH),Rumahkay,Seram Bagian Barat,112715.2297857553,PLTMH,30.0,Tahalupu,2014,35923.328418744255,GI 150 kV PLTMG Ambon Peaker,0.0,150 kV,Operasi,3203.328653127874,PLTD Saparua,2.2,PLTD,HSD,True,4.64099979,0.190281,-3.6113007551116154,128.65382420750296
81.01.12.2002,22,0.4396182978180183,15,0.6707714896478797,0.6818181818181818,59878.19607843137,intermittent,Paperu,Saparua,Maluku Tengah,21162.149825141798,0,Mikro Hidro Kelas A (PLTMH),Rumahkay,Seram Bagian Barat,111222.14539620992,PLTMH,30.0,Tahalupu,2014,34954.68385521676,GI 150 kV PLTMG Ambon Peaker,0.0,150 kV,Operasi,599.3289039872986,PLTD Saparua,2.2,PLTD,HSD,True,4.63450003,0.190014,-3.5875574521253064,128.6487449030766
81.01.12.2003,22,0.3530514227221756,15,0.6722476375448773,0.6818181818181818,32844.243137254896,intermittent,Tiouw,Saparua,Maluku Tengah,17688.15719277165,0,Mikro Hidro Kelas A (PLTMH),Rumahkay,Seram Bagian Barat,109515.42375421368,PLTMH,30.0,Tahalupu,2014,34157.880951726846,GI 150 kV PLTMG Ambon Peaker,0.0,150 kV,Operasi,3012.5899007547955,PLTD Saparua,2.2,PLTD,HSD,True,4.563000199999999,0.18708301,-3.5565029048687866,128.64378572630093
81.01.12.2004,22,0.3733847995117509,14,0.6789621210376804,0.6363636363636364,138980.64705882355,intermittent,Haria,Saparua,Maluku Tengah,22368.650110003222,0,Mikro Hidro Kelas A (PLTMH),Rumahkay,Seram Bagian Barat,109822.33377461943,PLTMH,30.0,Tahalupu,2014,33059.87510090645,GI 150 kV PLTMG Ambon Peaker,0.0,150 kV,Operasi,3286.7051965393066,PLTD Saparua,2.2,PLTD,HSD,True,4.63450003,0.190014,-3.6026912608115063,128.62919100322338
81.01.12.2005,22,0.23227250729506504,4,0.70823784683798,0.18181818181818182,35197.96078431372,intermittent,Porto,Saparua,Maluku Tengah,15441.95445751676,0,Mikro Hidro Kelas A (PLTMH),Rumahkay,Seram Bagian Barat,104923.731819495,PLTMH,30.0,Tahalupu,2014,29839.797459298756,GI 150 kV PLTMG Ambon Peaker,0.0,150 kV,Operasi,6787.479649855214,PLTD Saparua,2.2,PLTD,HSD,True,4.55649996,0.18681601000000003,-3.5425097553533926,128.60485879098965
81.01.12.2006,22,0.23645517158204785,7,0.7578788544368544,0.3181818181818182,38839.76470588235,intermittent,Kulur,Saparua,Maluku Tengah,12473.851674093346,0,Mikro Hidro Kelas A (PLTMH),Rumahkay,Seram Bagian Barat,102046.94533476571,PLTMH,30.0,Tahalupu,2014,28082.615192742112,GI 150 kV PLTMG Ambon Peaker,0.0,150 kV,Operasi,10340.842030736712,PLTD Saparua,2.2,PLTD,HSD,True,4.4460001,0.18228599,-3.515224427954853,128.58675986383395
81.01.12.2012,22,0.3765476193395947,15,0.705805666204421,0.6818181818181818,49018.1137254902,intermittent,Saparua,Saparua,Maluku Tengah,19123.651125317414,0,Mikro Hidro Kelas A (PLTMH),Rumahkay,Seram Bagian Barat,112157.41959421911,PLTMH,30.0,Tahalupu,2014,36765.426632817354,GI 150 kV PLTMG Ambon Peaker,0.0,150 kV,Operasi,2927.230228093193,PLTD Saparua,2.2,PLTD,HSD,True,4.5500001899999996,0.18655001,-3.5618498641074385,128.66713250143124
81.01.13.2001,22,0.27912833280456456,10,0.7059714143612937,0.45454545454545453,65195.6,intermittent,Aboru,Pulau Haruku,Maluku Tengah,22550.805370248185,0,Mikro Hidro Kelas A (PLTMH),Rumahkay,Seram Bagian Barat,98833.69552512305,PLTMH,30.0,Tahalupu,2014,21591.347219061216,GI 150 kV PLTMG Ambon Peaker,0.0,150 kV,Operasi,9255.826810117862,PLTD Haruku,2.5,PLTD,HSD,True,4.56949997,0.18734901,-3.5927938662402767,128.52576362099958
81.01.13.2002,22,0.2744682486595953,8,0.6892600184546466,0.36363636363636365,23722.34117647059,intermittent,Wassu,Pulau Haruku,Maluku Tengah,22851.069183739026,0,Mikro Hidro Kelas A (PLTMH),Tulehu,Maluku Tengah,95135.5215803975,PLTMH,30.0,Tahalupu,2014,17567.169644603717,GI 150 kV PLTMG Ambon Peaker,0.0,150 kV,Operasi,8769.541730370254,PLTD Haruku,2.5,PLTD,HSD,True,4.54349995,0.18628301,-3.5972405688130937,128.48701028989186
81.01.13.2003,22,0.2742064981677559,8,0.6514737516829646,0.36363636363636365,53456.90196078432,intermittent,Oma,Pulau Haruku,Maluku Tengah,19766.4813733976,0,Mikro Hidro Kelas A (PLTMH),Tulehu,Maluku Tengah,92494.69230254831,PLTMH,30.0,Tahalupu,2014,14766.90938644672,GI 150 kV PLTMG Ambon Peaker,0.0,150 kV,Operasi,9654.426803629385,PLTD Haruku,2.5,PLTD,HSD,True,4.5500001899999996,0.18655001,-3.6001555015491253,128.459128845369
81.01.13.2004,22,0.31425446625728776,14,0.6453805985087203,0.6363636363636364,7026.007843137255,intermittent,Haruku,Pulau Haruku,Maluku Tengah,17330.990356181155,0,Mikro Hidro Kelas A (PLTMH),Tulehu,Maluku Tengah,90099.48298657413,PLTMH,30.0,Tahalupu,2014,12339.619435414184,GI 150 kV PLTMG Ambon Peaker,0.0,150 kV,Operasi,10286.108569767444,PLTD Haruku,2.5,PLTD,HSD,True,4.54349995,0.18628301,-3.595568224486623,128.43728824738147
81.01.13.2005,22,0.2660951379193155,8,0.6724538104508799,0.36363636363636365,10861.717647058824,intermittent,Sameth,Pulau Haruku,Maluku Tengah,15545.739207164559,0,Mikro Hidro Kelas A (PLTMH),Tulehu,Maluku Tengah,89648.23440967553,PLTMH,30.0,Tahalupu,2014,12217.359205266695,GI 150 kV PLTMG Ambon Peaker,0.0,150 kV,Operasi,11945.898764530328,PLTD LMVPP Waai,60.0,PLTD,HFO,True,4.56949997,0.18734901,-3.6228607707594547,128.4181364997884
81.01.13.2006,22,0.29858932186730425,12,0.6178258836526433,0.5454545454545454,44770.16470588236,intermittent,Rohomoni,Pulau Haruku,Maluku Tengah,17997.638795435985,0,Mikro Hidro Kelas A (PLTMH),Tulehu,Maluku Tengah,89477.81922851612,PLTMH,30.0,Tahalupu,2014,12044.315597482528,GI 150 kV PLTMG Ambon Peaker,0.0,150 kV,Operasi,7979.486507732903,PLTD Haruku,2.5,PLTD,HSD,True,4.54349995,0.18628301,-3.5732214583595137,128.44199937798228
81.01.13.2007,22,0.3333670416454809,13,0.6588816917118155,0.5909090909090909,74559.56078431374,intermittent,Kabauw,Pulau Haruku,Maluku Tengah,20031.284587306163,0,Mikro Hidro Kelas A (PLTMH),Kairatu,Seram Bagian Barat,90259.0904092867,PLTMH,30.0,Tahalupu,2014,13522.057911522255,GI 150 kV PLTMG Ambon Peaker,0.0,150 kV,Operasi,5351.303856832898,PLTD Haruku,2.5,PLTD,HSD,True,4.472000120000001,0.18335199000000002,-3.5555770507831306,128.45777657723931
81.01.13.2008,22,0.33481978246033034,14,0.6503794785084447,0.6363636363636364,80250.36862745095,intermittent,Kailolo,Pulau Haruku,Maluku Tengah,18008.03912388937,0,Mikro Hidro Kelas A (PLTMH),Kairatu,Seram Bagian Barat,87104.17508698645,PLTMH,30.0,Tahalupu,2014,10964.235478523704,GI 150 kV PLTMG Ambon Peaker,0.0,150 kV,Operasi,6408.871203328274,PLTD Haruku,2.5,PLTD,HSD,True,4.45900011,0.18281899000000001,-3.5384352369493177,128.43423854791402
81.01.13.2009,22,0.3078332745018585,14,0.652315299831445,0.6363636363636364,160846.84705882354,intermittent,Pelauw,Pulau Haruku,Maluku Tengah,18521.654400362106,0,Mikro Hidro Kelas A (PLTMH),Kairatu,Seram Bagian Barat,92427.05051124812,PLTMH,30.0,Tahalupu,2014,16849.868495568142,GI 150 kV PLTMG Ambon Peaker,0.0,150 kV,Operasi,1923.0024628017782,PLTD Haruku,2.5,PLTD,HSD,True,4.28350019,0.175624,-3.5356439904715065,128.48726080878436
81.01.13.2010,22,0.49078165070994884,15,0.751130277609304,0.6818181818181818,47422.99215686275,intermittent,Kariu,Pulau Haruku,Maluku Tengah,17644.781747487927,0,Mikro Hidro Kelas A (PLTMH),Kairatu,Seram Bagian Barat,91948.58204467186,PLTMH,30.0,Tahalupu,2014,16777.210040785652,GI 150 kV PLTMG Ambon Peaker,0.0,150 kV,Operasi,1097.1231337079432,PLTD Haruku,2.5,PLTD,HSD,True,4.29650021,0.176157,-3.5278767054899363,128.4856751900549
81.01.13.2011,22,0.2508528596669438,5,0.6276791183691378,0.22727272727272727,34675.41176470588,intermittent,Hulaliu,Pulau Haruku,Maluku Tengah,18816.6571803836,0,Mikro Hidro Kelas A (PLTMH),Rumahkay,Seram Bagian Barat,99210.05599163772,PLTMH,30.0,Tahalupu,2014,22913.850151362527,GI 150 kV PLTMG Ambon Peaker,0.0,150 kV,Operasi,7760.118320600337,PLTD Haruku,2.5,PLTD,HSD,True,4.49800014,0.18441799,-3.5630436176148548,128.54211004445867
81.01.14.2001,22,0.3153122559181567,13,0.6022859965110288,0.5909090909090909,160572.54901960786,intermittent,Liang,Salahutu,Maluku Tengah,7655.0822751297865,0,Mikro Hidro Kelas A (PLTMH),Tulehu,Maluku Tengah,70947.93252213826,PLTMH,30.0,Tahalupu,2014,6759.029281338875,GI 70 kV Waai,0.0,70 kV,Operasi,6803.420305378145,PLTMG Ambon Peaker,39.12,PLTMG,Gas,True,4.20550013,0.172426,-3.520344523340018,128.2820169389638
81.01.14.2002,22,0.4549267233238676,14,0.610208053743784,0.6363636363636364,318302.63921568624,intermittent,Waai,Salahutu,Maluku Tengah,4633.367547739463,0,Mikro Hidro Kelas A (PLTMH),Tulehu,Maluku Tengah,74899.55412671577,PLTMH,30.0,Tahalupu,2014,3834.403534821271,GI 70 kV Waai,0.0,70 kV,Operasi,3919.528917166285,PLTMG Ambon Peaker,39.12,PLTMG,Gas,True,4.3874998100000004,0.17988700000000002,-3.5578092972880975,128.30231775458722
81.01.14.2003,22,0.685352827800882,17,0.563215577976666,0.7727272727272727,466314.0862745098,lit_stable,Tulehu,Salahutu,Maluku Tengah,3702.6951498036406,0,Mikro Hidro Kelas A (PLTMH),Tulehu,Maluku Tengah,78262.04383804179,PLTMH,30.0,Tahalupu,2014,5820.970565142356,GI 150 kV PLTMG Ambon Peaker,0.0,150 kV,Operasi,5766.841188720689,PLTMG MVPP Ambon,60.0,PLTMG,HFO,True,4.4460001,0.18228599,-3.597235758994481,128.3143084002472
81.01.14.2004,22,0.691349294386439,17,0.5021811698610884,0.7727272727272727,118046.18431372548,lit_stable,Tial,Salahutu,Maluku Tengah,6650.37247028768,0,Mikro Hidro Kelas A (PLTMH),Tulehu,Maluku Tengah,81584.83458836087,PLTMH,30.0,Tahalupu,2014,7758.128766275452,GIS 150 kV Passo,0.0,150 kV,Operasi,8383.075370614957,PLTD LMVPP Waai,60.0,PLTD,HFO,True,4.57600021,0.18761601000000003,-3.626110211298523,128.33150504076903
81.01.14.2005,22,0.47535690868281055,17,0.5395260918588732,0.7727272727272727,46393.3725490196,lit_stable,Tengah Tengah,Salahutu,Maluku Tengah,7768.610524615509,0,Mikro Hidro Kelas A (PLTMH),Tulehu,Maluku Tengah,82446.20661137352,PLTMH,30.0,Tahalupu,2014,7319.841390314562,GI 150 kV PLTMG Ambon Peaker,0.0,150 kV,Operasi,7128.854990321277,PLTD LMVPP Waai,60.0,PLTD,HFO,True,4.589000230000001,0.18814901,-3.61435408429593,128.34800934626827
81.01.14.2006,22,1.0873731790181267,19,0.5703714288271854,0.8636363636363636,368591.1137254903,lit_stable,Suli,Salahutu,Maluku Tengah,2017.1102878738757,0,Mikro Hidro Kelas A (PLTMH),Tulehu,Maluku Tengah,76712.85164432287,PLTMH,30.0,Tahalupu,2014,3126.5432801362767,GIS 150 kV Passo,0.0,150 kV,Operasi,8407.308749696112,PLTMG MVPP Ambon,60.0,PLTMG,HFO,True,4.52400017,0.18548401,-3.6096134870356784,128.2898817428855
81.01.15.2006,22,0.2997633407621667,12,0.6360997127122752,0.5454545454545454,68367.98823529412,intermittent,Asilulu,Leihitu,Maluku Tengah,8807.190522626877,0,Mikro Hidro Kelas A (PLTMH),Hatu,Maluku Tengah,57848.99742410547,PLTMH,30.0,Tahalupu,2014,30085.876495198478,GI 150 kV Sirimau (60 MVA),60.0,150 kV,Operasi,6601.785470262566,PLTS Pulau Tiga,0.1,PLTS,Surya,True,4.27050018,0.17509100000000002,-3.6923834914979214,127.95100653036687
81.01.15.2007,22,0.31206102638132804,12,0.6258704479148552,0.5454545454545454,65058.86666666667,intermittent,Ureng,Leihitu,Maluku Tengah,7403.308622946083,0,Mikro Hidro Kelas A (PLTMH),Hatu,Maluku Tengah,57368.25578798604,PLTMH,30.0,Tahalupu,2014,27831.788208988066,GI 150 kV Sirimau (60 MVA),60.0,150 kV,Operasi,7675.694398081958,PLTS Pulau Tiga,0.1,PLTS,Surya,True,4.21850014,0.172959,-3.676259980957376,127.97160475174321
81.01.15.2008,22,0.3145512614742249,12,0.6150561198575188,0.5454545454545454,93673.00784313725,intermittent,Negeri Lima,Leihitu,Maluku Tengah,7557.440939803422,0,Mikro Hidro Kelas A (PLTMH),Hatu,Maluku Tengah,56480.010299912195,PLTMH,30.0,Tahalupu,2014,25622.805933072108,GI 150 kV Sirimau (60 MVA),60.0,150 kV,Operasi,9710.568396918321,PLTS Pulau Tiga,0.1,PLTS,Surya,True,4.21199989,0.172692,-3.653045258845086,127.99398133407404
81.01.15.2009,22,0.2912873907476358,11,0.6325383329943906,0.5,80831.43137254902,intermittent,Seith,Leihitu,Maluku Tengah,7392.650091955516,0,Mikro Hidro Kelas A (PLTMH),Laha,Kota Ambon,57970.27963730516,PLTMH,30.0,Tahalupu,2014,21497.77948494473,GI 150 kV Sirimau (60 MVA),60.0,150 kV,Operasi,14276.219691532304,PLTS Pulau Tiga,0.1,PLTS,Surya,True,4.21199989,0.172692,-3.64043607283274,128.03450508371364
81.01.15.2010,22,0.32552764595622974,12,0.5750367248271495,0.5454545454545454,117268.22352941174,intermittent,Kaitetu,Leihitu,Maluku Tengah,7530.610207447693,0,Mikro Hidro Kelas A (PLTMH),Laha,Kota Ambon,59076.88594166213,PLTMH,30.0,Tahalupu,2014,18562.42341293852,GI 150 kV Sirimau (60 MVA),60.0,150 kV,Operasi,13952.347823563672,PLTD PT. Kertabumi Teknindo Unit 4 Poka Ambon qq PT. PLN (Persero) Unit Induk Wilayah Maluku dan Maluku Utara Unit Pelaksana Pembangkitan Maluku,0.0,PLTD,Solar,True,4.23150015,0.173492,-3.626434802477601,128.06689064491104
81.01.15.2011,22,0.4148175823569505,16,0.49694957128499784,0.7272727272727273,222652.70196078432,intermittent,Hila,Leihitu,Maluku Tengah,9641.188901348536,0,Mikro Hidro Kelas A (PLTMH),Laha,Kota Ambon,61101.07914486858,PLTMH,30.0,Tahalupu,2014,15274.568885220144,GI 150 kV Sirimau (60 MVA),60.0,150 kV,Operasi,9990.335376180605,PLTD PT. Kertabumi Teknindo Unit 4 Poka Ambon qq PT. PLN (Persero) Unit Induk Wilayah Maluku dan Maluku Utara Unit Pelaksana Pembangkitan Maluku,0.0,PLTD,Solar,True,4.34849977,0.178288,-3.613406781409467,128.10695756022645
81.01.15.2012,22,0.4097577835046935,17,0.47159691612020177,0.7727272727272727,90192.83529411764,lit_stable,Wakal,Leihitu,Maluku Tengah,11819.267466127963,0,Mikro Hidro Kelas A (PLTMH),Laha,Kota Ambon,65159.34510749019,PLTMH,30.0,Tahalupu,2014,10995.346467090163,GI 150 kV Sirimau (60 MVA),60.0,150 kV,Operasi,5274.197529645753,PLTD PT. Kertabumi Teknindo Unit 4 Poka Ambon qq PT. PLN (Persero) Unit Induk Wilayah Maluku dan Maluku Utara Unit Pelaksana Pembangkitan Maluku,0.0,PLTD,Solar,True,4.465499879999999,0.18308599,-3.6199009417386105,128.1509029764851
81.01.15.2013,22,0.4507055345212848,18,0.5061318501884104,0.8181818181818182,11599.596078431372,lit_stable,Hitulama,Leihitu,Maluku Tengah,6622.176539687379,0,Mikro Hidro Kelas A (PLTMH),Tulehu,Maluku Tengah,68312.40230221492,PLTMH,30.0,Tahalupu,2014,6413.612245012081,"GI 70/20 kV Passo 
",40.0,70 kV,Operasi,5932.174760689484,PLTD Nagata Bisma Shakti,0.0,PLTD,HSD B30,True,4.34200001,0.178022,-3.5939551884665106,128.20856392663768
81.01.15.2014,22,0.6222973963416514,18,0.4977408802565984,0.8181818181818182,220609.19215686273,lit_stable,Hitumessing,Leihitu,Maluku Tengah,8605.265234898025,0,Mikro Hidro Kelas A (PLTMH),Tulehu,Maluku Tengah,67371.09474624372,PLTMH,30.0,Tahalupu,2014,7959.699177003031,"GI 70/20 kV Passo 
",40.0,70 kV,Operasi,4759.763879998052,PLTD Nagata Bisma Shakti,0.0,PLTD,HSD B30,True,4.38100004,0.179621,-3.602122715855514,128.19171981770862
81.01.15.2015,22,0.3330025348934434,13,0.5606892177981515,0.5909090909090909,20324.274509803923,intermittent,Mamala,Leihitu,Maluku Tengah,5584.433923248664,0,Mikro Hidro Kelas A (PLTMH),Tulehu,Maluku Tengah,67784.49969560008,PLTMH,30.0,Tahalupu,2014,7115.040857751203,"GI 70/20 kV Passo 
",40.0,70 kV,Operasi,9543.542195839223,PLTD Nagata Bisma Shakti,0.0,PLTD,HSD B30,True,4.23799992,0.17375800000000002,-3.5646560087824053,128.22321603387837
81.01.15.2016,22,0.3335618521239431,13,0.583563464035715,0.5909090909090909,99460.34509803924,intermittent,Morella,Leihitu,Maluku Tengah,7231.996985785982,0,Mikro Hidro Kelas A (PLTMH),Tulehu,Maluku Tengah,66335.43669471543,PLTMH,30.0,Tahalupu,2014,9395.39402268203,"GI 70/20 kV Passo 
",40.0,70 kV,Operasi,12086.893947712091,PLTD Nagata Bisma Shakti,0.0,PLTD,HSD B30,True,4.17299986,0.17109300000000002,-3.5405194371035353,128.22309060625224
81.01.16.2001,22,0.2954531116067609,11,0.5854019966832847,0.5,49636.84705882353,intermittent,Ameth,Nusa Laut,Maluku Tengah,34241.27674444553,0,Mikro Hidro Kelas A (PLTMH),Hualoy,Seram Bagian Barat,129227.73145070874,PLTMH,30.0,Tahalupu,2014,52435.18836305416,GI 150 kV PLTMG Ambon Peaker,0.0,150 kV,Operasi,3251.9172245800646,PLTD Nusalaut,1.36,PLTD,HSD,True,4.673500059999999,0.19161300000000003,-3.654612155552841,128.79671455740151
81.01.16.2002,22,0.30892480812787054,12,0.6904938524575316,0.5454545454545454,37887.8,intermittent,Titawaai,Nusa Laut,Maluku Tengah,35750.57714622085,0,Mikro Hidro Kelas A (PLTMH),Hualoy,Seram Bagian Barat,127779.17154588609,PLTMH,30.0,Tahalupu,2014,50504.43981602201,GI 150 kV PLTMG Ambon Peaker,0.0,150 kV,Operasi,3662.5389988305055,PLTD Nusalaut,1.36,PLTD,HSD,True,4.67999983,0.19188,-3.681463088955659,128.7715871770166
81.01.16.2003,22,0.25440970256157036,8,0.6933571130087736,0.36363636363636365,25861.22745098039,intermittent,Abubu,Nusa Laut,Maluku Tengah,36590.42018937244,0,Mikro Hidro Kelas A (PLTMH),Hualoy,Seram Bagian Barat,129453.17378165016,PLTMH,30.0,Tahalupu,2014,52228.03367664046,GI 150 kV PLTMG Ambon Peaker,0.0,150 kV,Operasi,4362.963924142693,PLTD Nusalaut,1.36,PLTD,HSD,True,4.686500069999999,0.192147,-3.6828643780285626,128.78738043646
81.01.16.2004,22,0.2426303408401812,4,0.6423430431806186,0.18181818181818182,14698.274509803923,intermittent,Akoon,Nusa Laut,Maluku Tengah,36149.335357006894,0,Mikro Hidro Kelas A (PLTMH),Hualoy,Seram Bagian Barat,130263.11067358706,PLTMH,30.0,Tahalupu,2014,53221.62584543514,GI 150 kV PLTMG Ambon Peaker,0.0,150 kV,Operasi,4390.486381939705,PLTD Nusalaut,1.36,PLTD,HSD,True,4.67999983,0.19188,-3.6725078508194393,128.79958929217335
81.01.16.2005,22,0.2462804094195442,7,0.5852021603399163,0.3181818181818182,22318.278431372553,intermittent,Nalahia,Nusa Laut,Maluku Tengah,33665.860550916346,0,Mikro Hidro Kelas A (PLTMH),Hualoy,Seram Bagian Barat,127911.15900496716,PLTMH,30.0,Tahalupu,2014,51039.78834596554,GI 150 kV PLTMG Ambon Peaker,0.0,150 kV,Operasi,1887.8604814570817,PLTD Nusalaut,1.36,PLTD,HSD,True,4.673500059999999,0.19161300000000003,-3.6555489685765243,128.78358617825134
81.01.16.2006,22,0.26399409024022086,8,0.5643040619683325,0.36363636363636365,4244.129411764706,intermittent,Sila,Nusa Laut,Maluku Tengah,32968.13824343828,0,Mikro Hidro Kelas A (PLTMH),Hualoy,Seram Bagian Barat,126930.4511397368,PLTMH,30.0,Tahalupu,2014,50064.791998579894,GI 150 kV PLTMG Ambon Peaker,0.0,150 kV,Operasi,911.4571984454983,PLTD Nusalaut,1.36,PLTD,HSD,True,4.673500059999999,0.19161300000000003,-3.652566054888541,128.77526380074994
81.01.16.2007,22,0.27008854321370834,8,0.6134987332708149,0.36363636363636365,30898.305882352943,intermittent,Leinitu,Nusa Laut,Maluku Tengah,33495.903331501664,0,Mikro Hidro Kelas A (PLTMH),Hualoy,Seram Bagian Barat,126378.67757941147,PLTMH,30.0,Tahalupu,2014,49331.5800142692,GI 150 kV PLTMG Ambon Peaker,0.0,150 kV,Operasi,1463.9151161521675,PLTD Nusalaut,1.36,PLTD,HSD,True,4.673500059999999,0.19161300000000003,-3.6617562235205265,128.76617531133627
81.01.17.1001,22,4.226479135566832,18,0.6199691132614253,0.8181818181818182,728045.4039215688,intermittent,Namaelo,Kota Masohi,Maluku Tengah,13181.298027930065,0,Mikro Hidro Kelas A (PLTMH),Layeni,Maluku Tengah,138650.84210149612,PLTMH,30.0,Tahalupu,2014,74331.10050724506,GI 150 kV PLTMG Ambon Peaker,0.0,150 kV,Operasi,1483.1177550721998,PLTMG Seram Unit 2,11.918,PLTMG,Gas,True,4.42649984,0.181486,-3.306053959086622,128.95972572730497
81.01.17.1002,22,2.7607174946006237,18,0.7074674002165412,0.8181818181818182,130911.17254901963,intermittent,Namasina,Kota Masohi,Maluku Tengah,14424.485328369849,0,Mikro Hidro Kelas A (PLTMH),Layeni,Maluku Tengah,137126.25533908847,PLTMH,30.0,Tahalupu,2014,72705.37148814814,GI 150 kV PLTMG Ambon Peaker,0.0,150 kV,Operasi,471.80197191302454,PLTD BGP Masohi,2.6,PLTD,HSD,True,4.45249987,0.18255299,-3.3103751360829867,128.94569194801713
81.01.17.1003,22,4.819789639978765,19,0.6648974587149024,0.8636363636363636,130430.7764705882,intermittent,Ampera,Kota Masohi,Maluku Tengah,12996.814473058777,0,Mikro Hidro Kelas A (PLTMH),Layeni,Maluku Tengah,137878.2765895222,PLTMH,30.0,Tahalupu,2014,73903.34671092904,GI 150 kV PLTMG Ambon Peaker,0.0,150 kV,Operasi,1002.6616775148138,PLTMG Seram Unit 2,11.918,PLTMG,Gas,True,4.42649984,0.181486,-3.2998902758978574,128.953116078539
81.01.17.1004,22,5.483002507352951,17,0.6263558733622332,0.7727272727272727,146305.43529411766,intermittent,Lesane,Kota Masohi,Maluku Tengah,12265.737519196186,0,Mikro Hidro Kelas A (PLTMH),Layeni,Maluku Tengah,138845.4686155243,PLTMH,30.0,Tahalupu,2014,74900.70585806416,GI 150 kV PLTMG Ambon Peaker,0.0,150 kV,Operasi,1950.5864910794355,PLTMG Seram Unit 2,11.918,PLTMG,Gas,True,4.40700006,0.18068700000000001,-3.2977928536728642,128.9619579447659
81.01.17.1005,22,3.428170897504862,18,0.604953018893564,0.8181818181818182,119464.38431372547,intermittent,Letwaru,Kota Masohi,Maluku Tengah,12015.657949910028,0,Mikro Hidro Kelas A (PLTMH),Layeni,Maluku Tengah,139747.89182115148,PLTMH,30.0,Tahalupu,2014,75649.13277815953,GI 150 kV PLTMG Ambon Peaker,0.0,150 kV,Operasi,2710.4821410537847,PLTMG Seram Unit 2,11.918,PLTMG,Gas,True,4.39400005,0.180154,-3.299731281102142,128.96999294899388
81.01.20.2001,22,0.1990513601461732,5,0.7849735830375312,0.22727272727272727,42114.87843137255,intermittent,Saleman,Seram Utara Barat,Maluku Tengah,12113.09490696845,0,Mikro Hidro Kelas A (PLTMH),Huaulu,Maluku Tengah,159750.39948315205,PLTMH,30.0,Tahalupu,2014,108714.05218555123,GI 70 kV Waai,0.0,70 kV,Operasi,19976.632451183934,PLTD Pasanea,1.6,PLTD,HSD,True,2.94449997,0.120724,-2.9762908140982605,129.12939709318678
81.01.20.2002,22,0.1988181497159886,4,0.7512250627407671,0.18181818181818182,16285.878431372548,intermittent,Horale,Seram Utara Barat,Maluku Tengah,6183.625026295535,0,Mikro Hidro Kelas A (PLTMH),Gale-gale,Maluku Tengah,152697.15361466256,PLTMH,30.0,Tahalupu,2014,103423.5765978562,GI 70 kV Waai,0.0,70 kV,Operasi,17693.46403294656,PLTD Pasanea,1.6,PLTD,HSD,True,3.45149994,0.14151099,-2.968008746060795,129.06322715996416
81.01.20.2003,22,0.1881775231335416,4,1.9331047105734798,0.18181818181818182,14762.07450980392,intermittent,Wailulu,Seram Utara Barat,Maluku Tengah,5223.682726481507,0,Mikro Hidro Kelas A (PLTMH),Gale-gale,Maluku Tengah,153305.9035025337,PLTMH,30.0,Tahalupu,2014,107290.64165525664,GI 70 kV Waai,0.0,70 kV,Operasi,10678.497645087167,PLTD Pasanea,1.6,PLTD,HSD,True,3.58800006,0.14710800000000002,-2.904485272550276,129.05492107336445
81.01.20.2004,22,0.21207012814415557,4,0.8796505575353232,0.18181818181818182,18750.29411764706,intermittent,Paa,Seram Utara Barat,Maluku Tengah,7959.237935087531,0,Mikro Hidro Kelas A (PLTMH),Gale-gale,Maluku Tengah,153917.95617685353,PLTMH,30.0,Tahalupu,2014,109610.62659184878,GI 70 kV Waai,0.0,70 kV,Operasi,6978.250354270989,PLTD Pasanea,1.6,PLTD,HSD,True,3.81550002,0.15643600000000002,-2.8704481597101172,129.0518794884332
81.01.20.2005,22,0.17370255943104035,5,1.6903727333926617,0.22727272727272727,32013.95294117647,intermittent,Karlutu Kara,Seram Utara Barat,Maluku Tengah,12101.872003042488,0,Mikro Hidro Kelas A (PLTMH),Gale-gale,Maluku Tengah,155185.5009093986,PLTMH,30.0,Tahalupu,2014,112771.43692512176,GI 70 kV Waai,0.0,70 kV,Operasi,2708.3870368956996,PLTD Pasanea,1.6,PLTD,HSD,True,4.02349997,0.16496301000000002,-2.830200619110291,129.05229252188323
81.01.20.2006,22,0.1170526096366793,8,1.0167502948991958,0.36363636363636365,56662.08235294117,intermittent,Pasanea,Seram Utara Barat,Maluku Tengah,19191.298445584445,0,Mikro Hidro Kelas A (PLTMH),Latea,Maluku Tengah,153390.13472027288,PLTMH,30.0,Tahalupu,2014,115817.01208342424,GI 70 kV Waai,0.0,70 kV,Operasi,8554.625860806374,PLTD Pasanea,1.6,PLTD,HSD,False,,,-2.7542090848673113,129.0099199934069
81.01.20.2007,22,0.285133469375558,11,1.0271327921895754,0.5,60078.50588235294,intermittent,Labuan,Seram Utara Barat,Maluku Tengah,15359.945815199368,0,Mikro Hidro Kelas A (PLTMH),Gale-gale,Maluku Tengah,155484.40758854535,PLTMH,30.0,Tahalupu,2014,114782.9271333538,GI 70 kV Waai,0.0,70 kV,Operasi,2435.5516652650554,PLTD Pasanea,1.6,PLTD,HSD,True,4.146999839999999,0.170027,-2.798027791278439,129.0450588721923
81.01.20.2008,22,0.17331359121413253,4,0.7884078100495153,0.18181818181818182,66139.26666666666,intermittent,Gale-gale,Seram Utara Barat,Maluku Tengah,2199.016606500149,0,Mikro Hidro Kelas A (PLTMH),Gale-gale,Maluku Tengah,149305.37215272358,PLTMH,30.0,Tahalupu,2014,103737.45192629355,GI 70 kV Waai,0.0,70 kV,Operasi,12649.102253671492,PLTD Pasanea,1.6,PLTD,HSD,True,3.5555000299999997,0.14577500999999998,-2.913822840519479,129.0201205002826
81.01.20.2009,22,0.19823669957258555,3,0.687358356818202,0.13636363636363635,65885.5725490196,dark_settled,Latea,Seram Utara Barat,Maluku Tengah,274.40792323514717,0,Mikro Hidro Kelas A (PLTMH),Latea,Maluku Tengah,143405.32087678043,PLTMH,30.0,Tahalupu,2014,98703.96499383969,GI 70 kV Waai,0.0,70 kV,Operasi,16749.239600965542,PLTD Pasanea,1.6,PLTD,HSD,True,3.6984999199999997,0.15163800000000002,-2.925144073650338,128.96819966048542
81.01.20.2010,22,0.1935053642217917,3,0.6742789637834107,0.13636363636363635,47606.92941176471,dark_settled,Lisabata Timur,Seram Utara Barat,Maluku Tengah,7014.100526065625,0,Mikro Hidro Kelas A (PLTMH),Latea,Maluku Tengah,136885.05472873867,PLTMH,30.0,Tahalupu,2014,92088.7644760168,GI 70 kV Waai,0.0,70 kV,Operasi,23292.343361414805,PLTD Pasanea,1.6,PLTD,HSD,True,3.70499992,0.151905,-2.9564890373541153,128.9152748286585
81.01.20.2011,22,0.2113589675142937,4,0.6585861553512977,0.18181818181818182,17621.235294117647,intermittent,Rumahwey,Seram Utara Barat,Maluku Tengah,6310.6818724037785,0,Mikro Hidro Kelas A (PLTMH),Rumahwey,Maluku Tengah,129756.19103005946,PLTMH,30.0,Tahalupu,2014,86539.0690620977,GI 70 kV Waai,0.0,70 kV,Operasi,29336.159362591723,PLTD Pasanea,1.6,PLTD,HSD,True,3.45799994,0.14177801,-2.965416612716576,128.85145546542788
81.01.20.2012,22,0.22404738631301752,3,0.666943255669375,0.13636363636363635,33237.12156862745,dark_settled,Warasiwa,Seram Utara Barat,Maluku Tengah,1574.6854805933797,0,Mikro Hidro Kelas A (PLTMH),Warasiwa,Maluku Tengah,123881.63956440784,PLTMH,30.0,Tahalupu,2014,84824.37844152763,GI 70 kV Waai,0.0,70 kV,Operasi,33599.77084538783,PLTD Pasanea,1.6,PLTD,HSD,True,3.39299989,0.13911299,-2.935023009281631,128.78917117541786
81.01.20.2013,22,0.24454545636068692,6,0.962939134293465,0.2727272727272727,6918.04705882353,intermittent,Herlau Pauni,Seram Utara Barat,Maluku Tengah,8457.600887270255,0,Mikro Hidro Kelas A (PLTMH),Gale-gale,Maluku Tengah,155703.54382498594,PLTMH,30.0,Tahalupu,2014,110517.60872505239,GI 70 kV Waai,0.0,70 kV,Operasi,7789.116605654561,PLTD Pasanea,1.6,PLTD,HSD,True,3.84800005,0.15776800000000002,-2.8786308379312424,129.0706756986526
81.01.21.2001,22,0.2096403840195974,3,0.6210569568153289,0.13636363636363635,19177.0,dark_settled,Waraka,Teluk Elpaputih,Maluku Tengah,2106.567060020037,0,Mikro Hidro Kelas C (PLTMH),Nuweletetu,Maluku Tengah,137982.278877014,PLTMH,30.0,Tahalupu,2014,83916.68109154931,GI 70 kV Waai,0.0,70 kV,Operasi,21865.610502958752,PLTMG Seram Unit 2,11.918,PLTMG,Gas,True,3.80250001,0.155903,-3.109275447567095,128.95009657595466
81.01.21.2002,22,0.2186365326280162,4,0.5851017375857342,0.18181818181818182,90280.42352941175,intermittent,Tananahu,Teluk Elpaputih,Maluku Tengah,103.34850645211328,0,Mikro Hidro Kelas A (PLTMH),Tananahu,Maluku Tengah,132728.81209632993,PLTMH,30.0,Tahalupu,2014,78606.8131205408,GI 70 kV Waai,0.0,70 kV,Operasi,20364.52915155992,PLTD Mep Masohi,6.0,PLTD,HSD,True,3.97799993,0.16309801000000002,-3.1275805695039476,128.90426969028775
81.01.21.2003,22,0.22529532744033087,5,0.6376542464825093,0.22727272727272727,46669.25882352941,intermittent,Liang,Teluk Elpaputih,Maluku Tengah,2404.836718627667,0,Mikro Hidro Kelas A (PLTMH),Liang,Maluku Tengah,127859.17106435471,PLTMH,30.0,Tahalupu,2014,75704.68882867393,GI 70 kV Waai,0.0,70 kV,Operasi,23624.80627771387,PLTD Mep Masohi,6.0,PLTD,HSD,True,3.9000000999999997,0.15989999,-3.112086733364893,128.85874660741084
81.01.21.2004,22,0.1972778523573761,6,0.6307309123425195,0.2727272727272727,120457.13725490197,intermittent,Sahulauw,Teluk Elpaputih,Maluku Tengah,3409.1275396656224,0,Mikro Hidro Kelas C (PLTMH),Elpaputih,Seram Bagian Barat,124130.28666009418,PLTMH,30.0,Tahalupu,2014,70495.94295337798,GI 70 kV Waai,0.0,70 kV,Operasi,21806.86944528578,PLTD Mep Masohi,6.0,PLTD,HSD,True,4.0170002,0.16469701,-3.1488069954758116,128.82827434989827
81.01.22.2001,22,0.23273930562505124,5,0.7053107184122437,0.22727272727272727,14040.643137254901,intermittent,Larike,Leihitu Barat,Maluku Tengah,9486.570156292799,0,Mikro Hidro Kelas A (PLTMH),Hatu,Maluku Tengah,60152.306036245944,PLTMH,30.0,Tahalupu,2014,31186.778352181624,GI 150 kV Sirimau (IBT 60 MVA),60.0,150 kV,Operasi,8416.664374930186,PLTS Pulau Tiga,0.1,PLTS,Surya,True,4.41349983,0.180953,-3.719489954980853,127.94274799979547
81.01.22.2002,22,0.26136782629748423,7,0.6778614323866017,0.3181818181818182,48847.666666666664,intermittent,Wakasihu,Leihitu Barat,Maluku Tengah,7851.007740640962,0,Mikro Hidro Kelas A (PLTMH),Hatu,Maluku Tengah,63715.782839613996,PLTMH,30.0,Tahalupu,2014,29186.173169439815,GI 150 kV Sirimau (IBT 60 MVA),60.0,150 kV,Operasi,12059.66239556368,PLTS Pulau Tiga,0.1,PLTS,Surya,True,4.54349995,0.18628301,-3.7443733059860698,127.96504262280195
81.01.22.2003,22,0.2871708030736282,10,0.6122933726722152,0.45454545454545453,67852.9568627451,intermittent,Allang,Leihitu Barat,Maluku Tengah,4731.039394542495,0,Mikro Hidro Kelas A (PLTMH),Hatu,Maluku Tengah,65493.82949320105,PLTMH,30.0,Tahalupu,2014,25398.802260263514,GI 150 kV Sirimau (IBT 60 MVA),60.0,150 kV,Operasi,14509.94774147723,PLTS Pulau Tiga,0.1,PLTS,Surya,True,4.53700018,0.18601701,-3.744174204838362,128.00003791151215
81.01.22.2004,22,0.30130211881146185,11,0.599759467620289,0.5,53401.19215686275,intermittent,Liliboy,Leihitu Barat,Maluku Tengah,1016.3966063428718,0,Mikro Hidro Kelas A (PLTMH),Hatu,Maluku Tengah,64082.63973753098,PLTMH,30.0,Tahalupu,2014,22596.46580118396,GI 150 kV Sirimau (IBT 60 MVA),60.0,150 kV,Operasi,14534.030687467437,PLTS Pulau Tiga,0.1,PLTS,Surya,True,4.53049994,0.18574999,-3.717340342066147,128.02049320256083
81.01.22.2005,22,0.34670079775262896,14,0.5402392384260294,0.6363636363636364,91458.7137254902,intermittent,Hatu,Leihitu Barat,Maluku Tengah,2314.507230203879,0,Mikro Hidro Kelas A (PLTMH),Hatu,Maluku Tengah,63528.88246769793,PLTMH,30.0,Tahalupu,2014,19975.675243784928,GI 150 kV Sirimau (60 MVA),60.0,150 kV,Operasi,15840.114832707848,PLTS Pulau Tiga,0.1,PLTS,Surya,True,4.48500013,0.18388499000000003,-3.6968906585501835,128.04228159651242
81.01.23.2001,22,0.23150568499469304,6,0.5220073487599907,0.2727272727272727,14994.0,intermittent,Ulahahan,Telutih,Maluku Tengah,966.0113927239864,0,Mikro Hidro Kelas C (PLTMH),Dihil,Seram Bagian Timur,239949.6271213853,PLTMH,30.0,Tahalupu,2014,173489.2123364898,GI 150 kV PLTMG Ambon Peaker,0.0,150 kV,Operasi,11273.491297094102,PLTD Laimu,1.8,PLTD,HSD,True,4.02349997,0.16496301000000002,-3.271872341528942,129.87411511508748
81.01.23.2002,22,0.2425166950054293,5,0.5268946107987209,0.22727272727272727,47718.32549019608,intermittent,Laha Kaba,Telutih,Maluku Tengah,1553.407428597746,0,Mikro Hidro Kelas A (PLTMH),Laha Kaba,Maluku Tengah,237159.52288324005,PLTMH,30.0,Tahalupu,2014,170569.9434556406,GI 150 kV PLTMG Ambon Peaker,0.0,150 kV,Operasi,8457.688359411097,PLTD Laimu,1.8,PLTD,HSD,True,4.1079998,0.16842800000000002,-3.2797324288263834,129.8488150512057
81.01.23.2003,22,0.22483494256261527,4,0.5082783768577328,0.18181818181818182,42086.345098039215,intermittent,Lafa,Telutih,Maluku Tengah,4773.050089941647,0,Mikro Hidro Kelas A (PLTMH),Tehua,Maluku Tengah,219033.52485362263,PLTMH,30.0,Tahalupu,2014,153781.81777470306,GI 150 kV PLTMG Ambon Peaker,0.0,150 kV,Operasi,14828.516177181922,PLTD Laimu,1.8,PLTD,HSD,True,3.4774999600000003,0.14257701,-3.238817229631477,129.68607154074235
81.01.23.2004,22,0.21126229867788354,5,0.6139641066240705,0.22727272727272727,10848.196078431372,intermittent,Yamalatu,Telutih,Maluku Tengah,4175.176604987744,0,Mikro Hidro Kelas A (PLTMH),Laha Kaba,Maluku Tengah,233991.83945498383,PLTMH,30.0,Tahalupu,2014,167621.01557358896,GI 150 kV PLTMG Ambon Peaker,0.0,150 kV,Operasi,6918.948455125132,PLTD Laimu,1.8,PLTD,HSD,True,4.043000220000001,0.16576301000000002,-3.2722571229743025,129.8204310413416
81.01.23.2005,22,0.24667459967336702,5,0.6106570130552486,0.22727272727272727,44757.8588235294,intermittent,Hunisi,Telutih,Maluku Tengah,3747.233117986762,0,Mikro Hidro Kelas A (PLTMH),Laimu,Maluku Tengah,232370.55665796518,PLTMH,30.0,Tahalupu,2014,165965.5734672874,GI 150 kV PLTMG Ambon Peaker,0.0,150 kV,Operasi,5937.475749821413,PLTD Laimu,1.8,PLTD,HSD,True,4.03649998,0.16549601000000003,-3.2749737709332734,129.80576928692838
81.01.23.2006,22,0.2982319311052487,12,0.6072392917606905,0.5454545454545454,107388.44705882351,intermittent,Laimu,Telutih,Maluku Tengah,856.8511363635176,0,Mikro Hidro Kelas A (PLTMH),Laimu,Maluku Tengah,229247.1596948674,PLTMH,30.0,Tahalupu,2014,163000.96738093699,GI 150 kV PLTMG Ambon Peaker,0.0,150 kV,Operasi,6193.549410499664,PLTD Laimu,1.8,PLTD,HSD,True,4.0170002,0.16469701,-3.2704749811399774,129.77771774320806
81.01.23.2007,22,0.21968162621451987,6,0.6093855064418794,0.2727272727272727,23267.09803921569,intermittent,Maneoratu,Telutih,Maluku Tengah,413.51873893428046,0,Mikro Hidro Kelas B (PLTMH),Maneoratu,Maluku Tengah,226157.13272085768,PLTMH,30.0,Tahalupu,2014,160290.9738736648,GI 150 kV PLTMG Ambon Peaker,0.0,150 kV,Operasi,8670.238146814829,PLTD Laimu,1.8,PLTD,HSD,True,3.82200003,0.156702,-3.25696802292257,129.75009227355147
81.01.23.2008,22,0.2388206929193237,5,0.5603429062886068,0.22727272727272727,70684.94509803921,intermittent,Tehua,Telutih,Maluku Tengah,3146.879054463862,0,Mikro Hidro Kelas A (PLTMH),Tehua,Maluku Tengah,222630.98672042802,PLTMH,30.0,Tahalupu,2014,157001.99747245712,GI 150 kV PLTMG Ambon Peaker,0.0,150 kV,Operasi,11341.931596350816,PLTD Laimu,1.8,PLTD,HSD,True,3.7699999799999997,0.15456999999999999,-3.2503881097222926,129.71840018265402
81.01.23.2009,22,0.22069859571041828,7,0.5772654782550702,0.3181818181818182,17882.549019607843,intermittent,Laha,Telutih,Maluku Tengah,2961.5865849103584,0,Mikro Hidro Kelas A (PLTMH),Laha Kaba,Maluku Tengah,235370.99493814007,PLTMH,30.0,Tahalupu,2014,168849.35353605435,GI 150 kV PLTMG Ambon Peaker,0.0,150 kV,Operasi,7251.770030141216,PLTD Laimu,1.8,PLTD,HSD,True,4.114500049999999,0.168694,-3.2779449174453674,129.83273980852195
81.01.23.2010,22,0.21785024016202487,4,0.5410184964396846,0.18181818181818182,50082.4705882353,intermittent,Wolu,Telutih,Maluku Tengah,6956.685276565747,0,Mikro Hidro Kelas A (PLTMH),Tehua,Maluku Tengah,216135.09607199655,PLTMH,30.0,Tahalupu,2014,151089.4682997333,GI 150 kV PLTMG Ambon Peaker,0.0,150 kV,Operasi,17455.78898219117,PLTD Laimu,1.8,PLTD,HSD,True,3.4189999099999997,0.14017899,-3.233812759115542,129.65997628220236
81.01.24.2001,22,0.2305369679673485,5,0.5441061129201364,0.22727272727272727,112851.431372549,intermittent,Seti,Seram Utara Timur Seti,Maluku Tengah,579.2716464325903,0,Mikro Hidro Kelas A (PLTMH),Seti,Maluku Tengah,247020.79304797266,PLTMH,30.0,Tahalupu,2014,185134.24241276205,GI 150 kV PLTMG Ambon Peaker,0.0,150 kV,Operasi,8492.511699996285,PLTD Kobisonta,4.0,PLTD,HSD,True,3.77649999,0.15483700000000003,-3.0662497293081024,129.93199101822196
81.01.24.2002,22,0.48583841699911395,15,0.6496232070616653,0.6818181818181818,196028.00392156866,intermittent,Kobisonta,Seram Utara Timur Seti,Maluku Tengah,10770.340592396293,0,Mikro Hidro Kelas A (PLTMH),Seti,Maluku Tengah,246931.2692331705,PLTMH,30.0,Tahalupu,2014,187398.68962342647,GI 150 kV PLTMG Ambon Peaker,0.0,150 kV,Operasi,1954.5569082680709,PLTD Kobisonta,4.0,PLTD,HSD,True,3.9519999,0.16203199000000001,-2.972808955131314,129.92219612503933
81.01.24.2003,22,0.3788366444225485,14,0.6819680422781421,0.6363636363636364,182607.36470588238,intermittent,Wailoping,Seram Utara Timur Seti,Maluku Tengah,9424.565677045231,0,Mikro Hidro Kelas A (PLTMH),Seti,Maluku Tengah,249511.7736680597,PLTMH,30.0,Tahalupu,2014,189482.04811242994,GI 150 kV PLTMG Ambon Peaker,0.0,150 kV,Operasi,2621.1994201884095,PLTD Kobisonta,4.0,PLTD,HSD,True,3.93249989,0.16123299000000002,-2.9869587522376007,129.94719321786496
81.01.24.2004,22,0.3023974077499637,12,0.825645223827905,0.5454545454545454,17550.98039215686,intermittent,Tihuana,Seram Utara Timur Seti,Maluku Tengah,5001.783258626343,0,Mikro Hidro Kelas A (PLTMH),Seti,Maluku Tengah,247651.14937470207,PLTMH,30.0,Tahalupu,2014,186756.75856697655,GI 150 kV PLTMG Ambon Peaker,0.0,150 kV,Operasi,4021.775760408786,PLTD Kobisonta,4.0,PLTD,HSD,True,3.78299999,0.15510300000000002,-3.0249605152485888,129.93421466638208
81.01.24.2005,22,0.4909153786995536,14,0.7062050934784133,0.6363636363636364,118579.93333333335,intermittent,Waitila,Seram Utara Timur Seti,Maluku Tengah,6383.7900626241235,0,Mikro Hidro Kelas A (PLTMH),Seti,Maluku Tengah,252311.17332622528,PLTMH,30.0,Tahalupu,2014,190821.1663565413,GI 150 kV PLTMG Ambon Peaker,0.0,150 kV,Operasi,8216.867079548718,PLTD Kobisonta,4.0,PLTD,HSD,True,3.7960000000000003,0.15563600000000002,-3.040901528887885,129.97776572442834
81.01.24.2006,22,0.465811904402098,14,0.7522434517954293,0.6363636363636364,28413.231372549017,intermittent,Waiputih,Seram Utara Timur Seti,Maluku Tengah,6624.866786357359,0,Mikro Hidro Kelas A (PLTMH),Seti,Maluku Tengah,251705.66563513377,PLTMH,30.0,Tahalupu,2014,190541.69620711452,GI 150 kV PLTMG Ambon Peaker,0.0,150 kV,Operasi,6761.367262873231,PLTD Kobisonta,4.0,PLTD,HSD,True,3.81550002,0.15643600000000002,-3.0285049609000065,129.97120765252373
81.01.24.2007,22,0.31186074807469044,12,0.8096438912393131,0.5454545454545454,22133.858823529412,intermittent,Waimusal,Seram Utara Timur Seti,Maluku Tengah,8662.680991081663,0,Mikro Hidro Kelas A (PLTMH),Aketernate,Maluku Tengah,263320.3545871006,PLTMH,30.0,Tahalupu,2014,201387.81302261588,GI 150 kV PLTMG Ambon Peaker,0.0,150 kV,Operasi,17955.656162206407,PLTD Kobisonta,4.0,PLTD,HSD,True,3.7634999799999997,0.15430400000000002,-3.0412367863144265,130.0772791018127
81.01.24.2008,22,0.5233425211549532,14,0.800258509330375,0.6363636363636364,39009.01960784314,intermittent,Tanah Merah,Seram Utara Timur Seti,Maluku Tengah,6857.008891539596,0,Mikro Hidro Kelas A (PLTMH),Aketernate,Maluku Tengah,258574.21168934891,PLTMH,30.0,Tahalupu,2014,196662.65177310343,GI 150 kV PLTMG Ambon Peaker,0.0,150 kV,Operasi,13914.675231390833,PLTD Kobisonta,4.0,PLTD,HSD,True,3.78299999,0.15510300000000002,-3.048146381319525,130.0349530078781
81.01.24.2009,22,0.2366432252437575,5,0.5616507320135475,0.22727272727272727,39958.035294117646,intermittent,Aketernate,Seram Utara Timur Seti,Maluku Tengah,3194.6402523942934,0,Mikro Hidro Kelas B (PLTMH),Aketernate,Maluku Tengah,262345.5750459057,PLTMH,30.0,Tahalupu,2014,198855.19071243698,GI 150 kV PLTMG Ambon Peaker,0.0,150 kV,Operasi,21457.514781325008,PLTD Kobisonta,4.0,PLTD,HSD,True,3.77649999,0.15483700000000003,-3.1127530519804734,130.0731912915356
81.01.24.2010,22,0.3873171748066492,14,0.7852153540596082,0.6363636363636364,34244.337254901955,intermittent,Namto,Seram Utara Timur Seti,Maluku Tengah,8273.520022328968,0,Mikro Hidro Kelas A (PLTMH),Aketernate,Maluku Tengah,265324.52010827087,PLTMH,30.0,Tahalupu,2014,203453.68837550838,GI 150 kV PLTMG Ambon Peaker,0.0,150 kV,Operasi,19640.12769583958,PLTD Kobisonta,4.0,PLTD,HSD,True,3.75699997,0.154037,-3.0351973027870898,130.09489371006447
81.01.24.2011,22,0.43408448798837496,14,0.7790328892554165,0.6363636363636364,76858.55294117647,intermittent,Loping Mulyo,Seram Utara Timur Seti,Maluku Tengah,5194.446448357911,0,Mikro Hidro Kelas A (PLTMH),Seti,Maluku Tengah,249489.02611134018,PLTMH,30.0,Tahalupu,2014,188411.2333647661,GI 150 kV PLTMG Ambon Peaker,0.0,150 kV,Operasi,5266.794991254972,PLTD Kobisonta,4.0,PLTD,HSD,True,3.80250001,0.155903,-3.028988196478294,129.95120727123268
81.01.24.2012,22,0.5725538716925901,14,0.7943346508987095,0.6363636363636364,105353.50588235294,intermittent,Wonosari,Seram Utara Timur Seti,Maluku Tengah,7975.545326802022,0,Mikro Hidro Kelas A (PLTMH),Seti,Maluku Tengah,246219.1012723087,PLTMH,30.0,Tahalupu,2014,186065.94819677036,GI 150 kV PLTMG Ambon Peaker,0.0,150 kV,Operasi,1068.4893905281576,PLTD Kobisonta,4.0,PLTD,HSD,True,3.85450006,0.158035,-2.998379959442042,129.918602842344
81.01.25.2001,22,0.3062138510991471,14,0.6858379740856362,0.6363636363636364,126795.69803921567,intermittent,Kobi,Seram Utara Timur Kobi,Maluku Tengah,12419.282311917936,0,Mikro Hidro Kelas A (PLTMH),Maneo Rendah,Maluku Tengah,238060.71774318864,PLTMH,30.0,Tahalupu,2014,180454.3091890407,GI 150 kV PLTMG Ambon Peaker,0.0,150 kV,Operasi,12497.872259686,PLTD Kobisonta,4.0,PLTD,HSD,True,4.17299986,0.17109300000000002,-2.921479516876875,129.83485522944147
81.01.25.2002,22,0.30237775964379965,12,0.6155080980710851,0.5454545454545454,45434.427450980394,intermittent,Sariputih,Seram Utara Timur Kobi,Maluku Tengah,12248.189526426659,0,Mikro Hidro Kelas A (PLTMH),Maneo Rendah,Maluku Tengah,230123.25736347266,PLTMH,30.0,Tahalupu,2014,173467.27740564456,GI 150 kV PLTMG Ambon Peaker,0.0,150 kV,Operasi,20277.405709471743,PLTD Kobisonta,4.0,PLTD,HSD,True,4.09499979,0.16789500000000002,-2.9085809807995617,129.7605932202858
81.01.25.2003,22,0.23326880870307098,5,0.5023897070915377,0.22727272727272727,111809.08235294119,intermittent,Maneo Rendah,Seram Utara Timur Kobi,Maluku Tengah,1019.1826189145365,0,Mikro Hidro Kelas C (PLTMH),Maneo Rendah,Maluku Tengah,230786.54053582327,PLTMH,30.0,Tahalupu,2014,170233.03050009432,GI 150 kV PLTMG Ambon Peaker,0.0,150 kV,Operasi,16683.22816483912,PLTD Kobisonta,4.0,PLTD,HSD,True,3.7699999799999997,0.15456999999999999,-3.043707613462357,129.78342081106575
81.01.25.2004,22,0.277398443804179,9,0.6815150955934827,0.4090909090909091,144402.90980392153,intermittent,Kobimukti,Seram Utara Timur Kobi,Maluku Tengah,7737.097910846366,0,Mikro Hidro Kelas A (PLTMH),Maneo Rendah,Maluku Tengah,233751.51099391255,PLTMH,30.0,Tahalupu,2014,175585.75266200505,GI 150 kV PLTMG Ambon Peaker,0.0,150 kV,Operasi,14419.59459664572,PLTD Kobisonta,4.0,PLTD,HSD,True,3.97799993,0.16309801000000002,-2.9515812713914893,129.7999014675013
81.01.25.2005,22,0.35867761698363926,16,0.6602820966452041,0.7272727272727273,59721.59215686275,intermittent,Leaway,Seram Utara Timur Kobi,Maluku Tengah,10102.669431231865,0,Mikro Hidro Kelas A (PLTMH),Maneo Rendah,Maluku Tengah,237267.81485706402,PLTMH,30.0,Tahalupu,2014,179093.11929583017,GI 150 kV PLTMG Ambon Peaker,0.0,150 kV,Operasi,11560.827601246921,PLTD Kobisonta,4.0,PLTD,HSD,True,4.0689997700000005,0.166829,-2.9436698642606776,129.83078308286065
81.01.25.2006,22,0.39040933228433095,15,0.6760371283768258,0.6818181818181818,137243.26274509804,intermittent,Samal,Seram Utara Timur Kobi,Maluku Tengah,11262.401341115898,0,Mikro Hidro Kelas A (PLTMH),Maneo Rendah,Maluku Tengah,240195.04891009902,PLTMH,30.0,Tahalupu,2014,181558.86969859852,GI 150 kV PLTMG Ambon Peaker,0.0,150 kV,Operasi,8298.691389344873,PLTD Kobisonta,4.0,PLTD,HSD,True,4.004000189999999,0.16416401,-2.9536929554809648,129.85870932106087
81.01.25.2007,22,0.4582374105005904,16,0.658841396083782,0.7272727272727273,135819.2588235294,intermittent,Morokai,Seram Utara Timur Kobi,Maluku Tengah,8947.736034378977,0,Mikro Hidro Kelas A (PLTMH),Maneo Rendah,Maluku Tengah,240145.66468508006,PLTMH,30.0,Tahalupu,2014,180872.23483318774,GI 150 kV PLTMG Ambon Peaker,0.0,150 kV,Operasi,7101.508386902087,PLTD Kobisonta,4.0,PLTD,HSD,True,3.93249989,0.16123299000000002,-2.9773643197615343,129.86120372836103
81.01.25.2008,22,0.3284574720239196,13,0.6245508642575114,0.5909090909090909,72729.67843137257,intermittent,Waimusi,Seram Utara Timur Kobi,Maluku Tengah,7529.944470747705,0,Mikro Hidro Kelas A (PLTMH),Maneo Rendah,Maluku Tengah,237256.29669035532,PLTMH,30.0,Tahalupu,2014,178027.59819645254,GI 150 kV PLTMG Ambon Peaker,0.0,150 kV,Operasi,9847.805864012978,PLTD Kobisonta,4.0,PLTD,HSD,True,3.88050008,0.15910099000000003,-2.981925559108144,129.8355425513027
81.01.25.2009,22,0.31629571242963306,14,0.6624820534585509,0.6363636363636364,68257.14509803921,intermittent,Way Asih,Seram Utara Timur Kobi,Maluku Tengah,5111.611572608066,0,Mikro Hidro Kelas A (PLTMH),Maneo Rendah,Maluku Tengah,234441.4585934214,PLTMH,30.0,Tahalupu,2014,175294.91552321948,GI 150 kV PLTMG Ambon Peaker,0.0,150 kV,Operasi,12610.916464042153,PLTD Kobisonta,4.0,PLTD,HSD,True,3.86750007,0.15856799,-2.985026730359442,129.81038428055632
81.01.25.2010,22,0.45354688141790267,15,0.7322323254180946,0.6818181818181818,41598.08235294118,intermittent,Waitonipa,Seram Utara Timur Kobi,Maluku Tengah,9765.714749835308,0,Mikro Hidro Kelas A (PLTMH),Maneo Rendah,Maluku Tengah,242224.52204155258,PLTMH,30.0,Tahalupu,2014,182731.10056657696,GI 150 kV PLTMG Ambon Peaker,0.0,150 kV,Operasi,4916.641672393547,PLTD Kobisonta,4.0,PLTD,HSD,True,3.89350009,0.15963399000000003,-2.9811969920054042,129.88050226177364
81.01.25.2011,22,0.32097353342729207,13,0.7535105403768563,0.5909090909090909,34516.29019607843,intermittent,Marasahua,Seram Utara Timur Kobi,Maluku Tengah,7043.773162332274,0,Mikro Hidro Kelas A (PLTMH),Maneo Rendah,Maluku Tengah,240731.05899955382,PLTMH,30.0,Tahalupu,2014,180710.4154518935,GI 150 kV PLTMG Ambon Peaker,0.0,150 kV,Operasi,6225.762031931463,PLTD Kobisonta,4.0,PLTD,HSD,True,3.83500004,0.157235,-3.00424349573125,129.8695252771521
81.01.25.2012,22,0.2252604035706492,3,0.4637432756949773,0.13636363636363635,0.0,data_gap,Kabauhari,Seram Utara Timur Kobi,Maluku Tengah,6682.934239057211,0,Mikro Hidro Kelas A (PLTMH),Maneo Rendah,Maluku Tengah,222027.00278921428,PLTMH,30.0,Tahalupu,2014,164423.36416532085,GI 150 kV PLTMG Ambon Peaker,0.0,150 kV,Operasi,25672.716035539997,PLTD Kobisonta,4.0,PLTD,HSD,True,3.89350009,0.15963399000000003,-2.9605248631793453,129.6945680831478
81.01.26.2001,22,0.273972210421043,9,0.7308233734811571,0.4090909090909091,23793.709803921567,intermittent,Ouw,Saparua Timur,Maluku Tengah,25774.361511920575,0,Mikro Hidro Kelas A (PLTMH),Hualoy,Seram Bagian Barat,120117.72310444951,PLTMH,30.0,Tahalupu,2014,43992.005654994835,GI 150 kV PLTMG Ambon Peaker,0.0,150 kV,Operasi,6785.988598364528,PLTD Nusalaut,1.36,PLTD,HSD,True,4.65399981,0.19081399999999998,-3.601695315486097,128.7290334808558
81.01.26.2002,22,0.43984409119633616,15,0.9223574524428965,0.6818181818181818,65428.9294117647,intermittent,Ullath,Saparua Timur,Maluku Tengah,24485.287672408525,0,Mikro Hidro Kelas A (PLTMH),Hualoy,Seram Bagian Barat,118530.66895424001,PLTMH,30.0,Tahalupu,2014,42529.949136857234,GI 150 kV PLTMG Ambon Peaker,0.0,150 kV,Operasi,7405.398994326169,PLTD Saparua,2.2,PLTD,HSD,True,4.64750004,0.190547,-3.593618061057653,128.71676265964416
81.01.26.2003,22,0.3691853737031851,16,0.6624839321554202,0.7272727272727273,43723.34117647059,intermittent,Siri Sori Islam,Saparua Timur,Maluku Tengah,22725.26708430588,0,Mikro Hidro Kelas A (PLTMH),Hualoy,Seram Bagian Barat,117120.99503972728,PLTMH,30.0,Tahalupu,2014,41440.23928271992,GI 150 kV PLTMG Ambon Peaker,0.0,150 kV,Operasi,6370.092726003477,PLTD Saparua,2.2,PLTD,HSD,True,4.627999780000001,0.189748,-3.57966651043673,128.70826953903278
81.01.26.2004,22,0.25970649320070227,9,0.6252094650314808,0.4090909090909091,48970.42352941176,intermittent,Siri Sori Amalatu,Saparua Timur,Maluku Tengah,18437.29802911713,0,Mikro Hidro Kelas A (PLTMH),Rumahkay,Seram Bagian Barat,112326.86630696132,PLTMH,30.0,Tahalupu,2014,37261.23776747019,GI 150 kV PLTMG Ambon Peaker,0.0,150 kV,Operasi,4033.09752266583,PLTD Saparua,2.2,PLTD,HSD,True,4.51100016,0.18495101,-3.552937245736137,128.6718089228639
81.01.26.2005,22,0.5408097335888842,14,0.6632439333562068,0.6363636363636364,12211.152941176471,intermittent,Mahu,Saparua Timur,Maluku Tengah,17080.285322039454,0,Mikro Hidro Kelas A (PLTMH),Hualoy,Seram Bagian Barat,113798.01739308983,PLTMH,30.0,Tahalupu,2014,39633.825052181106,GI 150 kV PLTMG Ambon Peaker,0.0,150 kV,Operasi,7353.3295446998945,PLTD Saparua,2.2,PLTD,HSD,True,4.4914999,0.18415201,-3.531311500852881,128.692728609975
81.01.26.2006,22,0.24618210800994134,6,0.6833871933470411,0.2727272727272727,34681.87450980392,intermittent,Tuhaha,Saparua Timur,Maluku Tengah,20403.324798090496,0,Mikro Hidro Kelas A (PLTMH),Hualoy,Seram Bagian Barat,116902.80022894668,PLTMH,30.0,Tahalupu,2014,41986.771551200545,GI 150 kV PLTMG Ambon Peaker,0.0,150 kV,Operasi,7651.826692989398,PLTD Saparua,2.2,PLTD,HSD,True,4.602000240000001,0.18868200000000002,-3.555615493450786,128.71435768200905
81.01.26.2007,22,0.2861770678798362,10,0.6548635277171084,0.45454545454545453,21881.521568627453,intermittent,Ihamahu,Saparua Timur,Maluku Tengah,16952.64577781392,0,Mikro Hidro Kelas A (PLTMH),Hualoy,Seram Bagian Barat,115164.79894433104,PLTMH,30.0,Tahalupu,2014,41314.04043993539,GI 150 kV PLTMG Ambon Peaker,0.0,150 kV,Operasi,8974.155142723324,PLTD Saparua,2.2,PLTD,HSD,True,4.53049994,0.18574999,-3.5249684029275223,128.70751807504217
81.01.26.2008,22,0.3134361838537881,15,0.6923184266463757,0.6818181818181818,43870.074509803926,intermittent,Iha,Saparua Timur,Maluku Tengah,17353.650795134756,0,Mikro Hidro Kelas A (PLTMH),Layeni,Maluku Tengah,148029.73539356922,PLTMH,30.0,Tahalupu,2014,81006.89841941149,GI 150 kV PLTMG Ambon Peaker,0.0,150 kV,Operasi,11954.568159741424,PLTMG Seram Unit 2,11.918,PLTMG,Gas,False,,,-3.3584020552368132,129.04033422455072
81.01.26.2009,22,0.7350481573603198,15,0.7778033228854463,0.6818181818181818,79847.4705882353,intermittent,Nolloth,Saparua Timur,Maluku Tengah,14011.180382864544,0,Mikro Hidro Kelas A (PLTMH),Hualoy,Seram Bagian Barat,113230.86899364847,PLTMH,30.0,Tahalupu,2014,40341.103476993085,GI 150 kV PLTMG Ambon Peaker,0.0,150 kV,Operasi,10382.192658070677,PLTD Saparua,2.2,PLTD,HSD,True,4.504499910000001,0.18468501,-3.5009646064008004,128.69628412261278
81.01.26.2010,22,0.3067085106281341,12,0.7176095309350191,0.5454545454545454,16140.905882352941,intermittent,Itawaka,Saparua Timur,Maluku Tengah,15663.164483630368,0,Mikro Hidro Kelas A (PLTMH),Hualoy,Seram Bagian Barat,115503.93118849523,PLTMH,30.0,Tahalupu,2014,42349.52092164456,GI 150 kV PLTMG Ambon Peaker,0.0,150 kV,Operasi,10915.0893689796,PLTD Saparua,2.2,PLTD,HSD,True,4.563000199999999,0.18708301,-3.5085238441589137,128.71543750845652
81.02.01.1013,22,5.471020659899221,16,0.6463304759841833,0.7272727272727273,275390.95686274517,intermittent,Ohoijang Watdek,Kei Kecil,Maluku Tenggara,54164.04173249585,0,Mikro Hidro Kelas A (PLTMH),Langgiar Haar,Maluku Tenggara,44377.23969968241,PLTS Terpusat,30.0,Kaimer,2016,540632.9761606014,GI 150 kV PLTMG Sorong,0.0,150 kV,Operasi,2022.0309674538566,PLTD Langgur Caterpillar Unit 4,0.0,PLTD,HSD B30,True,4.63450003,0.190014,-5.649694473053047,132.73716909409904
81.02.01.2014,22,2.4267066781419118,17,0.5991443476640885,0.7727272727272727,502197.8901960784,lit_stable,Langgur,Kei Kecil,Maluku Tenggara,55703.37588472952,0,Mikro Hidro Kelas A (PLTMH),Langgiar Haar,Maluku Tenggara,44025.14609547717,PLTS Terpusat,30.0,Kaimer,2016,541963.1731940132,GI 150 kV PLTMG Sorong,0.0,150 kV,Operasi,855.3974674084396,PLTD Sewatama Langgur,4.0,PLTD,HSD,True,4.53049994,0.18574999,-5.664383138894221,132.73051713358322
81.02.01.2015,22,0.4899242920402519,14,0.7888558666260023,0.6363636363636364,39833.32156862745,intermittent,Faan,Kei Kecil,Maluku Tenggara,57291.17022079409,0,Mikro Hidro Kelas A (PLTMH),Langgiar Haar,Maluku Tenggara,44986.730025586214,PLTS Terpusat,30.0,Kaimer,2016,542245.8131827815,GI 150 kV PLTMG Ambon Peaker,0.0,150 kV,Operasi,2552.430430487556,PLTD Sewatama Langgur,4.0,PLTD,HSD,True,4.38100004,0.179621,-5.690430751828544,132.73212465036593
81.02.01.2016,22,0.28722848730836825,11,0.7536007215592226,0.5,70308.79215686275,intermittent,Sathean,Kei Kecil,Maluku Tenggara,58919.15797179351,0,Mikro Hidro Kelas A (PLTMH),Langgiar Haar,Maluku Tenggara,46050.159753463144,PLTS Terpusat,30.0,Tanimbar Kei,2016,544250.8384093452,GI 150 kV PLTMG Ambon Peaker,0.0,150 kV,Operasi,5802.163679772372,PLTD Sewatama Langgur,4.0,PLTD,HSD,True,4.3874998100000004,0.17988700000000002,-5.720241528162146,132.73767834086448
81.02.01.2017,22,0.31370138148500637,12,0.7510920012643769,0.5454545454545454,31359.29411764706,intermittent,Ibra,Kei Kecil,Maluku Tenggara,58774.86152956617,0,Mikro Hidro Kelas A (PLTMH),Langgiar Haar,Maluku Tenggara,46136.64662104313,PLTS Terpusat,30.0,Tanimbar Kei,2016,548790.5098500579,GI 150 kV PLTMG Ambon Peaker,0.0,150 kV,Operasi,9819.630706634423,PLTD Sewatama Langgur,4.0,PLTD,HSD,True,4.36149979,0.178821,-5.750818977909513,132.76828288381347
81.02.01.2018,22,0.23974896455884537,8,0.7853631960648573,0.36363636363636365,12139.203921568629,intermittent,Ngabub,Kei Kecil,Maluku Tenggara,62657.25424998862,0,Mikro Hidro Kelas A (PLTMH),Langgiar Haar,Maluku Tenggara,42427.35181240445,PLTS Terpusat,30.0,Tanimbar Kei,2016,548910.6813559216,GI 150 kV PLTMG Ambon Peaker,0.0,150 kV,Operasi,13040.845071641686,PLTD Sewatama Langgur,4.0,PLTD,HSD,True,4.34200001,0.178022,-5.784338146595999,132.75269369410347
81.02.01.2048,22,0.23381976175637767,3,0.6468033229208827,0.13636363636363635,8535.992156862745,dark_settled,Ohoidertawun,Kei Kecil,Maluku Tenggara,61955.4801706857,0,Mikro Hidro Kelas A (PLTMH),Langgiar Haar,Maluku Tenggara,32897.709948522635,PLTS Terpusat,30.0,Kaimer,2016,529346.1623706425,GI 150 kV PLTMG Ambon Peaker,0.0,150 kV,Operasi,12338.637378185922,PLTD Sewatama Langgur,4.0,PLTD,HSD,True,4.3744998,0.179354,-5.618463130149684,132.63756081679287
81.02.01.2049,22,0.26889352456110915,10,0.6507489424694325,0.45454545454545453,22575.729411764703,intermittent,Kelanit,Kei Kecil,Maluku Tenggara,59658.577203069035,0,Mikro Hidro Kelas A (PLTMH),Langgiar Haar,Maluku Tenggara,37859.279478298144,PLTS Terpusat,30.0,Kaimer,2016,534720.5186869305,GI 150 kV PLTMG Ambon Peaker,0.0,150 kV,Operasi,7016.573119685569,PLTD Sewatama Langgur,4.0,PLTD,HSD,True,4.45249987,0.18255299,-5.648021196060112,132.67717875780787
81.02.01.2051,22,0.7783390484085888,17,0.5846432549108851,0.7727272727272727,62924.17254901961,lit_stable,Kolser,Kei Kecil,Maluku Tenggara,56930.798238177136,0,Mikro Hidro Kelas A (PLTMH),Langgiar Haar,Maluku Tenggara,42259.086796761956,PLTS Terpusat,30.0,Kaimer,2016,539115.7505059484,GI 150 kV PLTMG Ambon Peaker,0.0,150 kV,Operasi,2597.3851359206997,PLTD Sewatama Langgur,4.0,PLTD,HSD,True,4.48500013,0.18388499000000003,-5.661281506309674,132.7148434360363
81.02.01.2052,22,0.3763666909647433,14,0.7667893468180408,0.6363636363636364,21050.227450980394,intermittent,Letman,Kei Kecil,Maluku Tenggara,55961.07803219728,0,Mikro Hidro Kelas A (PLTMH),Langgiar Haar,Maluku Tenggara,40465.85357238218,PLTS Terpusat,30.0,Kaimer,2016,537419.9553445056,GI 150 kV PLTMG Sorong,0.0,150 kV,Operasi,5568.057473829738,PLTD Langgur,7.44,PLTD,HSD,False,,,-5.6295751765018665,132.70503571276964
81.02.01.2057,22,0.8442770059895728,14,0.7405705343862996,0.6363636363636364,115562.05098039217,intermittent,Wearlilir,Kei Kecil,Maluku Tenggara,56708.34603831173,0,Mikro Hidro Kelas A (PLTMH),Langgiar Haar,Maluku Tenggara,44193.72669186314,PLTS Terpusat,30.0,Kaimer,2016,541259.0382011257,GI 150 kV PLTMG Ambon Peaker,0.0,150 kV,Operasi,1396.8135713881122,PLTD Sewatama Langgur,4.0,PLTD,HSD,True,4.48500013,0.18388499000000003,-5.677200764664276,132.7286440450626
81.02.01.2067,22,0.31505872203234025,13,0.6950080846028034,0.5909090909090909,3292.298039215686,intermittent,Ohoider Atas,Kei Kecil,Maluku Tenggara,58443.19485851141,0,Mikro Hidro Kelas A (PLTMH),Langgiar Haar,Maluku Tenggara,37854.16687955213,PLTS Terpusat,30.0,Kaimer,2016,534295.8380618928,GI 150 kV PLTMG Ambon Peaker,0.0,150 kV,Operasi,7441.392178766197,PLTD Langgur,7.44,PLTD,HSD,True,4.45249987,0.18255299,-5.632081069681932,132.68059455558446
81.02.01.2068,22,0.27965420482951264,10,0.7739285241185652,0.45454545454545453,16124.41568627451,intermittent,Dudunwahan,Kei Kecil,Maluku Tenggara,57379.6595784515,0,Mikro Hidro Kelas A (PLTMH),Langgiar Haar,Maluku Tenggara,38567.22006755963,PLTS Terpusat,30.0,Kaimer,2016,534772.0230799137,GI 150 kV PLTMG Ambon Peaker,0.0,150 kV,Operasi,7158.200443867806,PLTD Langgur,7.44,PLTD,HSD,True,4.48500013,0.18388499000000003,-5.626078739182619,132.68822953846995
81.02.01.2069,22,0.3508548895224755,15,0.6138338065893942,0.6818181818181818,18687.250980392153,intermittent,Loon,Kei Kecil,Maluku Tenggara,60674.07975455558,0,Mikro Hidro Kelas A (PLTMH),Langgiar Haar,Maluku Tenggara,38190.479397603616,PLTS Terpusat,30.0,Kaimer,2016,535371.3280205099,GI 150 kV PLTMG Ambon Peaker,0.0,150 kV,Operasi,6791.917069559058,PLTD Sewatama Langgur,4.0,PLTD,HSD,True,4.35500002,0.17855500000000002,-5.663751432504391,132.6760780310482
81.02.01.2071,22,0.300227119349322,11,0.7790470501664826,0.5,21879.968627450984,intermittent,Sitniohoi,Kei Kecil,Maluku Tenggara,55363.61299718609,0,Mikro Hidro Kelas A (PLTMH),Langgiar Haar,Maluku Tenggara,39365.78931423259,PLTS Terpusat,30.0,Kaimer,2016,534744.8035507089,GI 150 kV PLTMG Sorong,0.0,150 kV,Operasi,8090.073572498734,PLTD Langgur,7.44,PLTD,HSD,True,4.472000120000001,0.18335199000000002,-5.60647761993798,132.69825119927353
81.02.03.2001,22,0.2505356837394006,5,0.6856394359420412,0.22727272727272727,2762.01568627451,intermittent,Werka,Kei Besar,Maluku Tenggara,40090.20986840991,0,Mikro Hidro Kelas A (PLTMH),Langgiar Haar,Maluku Tenggara,67630.28848987972,PLTS Terpusat,30.0,Tanimbar Kei,2016,552911.341140619,GI 150 kV PLTMG Sorong,0.0,150 kV,Operasi,4164.715727851156,PLTS Elat,0.2,PLTS,Surya,True,4.5954999899999995,0.18841501000000002,-5.688598337694066,132.96399188010759
81.02.03.2002,22,0.46184724612109695,15,0.7390851567528641,0.6818181818181818,35965.0,intermittent,Waur,Kei Besar,Maluku Tenggara,39486.44769543425,0,Mikro Hidro Kelas A (PLTMH),Langgiar Haar,Maluku Tenggara,69312.87567180992,PLTS Terpusat,30.0,Tanimbar Kei,2016,554227.0163626868,GI 150 kV PLTMG Sorong,0.0,150 kV,Operasi,3856.24539609923,PLTS Elat,0.2,PLTS,Surya,True,4.563000199999999,0.18708301,-5.69342480044713,132.98513566709727
81.02.03.2003,22,0.337005697178637,16,0.690428209492463,0.7272727272727273,6093.796078431373,intermittent,Ohoinangan,Kei Besar,Maluku Tenggara,37143.07006263204,0,Mikro Hidro Kelas A (PLTMH),Langgiar Haar,Maluku Tenggara,71353.70550328775,PLTS Terpusat,30.0,Tanimbar Kei,2016,552677.556357939,GI 150 kV PLTMG Sorong,0.0,150 kV,Operasi,2009.3262355480238,PLTS Elat,0.2,PLTS,Surya,True,4.563000199999999,0.18708301,-5.674824493674209,132.99513189382054
81.02.03.2004,22,0.32986273627432294,13,0.7044758683995348,0.5909090909090909,6828.521568627451,intermittent,Ler Ohoilim,Kei Besar,Maluku Tenggara,37749.875284089074,0,Mikro Hidro Kelas A (PLTMH),Langgiar Haar,Maluku Tenggara,69358.05922837756,PLTS Terpusat,30.0,Tanimbar Kei,2016,550761.6465920578,GI 150 kV PLTMG Sorong,0.0,150 kV,Operasi,2262.956382011358,PLTS Elat,0.2,PLTS,Surya,True,4.5500001899999996,0.18655001,-5.666560875255346,132.96787344050568
81.02.03.2005,22,0.6309157149138676,16,0.6560372432202485,0.7272727272727273,4274.188235294118,intermittent,Rahareng,Kei Besar,Maluku Tenggara,36146.319753402655,0,Mikro Hidro Kelas A (PLTMH),Langgiar Haar,Maluku Tenggara,71430.48447091827,PLTS Terpusat,30.0,Tanimbar Kei,2016,550821.85784204,GI 150 kV PLTMG Sorong,0.0,150 kV,Operasi,177.57560355370612,PLTS Elat,0.2,PLTS,Surya,True,4.54349995,0.18628301,-5.660304457107669,132.98628433957873
81.02.03.2006,22,1.1809341877129431,17,0.6132616151138648,0.7727272727272727,33649.61960784314,intermittent,Elat,Kei Besar,Maluku Tenggara,34989.87081907665,0,Mikro Hidro Kelas A (PLTMH),Langgiar Haar,Maluku Tenggara,72451.33923177847,PLTS Terpusat,30.0,Kaimer,2016,550304.2374887727,GI 150 kV PLTMG Sorong,0.0,150 kV,Operasi,312.6212189433937,PLTD Elat,1.6,PLTD,HSD,True,4.53700018,0.18601701,-5.652507593559071,132.99382084408853
81.02.03.2007,22,1.9175429188889013,17,0.6284205661495816,0.7727272727272727,38782.439215686274,intermittent,Depur,Kei Besar,Maluku Tenggara,34833.17442951742,0,Mikro Hidro Kelas A (PLTMH),Langgiar Haar,Maluku Tenggara,73093.85910096718,PLTS Terpusat,30.0,Tanimbar Kei,2016,550735.7504962111,GI 150 kV PLTMG Sorong,0.0,150 kV,Operasi,935.8739726496981,PLTD Elat,1.6,PLTD,HSD,True,4.53700018,0.18601701,-5.654217425421037,133.00030212918585
81.02.03.2008,22,0.3900730715165317,16,0.5992281209460276,0.7272727272727273,18956.0,intermittent,Ohoilim,Kei Besar,Maluku Tenggara,34664.162714248945,0,Mikro Hidro Kelas A (PLTMH),Langgiar Haar,Maluku Tenggara,74298.63528776384,PLTS Terpusat,30.0,Tanimbar Kei,2016,552057.3734669694,GI 150 kV PLTMG Sorong,0.0,150 kV,Operasi,2910.6293522791552,PLTD Elat,1.6,PLTD,HSD,True,4.563000199999999,0.18708301,-5.6604334475651745,133.01747449330216
81.02.03.2009,22,0.2641850645917973,8,0.6241529756534726,0.36363636363636365,2679.364705882353,intermittent,El Ralang,Kei Besar,Maluku Tenggara,29136.69982005523,0,Mikro Hidro Kelas A (PLTMH),Langgiar Haar,Maluku Tenggara,77445.26423885555,PLTS Terpusat,30.0,Kaimer,2016,548563.0963239184,GI 150 kV PLTMG Sorong,0.0,150 kV,Operasi,7004.562001751076,PLTD Elat,1.6,PLTD,HSD,True,4.4914999,0.18415201,-5.617032059029165,133.0427189092497
81.02.03.2015,22,0.23333894644751085,5,0.8043713204308268,0.22727272727272727,10528.835294117647,intermittent,Reyamru,Kei Besar,Maluku Tenggara,26386.07014082002,0,Mikro Hidro Kelas A (PLTMH),Langgiar Haar,Maluku Tenggara,81926.92874402979,PLTS Terpusat,30.0,Kaimer,2016,548929.2068004331,GI 150 kV PLTMG Sorong,0.0,150 kV,Operasi,11631.716254993367,PLTD Elat,1.6,PLTD,HSD,True,4.49800014,0.18441799,-5.60428004657402,133.08404579690915
81.02.03.2016,22,0.24981722768677886,6,0.7284524430484288,0.2727272727272727,5326.309803921568,intermittent,Fako,Kei Besar,Maluku Tenggara,29282.00755278411,0,Mikro Hidro Kelas A (PLTMH),Langgiar Haar,Maluku Tenggara,79213.95391556155,PLTS Terpusat,30.0,Kaimer,2016,549913.5761807754,GI 150 kV PLTMG Sorong,0.0,150 kV,Operasi,8090.047496952814,PLTD Elat,1.6,PLTD,HSD,True,4.53700018,0.18601701,-5.624022299437428,133.0582252892701
81.02.03.2017,22,0.3807423020131281,15,0.7308333965194218,0.6818181818181818,5443.2588235294115,intermittent,Yamtel,Kei Besar,Maluku Tenggara,37036.91788565199,0,Mikro Hidro Kelas A (PLTMH),Langgiar Haar,Maluku Tenggara,72096.10615248015,PLTS Terpusat,30.0,Tanimbar Kei,2016,553460.2940825515,GI 150 kV PLTMG Sorong,0.0,150 kV,Operasi,3009.7227719732364,PLTS Elat,0.2,PLTS,Surya,True,4.58249998,0.18788201000000002,-5.678488422741684,133.00541914507644
81.02.03.2018,22,0.3018665531322964,11,0.7389113858058514,0.5,6422.286274509804,intermittent,Waur Tahit,Kei Besar,Maluku Tenggara,37911.03268725319,0,Mikro Hidro Kelas A (PLTMH),Langgiar Haar,Maluku Tenggara,71273.62850515763,PLTS Terpusat,30.0,Tanimbar Kei,2016,553958.6847681835,GI 150 kV PLTMG Sorong,0.0,150 kV,Operasi,3303.2238562774146,PLTS Elat,0.2,PLTS,Surya,True,4.56949997,0.18734901,-5.685029150791614,133.00075527233327
81.02.03.2019,22,0.3308327787919969,13,0.6428728980196928,0.5909090909090909,0.0,data_gap,Ngefuit,Kei Besar,Maluku Tenggara,39663.03176783863,0,Mikro Hidro Kelas A (PLTMH),Langgiar Haar,Maluku Tenggara,69692.6032570733,PLTS Terpusat,30.0,Tanimbar Kei,2016,555034.5550622203,GI 150 kV PLTMG Sorong,0.0,150 kV,Operasi,4460.46687230515,PLTS Elat,0.2,PLTS,Surya,True,4.56949997,0.18734901,-5.698518494021552,132.99229628086394
81.02.03.2020,22,0.2680771766355864,8,0.7070517893945355,0.36363636363636365,8732.788235294118,intermittent,Ohoiel,Kei Besar,Maluku Tenggara,42748.348474790095,0,Mikro Hidro Kelas A (PLTMH),Langgiar Haar,Maluku Tenggara,66833.66575841645,PLTS Terpusat,30.0,Tanimbar Kei,2016,556811.2599545629,GI 150 kV PLTMG Sorong,0.0,150 kV,Operasi,7084.144599367532,PLTS Elat,0.2,PLTS,Surya,True,4.5954999899999995,0.18841501000000002,-5.721580726533784,132.97598042718528
81.02.03.2021,22,0.24857579955310746,8,0.7394761432346599,0.36363636363636365,14591.592156862745,intermittent,Ohoiwait,Kei Besar,Maluku Tenggara,44895.84786560555,0,Mikro Hidro Kelas A (PLTMH),Langgiar Haar,Maluku Tenggara,64528.078021651694,PLTS Terpusat,30.0,Tanimbar Kei,2016,557627.0458937418,GI 150 kV PLTMG Sorong,0.0,150 kV,Operasi,9011.313103093145,PLTS Elat,0.2,PLTS,Surya,True,4.627999780000001,0.189748,-5.735267190382654,132.95984794394025
81.02.03.2022,22,0.3501975750793994,13,0.6840119377784522,0.5909090909090909,5688.0,intermittent,Ohoiwang,Kei Besar,Maluku Tenggara,38525.53198964601,0,Mikro Hidro Kelas A (PLTMH),Langgiar Haar,Maluku Tenggara,69879.24191728604,PLTS Terpusat,30.0,Tanimbar Kei,2016,553217.3144243993,GI 150 kV PLTMG Sorong,0.0,150 kV,Operasi,2783.8761782094416,PLTS Elat,0.2,PLTS,Surya,True,4.55649996,0.18681601000000003,-5.683761141366683,132.98506253070315
81.02.03.2023,22,0.3322638895000435,15,0.727217976696298,0.6818181818181818,4125.0,intermittent,Fangamas,Kei Besar,Maluku Tenggara,37296.36204381101,0,Mikro Hidro Kelas A (PLTMH),Langgiar Haar,Maluku Tenggara,70714.92109436166,PLTS Terpusat,30.0,Tanimbar Kei,2016,552051.00173435,GI 150 kV PLTMG Sorong,0.0,150 kV,Operasi,1476.5035985094908,PLTS Elat,0.2,PLTS,Surya,True,4.5500001899999996,0.18655001,-5.672057017485613,132.9864246974138
81.02.03.2024,22,0.31561085843617387,14,0.688100609087499,0.6363636363636364,4836.203921568627,intermittent,Ohoinangan Atas,Kei Besar,Maluku Tenggara,37889.23112125454,0,Mikro Hidro Kelas A (PLTMH),Langgiar Haar,Maluku Tenggara,70908.57047874208,PLTS Terpusat,30.0,Tanimbar Kei,2016,553449.3009302296,GI 150 kV PLTMG Sorong,0.0,150 kV,Operasi,2767.366618151842,PLTS Elat,0.2,PLTS,Surya,True,4.56949997,0.18734901,-5.6822446978296455,132.99511570138657
81.02.03.2025,22,0.2558708155781565,9,0.7214598969836251,0.4090909090909091,5729.0,intermittent,Harangur,Kei Besar,Maluku Tenggara,40223.57256852256,0,Mikro Hidro Kelas A (PLTMH),Langgiar Haar,Maluku Tenggara,66884.46131041978,PLTS Terpusat,30.0,Tanimbar Kei,2016,551897.6827279212,GI 150 kV PLTMG Sorong,0.0,150 kV,Operasi,4686.771603934111,PLTS Elat,0.2,PLTS,Surya,True,4.589000230000001,0.18814901,-5.683182934138695,132.95223446063582
81.02.03.2026,22,0.260563495939105,9,0.7987063447283423,0.4090909090909091,5271.803921568628,intermittent,Udar,Kei Besar,Maluku Tenggara,38261.16894014947,0,Mikro Hidro Kelas A (PLTMH),Langgiar Haar,Maluku Tenggara,69177.65090857066,PLTS Terpusat,30.0,Tanimbar Kei,2016,551587.1736537503,GI 150 kV PLTMG Sorong,0.0,150 kV,Operasi,2417.4401417441914,PLTS Elat,0.2,PLTS,Surya,True,4.563000199999999,0.18708301,-5.673454585287386,132.9706496438008
81.02.03.2027,22,0.2613162168733527,9,0.7333597171872787,0.4090909090909091,2363.2941176470586,intermittent,Daftel,Kei Besar,Maluku Tenggara,36081.24892355355,0,Mikro Hidro Kelas A (PLTMH),Langgiar Haar,Maluku Tenggara,70109.95534514933,PLTS Terpusat,30.0,Kaimer,2016,549412.2950429658,GI 150 kV PLTMG Sorong,0.0,150 kV,Operasi,1749.842758089987,PLTS Elat,0.2,PLTS,Surya,True,4.53700018,0.18601701,-5.651878949318853,132.97256146637466
81.02.03.2028,22,0.2368789525360718,8,0.7716719901816358,0.36363636363636365,1809.5764705882352,data_gap,Karkarit,Kei Besar,Maluku Tenggara,36205.47396221398,0,Mikro Hidro Kelas A (PLTMH),Langgiar Haar,Maluku Tenggara,69726.9291759841,PLTS Terpusat,30.0,Kaimer,2016,549203.6634561792,GI 150 kV PLTMG Sorong,0.0,150 kV,Operasi,2125.3951588974883,PLTS Elat,0.2,PLTS,Surya,True,4.53700018,0.18601701,-5.6511346460241025,132.96916911409542
81.02.03.2029,22,0.3998739479594873,15,0.7172764678486071,0.6818181818181818,7753.294117647059,intermittent,Rahareng Atas,Kei Besar,Maluku Tenggara,36916.57913227296,0,Mikro Hidro Kelas A (PLTMH),Langgiar Haar,Maluku Tenggara,70615.78062197735,PLTS Terpusat,30.0,Tanimbar Kei,2016,551113.8303443731,GI 150 kV PLTMG Sorong,0.0,150 kV,Operasi,977.5455821453553,PLTS Elat,0.2,PLTS,Surya,True,4.54349995,0.18628301,-5.665183422029448,132.98071574768238
81.02.03.2030,22,0.6080352469332018,17,0.6095467620798489,0.7727272727272727,1597.0,data_gap,Wulurat,Kei Besar,Maluku Tenggara,35879.75529841829,0,Mikro Hidro Kelas A (PLTMH),Langgiar Haar,Maluku Tenggara,72322.65932038857,PLTS Terpusat,30.0,Tanimbar Kei,2016,551647.7846662727,GI 150 kV PLTMG Sorong,0.0,150 kV,Operasi,1249.4032119729056,PLTD Elat,1.6,PLTD,HSD,True,4.5500001899999996,0.18655001,-5.6637348169565955,132.99831385470486
81.02.03.2031,22,0.5408436080958745,17,0.5679006372329638,0.7727272727272727,11456.552941176471,lit_stable,Wakol,Kei Besar,Maluku Tenggara,33570.69936026191,0,Mikro Hidro Kelas A (PLTMH),Langgiar Haar,Maluku Tenggara,74809.75896915082,PLTS Terpusat,30.0,Tanimbar Kei,2016,550755.1143568936,GI 150 kV PLTMG Sorong,0.0,150 kV,Operasi,2671.451273015786,PLTD Elat,1.6,PLTD,HSD,True,4.52400017,0.18548401,-5.648730178476345,133.0152802491654
81.02.03.2032,22,0.33979087673524255,15,0.6071570982390943,0.6818181818181818,2139.7294117647057,intermittent,Ngurdu,Kei Besar,Maluku Tenggara,32718.30936929955,0,Mikro Hidro Kelas A (PLTMH),Langgiar Haar,Maluku Tenggara,74342.34900573759,PLTS Terpusat,30.0,Kaimer,2016,549644.0314915443,GI 150 kV PLTMG Sorong,0.0,150 kV,Operasi,2872.0767313832084,PLTD Elat,1.6,PLTD,HSD,True,4.51100016,0.18495101,-5.639041754235083,133.01262713598786
81.02.03.2033,22,0.28812899943057246,10,0.6363185274443679,0.45454545454545453,12079.101960784314,intermittent,Soinrat,Kei Besar,Maluku Tenggara,32010.503243884323,0,Mikro Hidro Kelas A (PLTMH),Langgiar Haar,Maluku Tenggara,75287.73556536937,PLTS Terpusat,30.0,Kaimer,2016,549695.0918130719,GI 150 kV PLTMG Sorong,0.0,150 kV,Operasi,3867.324904754447,PLTD Elat,1.6,PLTD,HSD,True,4.51100016,0.18495101,-5.636137944292815,133.02151766559373
81.02.03.2034,22,0.2949123846783148,12,0.6690683575054246,0.5454545454545454,509.0,data_gap,Wermaf,Kei Besar,Maluku Tenggara,31140.21071619597,0,Mikro Hidro Kelas A (PLTMH),Langgiar Haar,Maluku Tenggara,74950.06303188392,PLTS Terpusat,30.0,Kaimer,2016,548610.4441401758,GI 150 kV PLTMG Sorong,0.0,150 kV,Operasi,4354.864366293701,PLTD Elat,1.6,PLTD,HSD,True,4.504499910000001,0.18468501,-5.626513169311492,133.019357313151
81.02.03.2035,22,0.27562682226826385,10,0.650706989162546,0.45454545454545453,12015.133333333333,intermittent,Bombay,Kei Besar,Maluku Tenggara,30385.484958198587,0,Mikro Hidro Kelas A (PLTMH),Langgiar Haar,Maluku Tenggara,75646.48538048881,PLTS Terpusat,30.0,Kaimer,2016,548421.9376222411,GI 150 kV PLTMG Sorong,0.0,150 kV,Operasi,5223.540888432613,PLTD Elat,1.6,PLTD,HSD,True,4.48500013,0.18388499000000003,-5.622129042609798,133.02603718049969
81.02.03.2036,22,0.2808812580968804,9,0.6037791242020542,0.4090909090909091,9627.560784313726,intermittent,Watsin,Kei Besar,Maluku Tenggara,27770.072452288874,0,Mikro Hidro Kelas A (PLTMH),Langgiar Haar,Maluku Tenggara,77346.96115457045,PLTS Terpusat,30.0,Kaimer,2016,547180.341067003,GI 150 kV PLTMG Sorong,0.0,150 kV,Operasi,7969.240327633356,PLTD Elat,1.6,PLTD,HSD,True,4.45249987,0.18255299,-5.603708865062665,133.04263682740077
81.02.03.2037,22,0.23281146114633416,7,0.6229355132676597,0.3181818181818182,3493.4901960784314,intermittent,Sirbante,Kei Besar,Maluku Tenggara,26570.279969667936,0,Mikro Hidro Kelas A (PLTMH),Langgiar Haar,Maluku Tenggara,77834.55870926894,PLTS Terpusat,30.0,Kaimer,2016,546374.2855572894,GI 150 kV PLTMG Sorong,0.0,150 kV,Operasi,9117.714234430712,PLTD Elat,1.6,PLTD,HSD,True,4.41349983,0.180953,-5.5940278545001485,133.0474717241131
81.02.03.2038,22,0.232404367052979,6,0.6980080831965118,0.2727272727272727,1864.5803921568627,data_gap,Ngat,Kei Besar,Maluku Tenggara,25676.2026217006,0,Mikro Hidro Kelas A (PLTMH),Langgiar Haar,Maluku Tenggara,77275.48325972784,PLTS Terpusat,30.0,Kaimer,2016,545057.0656406758,GI 150 kV PLTMG Sorong,0.0,150 kV,Operasi,9730.500943428442,PLTD Elat,1.6,PLTD,HSD,True,4.3744998,0.179354,-5.583153594701971,133.04273328189456
81.02.03.2039,22,0.2890137200967423,10,0.7374276355152019,0.45454545454545453,3237.1294117647058,intermittent,Nabaheng,Kei Besar,Maluku Tenggara,36211.48355532222,0,Mikro Hidro Kelas A (PLTMH),Langgiar Haar,Maluku Tenggara,72803.08920780443,PLTS Terpusat,30.0,Tanimbar Kei,2016,552900.1675110369,GI 150 kV PLTMG Sorong,0.0,150 kV,Operasi,2685.463629314799,PLTD Elat,1.6,PLTD,HSD,True,4.56949997,0.18734901,-5.671842554667173,133.00876308729295
81.02.03.2040,22,0.3246264935302159,12,0.6386815282542372,0.5454545454545454,7731.0,intermittent,Ngefuit Atas,Kei Besar,Maluku Tenggara,40866.66774846538,0,Mikro Hidro Kelas A (PLTMH),Langgiar Haar,Maluku Tenggara,67880.14287978379,PLTS Terpusat,30.0,Tanimbar Kei,2016,554816.8966001974,GI 150 kV PLTMG Sorong,0.0,150 kV,Operasi,5026.131565820532,PLTS Elat,0.2,PLTS,Surya,True,4.589000230000001,0.18814901,-5.702598694191542,132.97561209448622
81.02.03.2041,22,0.2362786414646572,7,0.7107071977024448,0.3181818181818182,9346.015686274508,intermittent,Watuar,Kei Besar,Maluku Tenggara,42811.91482354652,0,Mikro Hidro Kelas A (PLTMH),Langgiar Haar,Maluku Tenggara,65328.21131425608,PLTS Terpusat,30.0,Tanimbar Kei,2016,554841.9651347307,GI 150 kV PLTMG Sorong,0.0,150 kV,Operasi,6855.102944971557,PLTS Elat,0.2,PLTS,Surya,True,4.614999770000001,0.189215,-5.710866602924492,132.95362489619868
81.02.03.2042,22,0.3166060315808523,14,0.7239946475937753,0.6363636363636364,14541.933333333334,intermittent,Mataholat,Kei Besar,Maluku Tenggara,46874.552399925604,0,Mikro Hidro Kelas A (PLTMH),Langgiar Haar,Maluku Tenggara,62345.736574840186,PLTS Terpusat,30.0,Tanimbar Kei,2016,558274.3707238466,GI 150 kV PLTMG Sorong,0.0,150 kV,Operasi,10910.732631098972,PLTS Elat,0.2,PLTS,Surya,True,4.627999780000001,0.189748,-5.747174220610252,132.94395688553422
81.02.04.2001,22,0.2384837001988433,6,0.8371007725015864,0.2727272727272727,18680.835294117645,intermittent,Weduar,Kei Besar Selatan,Maluku Tenggara,54219.28719085173,0,Mikro Hidro Kelas A (PLTMH),Langgiar Haar,Maluku Tenggara,58217.309270405414,PLTS Terpusat,30.0,Tanimbar Kei,2016,565379.0317052545,GI 150 kV PLTMG Sorong,0.0,150 kV,Operasi,18470.063424323576,PLTS Elat,0.2,PLTS,Surya,True,4.41349983,0.180953,-5.817393879808111,132.93719253387346
81.02.04.2003,22,0.37763836966963504,13,0.7931614392567847,0.5909090909090909,12105.30588235294,intermittent,Nerong,Kei Besar Selatan,Maluku Tenggara,50293.179472557524,0,Mikro Hidro Kelas A (PLTMH),Langgiar Haar,Maluku Tenggara,60042.4267140906,PLTS Terpusat,30.0,Tanimbar Kei,2016,561262.9790938076,GI 150 kV PLTMG Sorong,0.0,150 kV,Operasi,14372.363764014235,PLTS Elat,0.2,PLTS,Surya,True,4.53049994,0.18574999,-5.778183061113828,132.93702530263678
81.02.04.2004,22,0.245150845621237,6,0.8009223766163028,0.2727272727272727,16414.2,intermittent,Larat,Kei Besar Selatan,Maluku Tenggara,53256.75879308913,0,Mikro Hidro Kelas A (PLTMH),Langgiar Haar,Maluku Tenggara,57467.289241312086,PLTS Terpusat,30.0,Tanimbar Kei,2016,563061.0761412639,GI 150 kV PLTMG Sorong,0.0,150 kV,Operasi,17311.093950519473,PLTS Elat,0.2,PLTS,Surya,True,4.45249987,0.18255299,-5.800563175826485,132.92214206316902
81.02.04.2005,22,0.20774549731858194,5,0.8321846642249299,0.22727272727272727,7602.807843137254,intermittent,Tamangil Nuhuten,Kei Besar Selatan,Maluku Tenggara,55579.950846987194,0,Mikro Hidro Kelas A (PLTMH),Langgiar Haar,Maluku Tenggara,55972.55301248025,PLTS Terpusat,30.0,Tanimbar Kei,2016,565038.2311255679,GI 150 kV PLTMG Sorong,0.0,150 kV,Operasi,19657.04833858098,PLTS Elat,0.2,PLTS,Surya,True,4.34200001,0.178022,-5.821265443946956,132.9167743740172
81.02.04.2006,22,0.18938089105888084,4,0.8586257141031371,0.18181818181818182,2233.470588235294,intermittent,Tamangil Nuhuyanat,Kei Besar Selatan,Maluku Tenggara,58399.06217256973,0,Mikro Hidro Kelas A (PLTMH),Langgiar Haar,Maluku Tenggara,53806.44573956883,PLTS Terpusat,30.0,Tanimbar Kei,2016,566973.0781162763,GI 150 kV PLTMG Sorong,0.0,150 kV,Operasi,22469.506377149788,PLTS Elat,0.2,PLTS,Surya,True,4.3744998,0.179354,-5.843742441942746,132.90497500965242
81.02.04.2012,22,0.24963022377737992,5,0.8635614758702036,0.22727272727272727,11567.356862745099,intermittent,Kilwat,Kei Besar Selatan,Maluku Tenggara,63824.42946961497,0,Mikro Hidro Kelas A (PLTMH),Langgiar Haar,Maluku Tenggara,52585.46741905724,PLTS Terpusat,30.0,Tanimbar Kei,2016,570526.2075089858,GI 150 kV PLTMG Ambon Peaker,0.0,150 kV,Operasi,28155.415254226285,PLTS Elat,0.2,PLTS,Surya,True,4.517499920000001,0.18521699,-5.900924462717178,132.9123553356219
81.02.04.2013,22,0.21705862862629752,5,0.878154881186256,0.22727272727272727,7800.294117647059,intermittent,Sather,Kei Besar Selatan,Maluku Tenggara,59327.266524450984,0,Mikro Hidro Kelas A (PLTMH),Langgiar Haar,Maluku Tenggara,56000.061049886484,PLTS Terpusat,30.0,Tanimbar Kei,2016,570392.7518605399,GI 150 kV PLTMG Sorong,0.0,150 kV,Operasi,23786.915880446326,PLTS Elat,0.2,PLTS,Surya,True,4.48500013,0.18388499000000003,-5.86621415915145,132.93421436604865
81.02.04.2014,22,0.2246757259154076,5,0.8734654575327669,0.22727272727272727,11048.0,intermittent,Tutrean,Kei Besar Selatan,Maluku Tenggara,56901.760322174654,0,Mikro Hidro Kelas A (PLTMH),Langgiar Haar,Maluku Tenggara,57069.01972117622,PLTS Terpusat,30.0,Tanimbar Kei,2016,568087.5770744506,GI 150 kV PLTMG Sorong,0.0,150 kV,Operasi,21276.886042965038,PLTS Elat,0.2,PLTS,Surya,True,4.42000008,0.18122,-5.843468747819289,132.93646788724988
81.02.04.2015,22,0.2690030607835898,6,0.796802877137144,0.2727272727272727,6483.5568627450975,intermittent,Ohoirenan,Kei Besar Selatan,Maluku Tenggara,50534.41935127926,0,Mikro Hidro Kelas A (PLTMH),Langgiar Haar,Maluku Tenggara,60699.73675196533,PLTS Terpusat,30.0,Tanimbar Kei,2016,562415.7206531413,GI 150 kV PLTMG Sorong,0.0,150 kV,Operasi,14755.699753640509,PLTS Elat,0.2,PLTS,Surya,True,4.517499920000001,0.18521699,-5.7855418262546365,132.947309497986
81.02.04.2016,22,0.23183185310163623,5,0.817450178780856,0.22727272727272727,5774.235294117647,intermittent,Soindat,Kei Besar Selatan,Maluku Tenggara,62660.05461795694,0,Mikro Hidro Kelas A (PLTMH),Langgiar Haar,Maluku Tenggara,50882.45565956975,PLTS Terpusat,30.0,Tanimbar Kei,2016,567190.1038256804,GI 150 kV PLTMG Ambon Peaker,0.0,150 kV,Operasi,26736.75034967718,PLTS Elat,0.2,PLTS,Surya,True,4.45900011,0.18281899000000001,-5.8789999701505415,132.8897383543456
81.02.05.2001,22,0.2237655773630706,5,0.699478926197445,0.22727272727272727,5959.737254901961,intermittent,Hollat,Kei Besar Utara Timur,Maluku Tenggara,13536.91329187247,0,Mikro Hidro Kelas A (PLTMH),Langgiar Haar,Maluku Tenggara,85308.6824270727,PLTS Terpusat,30.0,Kaimer,2016,538503.1396571797,GI 150 kV Aimas (60 MVA No.1 dan 2),60.0,150 kV,Operasi,22409.38830726,PLTD Elat,1.6,PLTD,HSD,True,4.4460001,0.18228599,-5.492034984125307,133.111635865233
81.02.05.2002,22,0.205897348845849,3,0.5107388296661934,0.13636363636363635,8507.164705882353,dark_settled,Ohoiraut,Kei Besar Utara Timur,Maluku Tenggara,6385.681514930638,0,Mikro Hidro Kelas A (PLTMH),Ohoimajang,Maluku Tenggara,94904.09705875495,PLTS Terpusat,30.0,Kaimer,2016,522193.99613531766,GI 150 kV Aimas (60 MVA No.1 dan 2),60.0,150 kV,Operasi,42450.23533735595,PLTD Elat,1.6,PLTD,HSD,True,4.49800014,0.18441799,-5.312755583703453,133.16274872704662
81.02.05.2003,22,0.18084799631963955,4,0.7695783535686465,0.18181818181818182,2347.8823529411766,intermittent,Haar Ohoimel,Kei Besar Utara Timur,Maluku Tenggara,4589.980486793757,0,Mikro Hidro Kelas A (PLTMH),Ohoimajang,Maluku Tenggara,94928.29119261239,PLTS Terpusat,30.0,Kaimer,2016,524508.0296675302,GI 150 kV Aimas (60 MVA No.1 dan 2),60.0,150 kV,Operasi,40803.53029376874,PLTD Elat,1.6,PLTD,HSD,True,4.472000120000001,0.18335199000000002,-5.332715826271514,133.16900659807428
81.02.05.2004,22,0.22621304682631932,5,0.7114032208366535,0.22727272727272727,140.4470588235294,data_gap,Langgiar Haar,Kei Besar Utara Timur,Maluku Tenggara,538.8136043142745,0,Mikro Hidro Kelas A (PLTMH),Langgiar Haar,Maluku Tenggara,91233.74477024678,PLTS Terpusat,30.0,Kaimer,2016,527573.9755354569,GI 150 kV Aimas (60 MVA No.1 dan 2),60.0,150 kV,Operasi,35651.172923769685,PLTD Elat,1.6,PLTD,HSD,True,4.34200001,0.178022,-5.37253741112169,133.14514061877756
81.02.05.2005,22,0.2278747797465672,6,0.6638520925294514,0.2727272727272727,4113.180392156863,intermittent,Banda Eli,Kei Besar Utara Timur,Maluku Tenggara,3143.8862626553455,0,Mikro Hidro Kelas A (PLTMH),Langgiar Haar,Maluku Tenggara,89474.02366922545,PLTS Terpusat,30.0,Kaimer,2016,530153.9263035489,GI 150 kV Aimas (60 MVA No.1 dan 2),60.0,150 kV,Operasi,32310.783356836593,PLTD Elat,1.6,PLTD,HSD,True,4.3744998,0.179354,-5.401563257776955,133.13551255312612
81.02.05.2006,22,0.2231221298131559,4,0.6736671417968668,0.18181818181818182,9886.0,intermittent,Watlaar,Kei Besar Utara Timur,Maluku Tenggara,7549.42880737089,0,Mikro Hidro Kelas A (PLTMH),Langgiar Haar,Maluku Tenggara,88009.7347910248,PLTS Terpusat,30.0,Kaimer,2016,533935.5484380872,GI 150 kV Aimas (60 MVA No.1 dan 2),60.0,150 kV,Operasi,28232.332894973395,PLTD Elat,1.6,PLTD,HSD,True,4.45249987,0.18255299,-5.4407234604918315,133.1294438981973
81.02.05.2007,22,0.24260776703950693,5,0.7377800426945321,0.22727272727272727,293.8509803921568,data_gap,Ohoifau,Kei Besar Utara Timur,Maluku Tenggara,11607.227569761453,0,Mikro Hidro Kelas A (PLTMH),Langgiar Haar,Maluku Tenggara,86592.85936263141,PLTS Terpusat,30.0,Kaimer,2016,537293.8230165774,GI 150 kV Aimas (60 MVA No.1 dan 2),60.0,150 kV,Operasi,24462.64559759562,PLTD Elat,1.6,PLTD,HSD,True,4.472000120000001,0.18335199000000002,-5.4764033548965685,133.12158483652928
81.02.05.2008,22,0.21258075474015703,4,0.7237337435115663,0.18181818181818182,2823.8823529411766,intermittent,Kilwair,Kei Besar Utara Timur,Maluku Tenggara,22636.117044830837,0,Mikro Hidro Kelas A (PLTMH),Langgiar Haar,Maluku Tenggara,82293.70381752594,PLTS Terpusat,30.0,Kaimer,2016,545623.4212282833,GI 150 kV PLTMG Sorong,0.0,150 kV,Operasi,14175.669804433059,PLTD Elat,1.6,PLTD,HSD,True,4.34200001,0.178022,-5.570545919012692,133.08823081143527
81.02.05.2009,22,0.24264236545007128,5,0.6197449208913086,0.22727272727272727,2029.0,intermittent,Renfan,Kei Besar Utara Timur,Maluku Tenggara,1903.4847183556842,0,Mikro Hidro Kelas A (PLTMH),Langgiar Haar,Maluku Tenggara,90058.15315665804,PLTS Terpusat,30.0,Kaimer,2016,529165.9572861189,GI 150 kV Aimas (60 MVA No.1 dan 2),60.0,150 kV,Operasi,33525.46820904978,PLTD Elat,1.6,PLTD,HSD,True,4.38100004,0.179621,-5.390730191486274,133.13853513065368
81.02.05.2010,22,0.24990699136173808,6,0.69419003541572,0.2727272727272727,7234.152941176471,intermittent,Hollat Solair,Kei Besar Utara Timur,Maluku Tenggara,15019.230982318439,0,Mikro Hidro Kelas A (PLTMH),Langgiar Haar,Maluku Tenggara,85457.89128105257,PLTS Terpusat,30.0,Kaimer,2016,540081.7737387827,GI 150 kV Aimas (60 MVA No.1 dan 2),60.0,150 kV,Operasi,21339.95694949706,PLTD Elat,1.6,PLTD,HSD,True,4.43300009,0.18175299,-5.50625691248046,133.1142858235334
81.02.05.2011,22,0.23728075671615906,5,0.6521172280129054,0.22727272727272727,2321.8117647058825,intermittent,Hoko,Kei Besar Utara Timur,Maluku Tenggara,16589.96237165199,0,Mikro Hidro Kelas A (PLTMH),Langgiar Haar,Maluku Tenggara,84340.61316597175,PLTS Terpusat,30.0,Kaimer,2016,540997.7471352427,GI 150 kV Aimas (60 MVA No.1 dan 2),60.0,150 kV,Operasi,19624.06788015821,PLTD Elat,1.6,PLTD,HSD,True,4.38100004,0.179621,-5.518706025429674,133.10508410151402
81.02.05.2012,22,0.23525564241034838,5,0.6845099020669705,0.22727272727272727,7226.105882352943,intermittent,Hollay,Kei Besar Utara Timur,Maluku Tenggara,18655.122989691943,0,Mikro Hidro Kelas A (PLTMH),Langgiar Haar,Maluku Tenggara,83871.33397356173,PLTS Terpusat,30.0,Kaimer,2016,542741.2243620849,GI 150 kV PLTMG Sorong,0.0,150 kV,Operasi,17855.47058055088,PLTD Elat,1.6,PLTD,HSD,True,4.36800003,0.17908800000000002,-5.537026839661069,133.1018282796597
81.02.05.2013,22,0.2237518452754848,4,0.5832461649534719,0.18181818181818182,385.4313725490196,data_gap,Soin,Kei Besar Utara Timur,Maluku Tenggara,8113.132471923236,0,Mikro Hidro Kelas A (PLTMH),Ohoimajang,Maluku Tenggara,95154.59751214925,PLTS Terpusat,30.0,Kaimer,2016,520373.53620940686,GI 150 kV Aimas (60 MVA No.1 dan 2),60.0,150 kV,Operasi,43959.7466887303,PLTD Elat,1.6,PLTD,HSD,True,4.54349995,0.18628301,-5.2962441200455945,133.15973986352117
81.02.05.2014,22,0.20841815583843437,5,0.6791780255625482,0.22727272727272727,0.0,data_gap,Haar Ohoimur GPM,Kei Besar Utara Timur,Maluku Tenggara,5190.368001046201,0,Mikro Hidro Kelas A (PLTMH),Ohoimajang,Maluku Tenggara,95078.597490552,PLTS Terpusat,30.0,Kaimer,2016,523835.8283694961,GI 150 kV Aimas (60 MVA No.1 dan 2),60.0,150 kV,Operasi,41402.874041348616,PLTD Elat,1.6,PLTD,HSD,True,4.49800014,0.18441799,-5.326342082026264,133.1685550365624
81.02.05.2015,22,0.21246763909317978,5,0.6387048283413915,0.22727272727272727,76.59607843137255,data_gap,Haar Ohoimur RK,Kei Besar Utara Timur,Maluku Tenggara,5728.150746472734,0,Mikro Hidro Kelas A (PLTMH),Ohoimajang,Maluku Tenggara,95582.36316748153,PLTS Terpusat,30.0,Kaimer,2016,523631.28167445294,GI 150 kV Aimas (60 MVA No.1 dan 2),60.0,150 kV,Operasi,41944.33435292584,PLTD Elat,1.6,PLTD,HSD,True,4.49800014,0.18441799,-5.322788073378587,133.17224166461523
81.02.05.2016,22,0.2012894732221211,5,0.725334231196132,0.22727272727272727,1246.0,data_gap,Haar Ohoiwait,Kei Besar Utara Timur,Maluku Tenggara,3781.7982821795276,0,Mikro Hidro Kelas A (PLTMH),Ohoimajang,Maluku Tenggara,93906.97401935676,PLTS Terpusat,30.0,Kaimer,2016,524547.2275301557,GI 150 kV Aimas (60 MVA No.1 dan 2),60.0,150 kV,Operasi,39974.23339643897,PLTD Elat,1.6,PLTD,HSD,True,4.4460001,0.18228599,-5.33665133755788,133.16054307370106
81.02.05.2017,22,0.19708832305476826,5,0.6942825488809166,0.22727272727272727,4640.466666666667,intermittent,Haar Wassar,Kei Besar Utara Timur,Maluku Tenggara,2665.449144152388,0,Mikro Hidro Kelas A (PLTMH),Ohoimajang,Maluku Tenggara,93119.91162184517,PLTS Terpusat,30.0,Kaimer,2016,525252.0828733904,GI 150 kV Aimas (60 MVA No.1 dan 2),60.0,150 kV,Operasi,38846.508153207105,PLTD Elat,1.6,PLTD,HSD,True,4.41349983,0.180953,-5.345559566300537,133.15567237936597
81.02.05.2018,22,0.20966006556138542,4,0.7241061866238867,0.18181818181818182,1025.6784313725489,data_gap,Haar Renrahantel,Kei Besar Utara Timur,Maluku Tenggara,4750.442160934028,0,Mikro Hidro Kelas A (PLTMH),Ohoimajang,Maluku Tenggara,94439.63844322317,PLTS Terpusat,30.0,Kaimer,2016,523802.3386773967,GI 150 kV Aimas (60 MVA No.1 dan 2),60.0,150 kV,Operasi,40928.72128237188,PLTD Elat,1.6,PLTD,HSD,True,4.45900011,0.18281899000000001,-5.32830243499979,133.16311880330906
81.02.05.2019,22,0.22427746169859744,5,0.6864287307809093,0.22727272727272727,3075.8,intermittent,Ur,Kei Besar Utara Timur,Maluku Tenggara,1312.3422631818898,0,Mikro Hidro Kelas A (PLTMH),Ohoimajang,Maluku Tenggara,92505.75514120812,PLTS Terpusat,30.0,Kaimer,2016,526391.8548572786,GI 150 kV Aimas (60 MVA No.1 dan 2),60.0,150 kV,Operasi,37527.945006137765,PLTD Elat,1.6,PLTD,HSD,True,4.40049982,0.18042,-5.357692596612874,133.1532075024661
81.02.05.2020,22,0.20361256507602848,4,0.7039032944417388,0.18181818181818182,3063.549019607843,intermittent,Ohoimajang,Kei Besar Utara Timur,Maluku Tenggara,274.97100952153795,0,Mikro Hidro Kelas A (PLTMH),Ohoimajang,Maluku Tenggara,91720.26215815246,PLTS Terpusat,30.0,Kaimer,2016,526999.594074703,GI 150 kV Aimas (60 MVA No.1 dan 2),60.0,150 kV,Operasi,36461.60113486692,PLTD Elat,1.6,PLTD,HSD,True,4.39400005,0.180154,-5.365778047120977,133.14797418606878
81.02.05.2021,22,0.22636822237865076,6,0.6910182879324906,0.2727272727272727,2659.486274509804,intermittent,Banda Efruan,Kei Besar Utara Timur,Maluku Tenggara,5717.947992222435,0,Mikro Hidro Kelas A (PLTMH),Langgiar Haar,Maluku Tenggara,88865.02264056566,PLTS Terpusat,30.0,Kaimer,2016,532505.1089490921,GI 150 kV Aimas (60 MVA No.1 dan 2),60.0,150 kV,Operasi,30029.921584288804,PLTD Elat,1.6,PLTD,HSD,True,4.42649984,0.181486,-5.42480043109033,133.13451433414187
81.02.05.2022,22,0.23690783195891404,7,0.6219389937504423,0.3181818181818182,2246.403921568627,intermittent,Banda Suku Tigapuluh,Kei Besar Utara Timur,Maluku Tenggara,4728.922392947708,0,Mikro Hidro Kelas A (PLTMH),Langgiar Haar,Maluku Tenggara,89566.35014713506,PLTS Terpusat,30.0,Kaimer,2016,531824.0774312636,GI 150 kV Aimas (60 MVA No.1 dan 2),60.0,150 kV,Operasi,31121.750550078752,PLTD Elat,1.6,PLTD,HSD,True,4.42000008,0.18122,-5.4162295972296475,133.13934435487633
81.02.05.2023,22,0.2872689654635287,7,0.6103319499462522,0.3181818181818182,2293.0941176470587,intermittent,Tuburlay,Kei Besar Utara Timur,Maluku Tenggara,2541.847968776189,0,Mikro Hidro Kelas A (PLTMH),Langgiar Haar,Maluku Tenggara,90083.73145565116,PLTS Terpusat,30.0,Kaimer,2016,529831.3500109544,GI 150 kV Aimas (60 MVA No.1 dan 2),60.0,150 kV,Operasi,33042.60598241939,PLTD Elat,1.6,PLTD,HSD,True,4.38100004,0.179621,-5.396571576530544,133.14006927172017
81.02.05.2024,22,0.2507410097041809,6,0.6927682251542228,0.2727272727272727,0.0,data_gap,Ohoifaruan,Kei Besar Utara Timur,Maluku Tenggara,9589.677318177446,0,Mikro Hidro Kelas A (PLTMH),Langgiar Haar,Maluku Tenggara,87092.74398862995,PLTS Terpusat,30.0,Kaimer,2016,535519.5037986268,GI 150 kV Aimas (60 MVA No.1 dan 2),60.0,150 kV,Operasi,26248.49955808929,PLTD Elat,1.6,PLTD,HSD,True,4.45900011,0.18281899000000001,-5.458349155278182,133.12377032392965
81.02.05.2025,22,0.22319440534273227,7,0.690194276373175,0.3181818181818182,1876.956862745098,data_gap,Ohoiwirin,Kei Besar Utara Timur,Maluku Tenggara,21758.550207231187,0,Mikro Hidro Kelas A (PLTMH),Langgiar Haar,Maluku Tenggara,83965.28604277267,PLTS Terpusat,30.0,Kaimer,2016,545772.9394677656,GI 150 kV PLTMG Sorong,0.0,150 kV,Operasi,15790.891903220152,PLTD Elat,1.6,PLTD,HSD,True,4.3874998100000004,0.17988700000000002,-5.565880181405193,133.1033332126859
81.02.05.2026,22,0.23778121040281996,5,0.684718643062677,0.22727272727272727,4493.839215686275,intermittent,Tuburngil,Kei Besar Utara Timur,Maluku Tenggara,20665.53335884322,0,Mikro Hidro Kelas A (PLTMH),Langgiar Haar,Maluku Tenggara,83073.70510580587,PLTS Terpusat,30.0,Kaimer,2016,544208.7816670162,GI 150 kV PLTMG Sorong,0.0,150 kV,Operasi,15986.039185801352,PLTD Elat,1.6,PLTD,HSD,True,4.29650021,0.176157,-5.554015925046167,133.09514044164527
81.02.05.2027,22,0.18237427871502454,5,0.9076180651685973,0.22727272727272727,8648.956862745097,intermittent,Yamtimur,Kei Besar Utara Timur,Maluku Tenggara,24020.83819318882,0,Mikro Hidro Kelas A (PLTMH),Langgiar Haar,Maluku Tenggara,82230.53398061272,PLTS Terpusat,30.0,Kaimer,2016,546900.4339834178,GI 150 kV PLTMG Sorong,0.0,150 kV,Operasi,13226.04142916277,PLTD Elat,1.6,PLTD,HSD,True,4.39400005,0.180154,-5.583222165071219,133.0875155571433
81.02.05.2028,22,0.2117659972561779,5,0.7196940632067088,0.22727272727272727,420.99607843137255,data_gap,Renfaan Islam,Kei Besar Utara Timur,Maluku Tenggara,528.6464182925758,0,Mikro Hidro Kelas A (PLTMH),Langgiar Haar,Maluku Tenggara,90744.6636298233,PLTS Terpusat,30.0,Kaimer,2016,528023.2540586415,GI 150 kV Aimas (60 MVA No.1 dan 2),60.0,150 kV,Operasi,34929.93685572177,PLTD Elat,1.6,PLTD,HSD,True,4.34200001,0.178022,-5.378208661272494,133.14197817631134
81.02.05.2029,22,0.22122187066021598,3,0.6386834025580721,0.13636363636363635,0.0,data_gap,Renfaan GPM,Kei Besar Utara Timur,Maluku Tenggara,1185.4987303591306,0,Mikro Hidro Kelas A (PLTMH),Langgiar Haar,Maluku Tenggara,90324.96077006475,PLTS Terpusat,30.0,Kaimer,2016,528550.8736438678,GI 150 kV Aimas (60 MVA No.1 dan 2),60.0,150 kV,Operasi,34201.831846835026,PLTD Elat,1.6,PLTD,HSD,True,4.36149979,0.178821,-5.384340126744002,133.13953813304965
81.02.05.2030,22,0.2544878432204477,7,0.6277167490822827,0.3181818181818182,7457.909803921569,intermittent,Fanwav,Kei Besar Utara Timur,Maluku Tenggara,3924.863590784592,0,Mikro Hidro Kelas A (PLTMH),Langgiar Haar,Maluku Tenggara,89611.10906760296,PLTS Terpusat,30.0,Kaimer,2016,531031.5253392871,GI 150 kV Aimas (60 MVA No.1 dan 2),60.0,150 kV,Operasi,31755.44729741523,PLTD Elat,1.6,PLTD,HSD,True,4.42000008,0.18122,-5.408949677731981,133.13831363592132
81.02.13.2001,22,0.2816526789176266,10,0.7545920306106703,0.45454545454545453,34624.282352941176,intermittent,Wain,Kei Kecil Timur,Maluku Tenggara,64588.2145482204,0,Mikro Hidro Kelas A (PLTMH),Langgiar Haar,Maluku Tenggara,41520.005242247295,PLTS Terpusat,30.0,Tanimbar Kei,2016,552548.0932887741,GI 150 kV PLTMG Ambon Peaker,0.0,150 kV,Operasi,17564.867334024966,PLTD Sewatama Langgur,4.0,PLTD,HSD,True,4.42649984,0.181486,-5.822631209112775,132.77004986359015
81.02.13.2002,22,0.2744672902734161,10,0.8521983683622675,0.45454545454545453,21469.270588235293,intermittent,Rewav,Kei Kecil Timur,Maluku Tenggara,60363.29783039154,0,Mikro Hidro Kelas A (PLTMH),Langgiar Haar,Maluku Tenggara,45698.47081203651,PLTS Terpusat,30.0,Tanimbar Kei,2016,553956.8923006488,GI 150 kV PLTMG Ambon Peaker,0.0,150 kV,Operasi,15732.62188051814,PLTD Sewatama Langgur,4.0,PLTD,HSD,True,4.465499879999999,0.18308599,-5.796110206914119,132.79779465845112
81.02.13.2003,22,0.28533981652207563,10,0.8939229984884035,0.45454545454545453,31585.976470588233,intermittent,Rumaat,Kei Kecil Timur,Maluku Tenggara,62010.970364793524,0,Mikro Hidro Kelas A (PLTMH),Langgiar Haar,Maluku Tenggara,44666.931829048386,PLTS Terpusat,30.0,Tanimbar Kei,2016,555142.5893327803,GI 150 kV PLTMG Ambon Peaker,0.0,150 kV,Operasi,17869.2468144481,PLTD Sewatama Langgur,4.0,PLTD,HSD,True,4.472000120000001,0.18335199000000002,-5.816347889673777,132.79955903987857
81.02.13.2004,22,0.2570847423089725,9,0.8655972710040672,0.4090909090909091,5900.21568627451,intermittent,Rat,Kei Kecil Timur,Maluku Tenggara,63586.43346611977,0,Mikro Hidro Kelas A (PLTMH),Langgiar Haar,Maluku Tenggara,43628.14318750761,PLTS Terpusat,30.0,Tanimbar Kei,2016,555891.3187010307,GI 150 kV PLTMG Ambon Peaker,0.0,150 kV,Operasi,19581.400939455674,PLTD Sewatama Langgur,4.0,PLTD,HSD,True,4.4914999,0.18415201,-5.833300024100181,132.7985054432096
81.02.13.2005,22,0.3520755460175627,13,0.8262516275237745,0.5909090909090909,5059.913725490196,intermittent,Abean,Kei Kecil Timur,Maluku Tenggara,65195.401307116146,0,Mikro Hidro Kelas A (PLTMH),Langgiar Haar,Maluku Tenggara,42617.45736347746,PLTS Terpusat,30.0,Tanimbar Kei,2016,556610.2992661862,GI 150 kV PLTMG Ambon Peaker,0.0,150 kV,Operasi,21306.69864059091,PLTD Sewatama Langgur,4.0,PLTD,HSD,True,4.517499920000001,0.18521699,-5.8502023889528125,132.79712044321863
81.02.13.2006,22,0.3122246150924608,11,0.8457275064795999,0.5,8073.364705882353,intermittent,Mastur,Kei Kecil Timur,Maluku Tenggara,68651.05189919665,0,Mikro Hidro Kelas A (PLTMH),Langgiar Haar,Maluku Tenggara,39823.446075323445,PLTS Terpusat,30.0,Tanimbar Kei,2016,556568.1100144862,GI 150 kV PLTMG Ambon Peaker,0.0,150 kV,Operasi,23854.36692583705,PLTD Sewatama Langgur,4.0,PLTD,HSD,True,4.54349995,0.18628301,-5.877864996893535,132.78231203624992
81.02.13.2013,22,0.24026106242508438,5,0.8452759415160928,0.22727272727272727,9307.0,intermittent,Ohoinol,Kei Kecil Timur,Maluku Tenggara,71412.23390905804,0,Mikro Hidro Kelas A (PLTMH),Langgiar Haar,Maluku Tenggara,36326.932869340264,PLTS Terpusat,30.0,Tanimbar Kei,2016,553964.355953747,GI 150 kV PLTMG Ambon Peaker,0.0,150 kV,Operasi,24297.543208776427,PLTD Sewatama Langgur,4.0,PLTD,HSD,True,4.53700018,0.18601701,-5.886126211433259,132.75138732298615
81.02.13.2014,22,0.22693006479831518,4,0.7939655988360086,0.18181818181818182,10165.0,intermittent,Semawi,Kei Kecil Timur,Maluku Tenggara,64613.1553526145,0,Mikro Hidro Kelas A (PLTMH),Langgiar Haar,Maluku Tenggara,40989.85130442975,PLTS Terpusat,30.0,Tanimbar Kei,2016,550783.0020094044,GI 150 kV PLTMG Ambon Peaker,0.0,150 kV,Operasi,16193.35986270316,PLTD Sewatama Langgur,4.0,PLTD,HSD,True,4.39400005,0.180154,-5.812310258144042,132.75742838876204
81.02.13.2015,22,0.21588798774938228,9,0.8782632705975089,0.4090909090909091,17453.509803921566,intermittent,Iso,Kei Kecil Timur,Maluku Tenggara,60209.60119608367,0,Mikro Hidro Kelas A (PLTMH),Langgiar Haar,Maluku Tenggara,45387.89777315189,PLTS Terpusat,30.0,Tanimbar Kei,2016,552355.594043546,GI 150 kV PLTMG Ambon Peaker,0.0,150 kV,Operasi,14157.334528709795,PLTD Sewatama Langgur,4.0,PLTD,HSD,True,4.40049982,0.18042,-5.785388556261873,132.7870012239631
81.02.13.2016,22,0.4166015639493708,14,0.768823559437837,0.6363636363636364,4814.827450980392,intermittent,Disuk,Kei Kecil Timur,Maluku Tenggara,59538.20008202832,0,Mikro Hidro Kelas A (PLTMH),Langgiar Haar,Maluku Tenggara,45959.36964326977,PLTS Terpusat,30.0,Tanimbar Kei,2016,552182.4718644611,GI 150 kV PLTMG Ambon Peaker,0.0,150 kV,Operasi,13553.875543178036,PLTD Sewatama Langgur,4.0,PLTD,HSD,True,4.42000008,0.18122,-5.778768761765522,132.78857197767647
81.02.13.2017,22,0.43969432515088125,14,0.7860931770538714,0.6363636363636364,10817.623529411765,intermittent,Wain Baru,Kei Kecil Timur,Maluku Tenggara,59887.3339580054,0,Mikro Hidro Kelas A (PLTMH),Langgiar Haar,Maluku Tenggara,45617.23520867678,PLTS Terpusat,30.0,Tanimbar Kei,2016,552087.0350013798,GI 150 kV PLTMG Ambon Peaker,0.0,150 kV,Operasi,13693.588730867343,PLTD Sewatama Langgur,4.0,PLTD,HSD,True,4.3874998100000004,0.17988700000000002,-5.781089910376353,132.78644515873688
81.02.13.2018,22,0.23791437087102368,6,0.7394271097329144,0.2727272727272727,1490.0,data_gap,Marfun,Kei Kecil Timur,Maluku Tenggara,67522.52373533435,0,Mikro Hidro Kelas A (PLTMH),Langgiar Haar,Maluku Tenggara,39369.05222975973,PLTS Terpusat,30.0,Tanimbar Kei,2016,553596.1902257327,GI 150 kV PLTMG Ambon Peaker,0.0,150 kV,Operasi,20750.21600763949,PLTD Sewatama Langgur,4.0,PLTD,HSD,True,4.472000120000001,0.18335199000000002,-5.85259432325624,132.76522870426314
81.02.13.2019,22,0.28005584595518285,9,0.811700748901186,0.4090909090909091,4371.541176470588,intermittent,Watngon,Kei Kecil Timur,Maluku Tenggara,64521.64835246104,0,Mikro Hidro Kelas A (PLTMH),Langgiar Haar,Maluku Tenggara,42960.567371425954,PLTS Terpusat,30.0,Tanimbar Kei,2016,556148.9167529183,GI 150 kV PLTMG Ambon Peaker,0.0,150 kV,Operasi,20449.835908167122,PLTD Sewatama Langgur,4.0,PLTD,HSD,True,4.504499910000001,0.18468501,-5.842283026198133,132.7965120118469
81.02.13.2020,22,0.3002717375685895,11,0.8704057292131795,0.5,14318.717647058824,intermittent,Yafavun,Kei Kecil Timur,Maluku Tenggara,65716.78330100911,0,Mikro Hidro Kelas A (PLTMH),Langgiar Haar,Maluku Tenggara,42107.16856594482,PLTS Terpusat,30.0,Tanimbar Kei,2016,556429.5056004627,GI 150 kV PLTMG Ambon Peaker,0.0,150 kV,Operasi,21535.501277559993,PLTD Sewatama Langgur,4.0,PLTD,HSD,True,4.504499910000001,0.18468501,-5.853460217061219,132.7936007244214
81.02.13.2021,22,0.26530005047035166,7,0.8808882685259396,0.3181818181818182,10251.819607843137,intermittent,Mastur Baru,Kei Kecil Timur,Maluku Tenggara,69251.98570630957,0,Mikro Hidro Kelas A (PLTMH),Langgiar Haar,Maluku Tenggara,39571.56931846389,PLTS Terpusat,30.0,Tanimbar Kei,2016,556979.5838698416,GI 150 kV PLTMG Ambon Peaker,0.0,150 kV,Operasi,24625.70306363104,PLTD Sewatama Langgur,4.0,PLTD,HSD,True,4.55649996,0.18681601000000003,-5.884842249157114,132.7828480179757
81.02.13.2022,22,0.30575415639388165,11,0.8366026742929303,0.5,6039.549019607844,intermittent,Ohoilus,Kei Kecil Timur,Maluku Tenggara,68138.99951885034,0,Mikro Hidro Kelas A (PLTMH),Langgiar Haar,Maluku Tenggara,40180.91466366464,PLTS Terpusat,30.0,Tanimbar Kei,2016,556475.7119883143,GI 150 kV PLTMG Ambon Peaker,0.0,150 kV,Operasi,23388.641687899973,PLTD Sewatama Langgur,4.0,PLTD,HSD,True,4.53049994,0.18574999,-5.873256288338731,132.783781622605
81.02.13.2023,22,0.23492457137493783,7,0.796372795443298,0.3181818181818182,2170.0313725490196,intermittent,Tenbuk,Kei Kecil Timur,Maluku Tenggara,67463.04705888624,0,Mikro Hidro Kelas A (PLTMH),Langgiar Haar,Maluku Tenggara,40489.74270379796,PLTS Terpusat,30.0,Tanimbar Kei,2016,556007.5997027899,GI 150 kV PLTMG Ambon Peaker,0.0,150 kV,Operasi,22513.375493401476,PLTD Sewatama Langgur,4.0,PLTD,HSD,True,4.51100016,0.18495101,-5.865325432206056,132.78315136556182
81.02.13.2024,22,0.2590383179037409,9,0.7977178785727927,0.4090909090909091,8701.286274509803,intermittent,Denwet,Kei Kecil Timur,Maluku Tenggara,66483.85085156212,0,Mikro Hidro Kelas A (PLTMH),Langgiar Haar,Maluku Tenggara,41222.22620724581,PLTS Terpusat,30.0,Tanimbar Kei,2016,555875.7511609227,GI 150 kV PLTMG Ambon Peaker,0.0,150 kV,Operasi,21664.981284104433,PLTD Sewatama Langgur,4.0,PLTD,HSD,True,4.49800014,0.18441799,-5.8567070801851155,132.78628853980408
81.02.14.2001,22,0.26010278281412974,8,0.716118100604711,0.36363636363636365,26326.776470588236,intermittent,Ohoidertutu,Kei Kecil Barat,Maluku Tenggara,75480.70382754527,0,Mikro Hidro Kelas A (PLTMH),Langgiar Haar,Maluku Tenggara,31163.162710404904,PLTS Terpusat,30.0,Tanimbar Kei,2016,549832.7279351505,GI 150 kV PLTMG Ambon Peaker,0.0,150 kV,Operasi,25554.652895756662,PLTD Sewatama Langgur,4.0,PLTD,HSD,True,4.53049994,0.18574999,-5.895494876772278,132.70410421801236
81.02.14.2002,22,0.21525943573152712,3,0.6039802382917059,0.13636363636363635,4509.8,dark_settled,Matwair,Kei Kecil Barat,Maluku Tenggara,76583.92745858479,0,Mikro Hidro Kelas A (PLTMH),Langgiar Haar,Maluku Tenggara,29314.2901226075,PLTS Terpusat,30.0,Tanimbar Kei,2016,547346.3894728563,GI 150 kV PLTMG Ambon Peaker,0.0,150 kV,Operasi,25379.840717329364,PLTD Sewatama Langgur,4.0,PLTD,HSD,True,4.517499920000001,0.18521699,-5.889531800027383,132.68181647475475
81.02.14.2003,22,0.2427362392769381,9,0.6658578953993033,0.4090909090909091,18790.0,intermittent,Somlain,Kei Kecil Barat,Maluku Tenggara,74647.81105409248,0,Mikro Hidro Kelas A (PLTMH),Langgiar Haar,Maluku Tenggara,30665.47903865784,PLTS Terpusat,30.0,Tanimbar Kei,2016,545903.4607344334,GI 150 kV PLTMG Ambon Peaker,0.0,150 kV,Operasi,22752.576604579546,PLTD Sewatama Langgur,4.0,PLTD,HSD,True,4.472000120000001,0.18335199000000002,-5.864679281483234,132.6803538502124
81.02.14.2004,22,0.2798930974645143,9,0.8037430840134844,0.4090909090909091,44570.87450980392,intermittent,Ohoiren,Kei Kecil Barat,Maluku Tenggara,72795.92480517992,0,Mikro Hidro Kelas A (PLTMH),Langgiar Haar,Maluku Tenggara,32521.302674260587,PLTS Terpusat,30.0,Tanimbar Kei,2016,546592.4379518294,GI 150 kV PLTMG Ambon Peaker,0.0,150 kV,Operasi,21222.228805931307,PLTD Sewatama Langgur,4.0,PLTD,HSD,True,4.45900011,0.18281899000000001,-5.853799939190563,132.6931771015269
81.02.14.2005,22,0.21419610731052413,3,0.7208558263601745,0.13636363636363635,1677.0588235294117,data_gap,Ohoira,Kei Kecil Barat,Maluku Tenggara,70341.03846415054,0,Mikro Hidro Kelas A (PLTMH),Langgiar Haar,Maluku Tenggara,34766.299071121124,PLTS Terpusat,30.0,Tanimbar Kei,2016,546350.2758004633,GI 150 kV PLTMG Ambon Peaker,0.0,150 kV,Operasi,18631.71985269483,PLTD Sewatama Langgur,4.0,PLTD,HSD,True,4.42649984,0.181486,-5.831941581916946,132.7022041840854
81.02.14.2006,22,0.22197570051278104,3,0.6384175032923332,0.13636363636363635,10797.129411764705,dark_settled,Warbal,Kei Kecil Barat,Maluku Tenggara,78752.95602191913,0,Mikro Hidro Kelas A (PLTMH),Langgiar Haar,Maluku Tenggara,26582.763804459122,PLTS Terpusat,30.0,Tanimbar Kei,2016,535993.8571795864,GI 150 kV PLTMG Ambon Peaker,0.0,150 kV,Operasi,23857.111849492067,PLTD Sewatama Langgur,4.0,PLTD,HSD,False,,,-5.830928848400829,132.596931392533
81.02.14.2007,22,0.1977143600765664,3,0.7366047344671706,0.13636363636363635,8894.058823529413,dark_settled,Ur Pulau,Kei Kecil Barat,Maluku Tenggara,87860.87011798704,0,Mikro Hidro Kelas A (PLTMH),Langgiar Haar,Maluku Tenggara,18054.145576147203,PLTS Terpusat,30.0,Tanimbar Kei,2016,532080.4867954317,GI 150 kV PLTMG Ambon Peaker,0.0,150 kV,Operasi,32809.06982150414,PLTD Sewatama Langgur,4.0,PLTD,HSD,True,4.589000230000001,0.18814901,-5.87931332662877,132.53026275223434
81.02.14.2008,22,0.20380400119320807,3,0.7122105782085258,0.13636363636363635,7845.160784313725,dark_settled,Tanimbar Kei,Kei Kecil Barat,Maluku Tenggara,104745.56776062289,0,Mikro Hidro Kelas A (PLTMH),Langgiar Haar,Maluku Tenggara,584.0979483831326,PLTS Terpusat,30.0,Tanimbar Kei,2016,532045.5242329881,GI 150 kV PLTMG Ambon Peaker,0.0,150 kV,Operasi,50253.57751914417,PLTD Sewatama Langgur,4.0,PLTD,HSD,True,4.602000240000001,0.18868200000000002,-6.017931853860741,132.44973014600558
81.02.14.2009,22,0.21751666348377202,5,0.8042633194025596,0.22727272727272727,20111.45882352941,intermittent,Ohoidertom,Kei Kecil Barat,Maluku Tenggara,78913.88828262514,0,Mikro Hidro Kelas A (PLTMH),Langgiar Haar,Maluku Tenggara,29165.780820257867,PLTS Terpusat,30.0,Tanimbar Kei,2016,551427.1795339644,GI 150 kV PLTMG Ambon Peaker,0.0,150 kV,Operasi,29663.916974601736,PLTD Sewatama Langgur,4.0,PLTD,HSD,True,4.58249998,0.18788201000000002,-5.932315723998369,132.70052900450105
81.02.14.2010,22,0.1996323064029636,4,0.8177264242873901,0.18181818181818182,4645.0,intermittent,Yatwav,Kei Kecil Barat,Maluku Tenggara,73115.17111886424,0,Mikro Hidro Kelas A (PLTMH),Langgiar Haar,Maluku Tenggara,33697.63856089911,PLTS Terpusat,30.0,Tanimbar Kei,2016,551199.068671559,GI 150 kV PLTMG Ambon Peaker,0.0,150 kV,Operasi,24088.64902982744,PLTD Sewatama Langgur,4.0,PLTD,HSD,True,4.517499920000001,0.18521699,-5.884297488168937,132.72408574836706
81.02.15.2001,22,0.2875910267503844,10,0.7067693320085087,0.45454545454545453,9087.64705882353,intermittent,Rumadian,Manyeuw,Maluku Tenggara,62679.7846680172,0,Mikro Hidro Kelas A (PLTMH),Langgiar Haar,Maluku Tenggara,41847.07962160813,PLTS Terpusat,30.0,Kaimer,2016,539554.4487320419,GI 150 kV PLTMG Ambon Peaker,0.0,150 kV,Operasi,7472.149457333138,PLTD Sewatama Langgur,4.0,PLTD,HSD,True,4.35500002,0.17855500000000002,-5.7175925964393555,132.69166667770557
81.02.15.2002,22,0.29782927693053396,12,0.6444769256861446,0.5454545454545454,51611.509803921566,intermittent,Debut,Manyeuw,Maluku Tenggara,66424.650415199,0,Mikro Hidro Kelas A (PLTMH),Langgiar Haar,Maluku Tenggara,37624.05071568686,PLTS Terpusat,30.0,Kaimer,2016,535390.6886060073,GI 150 kV PLTMG Ambon Peaker,0.0,150 kV,Operasi,11153.312256513598,PLTD Sewatama Langgur,4.0,PLTD,HSD,False,,,-5.717572854043499,132.6496402057364
81.02.15.2003,22,0.2931276631668381,11,0.6596075609203496,0.5,19925.647058823528,intermittent,Namar,Manyeuw,Maluku Tenggara,62319.55373775284,0,Mikro Hidro Kelas A (PLTMH),Langgiar Haar,Maluku Tenggara,38157.1071106191,PLTS Terpusat,30.0,Kaimer,2016,535639.5897937312,GI 150 kV PLTMG Ambon Peaker,0.0,150 kV,Operasi,7601.5603172289975,PLTD Sewatama Langgur,4.0,PLTD,HSD,True,4.28350019,0.175624,-5.681702086466437,132.66998804342555
81.02.15.2004,22,0.36946009702225013,14,0.6561693628464544,0.6363636363636364,60658.43137254902,intermittent,Ngilngof,Manyeuw,Maluku Tenggara,63130.785801965,0,Mikro Hidro Kelas A (PLTMH),Langgiar Haar,Maluku Tenggara,34730.5506068168,PLTS Terpusat,30.0,Kaimer,2016,531984.3929686695,GI 150 kV PLTMG Ambon Peaker,0.0,150 kV,Operasi,10221.27942922864,PLTD Sewatama Langgur,4.0,PLTD,HSD,True,4.43949986,0.182019,-5.656286724597972,132.64569426416745
81.02.15.2005,22,0.35705060207590694,15,0.6408259844359958,0.6818181818181818,21598.6,intermittent,Selayar,Manyeuw,Maluku Tenggara,63109.41691313316,0,Mikro Hidro Kelas A (PLTMH),Langgiar Haar,Maluku Tenggara,38571.75501403457,PLTS Terpusat,30.0,Kaimer,2016,536182.3746455589,GI 150 kV PLTMG Ambon Peaker,0.0,150 kV,Operasi,8027.374756131091,PLTD Sewatama Langgur,4.0,PLTD,HSD,True,4.23799992,0.17375800000000002,-5.693753663176233,132.6695071006296
81.02.15.2006,22,0.3187532756363721,14,0.6340491915225152,0.6363636363636364,6139.964705882352,intermittent,Lairngangas,Manyeuw,Maluku Tenggara,64349.85846621596,0,Mikro Hidro Kelas A (PLTMH),Langgiar Haar,Maluku Tenggara,38402.73559506338,PLTS Terpusat,30.0,Kaimer,2016,536110.236184053,GI 150 kV PLTMG Ambon Peaker,0.0,150 kV,Operasi,9130.883313209204,PLTD Sewatama Langgur,4.0,PLTD,HSD,True,4.33549976,0.177755,-5.704592961596183,132.66339926316775
81.02.15.2007,22,0.2614579738908017,10,0.7535033990087516,0.45454545454545453,15854.172549019608,intermittent,Ohoiluk,Manyeuw,Maluku Tenggara,59421.10227219203,0,Mikro Hidro Kelas A (PLTMH),Langgiar Haar,Maluku Tenggara,43057.049897746794,PLTS Terpusat,30.0,Kaimer,2016,540498.4063539961,GI 150 kV PLTMG Ambon Peaker,0.0,150 kV,Operasi,4163.912024702918,PLTD Sewatama Langgur,4.0,PLTD,HSD,True,4.32250023,0.177223,-5.695747712866905,132.7119660922372
81.02.15.2008,22,0.3635206380437584,13,0.701638355461332,0.5909090909090909,11287.980392156864,intermittent,Ohoililir,Manyeuw,Maluku Tenggara,62679.73102476802,0,Mikro Hidro Kelas A (PLTMH),Langgiar Haar,Maluku Tenggara,34375.93940251311,PLTS Terpusat,30.0,Kaimer,2016,531457.6943574464,GI 150 kV PLTMG Ambon Peaker,0.0,150 kV,Operasi,10481.478659300577,PLTD Sewatama Langgur,4.0,PLTD,HSD,True,4.47849989,0.18361899,-5.646825892428533,132.6450176964029
81.02.15.2009,22,0.2656882284653954,10,0.6537436652041538,0.45454545454545453,10175.0,intermittent,Ngayub,Manyeuw,Maluku Tenggara,59673.71032989698,0,Mikro Hidro Kelas A (PLTMH),Langgiar Haar,Maluku Tenggara,41340.69106379717,PLTS Terpusat,30.0,Kaimer,2016,538680.6011902549,GI 150 kV PLTMG Ambon Peaker,0.0,150 kV,Operasi,4466.787745832483,PLTD Sewatama Langgur,4.0,PLTD,HSD,True,4.34200001,0.178022,-5.68311259322866,132.69987746256902
81.02.16.2001,22,0.5983279782492634,15,0.6721448315483313,0.6818181818181818,18944.89019607843,intermittent,Tetoat,Hoat Sorbay,Maluku Tenggara,65754.40893435037,0,Mikro Hidro Kelas A (PLTMH),Langgiar Haar,Maluku Tenggara,39421.8703909118,PLTS Terpusat,30.0,Tanimbar Kei,2016,540578.6129241366,GI 150 kV PLTMG Ambon Peaker,0.0,150 kV,Operasi,11088.614058321677,PLTD Sewatama Langgur,4.0,PLTD,HSD,True,4.39400005,0.180154,-5.752735626415421,132.6843646370575
81.02.16.2002,22,1.2410107683942646,15,0.6870405705193888,0.6818181818181818,26967.0,intermittent,Dian Pulau,Hoat Sorbay,Maluku Tenggara,65351.43838459185,0,Mikro Hidro Kelas A (PLTMH),Langgiar Haar,Maluku Tenggara,39865.74578612799,PLTS Terpusat,30.0,Tanimbar Kei,2016,540489.6850938422,GI 150 kV PLTMG Ambon Peaker,0.0,150 kV,Operasi,10621.035725499398,PLTD Sewatama Langgur,4.0,PLTD,HSD,True,4.42000008,0.18122,-5.748533954897872,132.68559149785668
81.02.16.2003,22,0.30709824051205004,11,0.8423448947150052,0.5,38162.0,intermittent,Letvuan,Hoat Sorbay,Maluku Tenggara,63949.72812475941,0,Mikro Hidro Kelas A (PLTMH),Langgiar Haar,Maluku Tenggara,40888.56001505105,PLTS Terpusat,30.0,Tanimbar Kei,2016,544346.0113712061,GI 150 kV PLTMG Ambon Peaker,0.0,150 kV,Operasi,10972.743224358292,PLTD Sewatama Langgur,4.0,PLTD,HSD,True,4.3744998,0.179354,-5.764549570239275,132.7165124524869
81.02.16.2004,22,0.23184411133632135,5,0.7585357327453188,0.22727272727272727,17064.376470588235,intermittent,Evu,Hoat Sorbay,Maluku Tenggara,66032.70119384144,0,Mikro Hidro Kelas A (PLTMH),Langgiar Haar,Maluku Tenggara,38933.51870151938,PLTS Terpusat,30.0,Tanimbar Kei,2016,546817.5087059983,GI 150 kV PLTMG Ambon Peaker,0.0,150 kV,Operasi,14636.942402356932,PLTD Sewatama Langgur,4.0,PLTD,HSD,True,4.40700006,0.18068700000000001,-5.799028323815182,132.72399898036633
81.02.16.2005,22,0.20767447385501978,3,0.7365383170675098,0.13636363636363635,7808.0,dark_settled,Warwut,Hoat Sorbay,Maluku Tenggara,69915.79021146774,0,Mikro Hidro Kelas A (PLTMH),Langgiar Haar,Maluku Tenggara,36038.3226285838,PLTS Terpusat,30.0,Tanimbar Kei,2016,550067.3415937917,GI 150 kV PLTMG Ambon Peaker,0.0,150 kV,Operasi,20423.642990214357,PLTD Sewatama Langgur,4.0,PLTD,HSD,True,4.45900011,0.18281899000000001,-5.851585367299384,132.72980712707752
81.02.16.2006,22,0.3455307277288116,14,0.7099692276396212,0.6363636363636364,37074.39607843137,intermittent,Wab,Hoat Sorbay,Maluku Tenggara,68429.20815243514,0,Mikro Hidro Kelas A (PLTMH),Langgiar Haar,Maluku Tenggara,36400.61413103269,PLTS Terpusat,30.0,Tanimbar Kei,2016,543209.4872629395,GI 150 kV PLTMG Ambon Peaker,0.0,150 kV,Operasi,15054.233131443447,PLTD Sewatama Langgur,4.0,PLTD,HSD,True,4.36800003,0.17908800000000002,-5.794826337735764,132.68952398705835
81.02.16.2007,22,0.3165865880453525,12,0.7704842850801802,0.5454545454545454,19220.0,intermittent,Dian Darat,Hoat Sorbay,Maluku Tenggara,62471.84809014326,0,Mikro Hidro Kelas A (PLTMH),Langgiar Haar,Maluku Tenggara,42605.693974478396,PLTS Terpusat,30.0,Tanimbar Kei,2016,542237.9863919507,GI 150 kV PLTMG Ambon Peaker,0.0,150 kV,Operasi,8207.552964946022,PLTD Sewatama Langgur,4.0,PLTD,HSD,True,4.3744998,0.179354,-5.736431249190443,132.70934676830234
81.02.16.2008,22,0.2355906957119985,3,0.7118125575642563,0.13636363636363635,108.19215686274511,data_gap,Wirin,Hoat Sorbay,Maluku Tenggara,66982.86877008482,0,Mikro Hidro Kelas A (PLTMH),Langgiar Haar,Maluku Tenggara,38035.2749814176,PLTS Terpusat,30.0,Tanimbar Kei,2016,541180.8959766958,GI 150 kV PLTMG Ambon Peaker,0.0,150 kV,Operasi,12637.123005956315,PLTD Sewatama Langgur,4.0,PLTD,HSD,True,4.34200001,0.178022,-5.767907920642351,132.6827492496066
81.02.16.2009,22,0.31715472153277247,13,0.6998513963569432,0.5909090909090909,4040.250980392157,intermittent,Ngursit,Hoat Sorbay,Maluku Tenggara,66083.18320439298,0,Mikro Hidro Kelas A (PLTMH),Langgiar Haar,Maluku Tenggara,38970.02029795096,PLTS Terpusat,30.0,Tanimbar Kei,2016,541220.8107218124,GI 150 kV PLTMG Ambon Peaker,0.0,150 kV,Operasi,11679.61515586522,PLTD Sewatama Langgur,4.0,PLTD,HSD,True,4.36800003,0.17908800000000002,-5.7603950936650135,132.68698027353113
81.02.16.2010,22,0.3684922734697915,15,0.6725173741476487,0.6818181818181818,11077.0,intermittent,Madwat,Hoat Sorbay,Maluku Tenggara,67989.75971176027,0,Mikro Hidro Kelas A (PLTMH),Langgiar Haar,Maluku Tenggara,37059.4319539135,PLTS Terpusat,30.0,Tanimbar Kei,2016,540640.2455330219,GI 150 kV PLTMG Ambon Peaker,0.0,150 kV,Operasi,13528.13857631232,PLTD Sewatama Langgur,4.0,PLTD,HSD,True,4.33549976,0.177755,-5.772649400049162,132.67484073736395
81.02.16.2011,22,0.3279837234964063,14,0.6864386802204973,0.6363636363636364,10325.388235294115,intermittent,Ohoibadar,Hoat Sorbay,Maluku Tenggara,68021.5672484001,0,Mikro Hidro Kelas A (PLTMH),Langgiar Haar,Maluku Tenggara,36861.8184112619,PLTS Terpusat,30.0,Tanimbar Kei,2016,542139.2309489539,GI 150 kV PLTMG Ambon Peaker,0.0,150 kV,Operasi,14140.985863319498,PLTD Sewatama Langgur,4.0,PLTD,HSD,True,4.32250023,0.177223,-5.783798241798336,132.68433258151856
81.02.16.2012,22,0.34281018364967575,14,0.7524587573209783,0.6363636363636364,3906.0,intermittent,Watngil,Hoat Sorbay,Maluku Tenggara,69211.05898369978,0,Mikro Hidro Kelas A (PLTMH),Langgiar Haar,Maluku Tenggara,35628.2239624737,PLTS Terpusat,30.0,Tanimbar Kei,2016,543997.4270862056,GI 150 kV PLTMG Ambon Peaker,0.0,150 kV,Operasi,16252.79147721145,PLTD Sewatama Langgur,4.0,PLTD,HSD,True,4.38100004,0.179621,-5.806875554633006,132.69130251918833
81.02.16.2013,22,0.2616171248399528,9,0.7256606655420165,0.4090909090909091,4037.0,intermittent,Arso,Hoat Sorbay,Maluku Tenggara,68391.85947606587,0,Mikro Hidro Kelas A (PLTMH),Langgiar Haar,Maluku Tenggara,36477.553891311596,PLTS Terpusat,30.0,Tanimbar Kei,2016,544897.2986717407,GI 150 kV PLTMG Ambon Peaker,0.0,150 kV,Operasi,15866.509365503905,PLTD Sewatama Langgur,4.0,PLTD,HSD,True,4.3874998100000004,0.17988700000000002,-5.80607122709017,132.70086935460955
81.02.17.2001,22,0.2435104633863872,4,0.6624572941118989,0.18181818181818182,1598.9019607843138,data_gap,Weer Ohoinam,Kei Besar Utara Barat,Maluku Tenggara,24364.53435241706,0,Mikro Hidro Kelas A (PLTMH),Langgiar Haar,Maluku Tenggara,77388.7635100039,PLTS Terpusat,30.0,Kaimer,2016,543811.2850305806,GI 150 kV PLTMG Sorong,0.0,150 kV,Operasi,10962.342140148254,PLTD Elat,1.6,PLTD,HSD,True,4.33549976,0.177755,-5.570646859644428,133.04390981790849
81.02.17.2002,22,0.24052624301823639,5,0.6393767307829152,0.22727272727272727,824.0,data_gap,Weer Ohoiker,Kei Besar Utara Barat,Maluku Tenggara,23796.96099832533,0,Mikro Hidro Kelas A (PLTMH),Langgiar Haar,Maluku Tenggara,76991.72583161086,PLTS Terpusat,30.0,Kaimer,2016,542884.8244818165,GI 150 kV PLTMG Sorong,0.0,150 kV,Operasi,11492.619020354676,PLTD Elat,1.6,PLTD,HSD,True,4.29650021,0.176157,-5.563105850447627,133.04030510567634
81.02.17.2003,22,0.22954711470716924,4,0.6220910171649722,0.18181818181818182,9550.776470588235,intermittent,Weer Frawaf,Kei Besar Utara Barat,Maluku Tenggara,21248.04572804207,0,Mikro Hidro Kelas A (PLTMH),Langgiar Haar,Maluku Tenggara,78478.13378579658,PLTS Terpusat,30.0,Kaimer,2016,541443.6734935017,GI 150 kV PLTMG Sorong,0.0,150 kV,Operasi,14046.600621607306,PLTD Elat,1.6,PLTD,HSD,True,4.25099993,0.17429100000000003,-5.544005757043895,133.05333111683368
81.02.17.2004,22,0.2346355265648634,4,0.627332694736663,0.18181818181818182,1240.3921568627452,data_gap,Faa,Kei Besar Utara Barat,Maluku Tenggara,18478.101129503957,0,Mikro Hidro Kelas A (PLTMH),Langgiar Haar,Maluku Tenggara,80001.96703308538,PLTS Terpusat,30.0,Kaimer,2016,539748.9819216129,GI 150 kV PLTMG Sorong,0.0,150 kV,Operasi,16821.650044751368,PLTD Elat,1.6,PLTD,HSD,True,4.26399994,0.174824,-5.5224890115556855,133.06604813211146
81.02.17.2005,22,0.2592696218269466,6,0.5907047423305373,0.2727272727272727,1526.764705882353,data_gap,Dangarat,Kei Besar Utara Barat,Maluku Tenggara,19194.299972014967,0,Mikro Hidro Kelas A (PLTMH),Langgiar Haar,Maluku Tenggara,79476.7481997247,PLTS Terpusat,30.0,Kaimer,2016,540078.0488856321,GI 150 kV PLTMG Sorong,0.0,150 kV,Operasi,16098.718763569996,PLTD Elat,1.6,PLTD,HSD,True,4.26399994,0.174824,-5.527469075575784,133.0615978702448
81.02.17.2006,22,0.2495277068326696,5,0.5958752358361029,0.22727272727272727,4553.082352941176,intermittent,Ohoituf,Kei Besar Utara Barat,Maluku Tenggara,17980.51308319702,0,Mikro Hidro Kelas A (PLTMH),Langgiar Haar,Maluku Tenggara,80037.70142499355,PLTS Terpusat,30.0,Kaimer,2016,539230.35168149,GI 150 kV PLTMG Sorong,0.0,150 kV,Operasi,17310.537470803705,PLTD Elat,1.6,PLTD,HSD,True,4.26399994,0.174824,-5.517464332768763,133.06603080245418
81.02.17.2007,22,0.2534176233627787,5,0.5918794411358763,0.22727272727272727,1623.4627450980392,data_gap,Hangur,Kei Besar Utara Barat,Maluku Tenggara,17470.387396643466,0,Mikro Hidro Kelas A (PLTMH),Langgiar Haar,Maluku Tenggara,79854.04439434108,PLTS Terpusat,30.0,Kaimer,2016,538487.3838895907,GI 150 kV PLTMG Sorong,0.0,150 kV,Operasi,17827.26997818292,PLTD Elat,1.6,PLTD,HSD,True,4.28999996,0.17589000000000002,-5.511120469473117,133.06388510789358
81.02.17.2008,22,0.2564241550186423,3,0.6379176492454164,0.13636363636363635,4315.0,dark_settled,Ngurwalek,Kei Besar Utara Barat,Maluku Tenggara,16786.837648937,0,Mikro Hidro Kelas A (PLTMH),Langgiar Haar,Maluku Tenggara,79851.40725528852,PLTS Terpusat,30.0,Kaimer,2016,537690.7548398891,GI 150 kV PLTMG Sorong,0.0,150 kV,Operasi,18541.78785109034,PLTD Elat,1.6,PLTD,HSD,True,4.329,0.177489,-5.503657970802677,133.06322126253758
81.02.17.2009,22,0.23497459615727306,5,0.6303794542604613,0.22727272727272727,7692.309803921569,intermittent,Uwat,Kei Besar Utara Barat,Maluku Tenggara,15379.894524264637,0,Mikro Hidro Kelas A (PLTMH),Langgiar Haar,Maluku Tenggara,80874.30077704707,PLTS Terpusat,30.0,Kaimer,2016,537027.2818654513,GI 150 kV PLTMG Sorong,0.0,150 kV,Operasi,19925.389783286417,PLTD Elat,1.6,PLTD,HSD,True,4.36149979,0.178821,-5.493842198241462,133.07155063077076
81.02.17.2010,22,0.229486251053806,3,0.5836672851616014,0.13636363636363635,2246.341176470588,dark_settled,Uwat Wear,Kei Besar Utara Barat,Maluku Tenggara,12140.495343763727,0,Mikro Hidro Kelas A (PLTMH),Langgiar Haar,Maluku Tenggara,81967.51658298467,PLTS Terpusat,30.0,Kaimer,2016,534154.9599778187,GI 150 kV Aimas (60 MVA No.1 dan 2),60.0,150 kV,Operasi,23290.934913259585,PLTD Elat,1.6,PLTD,HSD,True,4.48500013,0.18388499000000003,-5.463284882979401,133.07770571537813
81.02.17.2011,22,0.22052706713933296,4,0.622922655705606,0.18181818181818182,3930.8,intermittent,Uwat Reyaan,Kei Besar Utara Barat,Maluku Tenggara,13877.510599958763,0,Mikro Hidro Kelas A (PLTMH),Langgiar Haar,Maluku Tenggara,81195.3463394885,PLTS Terpusat,30.0,Kaimer,2016,535527.2211991409,GI 150 kV PLTMG Sorong,0.0,150 kV,Operasi,21495.437360855867,PLTD Elat,1.6,PLTD,HSD,True,4.43300009,0.18175299,-5.478776921496647,133.0727525377022
81.02.17.2012,22,0.2396305000442257,4,0.6107789980728756,0.18181818181818182,3274.0235294117647,intermittent,Mun Ohoiir,Kei Besar Utara Barat,Maluku Tenggara,12610.946494186384,0,Mikro Hidro Kelas A (PLTMH),Langgiar Haar,Maluku Tenggara,81934.35641439946,PLTS Terpusat,30.0,Kaimer,2016,534718.4178045321,GI 150 kV PLTMG Sorong,0.0,150 kV,Operasi,22764.11773457549,PLTD Elat,1.6,PLTD,HSD,True,4.48500013,0.18388499000000003,-5.4686974473294345,133.0781667328948
81.02.17.2013,22,0.23275593766200936,4,0.5629223821646553,0.18181818181818182,3117.1254901960783,intermittent,Mun Essoy,Kei Besar Utara Barat,Maluku Tenggara,11618.858685316034,0,Mikro Hidro Kelas A (PLTMH),Langgiar Haar,Maluku Tenggara,82170.52196850559,PLTS Terpusat,30.0,Kaimer,2016,533685.7973473741,GI 150 kV Aimas (60 MVA No.1 dan 2),60.0,150 kV,Operasi,23845.66717246195,PLTD Elat,1.6,PLTD,HSD,True,4.47849989,0.18361899,-5.458320840488097,133.07882417421575
81.02.17.2014,22,0.2656897882484115,8,0.5534417053542765,0.36363636363636365,2097.345098039216,intermittent,Mun Kahar,Kei Besar Utara Barat,Maluku Tenggara,10958.484636776104,0,Mikro Hidro Kelas A (PLTMH),Langgiar Haar,Maluku Tenggara,82698.52924153402,PLTS Terpusat,30.0,Kaimer,2016,533404.2405763367,GI 150 kV Aimas (60 MVA No.1 dan 2),60.0,150 kV,Operasi,24473.888380714397,PLTD Elat,1.6,PLTD,HSD,True,4.47849989,0.18361899,-5.4539818499096056,133.0829818425565
81.02.17.2015,22,0.27494662266528336,8,0.5050195191769871,0.36363636363636365,3162.0196078431372,intermittent,Mun Ngurditwain,Kei Besar Utara Barat,Maluku Tenggara,10438.99464575088,0,Mikro Hidro Kelas A (PLTMH),Langgiar Haar,Maluku Tenggara,82933.28938739622,PLTS Terpusat,30.0,Kaimer,2016,532966.4068285273,GI 150 kV Aimas (60 MVA No.1 dan 2),60.0,150 kV,Operasi,25020.619830159747,PLTD Elat,1.6,PLTD,HSD,True,4.472000120000001,0.18335199000000002,-5.4492106802398865,133.08436765327193
81.02.17.2016,22,0.21849293292108457,4,0.5779858619082799,0.18181818181818182,1602.2666666666667,data_gap,Mun Werfan,Kei Besar Utara Barat,Maluku Tenggara,8655.618320077303,0,Mikro Hidro Kelas A (PLTMH),Langgiar Haar,Maluku Tenggara,83520.1612730251,PLTS Terpusat,30.0,Kaimer,2016,531056.2651070569,GI 150 kV Aimas (60 MVA No.1 dan 2),60.0,150 kV,Operasi,27072.552765181223,PLTD Elat,1.6,PLTD,HSD,True,4.45900011,0.18281899000000001,-5.429963156331704,133.08636972347844
81.02.17.2017,22,0.25226051779381586,4,0.5340129118425864,0.18181818181818182,2315.729411764706,intermittent,Ad Ngurwul,Kei Besar Utara Barat,Maluku Tenggara,4908.737447244477,0,Mikro Hidro Kelas A (PLTMH),Langgiar Haar,Maluku Tenggara,85861.38362406826,PLTS Terpusat,30.0,Kaimer,2016,527619.3896099603,GI 150 kV Aimas (60 MVA No.1 dan 2),60.0,150 kV,Operasi,31604.849038865752,PLTD Elat,1.6,PLTD,HSD,True,4.36149979,0.178821,-5.391378037838908,133.09978258708756
81.02.17.2018,22,0.21073331162500866,4,0.5818534433489135,0.18181818181818182,7635.933333333333,intermittent,Ad Ohoiwaf,Kei Besar Utara Barat,Maluku Tenggara,4370.85857797512,0,Mikro Hidro Kelas A (PLTMH),Langgiar Haar,Maluku Tenggara,86334.4537353685,PLTS Terpusat,30.0,Kaimer,2016,526571.2688417382,GI 150 kV Aimas (60 MVA No.1 dan 2),60.0,150 kV,Operasi,32797.338156746846,PLTD Elat,1.6,PLTD,HSD,True,4.33549976,0.177755,-5.380517625825418,133.10153336925652
81.02.17.2019,22,0.1977464038497622,3,0.6316425071023597,0.13636363636363635,6862.752941176471,dark_settled,Laar,Kei Besar Utara Barat,Maluku Tenggara,3344.1762603438096,0,Mikro Hidro Kelas A (PLTMH),Langgiar Haar,Maluku Tenggara,88277.37388989955,PLTS Terpusat,30.0,Kaimer,2016,524880.4038868194,GI 150 kV Aimas (60 MVA No.1 dan 2),60.0,150 kV,Operasi,35527.964439527685,PLTD Elat,1.6,PLTD,HSD,True,4.31599998,0.176956,-5.359065289825785,133.11403804585305
81.02.17.2020,22,0.19447560724082996,5,0.6669761701930067,0.22727272727272727,555.8235294117648,data_gap,Hoor Islam,Kei Besar Utara Barat,Maluku Tenggara,6884.010605660421,0,Mikro Hidro Kelas A (PLTMH),Ohoimajang,Maluku Tenggara,90907.33637760274,PLTS Terpusat,30.0,Kaimer,2016,520366.7434496127,GI 150 kV Aimas (60 MVA No.1 dan 2),60.0,150 kV,Operasi,40912.503481516214,PLTD Elat,1.6,PLTD,HSD,True,4.43300009,0.18175299,-5.310999348633212,133.12424490878982
81.02.17.2021,22,0.1828443104774896,3,0.6464836302230498,0.13636363636363635,417.68627450980387,data_gap,Hoor Kristen,Kei Besar Utara Barat,Maluku Tenggara,5440.0101530957445,0,Mikro Hidro Kelas A (PLTMH),Ohoimajang,Maluku Tenggara,89554.9438477692,PLTS Terpusat,30.0,Kaimer,2016,522016.6641588962,GI 150 kV Aimas (60 MVA No.1 dan 2),60.0,150 kV,Operasi,38689.67302792909,PLTD Elat,1.6,PLTD,HSD,True,4.38100004,0.179621,-5.3298297334616,133.11748840385573
81.02.17.2022,22,0.19760533480400755,4,0.5773351824743693,0.18181818181818182,3319.2352941176473,intermittent,Waer,Kei Besar Utara Barat,Maluku Tenggara,7674.20980203347,0,Mikro Hidro Kelas A (PLTMH),Ohoimajang,Maluku Tenggara,92375.2341272404,PLTS Terpusat,30.0,Kaimer,2016,519733.3293747552,GI 150 kV Aimas (60 MVA No.1 dan 2),60.0,150 kV,Operasi,42421.513930573026,PLTD Elat,1.6,PLTD,HSD,True,4.472000120000001,0.18335199000000002,-5.300501554162993,133.13468625013564
81.02.17.2023,22,0.1964602271670563,3,0.5251777139148089,0.13636363636363635,0.0,data_gap,Waerat,Kei Besar Utara Barat,Maluku Tenggara,8816.236806901112,0,Mikro Hidro Kelas A (PLTMH),Ohoimajang,Maluku Tenggara,90897.60006009632,PLTS Terpusat,30.0,Kaimer,2016,518435.42981376115,GI 150 kV Aimas (60 MVA No.1 dan 2),60.0,150 kV,Operasi,42407.542642340464,PLTD Elat,1.6,PLTD,HSD,True,4.48500013,0.18388499000000003,-5.294575962453617,133.11848218530682
81.02.17.2024,22,0.26524667801613516,8,0.5256319345125343,0.36363636363636365,2174.121568627451,intermittent,Mun Ohoitadiun,Kei Besar Utara Barat,Maluku Tenggara,9712.268558839258,0,Mikro Hidro Kelas A (PLTMH),Langgiar Haar,Maluku Tenggara,83366.12750939629,PLTS Terpusat,30.0,Kaimer,2016,532471.3090665229,GI 150 kV Aimas (60 MVA No.1 dan 2),60.0,150 kV,Operasi,25758.886469036617,PLTD Elat,1.6,PLTD,HSD,True,4.465499879999999,0.18308599,-5.443261756011597,133.0873409619378
81.02.17.2025,22,0.22838947450002742,4,0.5654877246437869,0.18181818181818182,7385.529411764706,intermittent,Ad Wear Aur,Kei Besar Utara Barat,Maluku Tenggara,6333.527039983588,0,Mikro Hidro Kelas A (PLTMH),Langgiar Haar,Maluku Tenggara,84890.6601877753,PLTS Terpusat,30.0,Kaimer,2016,529083.5340981846,GI 150 kV Aimas (60 MVA No.1 dan 2),60.0,150 kV,Operasi,29706.30833359204,PLTD Elat,1.6,PLTD,HSD,True,4.41349983,0.180953,-5.40767013387959,133.09448509719203
81.02.18.2001,22,0.23442966325917095,6,0.8238422195110865,0.2727272727272727,3745.5098039215686,intermittent,Hoat,Kei Besar Selatan Barat,Maluku Tenggara,62878.431523948086,0,Mikro Hidro Kelas A (PLTMH),Langgiar Haar,Maluku Tenggara,51899.230088436154,PLTS Terpusat,30.0,Tanimbar Kei,2016,568792.5171257419,GI 150 kV PLTMG Ambon Peaker,0.0,150 kV,Operasi,27054.20914841244,PLTS Elat,0.2,PLTS,Surya,True,4.48500013,0.18388499000000003,-5.88697001290886,132.90191592403073
81.02.18.2002,22,0.25086486478780845,10,0.8472228275068995,0.45454545454545453,5331.7058823529405,intermittent,Ngafan,Kei Besar Selatan Barat,Maluku Tenggara,64874.121688401894,0,Mikro Hidro Kelas A (PLTMH),Langgiar Haar,Maluku Tenggara,50479.04507703936,PLTS Terpusat,30.0,Tanimbar Kei,2016,568721.32914161,GI 150 kV PLTMG Ambon Peaker,0.0,150 kV,Operasi,29033.31874192727,PLTS Elat,0.2,PLTS,Surya,True,4.53049994,0.18574999,-5.902691076739257,132.89310989835
81.02.18.2003,22,0.21923255754983556,6,0.8970965124807292,0.2727272727272727,1683.3764705882354,data_gap,Feer,Kei Besar Selatan Barat,Maluku Tenggara,70714.11608457348,0,Mikro Hidro Kelas A (PLTMH),Langgiar Haar,Maluku Tenggara,47424.2072642994,PLTS Terpusat,30.0,Tanimbar Kei,2016,569590.4327761148,GI 150 kV PLTMG Ambon Peaker,0.0,150 kV,Operasi,34899.966258337336,PLTS Elat,0.2,PLTS,Surya,True,4.6085,0.18894801,-5.952611154242012,132.8758627869058
81.02.18.2004,22,0.26131140688519494,7,0.8162163862550258,0.3181818181818182,3856.1960784313724,intermittent,Rerean,Kei Besar Selatan Barat,Maluku Tenggara,68487.9291725092,0,Mikro Hidro Kelas A (PLTMH),Langgiar Haar,Maluku Tenggara,48940.77782424448,PLTS Terpusat,30.0,Tanimbar Kei,2016,569762.4606502611,GI 150 kV PLTMG Ambon Peaker,0.0,150 kV,Operasi,32701.350493408165,PLTS Elat,0.2,PLTS,Surya,True,4.589000230000001,0.18814901,-5.935487583042766,132.88664212064654
81.02.18.2005,22,0.21386172600599923,5,0.8773859198172321,0.22727272727272727,0.0,data_gap,Ngurko,Kei Besar Selatan Barat,Maluku Tenggara,62869.90586194439,0,Mikro Hidro Kelas A (PLTMH),Langgiar Haar,Maluku Tenggara,49863.217363439704,PLTS Terpusat,30.0,Tanimbar Kei,2016,565949.2724073629,GI 150 kV PLTMG Ambon Peaker,0.0,150 kV,Operasi,26906.54239184513,PLTS Elat,0.2,PLTS,Surya,True,4.45249987,0.18255299,-5.875640544917262,132.87886954859596
81.02.18.2006,22,0.22476305675467678,4,0.8067745152956117,0.18181818181818182,2012.5843137254901,intermittent,Hoko,Kei Besar Selatan Barat,Maluku Tenggara,60660.429162272616,0,Mikro Hidro Kelas A (PLTMH),Langgiar Haar,Maluku Tenggara,52339.31447852584,PLTS Terpusat,30.0,Tanimbar Kei,2016,567219.7740274495,GI 150 kV PLTMG Ambon Peaker,0.0,150 kV,Operasi,24741.856965826977,PLTS Elat,0.2,PLTS,Surya,True,4.40700006,0.18068700000000001,-5.86307540241425,132.89814947369766
81.02.18.2007,22,0.24700554143534134,6,0.7693782738611837,0.2727272727272727,3302.3960784313726,intermittent,Weduar Fer,Kei Besar Selatan Barat,Maluku Tenggara,76646.74417419758,0,Mikro Hidro Kelas A (PLTMH),Langgiar Haar,Maluku Tenggara,43686.1156120311,PLTS Terpusat,30.0,Tanimbar Kei,2016,569166.1875208135,GI 150 kV PLTMG Ambon Peaker,0.0,150 kV,Operasi,38662.29164428015,PLTD Sewatama Langgur,4.0,PLTD,HSD,True,4.63450003,0.190014,-5.998164047797223,132.84708656894736
81.02.18.2008,22,0.40222221707540845,15,0.7769566377612708,0.6818181818181818,4487.007843137255,intermittent,Uat,Kei Besar Selatan Barat,Maluku Tenggara,75643.00292764496,0,Mikro Hidro Kelas A (PLTMH),Langgiar Haar,Maluku Tenggara,44096.959496669246,PLTS Terpusat,30.0,Tanimbar Kei,2016,569018.9397174817,GI 150 kV PLTMG Ambon Peaker,0.0,150 kV,Operasi,37875.78378491224,PLTD Sewatama Langgur,4.0,PLTD,HSD,True,4.63450003,0.190014,-5.989642657162399,132.85019214274953
81.02.18.2009,22,0.28212030840967695,11,0.7351743165095326,0.5,0.0,data_gap,Ngan,Kei Besar Selatan Barat,Maluku Tenggara,74287.5985708103,0,Mikro Hidro Kelas A (PLTMH),Langgiar Haar,Maluku Tenggara,44674.27506004015,PLTS Terpusat,30.0,Tanimbar Kei,2016,568813.8923452805,GI 150 kV PLTMG Ambon Peaker,0.0,150 kV,Operasi,36824.2744475309,PLTD Sewatama Langgur,4.0,PLTD,HSD,True,4.627999780000001,0.189748,-5.978099884362959,132.85431284175937
81.02.18.2010,22,0.2626179607990489,9,0.7428477282061818,0.4090909090909091,4245.576470588235,intermittent,Watkidat,Kei Besar Selatan Barat,Maluku Tenggara,74308.09593966605,0,Mikro Hidro Kelas A (PLTMH),Langgiar Haar,Maluku Tenggara,44376.04309592588,PLTS Terpusat,30.0,Tanimbar Kei,2016,568477.0915241236,GI 150 kV PLTMG Ambon Peaker,0.0,150 kV,Operasi,36596.30040756614,PLTD Sewatama Langgur,4.0,PLTD,HSD,True,4.627999780000001,0.189748,-5.976963406463733,132.85147028735898
81.02.18.2011,22,0.33319884847838865,13,0.8070145313969329,0.5909090909090909,1743.2274509803924,data_gap,Ohoilean,Kei Besar Selatan Barat,Maluku Tenggara,73233.8651897332,0,Mikro Hidro Kelas A (PLTMH),Langgiar Haar,Maluku Tenggara,45347.725822828696,PLTS Terpusat,30.0,Tanimbar Kei,2016,568895.4739820536,GI 150 kV PLTMG Ambon Peaker,0.0,150 kV,Operasi,36195.99276432499,PLTD Sewatama Langgur,4.0,PLTD,HSD,True,4.627999780000001,0.189748,-5.970041163309252,132.8594726706325
81.02.18.2012,22,0.29167373322722123,11,0.8134476004881717,0.5,0.0,data_gap,Wafol,Kei Besar Selatan Barat,Maluku Tenggara,66699.74573562229,0,Mikro Hidro Kelas A (PLTMH),Langgiar Haar,Maluku Tenggara,48719.499369683246,PLTS Terpusat,30.0,Tanimbar Kei,2016,568021.3276916207,GI 150 kV PLTMG Ambon Peaker,0.0,150 kV,Operasi,30808.409462239477,PLTS Elat,0.2,PLTS,Surya,True,4.55649996,0.18681601000000003,-5.914599950373525,132.87981430110148
81.02.18.2013,22,0.28902473339644486,11,0.8282437129466098,0.5,7577.73725490196,intermittent,Rahangiar,Kei Besar Selatan Barat,Maluku Tenggara,71082.47243437776,0,Mikro Hidro Kelas A (PLTMH),Langgiar Haar,Maluku Tenggara,46337.884467341966,PLTS Terpusat,30.0,Tanimbar Kei,2016,568545.4319490311,GI 150 kV PLTMG Ambon Peaker,0.0,150 kV,Operasi,34579.08543435781,PLTD Sewatama Langgur,4.0,PLTD,HSD,True,4.6085,0.18894801,-5.951583608904213,132.86572618978045
81.02.19.2001,22,0.3883440303683496,14,0.7548518489804957,0.6363636363636364,15632.000000000002,intermittent,Danar Ohoiseb,Kei Kecil Timur Selatan,Maluku Tenggara,77808.53889785364,0,Mikro Hidro Kelas A (PLTMH),Langgiar Haar,Maluku Tenggara,32227.45177105357,PLTS Terpusat,30.0,Tanimbar Kei,2016,555271.3076649278,GI 150 kV PLTMG Ambon Peaker,0.0,150 kV,Operasi,30728.83244652591,PLTD Sewatama Langgur,4.0,PLTD,HSD,True,4.5954999899999995,0.18841501000000002,-5.944387663023363,132.73348851774915
81.02.19.2002,22,0.48049787938584276,15,0.7258089612261878,0.6818181818181818,49385.52941176471,intermittent,Danar Ternate,Kei Kecil Timur Selatan,Maluku Tenggara,75265.93708402837,0,Mikro Hidro Kelas A (PLTMH),Langgiar Haar,Maluku Tenggara,34647.61771042206,PLTS Terpusat,30.0,Tanimbar Kei,2016,556254.7315426256,GI 150 kV PLTMG Ambon Peaker,0.0,150 kV,Operasi,29086.134526344158,PLTD Sewatama Langgur,4.0,PLTD,HSD,True,4.5954999899999995,0.18841501000000002,-5.929242848448714,132.75180031441877
81.02.19.2003,22,0.2958062153620802,11,0.7609481223913458,0.5,12271.32156862745,intermittent,Danar Lumefar,Kei Kecil Timur Selatan,Maluku Tenggara,74868.58447726246,0,Mikro Hidro Kelas A (PLTMH),Langgiar Haar,Maluku Tenggara,35733.94397229977,PLTS Terpusat,30.0,Tanimbar Kei,2016,557529.4585968285,GI 150 kV PLTMG Ambon Peaker,0.0,150 kV,Operasi,29551.676681338573,PLTD Sewatama Langgur,4.0,PLTD,HSD,True,4.5954999899999995,0.18841501000000002,-5.932587956328871,132.76307455335436
81.02.19.2004,22,0.2394818352054569,8,0.8034645602094981,0.36363636363636365,4410.658823529412,intermittent,Elaar Ngursoin,Kei Kecil Timur Selatan,Maluku Tenggara,73530.6617145562,0,Mikro Hidro Kelas A (PLTMH),Langgiar Haar,Maluku Tenggara,36990.10113981654,PLTS Terpusat,30.0,Tanimbar Kei,2016,558012.4516200849,GI 150 kV PLTMG Ambon Peaker,0.0,150 kV,Operasi,28761.81758185434,PLTD Sewatama Langgur,4.0,PLTD,HSD,True,4.589000230000001,0.18814901,-5.924349935512582,132.7724500608778
81.02.19.2005,22,0.23461249054305744,8,0.9219719160684177,0.36363636363636365,22719.733333333334,intermittent,Elaar Lamagorang,Kei Kecil Timur Selatan,Maluku Tenggara,71979.777366445,0,Mikro Hidro Kelas A (PLTMH),Langgiar Haar,Maluku Tenggara,37794.27179803348,PLTS Terpusat,30.0,Tanimbar Kei,2016,557490.0533954946,GI 150 kV PLTMG Ambon Peaker,0.0,150 kV,Operasi,27151.729863363165,PLTD Sewatama Langgur,4.0,PLTD,HSD,True,4.57600021,0.18761601000000003,-5.909328644084623,132.77511935685942
81.02.19.2006,22,0.2508918180874989,9,0.9393238638875986,0.4090909090909091,12346.24705882353,intermittent,Elaar Let,Kei Kecil Timur Selatan,Maluku Tenggara,70971.7078205634,0,Mikro Hidro Kelas A (PLTMH),Langgiar Haar,Maluku Tenggara,38566.91265577956,PLTS Terpusat,30.0,Tanimbar Kei,2016,557527.3185559035,GI 150 kV PLTMG Ambon Peaker,0.0,150 kV,Operasi,26371.568472023482,PLTD Sewatama Langgur,4.0,PLTD,HSD,True,4.563000199999999,0.18708301,-5.901450738780664,132.77968076140857
81.02.19.2007,22,0.3610871412463197,15,0.7292351513523173,0.6818181818181818,17773.13333333333,intermittent,Sare,Kei Kecil Timur Selatan,Maluku Tenggara,75594.48107331626,0,Mikro Hidro Kelas A (PLTMH),Langgiar Haar,Maluku Tenggara,33750.30178502014,PLTS Terpusat,30.0,Tanimbar Kei,2016,555163.9287027555,GI 150 kV PLTMG Ambon Peaker,0.0,150 kV,Operasi,28704.27045480485,PLTD Sewatama Langgur,4.0,PLTD,HSD,True,4.58249998,0.18788201000000002,-5.926159170098128,132.74227119080552
81.02.19.2008,22,0.26669052031311025,10,0.6911761001684743,0.45454545454545453,8397.549019607843,intermittent,Maar,Kei Kecil Timur Selatan,Maluku Tenggara,77482.35392212191,0,Mikro Hidro Kelas A (PLTMH),Langgiar Haar,Maluku Tenggara,31827.40327031359,PLTS Terpusat,30.0,Tanimbar Kei,2016,554245.3951008834,GI 150 kV PLTMG Ambon Peaker,0.0,150 kV,Operasi,29852.45598844438,PLTD Sewatama Langgur,4.0,PLTD,HSD,True,4.58249998,0.18788201000000002,-5.936348310075101,132.72731662398007
81.02.19.2009,22,0.6330816984707042,15,0.8827857228789763,0.6818181818181818,19238.533333333333,intermittent,Uf,Kei Kecil Timur Selatan,Maluku Tenggara,74791.54379323454,0,Mikro Hidro Kelas A (PLTMH),Langgiar Haar,Maluku Tenggara,33590.24197764196,PLTS Terpusat,30.0,Tanimbar Kei,2016,553807.9298608962,GI 150 kV PLTMG Ambon Peaker,0.0,150 kV,Operasi,27175.26169393695,PLTD Sewatama Langgur,4.0,PLTD,HSD,True,4.56949997,0.18734901,-5.9124507989301485,132.7357452497316
81.02.19.2010,22,0.2601257739177684,8,0.9001864788976432,0.36363636363636365,5019.160784313726,intermittent,Ngurwul,Kei Kecil Timur Selatan,Maluku Tenggara,70334.75862069508,0,Mikro Hidro Kelas A (PLTMH),Langgiar Haar,Maluku Tenggara,38595.9718489805,PLTS Terpusat,30.0,Tanimbar Kei,2016,556724.0478423611,GI 150 kV PLTMG Ambon Peaker,0.0,150 kV,Operasi,25295.970757891686,PLTD Sewatama Langgur,4.0,PLTD,HSD,True,4.5500001899999996,0.18655001,-5.892212189633002,132.77635931124738
81.02.19.2011,22,0.240855910356519,7,0.8993121666145336,0.3181818181818182,2047.7764705882357,intermittent,Garara,Kei Kecil Timur Selatan,Maluku Tenggara,69772.67287534813,0,Mikro Hidro Kelas A (PLTMH),Langgiar Haar,Maluku Tenggara,39163.32162679504,PLTS Terpusat,30.0,Tanimbar Kei,2016,556969.3355645072,GI 150 kV PLTMG Ambon Peaker,0.0,150 kV,Operasi,25025.932652282016,PLTD Sewatama Langgur,4.0,PLTD,HSD,True,4.55649996,0.18681601000000003,-5.888971510666748,132.78057171644696
81.03.01.1001,22,4.126103438925126,19,0.42789999707077864,0.8636363636363636,275858.4117647059,lit_stable,Saumlaki,Tanimbar Selatan,Kepulauan Tanimbar,34593.087262180634,0,Mikro Hidro Kelas A (PLTMH),Arui Bab,Maluku Tenggara Barat,9994.256813467502,PLT Hybrid,100.0,Bomaki,2015,586362.7953606655,GI 150 kV Sirimau,0.0,150 kV,Operasi,7655.809459153439,PLTD Saumlaki,5.0,PLTD,HSD,True,4.53049994,0.18574999,-7.9820686788353985,131.30171262769383
81.03.01.1002,22,3.32917788504568,19,0.42878688085066663,0.8636363636363636,295891.0862745097,lit_stable,Saumlaki Utara,Tanimbar Selatan,Kepulauan Tanimbar,33382.54716801086,0,Mikro Hidro Kelas A (PLTMH),Arui Bab,Maluku Tenggara Barat,10292.651949612604,PLT Hybrid,100.0,Bomaki,2015,586001.8740548234,GI 150 kV Sirimau,0.0,150 kV,Operasi,6719.757036969898,PLTD Saumlaki,5.0,PLTD,HSD,True,4.51100016,0.18495101,-7.973243011447943,131.30848621353022
81.03.01.2002,22,0.3199818730965931,13,0.3674439724341841,0.5909090909090909,64147.73333333332,intermittent,Wowonda,Tanimbar Selatan,Kepulauan Tanimbar,23491.809071102864,0,Mikro Hidro Kelas A (PLTMH),Arui Bab,Maluku Tenggara Barat,12647.904614126992,PLT Hybrid,100.0,Bomaki,2015,576540.0079647325,GI 150 kV Sirimau,0.0,150 kV,Operasi,5066.213914720282,PLTD Saumlaki,5.0,PLTD,HSD,True,4.30299997,0.176423,-7.868146567940396,131.30812781792406
81.03.01.2003,22,0.2723939521855006,6,0.4000948567619871,0.2727272727272727,32931.66274509804,intermittent,Ilngei,Tanimbar Selatan,Kepulauan Tanimbar,26866.99098740914,0,Mikro Hidro Kelas A (PLTMH),Arui Bab,Maluku Tenggara Barat,9206.115398597543,PLT Hybrid,100.0,Bomaki,2015,574673.8133420208,GI 150 kV Sirimau,0.0,150 kV,Operasi,5475.125997043451,PLTD Saumlaki,5.0,PLTD,HSD,True,4.30950022,0.17669,-7.875018609739974,131.2700409670876
81.03.01.2004,22,0.3117899216837817,14,0.4119114452483274,0.6363636363636364,20289.192156862744,intermittent,Kabiarat,Tanimbar Selatan,Kepulauan Tanimbar,29664.65868330505,0,Mikro Hidro Kelas A (PLTMH),Arui Bab,Maluku Tenggara Barat,6512.719258155666,PLT Hybrid,100.0,Bomaki,2015,577589.9362409587,GI 150 kV Sirimau,0.0,150 kV,Operasi,3611.0552313208614,PLTD Saumlaki,5.0,PLTD,HSD,True,4.36149979,0.178821,-7.908157450147568,131.26901967691003
81.03.01.2005,22,1.0180396047448295,19,0.4914967760926508,0.8636363636363636,81469.35686274509,lit_stable,Lauran,Tanimbar Selatan,Kepulauan Tanimbar,28908.01164830195,0,Mikro Hidro Kelas A (PLTMH),Arui Bab,Maluku Tenggara Barat,10999.156567389386,PLT Hybrid,100.0,Bomaki,2015,583223.7197602473,GI 150 kV Sirimau,0.0,150 kV,Operasi,3097.5759831836945,PLTD Saumlaki,5.0,PLTD,HSD,True,4.43300009,0.18175299,-7.933982937605175,131.32015597769583
81.03.01.2006,22,1.4781614945194699,19,0.4610399116900541,0.8636363636363636,245785.48627450984,lit_stable,Sifnana,Tanimbar Selatan,Kepulauan Tanimbar,31118.5882967124,0,Mikro Hidro Kelas A (PLTMH),Arui Bab,Maluku Tenggara Barat,10603.781492272738,PLT Hybrid,100.0,Bomaki,2015,584777.8610878036,GI 150 kV Sirimau,0.0,150 kV,Operasi,4837.478755308216,PLTD Saumlaki,5.0,PLTD,HSD,True,4.48500013,0.18388499000000003,-7.954233887680399,131.3160520398745
81.03.01.2007,22,0.8642286397877121,17,0.5374414702777479,0.7727272727272727,307344.27843137254,lit_stable,Olilit Raya,Tanimbar Selatan,Kepulauan Tanimbar,35694.3137368616,0,Mikro Hidro Kelas A (PLTMH),Arui Bab,Maluku Tenggara Barat,11655.284232858003,PLT Hybrid,100.0,Bomaki,2015,588284.4896620366,GI 150 kV Sirimau,0.0,150 kV,Operasi,9381.916628857905,PLTD Saumlaki,5.0,PLTD,HSD,True,4.53700018,0.18601701,-7.997113101604636,131.31047574540455
81.03.01.2008,22,0.26773314908640944,7,0.47472015284397384,0.3181818181818182,34479.07450980392,intermittent,Lermatang,Tanimbar Selatan,Kepulauan Tanimbar,37281.92477537337,0,Mikro Hidro Kelas A (PLTMH),Arui Bab,Maluku Tenggara Barat,1998.6653259914335,PLT Hybrid,100.0,Bomaki,2015,579316.9529103148,GI 150 kV Sirimau,0.0,150 kV,Operasi,10030.16627578471,PLTD Saumlaki,5.0,PLTD,HSD,True,4.43300009,0.18175299,-7.959547935152831,131.223260538685
81.03.01.2009,22,0.2520361957303723,4,0.41419900304507157,0.18181818181818182,81181.00392156861,intermittent,Latdalam,Tanimbar Selatan,Kepulauan Tanimbar,38758.68664391184,0,Mikro Hidro Kelas A (PLTMH),Arui Bab,Maluku Tenggara Barat,8653.036477633197,PLT Hybrid,100.0,Bomaki,2015,569656.3127850639,GI 150 kV Sirimau,0.0,150 kV,Operasi,16402.346221794534,PLTD Saumlaki,5.0,PLTD,HSD,True,4.3874998100000004,0.17988700000000002,-7.90228009848515,131.15289005497274
81.03.01.2010,22,0.45291196871013173,19,0.4180776661224465,0.8636363636363636,50540.85098039215,lit_stable,Bomaki,Tanimbar Selatan,Kepulauan Tanimbar,29544.767970810826,0,Mikro Hidro Kelas A (PLTMH),Arui Bab,Maluku Tenggara Barat,7642.570949742432,PLT Hybrid,100.0,Bomaki,2015,579799.5999216955,GI 150 kV Sirimau,0.0,150 kV,Operasi,1817.5437580913597,PLTD Saumlaki,5.0,PLTD,HSD,True,4.3874998100000004,0.17988700000000002,-7.920176131043323,131.2864726042807
81.03.01.2011,22,0.2615104924715156,7,0.47626272405757114,0.3181818181818182,10710.882352941177,intermittent,Matakus,Tanimbar Selatan,Kepulauan Tanimbar,47829.62399610833,0,Mikro Hidro Kelas A (PLTMH),Arui Bab,Maluku Tenggara Barat,11910.44299092389,PLT Hybrid,100.0,Adaut,2015,587633.8083508931,GI 150 kV Sirimau,0.0,150 kV,Operasi,13190.347011712762,PLTD Adaut,1.2,PLTD,HSD,True,4.54349995,0.18628301,-8.063621235887364,131.2041834112258
81.03.02.2001,22,0.2625127947911501,7,0.42676927872397363,0.3181818181818182,136230.37254901958,intermittent,Adaut,Selaru,Kepulauan Tanimbar,62722.02361576275,0,Mikro Hidro Kelas A (PLTMH),Arui Bab,Maluku Tenggara Barat,5326.3861780923935,PLT Hybrid,100.0,Adaut,2015,585624.7316218923,GI 150 kV Sirimau,0.0,150 kV,Operasi,4524.989300261518,PLTS Adaut,1.0,PLTS,Surya,True,4.40049982,0.18042,-8.130270866207118,131.06937338829545
81.03.02.2002,22,0.2740593051296735,7,0.44032948759822105,0.3181818181818182,73724.63921568627,intermittent,Namtabung,Selaru,Kepulauan Tanimbar,74118.74881694427,0,Mikro Hidro Kelas A (PLTMH),Arui Bab,Maluku Tenggara Barat,3078.246728288362,PLTS Terpusat,15.0,Eliasa,2012,582076.9534599687,GI 150 kV Sirimau,0.0,150 kV,Operasi,17324.963785089145,PLTS Adaut,1.0,PLTS,Surya,True,4.48500013,0.18388499000000003,-8.163607912260746,130.95486272817698
81.03.02.2003,22,0.26751645291498716,6,0.41954202638449334,0.2727272727272727,17824.0,intermittent,Kandar,Selaru,Kepulauan Tanimbar,72836.05301987614,0,Mikro Hidro Kelas A (PLTMH),Arui Bab,Maluku Tenggara Barat,3363.0981490190557,PLTS Terpusat,15.0,Eliasa,2012,587866.157322002,GI 150 kV Sirimau,0.0,150 kV,Operasi,13292.069171305868,PLTS Adaut,1.0,PLTS,Surya,True,4.504499910000001,0.18468501,-8.19469659699661,131.0042184386419
81.03.02.2004,22,0.26158145329587357,7,0.9808609418809742,0.3181818181818182,85984.83137254902,intermittent,Lingat,Selaru,Kepulauan Tanimbar,87248.35064599907,0,Mikro Hidro Kelas A (PLTMH),Arui Bab,Maluku Tenggara Barat,353.3872456468593,PLTS Terpusat,100.0,Lingat,2014,586459.0806830678,GI 150 kV Sirimau,0.0,150 kV,Operasi,28691.984945857126,PLTS Adaut,1.0,PLTS,Surya,True,4.602000240000001,0.18868200000000002,-8.254831619868657,130.87805299613885
81.03.02.2005,22,0.24612374963050704,8,0.44993645831168855,0.36363636363636365,30952.27843137255,intermittent,Fursuy,Selaru,Kepulauan Tanimbar,96995.92644601129,0,Mikro Hidro Kelas A (PLTMH),Arui Bab,Maluku Tenggara Barat,2532.3802870243258,PLTS Terpusat,15.0,Werain,2012,589756.7526877674,GI 150 kV Sirimau,0.0,150 kV,Operasi,37923.165556957465,PLTS Adaut,1.0,PLTS,Surya,True,4.614999770000001,0.189215,-8.321660845287921,130.82027503033402
81.03.02.2006,22,0.24640716121831577,6,0.4251322401354313,0.2727272727272727,26989.0,intermittent,Werain,Selaru,Kepulauan Tanimbar,96758.18115513897,0,Mikro Hidro Kelas A (PLTMH),Arui Bab,Maluku Tenggara Barat,1279.8885591558462,PLTS Terpusat,15.0,Werain,2012,586191.9595072254,GI 150 kV Sirimau,0.0,150 kV,Operasi,38562.48045923957,PLTS Adaut,1.0,PLTS,Surya,True,4.614999770000001,0.189215,-8.296729391505226,130.79896068799346
81.03.02.2007,22,0.23311213939955144,6,0.42318416111360957,0.2727272727272727,14205.0,intermittent,Eliasa,Selaru,Kepulauan Tanimbar,100988.03294652601,0,Mikro Hidro Kelas A (PLTMH),Arui Bab,Maluku Tenggara Barat,3633.2699198847604,PLTS Terpusat,15.0,Werain,2012,588588.3855479162,GI 150 kV Sirimau,0.0,150 kV,Operasi,42321.98787872413,PLTS Adaut,1.0,PLTS,Surya,True,4.5954999899999995,0.18841501000000002,-8.331963323032399,130.77969720374
81.03.03.2001,22,0.32823705263786607,15,0.38062380504276894,0.6818181818181818,62755.325490196075,intermittent,Tumbur,Wertamrian,Kepulauan Tanimbar,21590.090412338843,0,Mikro Hidro Kelas A (PLTMH),Arui Bab,Maluku Tenggara Barat,14442.280757210126,PLT Hybrid,100.0,Bomaki,2015,575464.2589531812,GI 150 kV Sirimau,0.0,150 kV,Operasi,7038.805217108631,PLTD Saumlaki,5.0,PLTD,HSD,True,4.25099993,0.17429100000000003,-7.851296510234915,131.31467229492975
81.03.03.2002,22,0.26925555523475264,4,0.41424939342710504,0.18181818181818182,61602.47058823529,intermittent,Lorulun,Wertamrian,Kepulauan Tanimbar,17042.19989461055,0,Mikro Hidro Kelas A (PLTMH),Arui Bab,Maluku Tenggara Barat,19024.790573968046,PLT Hybrid,100.0,Bomaki,2015,572737.0078423873,GI 150 kV Sirimau,0.0,150 kV,Operasi,11972.579241593676,PLTD Saumlaki,5.0,PLTD,HSD,True,4.20550013,0.172426,-7.809320840085485,131.32993058132212
81.03.03.2003,22,0.5794374894350767,18,0.5399937172341155,0.8181818181818182,15644.219607843139,lit_stable,Atubul Dol,Wertamrian,Kepulauan Tanimbar,11996.771725035802,0,Mikro Hidro Kelas A (PLTMH),Arui Bab,Maluku Tenggara Barat,28403.78797981548,PLT Hybrid,100.0,Bomaki,2015,580500.7890161696,GI 150 kV Sirimau,0.0,150 kV,Operasi,19211.66908394493,PLTD Saumlaki,5.0,PLTD,HSD,True,4.38100004,0.179621,-7.81166479573303,131.44251030710856
81.03.03.2004,22,0.26361945383850804,5,0.38409880560913545,0.22727272727272727,12363.858823529412,intermittent,Amdasa,Wertamrian,Kepulauan Tanimbar,5644.093882163064,0,Mikro Hidro Kelas A (PLTMH),Arui Bab,Maluku Tenggara Barat,23394.70057876332,PLTS Terpusat,15.0,Kamatubun (Werlumdity),2012,571488.4960141893,GI 150 kV Sirimau,0.0,150 kV,Operasi,22528.4793375302,PLTD Saumlaki,5.0,PLTD,HSD,True,4.20550013,0.172426,-7.738223008521399,131.4044666680828
81.03.03.2005,22,0.2461641933553005,7,0.37945651016016696,0.3181818181818182,22752.52941176471,intermittent,Sangliat Krawain,Wertamrian,Kepulauan Tanimbar,4085.6925155249255,0,Mikro Hidro Kelas A (PLTMH),Arui Bab,Maluku Tenggara Barat,18761.28067428116,PLTS Terpusat,15.0,Kamatubun (Werlumdity),2012,567829.4752893001,GI 150 kV Sirimau,0.0,150 kV,Operasi,26866.42996648901,PLTD Saumlaki,5.0,PLTD,HSD,True,4.16650009,0.170827,-7.694993406415401,131.406085251357
81.03.03.2006,22,0.25897000538905735,6,0.32957898821051557,0.2727272727272727,45514.2,intermittent,Arui Bab,Wertamrian,Kepulauan Tanimbar,2007.9625156332936,0,Mikro Hidro Kelas A (PLTMH),Arui Bab,Maluku Tenggara Barat,19078.784751651234,PLTS Terpusat,15.0,Kamatubun (Werlumdity),2012,569224.3774459264,GI 150 kV Sirimau,0.0,150 kV,Operasi,29326.1256228674,PLTD Saumlaki,5.0,PLTD,HSD,True,4.15999985,0.17056000000000002,-7.686379589825854,131.4372011078658
81.03.03.2007,22,0.2551669999736035,4,0.32230021509515383,0.18181818181818182,25555.203921568624,intermittent,Arui Das,Wertamrian,Kepulauan Tanimbar,4263.2877439059075,0,Mikro Hidro Kelas A (PLTMH),Arui Bab,Maluku Tenggara Barat,19001.450770854673,PLTS Terpusat,15.0,Kamatubun (Werlumdity),2012,569600.4884535639,GI 150 kV Sirimau,0.0,150 kV,Operasi,26502.11674619176,PLTD Tutukembung,2.0,PLTD,HSD,True,4.15999985,0.17056000000000002,-7.670871068342809,131.46194589515767
81.03.03.2008,22,0.24227699875099595,4,0.30744193886101273,0.18181818181818182,19455.749019607843,intermittent,Sangliat Dol,Wertamrian,Kepulauan Tanimbar,4555.622429679801,0,Mikro Hidro Kelas A (PLTMH),Arui Bab,Maluku Tenggara Barat,20284.015372418795,PLTS Terpusat,15.0,Kamatubun (Werlumdity),2012,568831.8047039039,GI 150 kV Sirimau,0.0,150 kV,Operasi,25103.962921923383,PLTD Saumlaki,5.0,PLTD,HSD,True,4.16650009,0.170827,-7.710287194179059,131.40127056371045
81.03.03.2009,22,0.25076237998010886,3,0.3468415291049895,0.13636363636363635,34197.23921568628,dark_settled,Atubul Da,Wertamrian,Kepulauan Tanimbar,11084.034897358422,0,Mikro Hidro Kelas A (PLTMH),Arui Bab,Maluku Tenggara Barat,24771.425065002037,PLTS Terpusat,15.0,Kamatubun (Werlumdity),2012,569660.9339003405,GI 150 kV Sirimau,0.0,150 kV,Operasi,18587.211149661503,PLTD Saumlaki,5.0,PLTD,HSD,True,4.21850014,0.172959,-7.754976217382813,131.3557770754187
81.03.04.2001,22,0.23700072308713888,3,0.34285350817333843,0.13636363636363635,39034.862745098035,dark_settled,Kamatubun,Wermaktian,Kepulauan Tanimbar,52129.30880991959,0,Mikro Hidro Kelas A (PLTMH),Arui Bab,Maluku Tenggara Barat,8600.982133031199,PLTS Terpusat,15.0,Wunlah,2012,526109.7112893508,GI 150 kV Sirimau,0.0,150 kV,Operasi,15301.173357856345,PLTD Seira,0.7000000000000001,PLTD,HSD,False,,,-7.526579954384412,131.00419322253103
81.03.04.2002,22,0.30438550031176115,12,0.33232148660906563,0.5454545454545454,26254.09411764706,intermittent,Rumah Salut,Wermaktian,Kepulauan Tanimbar,43955.29387536513,0,Mikro Hidro Kelas A (PLTMH),Arui Bab,Maluku Tenggara Barat,27116.3047204188,PLTS Terpusat,15.0,Wunlah,2012,544188.382951741,GI 150 kV Sirimau,0.0,150 kV,Operasi,4353.95289053973,PLTD Seira,0.7000000000000001,PLTD,HSD,False,,,-7.698759970635276,131.04322295859578
81.03.04.2003,22,0.5509325395382583,20,0.2785511655527186,0.9090909090909091,56674.24705882353,lit_stable,Welutu,Wermaktian,Kepulauan Tanimbar,43869.229423389734,0,Mikro Hidro Kelas A (PLTMH),Arui Bab,Maluku Tenggara Barat,25816.762975129983,PLTS Terpusat,15.0,Wunlah,2012,543192.0261259715,GI 150 kV Sirimau,0.0,150 kV,Operasi,3082.418851400594,PLTD Seira,0.7000000000000001,PLTD,HSD,False,,,-7.687017703696423,131.04433671725818
81.03.04.2004,22,0.291220618749703,10,0.298495700660469,0.45454545454545453,43075.19607843137,intermittent,Themin,Wermaktian,Kepulauan Tanimbar,40578.95933198928,0,Mikro Hidro Kelas A (PLTMH),Arui Bab,Maluku Tenggara Barat,26438.06924914953,PLTS Terpusat,15.0,Wunlah,2012,545314.3204866571,GI 150 kV Sirimau,0.0,150 kV,Operasi,5102.91335619151,PLTD Seira,0.7000000000000001,PLTD,HSD,True,4.43300009,0.18175299,-7.689474015101938,131.07411826366064
81.03.04.2005,22,0.26176631330133193,5,0.3612939534011712,0.22727272727272727,0.0,data_gap,Weratan,Wermaktian,Kepulauan Tanimbar,38954.489700747625,0,Mikro Hidro Kelas A (PLTMH),Arui Bab,Maluku Tenggara Barat,23647.338208647852,PLTS Terpusat,15.0,Wunlah,2012,543758.6100393978,GI 150 kV Sirimau,0.0,150 kV,Operasi,5798.4960533347285,PLTD Seira,0.7000000000000001,PLTD,HSD,True,4.39400005,0.180154,-7.659975264987585,131.09136350461947
81.03.04.2006,22,0.24964885279634014,4,0.35691378897312215,0.18181818181818182,20588.15294117647,intermittent,Wermatang,Wermaktian,Kepulauan Tanimbar,23422.69723575822,0,Mikro Hidro Kelas A (PLTMH),Arui Bab,Maluku Tenggara Barat,24235.354963819456,PLT Hybrid,100.0,Bomaki,2015,558576.733782157,GI 150 kV Sirimau,0.0,150 kV,Operasi,22439.323299932665,PLTD Saumlaki,5.0,PLTD,HSD,True,4.30299997,0.176423,-7.724036606249064,131.2305048276647
81.03.04.2007,22,0.24507346389520063,3,0.37867358007212537,0.13636363636363635,27456.65882352941,dark_settled,Otemer,Wermaktian,Kepulauan Tanimbar,31899.46602463521,0,Mikro Hidro Kelas A (PLTMH),Arui Bab,Maluku Tenggara Barat,20772.839642141917,PLT Hybrid,100.0,Bomaki,2015,557616.5198194791,GI 150 kV Sirimau,0.0,150 kV,Operasi,17701.19971333072,PLTD Seira,0.7000000000000001,PLTD,HSD,True,4.30950022,0.17669,-7.765106830965395,131.1592690240765
81.03.04.2008,22,0.22727068255817476,4,0.33485145111058306,0.18181818181818182,25512.682352941178,intermittent,Makatian,Wermaktian,Kepulauan Tanimbar,25224.437674282668,0,Mikro Hidro Kelas A (PLTMH),Arui Bab,Maluku Tenggara Barat,13206.270603784642,PLTS Terpusat,15.0,Kamatubun (Werlumdity),2012,547116.7069003907,GI 150 kV Sirimau,0.0,150 kV,Operasi,25058.21064622101,PLTD Seira,0.7000000000000001,PLTD,HSD,True,4.20550013,0.172426,-7.578972415631837,131.25095907446183
81.03.04.2009,22,0.24094946482679375,3,0.3698581775273094,0.13636363636363635,18946.0,dark_settled,Marantutul,Wermaktian,Kepulauan Tanimbar,34017.75459620094,0,Mikro Hidro Kelas A (PLTMH),Arui Bab,Maluku Tenggara Barat,19930.737620405103,PLT Hybrid,100.0,Bomaki,2015,557903.3506766325,GI 150 kV Sirimau,0.0,150 kV,Operasi,17607.131556888246,PLTD Seira,0.7000000000000001,PLTD,HSD,True,4.31599998,0.176956,-7.77982662172816,131.14303682443295
81.03.05.2001,22,0.2402721098881343,4,0.46225781193601684,0.18181818181818182,43999.066666666666,intermittent,Lelingluan,Tanimbar Utara,Kepulauan Tanimbar,28343.562178030606,0,Mikro Hidro Kelas A (PLTMH),Manglusi,Maluku Tenggara Barat,11586.805559138353,PLTS Terpusat,15.0,Watmasa (Telnemen),2012,545344.6489998277,GI 150 kV Sirimau,0.0,150 kV,Operasi,13974.117912346772,PLTD Larat,1.4,PLTD,HSD,True,4.49800014,0.18441799,-7.228386677061489,131.63374890533544
81.03.05.2002,22,0.5677883548813516,19,0.4088953885707883,0.8636363636363636,107537.96470588238,lit_stable,Ritabel,Tanimbar Utara,Kepulauan Tanimbar,38627.93184323543,0,Mikro Hidro Kelas A (PLTMH),Manglusi,Maluku Tenggara Barat,8715.058020279143,PLTS Terpusat,75.0,Lelingluan,2016,544482.1366586494,GI 150 kV Sirimau,0.0,150 kV,Operasi,3301.4887282360282,PLTD Larat,1.4,PLTD,HSD,True,4.42000008,0.18122,-7.154759137693632,131.69796616074336
81.03.05.2003,22,0.7921848832960845,20,0.38736447793327616,0.9090909090909091,93885.18039215685,lit_stable,Ridool,Tanimbar Utara,Kepulauan Tanimbar,41025.286238556364,0,Mikro Hidro Kelas A (PLTMH),Manglusi,Maluku Tenggara Barat,5783.803688816163,PLTS Terpusat,75.0,Lelingluan,2016,545812.4132427122,GI 150 kV Sirimau,0.0,150 kV,Operasi,468.11201265750475,PLTD Larat,1.4,PLTD,HSD,True,4.517499920000001,0.18521699,-7.1443618129831785,131.72530757611523
81.03.05.2004,22,0.271767463558477,10,0.44477891671581166,0.45454545454545453,46612.274509803916,intermittent,Watidal,Tanimbar Utara,Kepulauan Tanimbar,43850.45062399585,0,Mikro Hidro Kelas A (PLTMH),Manglusi,Maluku Tenggara Barat,1131.3685073063682,PLTS Terpusat,75.0,Lelingluan,2016,549558.2228202155,GI 150 kV Sirimau,0.0,150 kV,Operasi,5444.699329300546,PLTD Larat,1.4,PLTD,HSD,True,4.5500001899999996,0.18655001,-7.143809106476982,131.77333695575803
81.03.05.2005,22,0.23685715324167136,4,0.5356494257673191,0.18181818181818182,37638.807843137256,intermittent,Keliobar,Tanimbar Utara,Kepulauan Tanimbar,49741.42863168504,0,Mikro Hidro Kelas A (PLTMH),Manglusi,Maluku Tenggara Barat,8942.656762751287,PLTS Terpusat,75.0,Lelingluan,2016,556201.6925395862,GI 150 kV Sirimau,0.0,150 kV,Operasi,14704.323084471564,PLTD Larat,1.4,PLTD,HSD,True,4.42649984,0.181486,-7.1432258586270265,131.8573550107668
81.03.05.2006,22,0.2327867435389949,4,0.5486899075809397,0.18181818181818182,31228.83529411765,intermittent,Kelaan,Tanimbar Utara,Kepulauan Tanimbar,54506.878640755815,0,Mikro Hidro Kelas A (PLTMH),Manglusi,Maluku Tenggara Barat,9862.0575233388,PLTS Terpusat,50.0,Lamdesar Barat,2014,561030.7095165229,GI 150 kV Sirimau,0.0,150 kV,Operasi,21335.82419139448,PLTD Larat,1.4,PLTD,HSD,True,4.3874998100000004,0.17988700000000002,-7.143194209607142,131.91747031726436
81.03.05.2007,22,0.23800829851846012,8,0.5065899713050558,0.36363636363636365,19030.929411764708,intermittent,Lamdesar Barat,Tanimbar Utara,Kepulauan Tanimbar,54298.83411458551,0,Mikro Hidro Kelas A (PLTMH),Manglusi,Maluku Tenggara Barat,1749.331545032564,PLTS Terpusat,50.0,Lamdesar Barat,2014,569078.0974288186,GI 150 kV Sirimau,0.0,150 kV,Operasi,27142.870796218558,PLTD Larat,1.4,PLTD,HSD,True,4.465499879999999,0.18308599,-7.201641996067338,131.96225091192647
81.03.05.2008,22,0.24984999114712092,5,0.8926520663086266,0.22727272727272727,38942.9568627451,intermittent,Lamdesar Timur,Tanimbar Utara,Kepulauan Tanimbar,50632.695299442355,0,Mikro Hidro Kelas A (PLTMH),Manglusi,Maluku Tenggara Barat,4812.98957368466,PLTS Terpusat,50.0,Lamdesar Barat,2014,567667.7981109112,GI 150 kV Sirimau,0.0,150 kV,Operasi,24354.505836081844,PLTD Larat,1.4,PLTD,HSD,True,4.51100016,0.18495101,-7.215585692824035,131.9314265609754
81.03.06.2001,22,0.32810848710369467,12,0.4741892041487009,0.5454545454545454,70433.99607843139,intermittent,Romean,Fordata,Kepulauan Tanimbar,62057.999727359274,0,Mikro Hidro Kelas A (PLTMH),Manglusi,Maluku Tenggara Barat,16766.304862669866,PLTS Terpusat,50.0,Lamdesar Barat,2014,556726.3028858586,GI 150 kV Sirimau,0.0,150 kV,Operasi,24899.301162418622,PLTD Larat,1.4,PLTD,HSD,True,4.54349995,0.18628301,-7.065255048385003,131.93671297286946
81.03.06.2002,22,0.2583698470704484,7,0.4805086357866422,0.3181818181818182,13977.784313725491,intermittent,Rumngeur,Fordata,Kepulauan Tanimbar,62442.6812089792,0,Mikro Hidro Kelas A (PLTMH),Manglusi,Maluku Tenggara Barat,17861.245449709964,PLTS Terpusat,50.0,Lamdesar Barat,2014,555683.0992827258,GI 150 kV Sirimau,0.0,150 kV,Operasi,24786.365523546912,PLTD Larat,1.4,PLTD,HSD,True,4.563000199999999,0.18708301,-7.056267291977834,131.93216267522362
81.03.06.2003,22,0.23240785028327748,4,0.476774021748701,0.18181818181818182,7479.901960784314,intermittent,Awear,Fordata,Kepulauan Tanimbar,62244.01903991328,0,Mikro Hidro Kelas A (PLTMH),Manglusi,Maluku Tenggara Barat,18622.930179712323,PLTS Terpusat,50.0,Lamdesar Barat,2014,554669.8226905089,GI 150 kV Sirimau,0.0,150 kV,Operasi,24184.036446141938,PLTD Larat,1.4,PLTD,HSD,True,4.57600021,0.18761601000000003,-7.05146319706368,131.92415816186832
81.03.06.2004,22,0.2758057041158187,10,0.4715921581831947,0.45454545454545453,35794.2431372549,intermittent,Sofyanin,Fordata,Kepulauan Tanimbar,65708.99459096428,0,Mikro Hidro Kelas A (PLTMH),Manglusi,Maluku Tenggara Barat,18982.803740509113,PLTS Terpusat,50.0,Lamdesar Barat,2014,556782.8681547537,GI 150 kV Sirimau,0.0,150 kV,Operasi,28188.718600814136,PLTD Larat,1.4,PLTD,HSD,True,4.563000199999999,0.18708301,-7.041202939375352,131.95923896474338
81.03.06.2005,22,0.24314987609038602,5,0.44211820433603166,0.22727272727272727,17717.807843137256,intermittent,Walerang,Fordata,Kepulauan Tanimbar,68038.96111326152,0,Mikro Hidro Kelas A (PLTMH),Manglusi,Maluku Tenggara Barat,21418.85791855125,PLTS Terpusat,50.0,Lamdesar Barat,2014,555683.3007162209,GI 150 kV Sirimau,0.0,150 kV,Operasi,29919.192168040187,PLTD Larat,1.4,PLTD,HSD,True,4.55649996,0.18681601000000003,-7.0187909609887456,131.96601820487436
81.03.06.2006,22,0.23754971503307792,6,0.46539793182976275,0.2727272727272727,18912.870588235295,intermittent,Adodo Fordata,Fordata,Kepulauan Tanimbar,71522.07027885612,0,Mikro Hidro Kelas A (PLTMH),Manglusi,Maluku Tenggara Barat,23805.390323865995,PLTS Terpusat,50.0,Lamdesar Barat,2014,556064.8174230651,GI 150 kV Sirimau,0.0,150 kV,Operasi,33301.610764569625,PLTD Larat,1.4,PLTD,HSD,True,4.563000199999999,0.18708301,-6.997620629024733,131.98943625164847
81.03.07.2001,22,0.23106884422240154,3,0.28543643565263316,0.13636363636363635,40181.22352941176,dark_settled,Abat,Wuar Labobar,Kepulauan Tanimbar,11149.747735778466,0,Mikro Hidro Kelas A (PLTMH),Tutukembong,Maluku Tenggara Barat,6281.518246799014,PLTS Terpusat,15.0,Kamatubun (Werlumdity),2012,549426.1463534401,GI 150 kV Sirimau,0.0,150 kV,Operasi,27715.925312054143,PLTD Tutukembung,2.0,PLTD,HSD,True,4.14050007,0.16976000000000002,-7.4885693471347565,131.39722693469335
81.03.07.2002,22,0.22506697567785755,4,0.9173211469778703,0.18181818181818182,20124.050980392156,intermittent,Labobar,Wuar Labobar,Kepulauan Tanimbar,27686.007035636758,0,Mikro Hidro Kelas A (PLTMH),Abat,Maluku Tenggara Barat,21044.59820324492,PLTS Terpusat,15.0,Watmasa (Telnemen),2012,526928.5724562207,GI 150 kV Sirimau,0.0,150 kV,Operasi,39919.6293500518,PLTD Larat,1.4,PLTD,HSD,True,4.504499910000001,0.18468501,-7.2393115953364395,131.37629022134192
81.03.07.2008,22,0.23601647569802287,4,0.45103740420804755,0.18181818181818182,28774.67058823529,intermittent,Watmasa,Wuar Labobar,Kepulauan Tanimbar,31683.26239428077,0,Mikro Hidro Kelas A (PLTMH),Abat,Maluku Tenggara Barat,1417.9503364657937,PLTS Terpusat,15.0,Watmasa (Telnemen),2012,535274.8880579143,GI 150 kV Sirimau,0.0,150 kV,Operasi,18599.228513636077,PLTD Larat,1.4,PLTD,HSD,True,4.465499879999999,0.18308599,-7.174068142408438,131.55900006854006
81.03.07.2009,22,0.23473416166038602,4,0.38843848588589563,0.18181818181818182,30750.788235294116,intermittent,Awear Rumngeur,Wuar Labobar,Kepulauan Tanimbar,23370.78321343704,0,Mikro Hidro Kelas A (PLTMH),Abat,Maluku Tenggara Barat,9981.911830134364,PLTS Terpusat,15.0,Watmasa (Telnemen),2012,537170.3105752651,GI 150 kV Sirimau,0.0,150 kV,Operasi,26299.394842653623,PLTD Larat,1.4,PLTD,HSD,True,4.3744998,0.179354,-7.243615604638987,131.50965846670002
81.03.07.2010,22,0.21911378985359203,4,0.4263501727803063,0.18181818181818182,20099.266666666666,intermittent,Karatat,Wuar Labobar,Kepulauan Tanimbar,17489.92474078175,0,Mikro Hidro Kelas A (PLTMH),Abat,Maluku Tenggara Barat,15456.246217355305,PLTS Terpusat,15.0,Watmasa (Telnemen),2012,541474.155260505,GI 150 kV Sirimau,0.0,150 kV,Operasi,28966.907830967313,PLTD Tutukembung,2.0,PLTD,HSD,True,4.29650021,0.176157,-7.296516767691866,131.5092976587108
81.03.07.2011,22,0.24702757396764075,4,0.423317253296142,0.18181818181818182,48296.03529411765,intermittent,Wunlah,Wuar Labobar,Kepulauan Tanimbar,14101.0199176715,0,Mikro Hidro Kelas A (PLTMH),Abat,Maluku Tenggara Barat,18699.852340416022,PLTS Terpusat,15.0,Watmasa (Telnemen),2012,544053.1771141369,GI 150 kV Sirimau,0.0,150 kV,Operasi,26077.201721949696,PLTD Tutukembung,2.0,PLTD,HSD,True,4.27699995,0.175357,-7.327055676203654,131.5101848412634
81.03.07.2012,22,0.2264963493780261,3,0.42754951901166377,0.13636363636363635,19124.86666666667,dark_settled,Kiloon,Wuar Labobar,Kepulauan Tanimbar,10181.29429055379,0,Mikro Hidro Kelas A (PLTMH),Abat,Maluku Tenggara Barat,16656.90358618659,PLT Hybrid,250.0,Tutukembong,2015,545954.8175155639,GI 150 kV Sirimau,0.0,150 kV,Operasi,24011.15013315353,PLTD Tutukembung,2.0,PLTD,HSD,True,4.25099993,0.17429100000000003,-7.36247184858465,131.4962460470916
81.03.07.2013,22,0.2371358215793624,3,0.36858133872792487,0.13636363636363635,9692.858823529412,dark_settled,Lingada,Wuar Labobar,Kepulauan Tanimbar,30187.69828863591,0,Mikro Hidro Kelas A (PLTMH),Abat,Maluku Tenggara Barat,23978.634300612724,PLTS Terpusat,15.0,Kamatubun (Werlumdity),2012,526994.6077638208,GI 150 kV Sirimau,0.0,150 kV,Operasi,42219.34574986541,PLTD Seira,0.7000000000000001,PLTD,HSD,True,4.48500013,0.18388499000000003,-7.345150889661512,131.25300429600196
81.03.07.2014,22,0.22358171967960971,1,0.4317728176405608,0.045454545454545456,21625.058823529413,dark_settled,Teineman,Wuar Labobar,Kepulauan Tanimbar,38955.98445705301,0,Mikro Hidro Kelas A (PLTMH),Abat,Maluku Tenggara Barat,13559.98320077681,PLTS Terpusat,15.0,Watmasa (Telnemen),2012,521094.4290034598,GI 150 kV Sirimau,0.0,150 kV,Operasi,31370.427586327074,PLTD Larat,1.4,PLTD,HSD,True,4.64750004,0.190547,-7.1088810910399145,131.44156879966533
81.03.07.2015,22,0.24874999560415745,10,0.6228603186526059,0.45454545454545453,12035.870588235293,intermittent,Wabar,Wuar Labobar,Kepulauan Tanimbar,14757.57543811913,0,Mikro Hidro Kelas A (PLTMH),Abat,Maluku Tenggara Barat,21971.399107329416,PLT Hybrid,250.0,Tutukembong,2015,539945.4170159103,GI 150 kV Sirimau,0.0,150 kV,Operasi,30135.630168849355,PLTD Tutukembung,2.0,PLTD,HSD,True,4.26399994,0.174824,-7.333628745600024,131.4469464602756
81.03.07.2016,22,0.332857146859169,14,0.41781694436578065,0.6363636363636364,4195.7764705882355,intermittent,Romnus,Wuar Labobar,Kepulauan Tanimbar,31242.80209062298,0,Mikro Hidro Kelas A (PLTMH),Abat,Maluku Tenggara Barat,26908.03659464086,PLTS Terpusat,15.0,Kamatubun (Werlumdity),2012,524628.4674078207,GI 150 kV Sirimau,0.0,150 kV,Operasi,45625.27245005048,PLTD Seira,0.7000000000000001,PLTD,HSD,True,4.42000008,0.18122,-7.312476756347024,131.25900162044888
81.03.08.2001,22,0.24466600961791984,5,0.45543244227813534,0.22727272727272727,0.0,data_gap,Lumasebu,Kormomolin,Kepulauan Tanimbar,6436.566448668735,0,Mikro Hidro Kelas A (PLTMH),Meyano Das,Maluku Tenggara Barat,8207.31010229595,PLT Hybrid,250.0,Tutukembong,2015,569462.6079999631,GI 150 kV Sirimau,0.0,150 kV,Operasi,9096.371748335234,PLTD Tutukembung,2.0,PLTD,HSD,True,4.13399982,0.169494,-7.56918126818337,131.5820632188114
81.03.08.2002,22,0.25863872112601427,4,0.4500027431687555,0.18181818181818182,16641.015686274506,intermittent,Kilmasa,Kormomolin,Kepulauan Tanimbar,4226.796997478699,0,Mikro Hidro Kelas A (PLTMH),Meyano Das,Maluku Tenggara Barat,10364.019892715169,PLT Hybrid,250.0,Tutukembong,2015,570488.2799020277,GI 150 kV Sirimau,0.0,150 kV,Operasi,12104.099193223821,PLTD Tutukembung,2.0,PLTD,HSD,True,4.15999985,0.17056000000000002,-7.593785684231775,131.56753239404935
81.03.08.2003,22,0.26130836967475635,4,0.4005029684834946,0.18181818181818182,24586.541176470586,intermittent,Meyano Bab,Kormomolin,Kepulauan Tanimbar,1901.3702281844894,0,Mikro Hidro Kelas A (PLTMH),Meyano Das,Maluku Tenggara Barat,11456.82168022357,PLT Hybrid,250.0,Tutukembong,2015,569613.7447286042,GI 150 kV Sirimau,0.0,150 kV,Operasi,14971.176537129935,PLTD Tutukembung,2.0,PLTD,HSD,True,4.153500080000001,0.17029400000000003,-7.604652333312653,131.54246524618424
81.03.08.2004,22,0.2500405752153385,5,0.42086880283839667,0.22727272727272727,17077.0,intermittent,Alusi Krawain,Kormomolin,Kepulauan Tanimbar,2765.0829501820012,0,Mikro Hidro Kelas A (PLTMH),Meyano Das,Maluku Tenggara Barat,12822.625424185399,PLT Hybrid,250.0,Tutukembong,2015,570379.9259083028,GI 150 kV Sirimau,0.0,150 kV,Operasi,16143.593169208696,PLTD Tutukembung,2.0,PLTD,HSD,True,4.153500080000001,0.17029400000000003,-7.6166550957460775,131.53892732280002
81.03.08.2005,22,0.24599751088204616,4,0.38594927236476634,0.18181818181818182,10587.721568627452,intermittent,Alusi Kelaan,Kormomolin,Kepulauan Tanimbar,1708.4436782947291,0,Mikro Hidro Kelas A (PLTMH),Alusi Kelaan,Maluku Tenggara Barat,13215.79541854168,PLT Hybrid,250.0,Tutukembong,2015,569091.8763843947,GI 150 kV Sirimau,0.0,150 kV,Operasi,17705.122580054925,PLTD Tutukembung,2.0,PLTD,HSD,True,4.153500080000001,0.17029400000000003,-7.616873383140928,131.52053649632765
81.03.08.2006,22,0.24436754606170755,3,0.3913046862073734,0.13636363636363635,9879.10588235294,dark_settled,Alusi Bukjalim,Kormomolin,Kepulauan Tanimbar,1646.5235356261362,0,Mikro Hidro Kelas A (PLTMH),Alusi Kelaan,Maluku Tenggara Barat,14141.626249535953,PLT Hybrid,250.0,Tutukembong,2015,568860.2740323831,GI 150 kV Sirimau,0.0,150 kV,Operasi,18972.208110501582,PLTD Tutukembung,2.0,PLTD,HSD,True,4.146999839999999,0.170027,-7.62255674998364,131.51043188858318
81.03.08.2007,22,0.24650396629806742,4,0.3969653545043405,0.18181818181818182,12170.70588235294,intermittent,Alusi Tamrian,Kormomolin,Kepulauan Tanimbar,2657.842513355896,0,Mikro Hidro Kelas A (PLTMH),Alusi Kelaan,Maluku Tenggara Barat,15301.203800826434,PLT Hybrid,250.0,Tutukembong,2015,569240.9859829708,GI 150 kV Sirimau,0.0,150 kV,Operasi,20084.977271372933,PLTD Tutukembung,2.0,PLTD,HSD,True,4.153500080000001,0.17029400000000003,-7.631667035260564,131.50481668236046
81.03.08.2008,22,0.25033885307919485,3,0.3610243459956187,0.13636363636363635,14875.949019607842,dark_settled,Alusi Batjas,Kormomolin,Kepulauan Tanimbar,3929.489669612877,0,Mikro Hidro Kelas A (PLTMH),Alusi Kelaan,Maluku Tenggara Barat,16565.328653274268,PLT Hybrid,250.0,Tutukembong,2015,568447.5828366526,GI 150 kV Sirimau,0.0,150 kV,Operasi,21959.985680487174,PLTD Tutukembung,2.0,PLTD,HSD,True,4.15999985,0.17056000000000002,-7.636806341017933,131.48731101608894
81.03.08.2009,22,0.2472102693882764,4,0.3477376080673063,0.18181818181818182,21735.745098039217,intermittent,Lorwembun,Kormomolin,Kepulauan Tanimbar,6454.590340103531,0,Mikro Hidro Kelas A (PLTMH),Alusi Kelaan,Maluku Tenggara Barat,17036.492499037482,PLTS Terpusat,15.0,Kamatubun (Werlumdity),2012,567653.5214295647,GI 150 kV Sirimau,0.0,150 kV,Operasi,24661.87666274407,PLTD Tutukembung,2.0,PLTD,HSD,True,4.16650009,0.170827,-7.646500609545937,131.464113489055
81.03.08.2010,22,0.26215612530476756,3,0.4910572141219205,0.13636363636363635,7505.09019607843,dark_settled,Meyano Das,Kormomolin,Kepulauan Tanimbar,5906.489459846975,0,Mikro Hidro Kelas A (PLTMH),Meyano Das,Maluku Tenggara Barat,13010.105063516665,PLT Hybrid,250.0,Tutukembong,2015,573102.3118893686,GI 150 kV Sirimau,0.0,150 kV,Operasi,13241.856011936863,PLTD Tutukembung,2.0,PLTD,HSD,True,4.21850014,0.172959,-7.615980957140484,131.57784969569164
81.03.09.2001,22,0.255083061909285,5,0.40764381238173625,0.22727272727272727,39983.635294117645,intermittent,Arma,Nirunmas,Kepulauan Tanimbar,10437.295799177175,0,Mikro Hidro Kelas A (PLTMH),Manglusi,Maluku Tenggara Barat,12228.188126221723,PLT Hybrid,250.0,Tutukembong,2015,564234.4936249158,GI 150 kV Sirimau,0.0,150 kV,Operasi,7822.505625234528,PLTD Tutukembung,2.0,PLTD,HSD,True,4.26399994,0.174824,-7.448134567658509,131.6479571289767
81.03.09.2002,22,0.230623461759966,4,0.3445330875411711,0.18181818181818182,64928.180392156864,intermittent,Watmuri,Nirunmas,Kepulauan Tanimbar,9071.436606498464,0,Mikro Hidro Kelas A (PLTMH),Manglusi,Maluku Tenggara Barat,12107.709782156659,PLT Hybrid,250.0,Tutukembong,2015,556667.0149947973,GI 150 kV Sirimau,0.0,150 kV,Operasi,14024.908994044501,PLTD Tutukembung,2.0,PLTD,HSD,True,4.29650021,0.176157,-7.402701645769009,131.59634104731526
81.03.09.2003,22,0.2509877751014924,5,0.32661494142905073,0.22727272727272727,22555.0,intermittent,Manglusi,Nirunmas,Kepulauan Tanimbar,3539.1150468509736,0,Mikro Hidro Kelas A (PLTMH),Manglusi,Maluku Tenggara Barat,5273.53453191084,PLT Hybrid,250.0,Tutukembong,2015,562426.5826439327,GI 150 kV Sirimau,0.0,150 kV,Operasi,7660.801655229656,PLTD Tutukembung,2.0,PLTD,HSD,True,4.26399994,0.174824,-7.476587388463545,131.59164829662424
81.03.09.2004,22,0.2528220716776239,3,0.3420194631699537,0.13636363636363635,16538.917647058825,dark_settled,Tutukembong,Nirunmas,Kepulauan Tanimbar,2246.2983906058544,0,Mikro Hidro Kelas A (PLTMH),Manglusi,Maluku Tenggara Barat,1450.7278391606392,PLT Hybrid,250.0,Tutukembong,2015,562679.0941217433,GI 150 kV Sirimau,0.0,150 kV,Operasi,9245.00372584396,PLTD Tutukembung,2.0,PLTD,HSD,True,4.24450016,0.174025,-7.503578085982247,131.56431422367356
81.03.09.2005,22,0.24821260790724264,6,0.3858653439820908,0.2727272727272727,26947.81568627451,intermittent,Waturu,Nirunmas,Kepulauan Tanimbar,6031.40193964099,0,Mikro Hidro Kelas A (PLTMH),Manglusi,Maluku Tenggara Barat,4695.410977457039,PLT Hybrid,250.0,Tutukembong,2015,566285.3608187422,GI 150 kV Sirimau,0.0,150 kV,Operasi,7874.077857740514,PLTD Tutukembung,2.0,PLTD,HSD,True,4.153500080000001,0.17029400000000003,-7.535294886859596,131.57743443029517
81.03.18.2001,22,0.24886345892093562,6,0.4837850540757907,0.2727272727272727,16189.450980392156,intermittent,Wedangkou,Molu Maru,Kepulauan Tanimbar,81576.10136821592,0,Mikro Hidro Kelas A (PLTMH),Abat,Maluku Tenggara Barat,48993.52059187545,PLTS Terpusat,15.0,Watmasa (Telnemen),2012,502648.44211654324,GI 150 kV Sirimau,0.0,150 kV,Operasi,48651.383551620296,PLTD Larat,1.4,PLTD,HSD,False,,,-6.724672749307016,131.5864680389523
81.03.18.2002,22,0.2516516424750592,4,0.43358962450657723,0.18181818181818182,26665.070588235296,intermittent,Adodo Molu,Molu Maru,Kepulauan Tanimbar,85741.27147008722,0,Mikro Hidro Kelas A (PLTMH),Abat,Maluku Tenggara Barat,53219.96556177196,PLTS Terpusat,15.0,Watmasa (Telnemen),2012,498814.49799761403,GI 150 kV Sirimau,0.0,150 kV,Operasi,53151.8750295553,PLTD Larat,1.4,PLTD,HSD,True,4.65399981,0.19081399999999998,-6.68585004578118,131.57488937980673
81.03.18.2003,22,0.21175163623178458,7,0.4658256220927828,0.3181818181818182,12364.588235294117,intermittent,Wulmasa,Molu Maru,Kepulauan Tanimbar,79944.19969263898,0,Mikro Hidro Kelas A (PLTMH),Abat,Maluku Tenggara Barat,47616.371474694286,PLTS Terpusat,15.0,Watmasa (Telnemen),2012,499856.921640259,GI 150 kV Sirimau,0.0,150 kV,Operasi,49264.37999034966,PLTD Larat,1.4,PLTD,HSD,True,4.686500069999999,0.192147,-6.735763891291992,131.54216621416367
81.03.18.2004,22,0.2232823914663973,6,0.5259237927231123,0.2727272727272727,15391.0,intermittent,Tutunametal,Molu Maru,Kepulauan Tanimbar,74899.16109074277,0,Mikro Hidro Kelas A (PLTMH),Abat,Maluku Tenggara Barat,42630.009275042146,PLTS Terpusat,15.0,Watmasa (Telnemen),2012,502689.9304196731,GI 150 kV Sirimau,0.0,150 kV,Operasi,45086.319234587325,PLTD Larat,1.4,PLTD,HSD,True,4.699500080000001,0.19268000000000002,-6.780845736922193,131.53514814996922
81.03.18.2005,22,0.24415054427533686,3,0.5269268004166692,0.13636363636363635,31033.89411764706,dark_settled,Nurkat,Molu Maru,Kepulauan Tanimbar,62293.957230096494,0,Mikro Hidro Kelas A (PLTMH),Abat,Maluku Tenggara Barat,30888.36844676358,PLTS Terpusat,15.0,Watmasa (Telnemen),2012,507439.93175233225,GI 150 kV Sirimau,0.0,150 kV,Operasi,37980.53961370356,PLTD Larat,1.4,PLTD,HSD,True,4.699500080000001,0.19268000000000002,-6.893778740853625,131.48593059450846
81.04.01.2001,22,2.806405154301581,17,0.5521287360562674,0.7727272727272727,1535420.2000000002,lit_stable,Namlea,Namlea,Buru,12341.641188896245,0,Mikro Hidro Kelas A (PLTMH),Siahoni,Buru,68826.76318813134,PLTMH,30.0,Tahalupu,2014,134353.48588830163,GI 150 kV Sirimau (60 MVA),60.0,150 kV,Operasi,3843.960379001066,PLTD Wesa Namlea,2.0,PLTD,HSD,True,4.816500189999999,0.197477,-3.2516507815054645,127.09356793697494
81.04.01.2002,22,1.570680381274362,17,0.6998591525069304,0.7727272727272727,87461.59215686274,intermittent,Lala,Namlea,Buru,12141.6366093515,0,Mikro Hidro Kelas A (PLTMH),Siahoni,Buru,68593.36885780061,PLTMH,30.0,Tahalupu,2014,135377.0632825188,GI 150 kV Sirimau (60 MVA),60.0,150 kV,Operasi,6642.208912696855,PLTD Namlea MTU Unit 3,0.0,PLTD,B30,True,4.84899998,0.198809,-3.222607924546247,127.0953194908988
81.04.01.2003,22,1.0213111145256293,17,0.5688406175189084,0.7727272727272727,77384.0,lit_stable,Karang Jaya,Namlea,Buru,10998.14699044448,0,Mikro Hidro Kelas A (PLTMH),Siahoni,Buru,69734.67141750189,PLTMH,30.0,Tahalupu,2014,136319.1393386572,GI 150 kV Sirimau (60 MVA),60.0,150 kV,Operasi,6824.728514475793,PLTD Wesa Namlea,2.0,PLTD,HSD,True,4.8359999700000005,0.198276,-3.2253422663427513,127.08501371896989
81.04.01.2009,22,0.2623982216729412,7,0.5274434950804437,0.3181818181818182,21067.0,intermittent,Siahoni,Namlea,Buru,3448.141866902312,0,Mikro Hidro Kelas A (PLTMH),Siahoni,Buru,78219.74195256738,PLTMH,30.0,Tahalupu,2014,143430.53313496345,GI 150 kV Sirimau (60 MVA),60.0,150 kV,Operasi,12342.775610705956,PLTD Wesa Namlea,2.0,PLTD,HSD,True,4.673500059999999,0.19161300000000003,-3.2448712216529843,127.00873271611503
81.04.01.2010,22,0.29261515562066553,11,0.5079153399912515,0.5,45469.0,intermittent,Jamilu,Namlea,Buru,2630.516048591608,0,Mikro Hidro Kelas A (PLTMH),Jamilu,Buru,80256.1883191809,PLTMH,30.0,Tahalupu,2014,144920.87933442034,GI 150 kV Sirimau (60 MVA),60.0,150 kV,Operasi,11350.05595094479,PLTD Mako,0.5,PLTD,HSD,True,4.5954999899999995,0.18841501000000002,-3.255356659156187,126.99068162738723
81.04.01.2011,22,0.4472928088869619,15,0.6567585888127421,0.6818181818181818,60016.0,intermittent,Sanleko,Namlea,Buru,7438.410101643946,0,Mikro Hidro Kelas A (PLTMH),Waetele,Buru,76660.01892110343,PLTMH,30.0,Tahalupu,2014,140025.3933934673,GI 150 kV Sirimau (60 MVA),60.0,150 kV,Operasi,8982.315724625023,PLTD Mako,0.5,PLTD,HSD,True,4.57600021,0.18761601000000003,-3.290277858029066,127.02528840162984
81.04.01.2012,22,0.29628397787895533,12,0.5928674129449995,0.5454545454545454,30658.0,intermittent,Batu Boy,Namlea,Buru,6344.777254118561,0,Mikro Hidro Kelas A (PLTMH),Siahoni,Buru,74494.43134320751,PLTMH,30.0,Tahalupu,2014,140375.99171002573,GI 150 kV Sirimau (60 MVA),60.0,150 kV,Operasi,9457.932772063501,PLTD Wesa Namlea,2.0,PLTD,HSD,True,4.77750015,0.195878,-3.2342545343138207,127.04214063158014
81.04.02.2004,22,0.2277025673256755,3,0.5877371011435865,0.13636363636363635,24117.843137254902,dark_settled,Waepure,Air Buaya,Buru,258.53010041064647,0,Mikro Hidro Kelas A (PLTMH),Batlale,Buru,137902.8876003937,PLTMH,30.0,Tahalupu,2014,202010.7457565008,GI 150 kV Sirimau (60 MVA),60.0,150 kV,Operasi,12572.118727066407,PLTD Air Buaya,1.6,PLTD,HSD,True,3.03550005,0.12445600000000001,-3.1914887884445005,126.47157810324691
81.04.02.2005,22,0.4335565198296003,13,0.7024973924604747,0.5909090909090909,56505.05882352941,intermittent,Waemangit,Air Buaya,Buru,4556.7629023959835,0,Mikro Hidro Kelas A (PLTMH),Waepure,Buru,141124.53886083656,PLTMH,30.0,Tahalupu,2014,207620.07467826083,GI 150 kV Sirimau (60 MVA),60.0,150 kV,Operasi,2081.271726484506,PLTD Air Buaya,1.6,PLTD,HSD,True,4.1795001,0.17136,-3.0929216876289547,126.44941621040955
81.04.02.2006,22,0.19754465238515356,3,0.5540226622316502,0.13636363636363635,73033.0,dark_settled,Air Buaya,Air Buaya,Buru,1460.2243895655542,0,Mikro Hidro Kelas A (PLTMH),Air Buaya,Buru,144372.50079203688,PLTMH,30.0,Tahalupu,2014,206196.43482746513,GI 150 kV Sirimau (60 MVA),60.0,150 kV,Operasi,20196.977453789303,PLTD Air Buaya,1.6,PLTD,HSD,True,3.45149994,0.14151099,-3.2661144529608115,126.4131912089812
81.04.02.2007,22,0.21246515424706014,4,0.5860510319373844,0.18181818181818182,57853.83529411764,intermittent,Tanjung Karang,Air Buaya,Buru,5041.582043407841,0,Mikro Hidro Kelas A (PLTMH),Selwadu,Buru,155927.5485084406,PLTMH,30.0,Tahalupu,2014,218896.99348950363,GI 150 kV Sirimau (60 MVA),60.0,150 kV,Operasi,19608.04723017816,PLTD Air Buaya,1.6,PLTD,HSD,True,3.4124999,0.13991299,-3.2115501521802456,126.3087417057238
81.04.02.2008,22,0.20060314202483642,3,0.6322369787514683,0.13636363636363635,256524.45098039214,dark_settled,Bara,Air Buaya,Buru,8905.323828897403,0,Mikro Hidro Kelas A (PLTMH),Bara,Buru,165509.31537801016,PLTMH,30.0,Tahalupu,2014,227665.54708325167,GI 150 kV Sirimau (60 MVA),60.0,150 kV,Operasi,27301.836649844656,PLTD Waipandan,0.2,PLTD,HSD,True,2.50900006,0.102869,-3.233230170628905,126.22230855146019
81.04.02.2014,22,0.21973952299298805,4,0.6046021653625652,0.18181818181818182,46352.0,intermittent,Selwadu,Air Buaya,Buru,890.7241509466003,0,Mikro Hidro Kelas A (PLTMH),Selwadu,Buru,149844.2251650116,PLTMH,30.0,Tahalupu,2014,213870.19437576976,GI 150 kV Sirimau (60 MVA),60.0,150 kV,Operasi,12743.680940167638,PLTD Air Buaya,1.6,PLTD,HSD,True,4.19899988,0.172159,-3.177958459947504,126.36443097925013
81.04.02.2018,22,0.2377707767838153,4,0.583827391025925,0.18181818181818182,29289.0,intermittent,Wasbaka,Air Buaya,Buru,1482.6382907575921,0,Mikro Hidro Kelas A (PLTMH),Air Buaya,Buru,140284.99464501577,PLTMH,30.0,Tahalupu,2014,204657.35346053334,GI 150 kV Sirimau (60 MVA),60.0,150 kV,Operasi,10514.745047628465,PLTD Air Buaya,1.6,PLTD,HSD,True,3.26300001,0.133783,-3.1782402363006765,126.45058940489587
81.04.02.2019,22,0.19480914002220853,4,0.6424620706868953,0.18181818181818182,21911.749019607843,intermittent,Kampung Baru,Air Buaya,Buru,7052.726710765074,0,Mikro Hidro Kelas A (PLTMH),Kampung Baru/Air Ternate,Buru/Buru Selatan,176061.81576090652,PLTMH,30.0,Tahalupu,2014,238518.05171567498,GI 150 kV Sirimau (60 MVA),60.0,150 kV,Operasi,22849.163366333905,PLTD Waipandan,0.2,PLTD,HSD,True,2.37249994,0.09727250000000001,-3.2098341373315584,126.12739202480108
81.04.02.2020,22,0.232102801002949,3,0.5660140841939444,0.13636363636363635,14193.30588235294,dark_settled,Batlale,Air Buaya,Buru,567.645573251588,0,Mikro Hidro Kelas A (PLTMH),Wamlana,Buru,135696.40426603946,PLTMH,30.0,Tahalupu,2014,200116.32429231683,GI 150 kV Sirimau (60 MVA),60.0,150 kV,Operasi,12716.124476801724,PLTD Air Buaya,1.6,PLTD,HSD,True,3.15899992,0.129519,-3.1831683753079245,126.49175512051583
81.04.02.2023,22,0.29984836887556837,12,0.719230145426241,0.5454545454545454,12137.141176470588,intermittent,Awilinan,Air Buaya,Buru,2690.0405067192273,0,Mikro Hidro Kelas A (PLTMH),Batlale,Buru,136028.66426946933,PLTMH,30.0,Tahalupu,2014,202808.32808724177,GI 150 kV Sirimau (60 MVA),60.0,150 kV,Operasi,7086.676850109194,PLTD Air Buaya,1.6,PLTD,HSD,True,3.88700008,0.159367,-3.091318582208559,126.49577486034963
81.04.03.2001,22,0.3808600865821107,15,0.5536195995499529,0.6818181818181818,83830.0,intermittent,Savana Jaya,Waeapo,Buru,7043.643290625779,0,Mikro Hidro Kelas A (PLTMH),Waetele,Buru,77364.59616182782,PLTMH,30.0,Tahalupu,2014,139949.2043452882,GI 150 kV Sirimau (60 MVA),60.0,150 kV,Operasi,7189.866236696176,PLTD Mako,0.5,PLTD,HSD,True,4.47849989,0.18361899,-3.306898669220325,127.02057336906631
81.04.03.2002,22,0.31025833707499084,12,0.5469588624415863,0.5454545454545454,64895.717647058824,intermittent,Waetele,Waeapo,Buru,2074.3150143085627,0,Mikro Hidro Kelas A (PLTMH),Waetele,Buru,83396.64267186171,PLTMH,30.0,Tahalupu,2014,145556.41704981838,GI 150 kV Sirimau (60 MVA),60.0,150 kV,Operasi,5278.9022612579465,PLTD Wesa Mako,3.0,PLTD,HSD,True,4.40049982,0.18042,-3.3111224593824518,126.966372302624
81.04.03.2003,22,0.6225236484720416,17,0.567233125638968,0.7727272727272727,415944.7333333333,lit_stable,Waekasar,Waeapo,Buru,6988.646751943516,0,Mikro Hidro Kelas A (PLTMH),Waetele,Buru,81188.12844295605,PLTMH,30.0,Tahalupu,2014,141748.5052621145,GI 150 kV Sirimau (60 MVA),60.0,150 kV,Operasi,1674.9392112069604,PLTD Mako,0.5,PLTD,HSD,True,4.30299997,0.176423,-3.347746288204621,126.99144667490886
81.04.03.2004,22,0.9596661363826283,17,0.5756746006548707,0.7727272727272727,181129.4901960784,lit_stable,Waenetat,Waeapo,Buru,9029.113435162504,0,Mikro Hidro Kelas A (PLTMH),Widit,Buru,81256.28593859576,PLTMH,30.0,Tahalupu,2014,140677.9937453777,GI 150 kV Sirimau (60 MVA),60.0,150 kV,Operasi,2373.5718317398673,PLTD Mako,0.5,PLTD,HSD,True,4.23799992,0.17375800000000002,-3.371306011187134,126.99508439356063
81.04.03.2016,22,0.265385921049236,7,0.4779364723965027,0.3181818181818182,171273.0,intermittent,Waekerta,Waeapo,Buru,2408.708880173152,0,Mikro Hidro Kelas A (PLTMH),Gogorea,Buru,87535.723772607,PLTMH,30.0,Tahalupu,2014,151094.9747204977,GI 150 kV Sirimau (60 MVA),60.0,150 kV,Operasi,11001.499779785046,PLTD Wesa Mako,3.0,PLTD,HSD,True,4.38100004,0.179621,-3.273474311755257,126.9258706904855
81.04.03.2019,22,1.016157902777195,17,0.5708836823199168,0.7727272727272727,28524.30980392157,lit_stable,Wanareja,Waeapo,Buru,8366.572995941307,0,Mikro Hidro Kelas B (PLTMH),Waekerta,Buru,83379.57103606782,PLTMH,30.0,Tahalupu,2014,142541.01789914796,GI 150 kV Sirimau (60 MVA),60.0,150 kV,Operasi,2164.942731863531,PLTD Wesa Mako,3.0,PLTD,HSD,True,4.26399994,0.174824,-3.3760882203808156,126.97653350111786
81.04.03.2027,22,0.27405094707243016,9,0.532741420172777,0.4090909090909091,18624.0,intermittent,Gogorea,Waeapo,Buru,3108.7816237850443,0,Mikro Hidro Kelas A (PLTMH),Waetele,Buru,81050.06885726744,PLTMH,30.0,Tahalupu,2014,143902.7949918798,GI 150 kV Sirimau (60 MVA),60.0,150 kV,Operasi,6649.3187742206555,PLTD Mako,0.5,PLTD,HSD,True,4.4460001,0.18228599,-3.297397828431891,126.98622707536451
81.04.06.2001,22,0.2593926269139956,9,0.573100783495936,0.4090909090909091,80403.5137254902,intermittent,Lamahang,Waplau,Buru,7563.824913673116,0,Mikro Hidro Kelas A (PLTMH),Waelana-lana,Buru,92126.2307383702,PLTMH,30.0,Tahalupu,2014,159077.86538403033,GI 150 kV Sirimau (60 MVA),60.0,150 kV,Operasi,22951.449033309626,PLTD Wesa Mako,3.0,PLTD,HSD,True,4.56949997,0.18734901,-3.17298698189204,126.88526036751365
81.04.06.2002,22,0.2843716654963389,8,0.5320802023758167,0.36363636363636365,117716.8431372549,intermittent,Waplau,Waplau,Buru,3301.5502517688274,0,Mikro Hidro Kelas A (PLTMH),Waelana-lana,Buru,96277.39609004073,PLTMH,30.0,Tahalupu,2014,162757.84487385003,GI 150 kV Sirimau (60 MVA),60.0,150 kV,Operasi,24572.337523339876,PLTD Wesa Mako,3.0,PLTD,HSD,True,4.41349983,0.180953,-3.1793461458605528,126.84739066759575
81.04.06.2003,22,0.2363756066376076,4,0.5646176634679098,0.18181818181818182,74033.90980392156,intermittent,Waeura,Waplau,Buru,1369.3273134052226,0,Mikro Hidro Kelas A (PLTMH),Waeura,Buru,100916.49480284903,PLTMH,30.0,Tahalupu,2014,168136.27054187236,GI 150 kV Sirimau (60 MVA),60.0,150 kV,Operasi,30123.164545884367,PLTD Wesa Mako,3.0,PLTD,HSD,True,4.48500013,0.18388499000000003,-3.14674766594526,126.80794890204066
81.04.06.2004,22,0.2332816323188467,4,0.586508679922374,0.18181818181818182,19402.0,intermittent,Samalagi,Waplau,Buru,1688.7740196094599,0,Mikro Hidro Kelas B (PLTMH),Samalagi,Buru,102988.45687532259,PLTMH,30.0,Tahalupu,2014,171106.43944099135,GI 150 kV Sirimau (60 MVA),60.0,150 kV,Operasi,34209.324386506836,PLTD Wesa Mako,3.0,PLTD,HSD,True,4.563000199999999,0.18708301,-3.111710089924095,126.79304687722608
81.04.06.2005,22,0.25374158270926467,8,0.60046165804077,0.36363636363636365,37279.313725490196,intermittent,Namsina,Waplau,Buru,3189.941478091158,0,Mikro Hidro Kelas B (PLTMH),Samalagi,Buru,104107.37925258925,PLTMH,30.0,Tahalupu,2014,172870.87345401163,GI 150 kV Sirimau (60 MVA),60.0,150 kV,Operasi,36952.471977122615,PLTD Wesa Mako,3.0,PLTD,HSD,True,4.627999780000001,0.189748,-3.0858763407740306,126.78654611877525
81.04.06.2006,22,0.2285713315333212,4,0.6075344194956894,0.18181818181818182,27815.035294117646,intermittent,Hatawano,Waplau,Buru,362.1878099060272,0,Mikro Hidro Kelas A (PLTMH),Hatawano,Buru,107792.20962000707,PLTMH,30.0,Tahalupu,2014,175288.4326493566,GI 150 kV Sirimau (60 MVA),60.0,150 kV,Operasi,35322.1785776077,PLTD Air Buaya,1.6,PLTD,HSD,True,4.472000120000001,0.18335199000000002,-3.1228523827463497,126.74813585867255
81.04.06.2007,22,0.27240326887695365,10,0.6860784601899114,0.45454545454545453,22398.113725490195,intermittent,Waelihang,Waplau,Buru,5327.684004084206,0,Mikro Hidro Kelas A (PLTMH),Hatawano,Buru,109976.00788581662,PLTMH,30.0,Tahalupu,2014,178671.96038957723,GI 150 kV Sirimau (60 MVA),60.0,150 kV,Operasi,33635.88929675214,PLTD Air Buaya,1.6,PLTD,HSD,True,4.57600021,0.18761601000000003,-3.073904218867809,126.73492962380718
81.04.06.2008,22,0.20693378583140937,4,0.7213814626675847,0.18181818181818182,24543.95294117647,intermittent,Waprea,Waplau,Buru,6254.91676592727,0,Mikro Hidro Kelas A (PLTMH),Hatawano,Buru,112759.7998666162,PLTMH,30.0,Tahalupu,2014,180940.36489375745,GI 150 kV Sirimau (60 MVA),60.0,150 kV,Operasi,30579.58972794213,PLTD Air Buaya,1.6,PLTD,HSD,True,4.48500013,0.18388499000000003,-3.086784646159239,126.70762415092952
81.04.06.2009,22,0.21381032822767498,5,0.7349596641198384,0.22727272727272727,53377.282352941176,intermittent,Waepotih,Waplau,Buru,6160.222948795821,0,Mikro Hidro Kelas A (PLTMH),Raheriat,Buru,117007.10679061504,PLTMH,30.0,Tahalupu,2014,184849.53531562127,GI 150 kV Sirimau (60 MVA),60.0,150 kV,Operasi,26248.266237443135,PLTD Air Buaya,1.6,PLTD,HSD,True,4.47849989,0.18361899,-3.089882498959483,126.66857730621405
81.04.06.2010,22,0.2196496369684265,6,0.7301410684058343,0.2727272727272727,3744.0,intermittent,Skikilale,Waplau,Buru,5415.015173382196,0,Mikro Hidro Kelas A (PLTMH),Raheriat,Buru,116987.38552062081,PLTMH,30.0,Tahalupu,2014,184655.3360267669,GI 150 kV Sirimau (60 MVA),60.0,150 kV,Operasi,26195.21427978663,PLTD Air Buaya,1.6,PLTD,HSD,True,4.47849989,0.18361899,-3.096554653979504,126.66788038636665
81.04.10.2001,22,0.2135159954922159,5,0.6360800300385138,0.22727272727272727,117233.31764705884,intermittent,Ilath,Batabual,Buru,13505.952336172124,0,Mikro Hidro Kelas A (PLTMH),Lena,Buru Selatan,66408.37575625531,PLTMH,30.0,Tahalupu,2014,112868.25689364258,GI 150 kV Sirimau (60 MVA),60.0,150 kV,Operasi,15104.065424843271,PLTD Batujungku,0.8,PLTD,HSD,True,4.24450016,0.174025,-3.557976901916106,127.2134944924449
81.04.10.2002,22,0.23038328433868702,3,0.5937063540575434,0.13636363636363635,22549.933333333334,dark_settled,Batu Jungku,Batabual,Buru,10378.63222585043,0,Mikro Hidro Kelas A (PLTMH),Masarete,Buru,59536.668509872856,PLTMH,30.0,Tahalupu,2014,114668.51889909508,GI 150 kV Sirimau (60 MVA),60.0,150 kV,Operasi,3789.359668506947,PLTD Batujungku,0.8,PLTD,HSD,True,4.49800014,0.18441799,-3.4390589072408786,127.21959620045453
81.04.10.2003,22,0.22317029102537386,5,0.5827570611133697,0.22727272727272727,32760.447058823527,intermittent,Pela,Batabual,Buru,10285.576682524445,0,Mikro Hidro Kelas A (PLTMH),Masarete,Buru,58284.19642215198,PLTMH,30.0,Tahalupu,2014,115920.54058729159,GI 150 kV Sirimau (60 MVA),60.0,150 kV,Operasi,4684.012279583843,PLTD Batujungku,0.8,PLTD,HSD,True,4.6085,0.18894801,-3.4028304001986625,127.21763904212082
81.04.10.2004,22,0.20750360610004331,3,0.6230366186863885,0.13636363636363635,40727.035294117646,dark_settled,Waemorat,Batabual,Buru,12179.605647863078,0,Mikro Hidro Kelas A (PLTMH),Masarete,Buru,63134.744689843894,PLTMH,30.0,Tahalupu,2014,114307.38544692192,GI 150 kV Sirimau (60 MVA),60.0,150 kV,Operasi,8799.379009064465,PLTD Batujungku,0.8,PLTD,HSD,True,4.08850002,0.16762801,-3.4951983677691287,127.2105013981972
81.04.10.2006,22,0.2459945950417345,6,0.616716880423736,0.2727272727272727,78850.70980392155,intermittent,Namlea Ilath,Batabual,Buru,13705.58039188637,0,Mikro Hidro Kelas A (PLTMH),Lena,Buru Selatan,68701.36115388745,PLTMH,30.0,Tahalupu,2014,111474.25489787162,GI 150 kV Sirimau (60 MVA),60.0,150 kV,Operasi,19941.88823214065,PLTD Batujungku,0.8,PLTD,HSD,True,4.472000120000001,0.18335199000000002,-3.6043385991578436,127.22112559448345
81.04.11.2001,22,0.24741622590416956,5,0.41571165289263856,0.22727272727272727,30848.0,intermittent,Kubalahin,Lolong Guba,Buru,263.0035536086223,0,Mikro Hidro Kelas A (PLTMH),Kubalahin,Buru,89998.26280809254,PLTMH,30.0,Tahalupu,2014,151879.4194466267,GI 150 kV Sirimau (60 MVA),60.0,150 kV,Operasi,9465.387981995067,PLTD Wesa Mako,3.0,PLTD,HSD,True,4.31599998,0.176956,-3.312170589253982,126.90668314186125
81.04.11.2002,22,0.6438632618634677,17,0.49446768981239797,0.7727272727272727,192648.98039215687,lit_stable,Waegeren,Lolong Guba,Buru,9930.580299010997,0,Mikro Hidro Kelas A (PLTMH),Wamana Baru,Buru,90773.99227339265,PLTMH,30.0,Tahalupu,2014,148319.59365523577,GI 150 kV Sirimau (60 MVA),60.0,150 kV,Operasi,9154.61101916233,PLTD Wesa Mako,3.0,PLTD,HSD,True,4.31599998,0.176956,-3.408887295628416,126.9154051937867
81.04.11.2003,22,0.5506904189032515,16,0.5459238109839251,0.7272727272727273,162747.0,intermittent,Grandeng,Lolong Guba,Buru,8716.805254293407,0,Mikro Hidro Kelas A (PLTMH),Wapsalit,Buru,91482.6027788931,PLTMH,30.0,Tahalupu,2014,147367.08199522994,GI 150 kV Sirimau (60 MVA),60.0,150 kV,Operasi,11799.477227201576,PLTD Wesa Mako,3.0,PLTD,HSD,True,4.35500002,0.17855500000000002,-3.442985535804706,126.91725026369349
81.04.11.2004,22,0.2350961510644386,5,0.46487074068869194,0.22727272727272727,37285.0,intermittent,Lele,Lolong Guba,Buru,5918.079067751888,0,Mikro Hidro Kelas B (PLTMH),Wapsalit,Buru,95973.28474378285,PLTMH,30.0,Tahalupu,2014,152371.63734677958,GI 150 kV Sirimau (60 MVA),60.0,150 kV,Operasi,14560.022644662384,PLTD Wesa Mako,3.0,PLTD,HSD,True,4.329,0.177489,-3.4337163251195215,126.87311952255536
81.04.11.2005,22,0.8591039225081079,18,0.488888472700399,0.8181818181818182,180548.46666666667,lit_stable,Wanakarta,Lolong Guba,Buru,9634.475952234248,0,Mikro Hidro Kelas B (PLTMH),Waekerta,Buru,88352.42449965392,PLTMH,30.0,Tahalupu,2014,146092.5208711473,GI 150 kV Sirimau (60 MVA),60.0,150 kV,Operasi,7116.683209858719,PLTD Wesa Mako,3.0,PLTD,HSD,True,4.30299997,0.176423,-3.40478287634846,126.93684192278266
81.04.11.2006,22,0.3160937794917821,15,0.423822210126818,0.6818181818181818,38255.81568627451,intermittent,Wabloy,Lolong Guba,Buru,6495.306784827629,0,Mikro Hidro Kelas B (PLTMH),Waekerta,Buru,89315.88255263062,PLTMH,30.0,Tahalupu,2014,148379.87130837986,GI 150 kV Sirimau (60 MVA),60.0,150 kV,Operasi,6712.83648259011,PLTD Wesa Mako,3.0,PLTD,HSD,True,4.30950022,0.17669,-3.376732875242547,126.9221974507631
81.04.11.2007,22,0.5944783068566399,17,0.5649636130809439,0.7727272727272727,88775.63529411764,lit_stable,Ohilahin,Lolong Guba,Buru,8543.530332165756,0,Mikro Hidro Kelas B (PLTMH),Waekerta,Buru,84259.90135401499,PLTMH,30.0,Tahalupu,2014,143074.95405034325,GI 150 kV Sirimau (60 MVA),60.0,150 kV,Operasi,3096.752303530485,PLTD Wesa Mako,3.0,PLTD,HSD,True,4.26399994,0.174824,-3.3830217629195722,126.96984962497606
81.04.11.2008,22,0.24139901002223224,5,0.4727283851121076,0.22727272727272727,17641.035294117646,intermittent,Tifu,Lolong Guba,Buru,3965.7090291234763,0,Mikro Hidro Kelas B (PLTMH),Waelana-lana,Buru,95714.89922902267,PLTMH,30.0,Tahalupu,2014,157793.82526629872,GI 150 kV Sirimau (60 MVA),60.0,150 kV,Operasi,15158.685064900654,PLTD Wesa Mako,3.0,PLTD,HSD,True,4.20550013,0.172426,-3.3024551424577924,126.85405430448586
81.04.11.2009,22,0.23391513826344368,4,0.486620288790645,0.18181818181818182,20837.0,intermittent,Wapsalit,Lolong Guba,Buru,1978.7302383881372,0,Mikro Hidro Kelas B (PLTMH),Wapsalit,Buru,101163.94302638069,PLTMH,30.0,Tahalupu,2014,155960.9374928254,GI 150 kV Sirimau (60 MVA),60.0,150 kV,Operasi,20411.83293549291,PLTD Wesa Mako,3.0,PLTD,HSD,True,4.35500002,0.17855500000000002,-3.4694188101278503,126.83405425513214
81.04.11.2010,22,0.20821408573667505,3,0.4848688691617764,0.13636363636363635,19047.266666666666,dark_settled,Nafrua,Lolong Guba,Buru,505.61438732361086,0,Mikro Hidro Kelas A (PLTMH),Nafrua,Buru,111760.85146451967,PLTMH,30.0,Tahalupu,2014,163013.9294374659,GI 150 kV Sirimau (60 MVA),60.0,150 kV,Operasi,31666.271117620265,PLTD Wamsisi,1.5,PLTD,HSD,True,4.29650021,0.176157,-3.5520669508004143,126.75955040561767
81.04.12.2001,22,0.46523485699083716,16,0.5271404310828219,0.7272727272727273,195652.26274509804,intermittent,Waelo,Waelata,Buru,9434.645920274357,0,Mikro Hidro Kelas A (PLTMH),Widit,Buru,88282.86882802132,PLTMH,30.0,Tahalupu,2014,144168.3579924865,GI 150 kV Sirimau (60 MVA),60.0,150 kV,Operasi,10117.697232693476,PLTD Wesa Mako,3.0,PLTD,HSD,True,4.33549976,0.177755,-3.4418355279448134,126.94681654150702
81.04.12.2002,22,0.6121804611876366,17,0.5843094858852245,0.7727272727272727,198067.62352941177,lit_stable,Debowae,Waelata,Buru,5588.559623109195,0,Mikro Hidro Kelas A (PLTMH),Widit,Buru,80153.33828156571,PLTMH,30.0,Tahalupu,2014,138234.49947223798,GI 150 kV Sirimau (60 MVA),60.0,150 kV,Operasi,5771.958223673458,PLTD Mako,0.5,PLTD,HSD,True,4.14050007,0.16976000000000002,-3.397954578201807,127.01109011912693
81.04.12.2003,22,0.708492791777882,17,0.5896747642085637,0.7727272727272727,234092.0,lit_stable,Parbulu,Waelata,Buru,3965.3154725969434,0,Mikro Hidro Kelas A (PLTMH),Widit,Buru,82152.22207978665,PLTMH,30.0,Tahalupu,2014,138698.03088265314,GI 150 kV Sirimau (60 MVA),60.0,150 kV,Operasi,8170.146055642128,PLTD Mako,0.5,PLTD,HSD,True,4.23150015,0.173492,-3.427314001314872,127.00010019396392
81.04.12.2004,22,0.2813808582599202,8,0.5315156265126884,0.36363636363636365,180078.0,intermittent,Waetina,Waelata,Buru,5005.383771701099,0,Mikro Hidro Kelas B (PLTMH),Waehata,Buru,91464.84479253153,PLTMH,30.0,Tahalupu,2014,144957.71491492994,GI 150 kV Sirimau (60 MVA),60.0,150 kV,Operasi,15651.543487584398,PLTD Wesa Mako,3.0,PLTD,HSD,True,4.329,0.177489,-3.489169371977373,126.93129772668965
81.04.12.2005,22,0.33578552355443503,15,0.5365821167074399,0.6818181818181818,19625.0,intermittent,Waeleman,Waelata,Buru,7449.124152415563,0,Mikro Hidro Kelas A (PLTMH),Widit,Buru,84261.24910929326,PLTMH,30.0,Tahalupu,2014,141855.8005235217,GI 150 kV Sirimau (60 MVA),60.0,150 kV,Operasi,5658.52223111934,PLTD Wesa Mako,3.0,PLTD,HSD,True,4.25750017,0.17455800000000002,-3.407548686812677,126.97533793658155
81.04.12.2006,22,0.22897295685526523,5,0.5220212250664019,0.22727272727272727,37412.603921568625,intermittent,Basalale,Waelata,Buru,2258.1002831979636,0,Mikro Hidro Kelas A (PLTMH),Basalale,Buru,84402.0951587012,PLTMH,30.0,Tahalupu,2014,136709.0074085553,GI 150 kV Sirimau (60 MVA),60.0,150 kV,Operasi,16589.25928841923,PLTD Mako,0.5,PLTD,HSD,True,4.0170002,0.16469701,-3.503924272650773,127.00421766200837
81.04.12.2007,22,0.23818822698773304,8,0.49245121081956644,0.36363636363636365,21625.0,intermittent,Waflan,Waelata,Buru,2487.0258006421577,0,Mikro Hidro Kelas A (PLTMH),Waflan,Buru,99568.20511025848,PLTMH,30.0,Tahalupu,2014,148572.0434940957,GI 150 kV Sirimau (60 MVA),60.0,150 kV,Operasi,21117.307968455043,PLTD Wamsisi,1.5,PLTD,HSD,True,4.08850002,0.16762801,-3.5800324787731306,126.88771050420554
81.04.12.2008,22,0.671273411096542,17,0.5538640438799004,0.7727272727272727,69539.70588235292,lit_stable,Dava,Waelata,Buru,5988.295783405232,0,Mikro Hidro Kelas A (PLTMH),Widit,Buru,77086.75959344517,PLTMH,30.0,Tahalupu,2014,135578.94067250186,GI 150 kV Sirimau (60 MVA),60.0,150 kV,Operasi,7458.312902514281,PLTD Mako,0.5,PLTD,HSD,True,4.01049995,0.16443001000000002,-3.390230569248369,127.03764575486029
81.04.12.2009,22,0.2176403979026063,3,0.595633664476987,0.13636363636363635,4659.0,dark_settled,Waehata,Waelata,Buru,1964.5947662668787,0,Mikro Hidro Kelas A (PLTMH),Waehata,Buru,91645.51179343143,PLTMH,30.0,Tahalupu,2014,140558.16662779526,GI 150 kV Sirimau (60 MVA),60.0,150 kV,Operasi,20760.047437699355,PLTD Wamsisi,1.5,PLTD,HSD,True,3.7244999400000003,0.152704,-3.5697020770092127,126.96112270305768
81.04.12.2010,22,0.29557050319222755,11,0.5169839526121467,0.5,4336.309803921568,intermittent,Widit,Waelata,Buru,922.1805415907523,0,Mikro Hidro Kelas A (PLTMH),Widit,Buru,78113.1958603855,PLTMH,30.0,Tahalupu,2014,132862.21888116116,GI 150 kV Sirimau (60 MVA),60.0,150 kV,Operasi,13511.458493311351,PLTD Mako,0.5,PLTD,HSD,True,3.99099994,0.16363101,-3.457486413284919,127.04754548670854
81.04.13.2001,22,0.21918315601873606,3,0.5710723142566637,0.13636363636363635,143923.30588235293,dark_settled,Wamlana,Fena Leisela,Buru,4083.077190778358,0,Mikro Hidro Kelas B (PLTMH),Wamlana,Buru,130568.47554950464,PLTMH,30.0,Tahalupu,2014,194197.55189954146,GI 150 kV Sirimau (60 MVA),60.0,150 kV,Operasi,18814.341647081146,PLTD Air Buaya,1.6,PLTD,HSD,True,3.52950001,0.14470901,-3.2183780205447134,126.53709593765419
81.04.13.2002,22,0.2488816963593239,6,0.7105308661469032,0.2727272727272727,23572.0,intermittent,Balbalu,Fena Leisela,Buru,2320.692838888686,0,Mikro Hidro Kelas A (PLTMH),Wamlana,Buru,131170.94140523655,PLTMH,30.0,Tahalupu,2014,197690.36120953987,GI 150 kV Sirimau (60 MVA),60.0,150 kV,Operasi,12050.60643011201,PLTD Air Buaya,1.6,PLTD,HSD,True,3.65300012,0.149773,-3.1113218320639984,126.53761946296511
81.04.13.2003,22,0.20744805508918385,3,0.612168326123693,0.13636363636363635,49177.819607843136,dark_settled,Waspait,Fena Leisela,Buru,7775.933495593789,0,Mikro Hidro Kelas A (PLTMH),Raheriat,Buru,124607.4751375813,PLTMH,30.0,Tahalupu,2014,190268.13522576267,GI 150 kV Sirimau (60 MVA),60.0,150 kV,Operasi,19504.13033621826,PLTD Air Buaya,1.6,PLTD,HSD,True,4.21199989,0.172692,-3.155659767865764,126.59320897184442
81.04.13.2004,22,0.2185202023113222,4,0.5802080206508863,0.18181818181818182,5957.15294117647,intermittent,Waedanga,Fena Leisela,Buru,4769.851653858718,0,Mikro Hidro Kelas B (PLTMH),Lemanpoli,Buru,122372.86529094512,PLTMH,30.0,Tahalupu,2014,185253.0149275667,GI 150 kV Sirimau (60 MVA),60.0,150 kV,Operasi,27230.327383449283,PLTD Air Buaya,1.6,PLTD,HSD,True,4.03000021,0.16523001,-3.25301661081256,126.61109849034226
81.04.13.2005,22,0.2110975127692696,4,0.5708853360681336,0.18181818181818182,2839.0,intermittent,Lemanpoli,Fena Leisela,Buru,3370.2622489140094,0,Mikro Hidro Kelas B (PLTMH),Lemanpoli,Buru,121740.76966431501,PLTMH,30.0,Tahalupu,2014,182567.7094736891,GI 150 kV Sirimau (60 MVA),60.0,150 kV,Operasi,33083.56528749918,PLTD Air Buaya,1.6,PLTD,HSD,True,3.9065001,0.16016699,-3.3165159043465304,126.61997620735535
81.04.13.2006,22,0.22700692314393311,4,0.555299931004433,0.18181818181818182,36362.0,intermittent,Waelana-lana,Fena Leisela,Buru,1414.5654960064073,0,Mikro Hidro Kelas A (PLTMH),Waelana-lana,Buru,106559.86135573439,PLTMH,30.0,Tahalupu,2014,169083.32694828662,GI 150 kV Sirimau (60 MVA),60.0,150 kV,Operasi,26347.043832815416,PLTD Wesa Mako,3.0,PLTD,HSD,True,4.14050007,0.16976000000000002,-3.2803899933891314,126.75462648743832
81.04.13.2007,22,0.2103912053739882,5,0.52230369661662,0.22727272727272727,8206.0,intermittent,Waereman,Fena Leisela,Buru,6976.610734325475,0,Mikro Hidro Kelas B (PLTMH),Waereman,Buru,124789.82109320338,PLTMH,30.0,Tahalupu,2014,181762.4748577109,GI 150 kV Sirimau (60 MVA),60.0,150 kV,Operasi,40530.58142299992,PLTD Leksula,0.6,PLTD,HSD,True,4.03649998,0.16549601000000003,-3.423830558429332,126.6059644128642
81.04.13.2008,22,0.21426363571150264,4,0.5744789677062949,0.18181818181818182,27634.0,intermittent,Waemite,Fena Leisela,Buru,6202.594403308555,0,Mikro Hidro Kelas B (PLTMH),Waereman,Buru,135614.3266091384,PLTMH,30.0,Tahalupu,2014,193659.3803423414,GI 150 kV Sirimau (60 MVA),60.0,150 kV,Operasi,35063.19226262035,PLTD Air Buaya,1.6,PLTD,HSD,True,3.7960000000000003,0.15563600000000002,-3.3928989103632197,126.5025032560854
81.04.13.2009,22,0.2302132032213567,4,0.5274792489563203,0.18181818181818182,9693.0,intermittent,Wasi,Fena Leisela,Buru,2744.4476948534093,0,Mikro Hidro Kelas A (PLTMH),Wasi,Buru,116202.16595704672,PLTMH,30.0,Tahalupu,2014,173764.5098414028,GI 150 kV Sirimau (60 MVA),60.0,150 kV,Operasi,33515.18767945318,PLTD Wesa Mako,3.0,PLTD,HSD,True,3.84150004,0.157502,-3.4083643527749197,126.68179853234372
81.04.13.2010,22,0.2645223069833922,6,0.6284383230179489,0.2727272727272727,81522.74509803922,intermittent,Waekose,Fena Leisela,Buru,8773.070858063584,0,Mikro Hidro Kelas A (PLTMH),Wamlana,Buru,125115.17915977123,PLTMH,30.0,Tahalupu,2014,192310.6876620629,GI 150 kV Sirimau (60 MVA),60.0,150 kV,Operasi,18015.333512235873,PLTD Air Buaya,1.6,PLTD,HSD,True,4.40049982,0.18042,-3.0971747961481024,126.59404727571217
81.04.13.2011,22,0.21940841894308433,4,0.4839759633830428,0.18181818181818182,10433.0,intermittent,Wamana Baru,Fena Leisela,Buru,5256.271353488734,0,Mikro Hidro Kelas A (PLTMH),Wasi,Buru,105189.32965403872,PLTMH,30.0,Tahalupu,2014,164110.1501442842,GI 150 kV Sirimau (60 MVA),60.0,150 kV,Operasi,22555.0951211627,PLTD Wesa Mako,3.0,PLTD,HSD,True,4.14050007,0.16976000000000002,-3.3759429428338392,126.776997089172
81.04.13.2012,22,0.21784691328500133,3,0.5403128131736725,0.13636363636363635,4008.0,dark_settled,Raheriat,Fena Leisela,Buru,4648.318903566988,0,Mikro Hidro Kelas A (PLTMH),Raheriat,Buru,113244.19463544802,PLTMH,30.0,Tahalupu,2014,178382.79414908012,GI 150 kV Sirimau (60 MVA),60.0,150 kV,Operasi,31383.461644449293,PLTD Air Buaya,1.6,PLTD,HSD,True,4.29650021,0.176157,-3.1924830925120986,126.69377750508349
81.04.13.2013,22,0.2260929175092803,4,0.6333492120672988,0.18181818181818182,26651.564705882352,intermittent,Waenibe,Fena Leisela,Buru,4363.464400603985,0,Mikro Hidro Kelas A (PLTMH),Raheriat,Buru,120718.60199823392,PLTMH,30.0,Tahalupu,2014,187385.95356521662,GI 150 kV Sirimau (60 MVA),60.0,150 kV,Operasi,22502.127081444996,PLTD Air Buaya,1.6,PLTD,HSD,True,4.43949986,0.182019,-3.1261191939811392,126.63075350977905
81.04.14.2001,22,0.30109784459176314,12,0.5074752809033519,0.5454545454545454,103398.4274509804,intermittent,Kaiely,Teluk Kaiely,Buru,1261.5854010648877,0,Mini Hidro (PLTM),Kaiely,Buru,73744.68748271979,PLTMH,30.0,Tahalupu,2014,128795.6172946156,GI 150 kV Sirimau (60 MVA),60.0,150 kV,Operasi,15756.354920263535,PLTD Mako,0.5,PLTD,HSD,True,3.60100007,0.14764100000000002,-3.4497688193603064,127.08652434610762
81.04.14.2002,22,0.2394549576127768,5,0.5306981717835108,0.22727272727272727,25518.62745098039,intermittent,Masarete,Teluk Kaiely,Buru,2491.076978326911,0,Mikro Hidro Kelas A (PLTMH),Masarete,Buru,66781.34762296571,PLTMH,30.0,Tahalupu,2014,122591.27382170848,GI 150 kV Sirimau (60 MVA),60.0,150 kV,Operasi,11601.615293229683,PLTD Batujungku,0.8,PLTD,HSD,True,3.81550002,0.15643600000000002,-3.4337724449247635,127.147414615431
81.04.14.2003,22,0.28438993466169704,11,0.6594819138598023,0.5,39296.698039215684,intermittent,Waelapia,Teluk Kaiely,Buru,7487.4103816247925,0,Mikro Hidro Kelas A (PLTMH),Masarete,Buru,63970.09022636543,PLTMH,30.0,Tahalupu,2014,124287.50518118564,GI 150 kV Sirimau (60 MVA),60.0,150 kV,Operasi,9857.97490737448,PLTD Namlea,3.49,PLTD,HSD,True,4.55649996,0.18681601000000003,-3.359705616954815,127.15184422812096
81.04.14.2004,22,0.26251348120633866,7,0.5638285912188596,0.3181818181818182,9017.478431372549,intermittent,Kaki Air,Teluk Kaiely,Buru,11042.936563203102,0,Mikro Hidro Kelas A (PLTMH),Widit,Buru,75131.80281896227,PLTMH,30.0,Tahalupu,2014,135950.173907114,GI 150 kV Sirimau (60 MVA),60.0,150 kV,Operasi,7543.425669380182,PLTD Mako,0.5,PLTD,HSD,True,4.28999996,0.17589000000000002,-3.3455318530584197,127.0464028708606
81.04.14.2005,22,0.24468580302296178,7,0.6240288662380734,0.3181818181818182,32103.137254901958,intermittent,Seith,Teluk Kaiely,Buru,8697.94977499635,0,Mikro Hidro Kelas A (PLTMH),Masarete,Buru,60688.71055764683,PLTMH,30.0,Tahalupu,2014,120397.4707441198,GI 150 kV Sirimau (60 MVA),60.0,150 kV,Operasi,9730.070653271638,PLTD Batujungku,0.8,PLTD,HSD,True,4.614999770000001,0.189215,-3.3708055175046154,127.18508836930717
81.04.15.2001,22,0.3220458099116349,14,0.5405146286717151,0.6363636363636364,73732.59999999999,intermittent,Ubung,Lilialy,Buru,7950.435584720476,0,Mikro Hidro Kelas A (PLTMH),Siahoni,Buru,73171.15415988915,PLTMH,30.0,Tahalupu,2014,140377.8406082738,GI 150 kV Sirimau (60 MVA),60.0,150 kV,Operasi,10744.542861277721,PLTD Wesa Namlea,2.0,PLTD,HSD,True,4.8359999700000005,0.198276,-3.2033098451796858,127.05457436612816
81.04.15.2002,22,0.386701188161396,15,0.5752097549244624,0.6818181818181818,104503.7568627451,intermittent,Jikumerasa,Lilialy,Buru,4764.1809612991165,0,Mikro Hidro Kelas A (PLTMH),Siahoni,Buru,77689.44308293157,PLTMH,30.0,Tahalupu,2014,144994.5916392578,GI 150 kV Sirimau (60 MVA),60.0,150 kV,Operasi,14770.729134919507,PLTD Wesa Namlea,2.0,PLTD,HSD,True,4.79699993,0.196677,-3.1916840423028496,127.01438349725169
81.04.15.2003,22,0.26711245997620214,7,0.5250127625320882,0.3181818181818182,36971.760784313716,intermittent,Waemiting,Lilialy,Buru,3670.1805009798873,0,Mikro Hidro Kelas A (PLTMH),Siahoni,Buru,81256.04120645433,PLTMH,30.0,Tahalupu,2014,148327.29700412301,GI 150 kV Sirimau (60 MVA),60.0,150 kV,Operasi,17654.648520188563,PLTD Wesa Namlea,2.0,PLTD,HSD,True,4.7255001100000005,0.193746,-3.1909854651565177,126.98224967264984
81.04.15.2004,22,0.30355880432199245,12,0.5622111971856366,0.5454545454545454,132715.52549019607,intermittent,Sawa,Lilialy,Buru,5544.7721814565975,0,Mikro Hidro Kelas A (PLTMH),Siahoni,Buru,83707.88243982746,PLTMH,30.0,Tahalupu,2014,150968.49565038134,GI 150 kV Sirimau (60 MVA),60.0,150 kV,Operasi,19685.7055954206,PLTD Wesa Mako,3.0,PLTD,HSD,True,4.712500100000001,0.19321300000000002,-3.1807467557923275,126.9607341251484
81.04.15.2005,22,0.2529979360946927,5,0.5907237364615335,0.22727272727272727,74557.80784313726,intermittent,Waeperang,Lilialy,Buru,8829.184908683188,0,Mikro Hidro Kelas A (PLTMH),Siahoni,Buru,87571.7597965533,PLTMH,30.0,Tahalupu,2014,154895.12132585695,GI 150 kV Sirimau (60 MVA),60.0,150 kV,Operasi,21473.06360485226,PLTD Wesa Mako,3.0,PLTD,HSD,True,4.673500059999999,0.19161300000000003,-3.1710227861107434,126.92652911180554
81.05.01.2003,22,0.41012806538695856,13,0.6921984789219892,0.5909090909090909,714553.9607843137,intermittent,Bula,Bula,Seram Bagian Timur,3155.0785852015883,0,Mikro Hidro Kelas A (PLTMH),Bula,Seram Bagian Timur,300562.4590657235,PLTMH,30.0,Tahalupu,2014,234918.2196595266,GI 150 kV PLTMG Ambon Peaker,0.0,150 kV,Operasi,11428.536272339887,PLTD Wesa Bula,3.2,PLTD,HSD,True,3.73749995,0.153237,-3.181088549518226,130.4199606710065
81.05.01.2004,22,0.20174100427677857,4,0.5686436310866506,0.18181818181818182,12070.0,intermittent,Salas,Bula,Seram Bagian Timur,2455.100862063928,0,Mikro Hidro Kelas A (PLTMH),Dawang,Seram Bagian Timur,307713.6397964125,PLTMH,30.0,Tahalupu,2014,240753.21048793907,GI 150 kV PLTMG Ambon Peaker,0.0,150 kV,Operasi,16374.039875610391,PLTD Wesa Bula,3.2,PLTD,HSD,True,3.48399997,0.14284401000000002,-3.2543815802403193,130.48479500229206
81.05.01.2010,22,0.24568104614346298,7,0.6531484642695019,0.3181818181818182,14118.137254901962,intermittent,Englas,Bula,Seram Bagian Timur,4754.258169431583,0,Mikro Hidro Kelas A (PLTMH),Hote,Seram Bagian Timur,301431.4608032484,PLTMH,30.0,Tahalupu,2014,237966.6922046043,GI 150 kV PLTMG Ambon Peaker,0.0,150 kV,Operasi,9331.12583119703,PLTD Wesa Bula,3.2,PLTD,HSD,True,4.28350019,0.175624,-3.0592268141144756,130.4227031019892
81.05.01.2011,22,0.30204776785325116,11,0.8894173481259351,0.5,7545.0,intermittent,Bula Air Fatolo,Bula,Seram Bagian Timur,7580.448159388981,0,Mikro Hidro Kelas A (PLTMH),Bula,Seram Bagian Timur,315727.78731579677,PLTMH,30.0,Tahalupu,2014,248396.40100013788,GI 150 kV PLTMG Sorong,0.0,150 kV,Operasi,8210.489454154958,PLTD Bula,0.86,PLTD,HSD,True,4.36800003,0.17908800000000002,-3.14480210969481,130.55567847671296
81.05.01.2012,22,0.6547715876588422,15,0.7283377634971028,0.6818181818181818,75829.7843137255,intermittent,Sesar,Bula,Seram Bagian Timur,6529.7635213686235,0,Mikro Hidro Kelas A (PLTMH),Bula,Seram Bagian Timur,304350.8587043442,PLTMH,30.0,Tahalupu,2014,240580.31269128772,GI 150 kV PLTMG Ambon Peaker,0.0,150 kV,Operasi,6074.408226754845,PLTD Wesa Bula,3.2,PLTD,HSD,True,4.26399994,0.174824,-3.071997298977852,130.44983271241995
81.05.01.2022,22,3.661863982058143,13,0.9641387836651432,0.5909090909090909,57035.450980392154,intermittent,Tansi Ambon,Bula,Seram Bagian Timur,7611.60153449,0,Mikro Hidro Kelas A (PLTMH),Bula,Seram Bagian Timur,313548.9487798606,PLTMH,30.0,Tahalupu,2014,246403.80866204848,GI 150 kV PLTMG Sorong,0.0,150 kV,Operasi,4935.403363943782,PLTD Bula,0.86,PLTD,HSD,True,4.40700006,0.18068700000000001,-3.1190896475672596,130.53511826953695
81.05.01.2023,22,0.5401511064607788,13,0.8712468287679817,0.5909090909090909,270.62745098039215,data_gap,Kampung Wailola,Bula,Seram Bagian Timur,5419.681097671545,0,Mikro Hidro Kelas A (PLTMH),Bula,Seram Bagian Timur,306048.0286201692,PLTMH,30.0,Tahalupu,2014,241656.48314511406,GI 150 kV PLTMG Ambon Peaker,0.0,150 kV,Operasi,2766.109452764067,PLTD Wesa Bula,3.2,PLTD,HSD,True,4.17299986,0.17109300000000002,-3.1043838298095983,130.46685395424961
81.05.01.2024,22,1.130609659115248,14,0.7865097473097844,0.6363636363636364,71910.83137254903,intermittent,Kampung Gorom,Bula,Seram Bagian Timur,7176.887542462915,0,Mikro Hidro Kelas A (PLTMH),Bula,Seram Bagian Timur,306486.76435214875,PLTMH,30.0,Tahalupu,2014,242522.9144521411,GI 150 kV PLTMG Ambon Peaker,0.0,150 kV,Operasi,3888.828205581595,PLTD Bula,0.86,PLTD,HSD,True,4.26399994,0.174824,-3.0799811130260903,130.46955862173198
81.05.01.2025,22,0.22791131121830163,6,0.8724470169683013,0.2727272727272727,0.0,data_gap,Limumir,Bula,Seram Bagian Timur,9304.677025653706,0,Mikro Hidro Kelas A (PLTMH),Bula,Seram Bagian Timur,317902.72201973683,PLTMH,30.0,Tahalupu,2014,248819.5628750275,GI 150 kV PLTMG Sorong,0.0,150 kV,Operasi,10698.11352526793,PLTD Bula,0.86,PLTD,HSD,True,4.45900011,0.18281899000000001,-3.155161834238231,130.5755800927782
81.05.01.2026,22,1.1434281914368494,13,1.2554878096100175,0.5909090909090909,1337.6156862745097,data_gap,Fattolo,Bula,Seram Bagian Timur,7979.556650515121,0,Mikro Hidro Kelas A (PLTMH),Bula,Seram Bagian Timur,314984.6734647306,PLTMH,30.0,Tahalupu,2014,246767.54230353536,GI 150 kV PLTMG Sorong,0.0,150 kV,Operasi,6609.474188748808,PLTD Bula,0.86,PLTD,HSD,True,4.45249987,0.18255299,-3.1269815921886353,130.5483677696614
81.05.02.2001,22,0.7779657492170816,16,0.6459786012148218,0.7272727272727273,98919.30980392157,intermittent,Geser,Seram Timur,Seram Bagian Timur,20619.395744501388,0,Mikro Hidro Kelas A (PLTMH),Keta Rumadan,Seram Bagian Timur,246617.2192980714,PLTS Terpusat,30.0,Kaimer,2016,286679.70308254875,GI 150 kV PLTMG Ambon Peaker,0.0,150 kV,Operasi,460.2825802579053,PLTD Geser,0.7000000000000001,PLTD,HSD,False,,,-3.882580810231208,130.8980541740682
81.05.02.2002,22,0.2698840421515626,9,0.5596557336512401,0.4090909090909091,3541.521568627451,intermittent,Kiltay,Seram Timur,Seram Bagian Timur,22970.46457130893,0,Mikro Hidro Kelas A (PLTMH),Keta Rumadan,Seram Bagian Timur,244759.15777843006,PLTS Terpusat,30.0,Kaimer,2016,290151.77909781464,GI 150 kV PLTMG Ambon Peaker,0.0,150 kV,Operasi,3426.441641849666,PLTD Geser,0.7000000000000001,PLTD,HSD,True,4.6085,0.18894801,-3.877345893722753,130.93026796429083
81.05.02.2003,22,0.3310580983099305,14,0.6425123652876529,0.6363636363636364,25103.33725490196,intermittent,Kilwaru,Seram Timur,Seram Bagian Timur,24081.699920002553,0,Mikro Hidro Kelas A (PLTMH),Keta Rumadan,Seram Bagian Timur,243607.27895582328,PLTS Terpusat,30.0,Kaimer,2016,290962.207139762,GI 150 kV PLTMG Ambon Peaker,0.0,150 kV,Operasi,4195.267879556043,PLTD Geser,0.7000000000000001,PLTD,HSD,True,4.614999770000001,0.189215,-3.885575700007522,130.93658769352322
81.05.02.2004,22,0.3485941099079426,15,0.6649787358746445,0.6818181818181818,14749.95294117647,intermittent,Kellu,Seram Timur,Seram Bagian Timur,22738.590968611654,0,Mikro Hidro Kelas A (PLTMH),Keta Rumadan,Seram Bagian Timur,244537.90558188112,PLTS Terpusat,30.0,Kaimer,2016,288552.0648340554,GI 150 kV PLTMG Ambon Peaker,0.0,150 kV,Operasi,2314.7924137241594,PLTD Geser,0.7000000000000001,PLTD,HSD,True,4.614999770000001,0.189215,-3.893943264545967,130.91358793309362
81.05.02.2005,22,0.5104918032884598,15,0.6368576219963149,0.6818181818181818,10040.694117647057,intermittent,Keffing,Seram Timur,Seram Bagian Timur,16747.824597735183,0,Mikro Hidro Kelas A (PLTMH),Keta Rumadan,Seram Bagian Timur,250407.22353815657,PLTS Terpusat,30.0,Kaimer,2016,282315.95309810346,GI 150 kV PLTMG Ambon Peaker,0.0,150 kV,Operasi,4473.203548752334,PLTD Geser,0.7000000000000001,PLTD,HSD,True,4.5954999899999995,0.18841501000000002,-3.8703339322426467,130.85996531498066
81.05.02.2006,22,0.24672383421052535,5,0.5456231505155471,0.22727272727272727,9267.6,intermittent,Urung,Seram Timur,Seram Bagian Timur,8899.618403102371,0,Mikro Hidro Kelas A (PLTMH),Keta Rumadan,Seram Bagian Timur,258793.53093255695,PLTS Terpusat,30.0,Kaimer,2016,274409.2330077231,GI 150 kV PLTMG Ambon Peaker,0.0,150 kV,Operasi,13039.390651785234,PLTD Geser,0.7000000000000001,PLTD,HSD,True,4.504499910000001,0.18468501,-3.828470352057217,130.79319243082705
81.05.02.2028,22,0.3392267600284464,16,0.65667729043701,0.7272727272727273,7051.043137254902,intermittent,Kilfura,Seram Timur,Seram Bagian Timur,22724.31995966208,0,Mikro Hidro Kelas A (PLTMH),Keta Rumadan,Seram Bagian Timur,244588.25370979524,PLTS Terpusat,30.0,Kaimer,2016,288717.5186256263,GI 150 kV PLTMG Ambon Peaker,0.0,150 kV,Operasi,2297.694047270743,PLTD Geser,0.7000000000000001,PLTD,HSD,True,4.614999770000001,0.189215,-3.8918391186534365,130.91537045429578
81.05.02.2046,22,0.370121951025676,14,0.6460391830712077,0.6363636363636364,12006.631372549018,intermittent,Kwawor Kecil Mata Ata,Seram Timur,Seram Bagian Timur,13516.350735282911,0,Mikro Hidro Kelas A (PLTMH),Keta Rumadan,Seram Bagian Timur,254138.6786129916,PLTS Terpusat,30.0,Kaimer,2016,277480.86275832204,GI 150 kV PLTMG Ambon Peaker,0.0,150 kV,Operasi,9308.20121214865,PLTD Geser,0.7000000000000001,PLTD,HSD,True,4.57600021,0.18761601000000003,-3.8634484284314556,130.8169074626965
81.05.02.2047,22,0.3035922303892262,11,0.6831180741451128,0.5,12226.00392156863,intermittent,Kwawor Kecil Mata Wawa,Seram Timur,Seram Bagian Timur,12808.252198495762,0,Mikro Hidro Kelas A (PLTMH),Keta Rumadan,Seram Bagian Timur,254866.6400379437,PLTS Terpusat,30.0,Kaimer,2016,276956.7181541912,GI 150 kV PLTMG Ambon Peaker,0.0,150 kV,Operasi,9872.767992877412,PLTD Geser,0.7000000000000001,PLTD,HSD,True,4.56949997,0.18734901,-3.858346820805658,130.81278268277472
81.05.02.2048,22,0.27461693376823454,10,0.6800227477067077,0.45454545454545453,8473.678431372547,intermittent,Kwawor Besar Ena,Seram Timur,Seram Bagian Timur,12767.47068674378,0,Mikro Hidro Kelas A (PLTMH),Keta Rumadan,Seram Bagian Timur,255048.26981548523,PLTS Terpusat,30.0,Kaimer,2016,276538.4347780269,GI 150 kV PLTMG Ambon Peaker,0.0,150 kV,Operasi,10269.826351734471,PLTD Geser,0.7000000000000001,PLTD,HSD,True,4.56949997,0.18734901,-3.859688983278251,130.80881700674902
81.05.02.2049,22,0.26304332311900164,9,0.6263894544200636,0.4090909090909091,6718.2941176470595,intermittent,Kwawor Besar Witau,Seram Timur,Seram Bagian Timur,12313.073719758799,0,Mikro Hidro Kelas A (PLTMH),Keta Rumadan,Seram Bagian Timur,255714.89773593462,PLTS Terpusat,30.0,Kaimer,2016,275720.6454544284,GI 150 kV PLTMG Ambon Peaker,0.0,150 kV,Operasi,11091.132514179884,PLTD Geser,0.7000000000000001,PLTD,HSD,True,4.56949997,0.18734901,-3.8581024350806072,130.80158652497295
81.05.02.2050,22,0.2621808525035926,6,0.5525124649985138,0.2727272727272727,11054.411764705883,intermittent,Guli-Guli,Seram Timur,Seram Bagian Timur,9866.878178372246,0,Mikro Hidro Kelas A (PLTMH),Keta Rumadan,Seram Bagian Timur,257728.15044046525,PLTS Terpusat,30.0,Kaimer,2016,275283.2197934473,GI 150 kV PLTMG Ambon Peaker,0.0,150 kV,Operasi,12015.2395619061,PLTD Geser,0.7000000000000001,PLTD,HSD,True,4.53700018,0.18601701,-3.834909385379582,130.80038836637965
81.05.02.2051,22,0.2654734300365935,9,0.49950411749498785,0.4090909090909091,8441.149019607843,intermittent,Manggis,Seram Timur,Seram Bagian Timur,8486.545574704474,0,Mikro Hidro Kelas A (PLTMH),Keta Rumadan,Seram Bagian Timur,259178.9449604252,PLTS Terpusat,30.0,Kaimer,2016,274222.78221107385,GI 150 kV PLTMG Ambon Peaker,0.0,150 kV,Operasi,13338.701251616829,PLTD Geser,0.7000000000000001,PLTD,HSD,True,4.504499910000001,0.18468501,-3.8249896430903,130.79189088183483
81.05.02.2052,22,0.23226614669407958,5,0.5406505787058439,0.22727272727272727,9959.709803921569,intermittent,Ainena,Seram Timur,Seram Bagian Timur,6654.790951333231,0,Mikro Hidro Kelas A (PLTMH),Keta Rumadan,Seram Bagian Timur,264160.2515115268,PLTS Terpusat,30.0,Kaimer,2016,268541.78128205653,GI 150 kV PLTMG Ambon Peaker,0.0,150 kV,Operasi,19079.570667661577,PLTD Geser,0.7000000000000001,PLTD,HSD,True,4.472000120000001,0.18335199000000002,-3.8093642971619093,130.7420893719726
81.05.02.2053,22,0.23043973168710238,5,0.5289171204987888,0.22727272727272727,3516.0,intermittent,Mugusinis,Seram Timur,Seram Bagian Timur,7553.921225248603,0,Mikro Hidro Kelas A (PLTMH),Keta Rumadan,Seram Bagian Timur,265537.4571915966,PLTS Terpusat,30.0,Kaimer,2016,266575.52210376813,GI 150 kV PLTMG Ambon Peaker,0.0,150 kV,Operasi,20922.220599081356,PLTD Geser,0.7000000000000001,PLTD,HSD,True,4.4914999,0.18415201,-3.808751750988407,130.72433165047462
81.05.02.2054,22,0.2287326952878066,4,0.6175515199109612,0.18181818181818182,2186.0235294117647,intermittent,Akatfadedo,Seram Timur,Seram Bagian Timur,8233.562034580244,0,Mikro Hidro Kelas A (PLTMH),Keta Rumadan,Seram Bagian Timur,266421.51864199253,PLTS Terpusat,30.0,Kaimer,2016,265379.0021190257,GI 150 kV PLTMG Ambon Peaker,0.0,150 kV,Operasi,22070.76154054853,PLTD Geser,0.7000000000000001,PLTD,HSD,True,4.504499910000001,0.18468501,-3.8078043176349246,130.7135872325967
81.05.03.2001,22,0.2147064122002548,3,0.5616380009539477,0.13636363636363635,26695.823529411766,dark_settled,Batuasa,Werinama,Seram Bagian Timur,4542.438629093465,0,Mikro Hidro Kelas A (PLTMH),Osong,Seram Bagian Timur,294854.8014315216,PLTMH,30.0,Tahalupu,2014,224709.0047539067,GI 150 kV PLTMG Ambon Peaker,0.0,150 kV,Operasi,39865.318659180986,PLTD Werinama,0.7000000000000001,PLTD,HSD,True,3.88050008,0.15910099000000003,-3.464296618972006,130.35892599302178
81.05.03.2002,22,0.23377358595936443,3,0.5840920110974973,0.13636363636363635,8832.04705882353,dark_settled,Hatuimeten,Werinama,Seram Bagian Timur,2720.8842437565754,0,Mikro Hidro Kelas B (PLTMH),Hatumeiten,Seram Bagian Timur,283747.46490415715,PLTMH,30.0,Tahalupu,2014,214457.01524946053,GI 150 kV PLTMG Ambon Peaker,0.0,150 kV,Operasi,29769.70284658974,PLTD Werinama,0.7000000000000001,PLTD,HSD,True,3.89350009,0.15963399000000003,-3.4071420903206717,130.2630221802056
81.05.03.2003,22,0.2131214172735239,3,0.6072164224340001,0.13636363636363635,63927.42745098039,dark_settled,Werinama,Werinama,Seram Bagian Timur,109.2580618474807,0,Mikro Hidro Kelas D (PLTMH),Werinama,Seram Bagian Timur,273858.572349483,PLTMH,30.0,Tahalupu,2014,204967.57998717696,GI 150 kV PLTMG Ambon Peaker,0.0,150 kV,Operasi,21183.449687064924,PLTD Werinama,0.7000000000000001,PLTD,HSD,True,4.0625,0.16656201,-3.3836133767741883,130.17527691136158
81.05.03.2004,22,0.23157107662565712,4,0.6118571991173076,0.18181818181818182,27831.447058823527,intermittent,Bemo,Werinama,Seram Bagian Timur,6761.433044624832,0,Mikro Hidro Kelas A (PLTMH),Bemo,Seram Bagian Timur,262618.3433605523,PLTMH,30.0,Tahalupu,2014,192832.5252143695,GI 150 kV PLTMG Ambon Peaker,0.0,150 kV,Operasi,8142.185407856639,PLTD Werinama,0.7000000000000001,PLTD,HSD,True,4.17299986,0.17109300000000002,-3.4366331782427157,130.0698045558926
81.05.03.2015,22,0.22875783688404813,3,0.5988931876529081,0.13636363636363635,12864.38431372549,dark_settled,Tum,Werinama,Seram Bagian Timur,4657.2881180312215,0,Mikro Hidro Kelas A (PLTMH),Mising,Seram Bagian Timur,300331.5279991693,PLTMH,30.0,Tahalupu,2014,228420.62475895518,GI 150 kV PLTMG Ambon Peaker,0.0,150 kV,Operasi,46341.236126355885,PLTD Werinama,0.7000000000000001,PLTD,HSD,True,4.49800014,0.18441799,-3.596544543914178,130.39378260077288
81.05.03.2016,22,0.20302075873027658,3,0.6064802121690591,0.13636363636363635,15385.478431372549,dark_settled,Gusalaut,Werinama,Seram Bagian Timur,6664.529973234944,0,Mikro Hidro Kelas B (PLTMH),Osong,Seram Bagian Timur,294998.5065377468,PLTMH,30.0,Tahalupu,2014,223323.52193264273,GI 150 kV PLTMG Ambon Peaker,0.0,150 kV,Operasi,40770.05110298186,PLTD Werinama,0.7000000000000001,PLTD,HSD,True,4.53049994,0.18574999,-3.5747161975050785,130.3482100551403
81.05.03.2017,22,0.20923429162179286,3,0.6277467477547484,0.13636363636363635,0.0,data_gap,Osong,Werinama,Seram Bagian Timur,2374.683470821993,0,Mikro Hidro Kelas B (PLTMH),Osong,Seram Bagian Timur,292624.4751757855,PLTMH,30.0,Tahalupu,2014,221597.0959874242,GI 150 kV PLTMG Ambon Peaker,0.0,150 kV,Operasi,37683.58107912149,PLTD Werinama,0.7000000000000001,PLTD,HSD,True,4.32250023,0.177223,-3.5255802470980226,130.33261281576532
81.05.03.2018,22,0.22289562894482695,2,0.6080896687670047,0.09090909090909091,11373.4,dark_settled,Tobo,Werinama,Seram Bagian Timur,3591.4790814623134,0,Mikro Hidro Kelas A (PLTMH),Osong,Seram Bagian Timur,286705.1227262995,PLTMH,30.0,Tahalupu,2014,215384.9502194379,GI 150 kV PLTMG Ambon Peaker,0.0,150 kV,Operasi,32170.22548883596,PLTD Werinama,0.7000000000000001,PLTD,HSD,True,4.4460001,0.18228599,-3.54373915663566,130.27679422812497
81.05.03.2021,22,0.2311605566227225,3,0.5936389540558163,0.13636363636363635,21560.67450980392,dark_settled,Bemo Perak,Werinama,Seram Bagian Timur,2995.721678100605,0,Mikro Hidro Kelas C (PLTMH),Atiahu,Seram Bagian Timur,261508.09806570387,PLTMH,30.0,Tahalupu,2014,192310.7800273251,GI 150 kV PLTMG Ambon Peaker,0.0,150 kV,Operasi,9333.39400693354,PLTD Werinama,0.7000000000000001,PLTD,HSD,True,4.12750006,0.16922700000000002,-3.4025754167102025,130.06249027183875
81.05.03.2022,22,0.22766630072963784,3,0.6274037146522548,0.13636363636363635,0.0,data_gap,Funa Naibaya,Werinama,Seram Bagian Timur,6861.398641171285,0,Mikro Hidro Kelas A (PLTMH),Hatumeiten,Seram Bagian Timur,283157.2222908472,PLTMH,30.0,Tahalupu,2014,212765.86476247953,GI 150 kV PLTMG Ambon Peaker,0.0,150 kV,Operasi,28055.720417546523,PLTD Werinama,0.7000000000000001,PLTD,HSD,True,4.146999839999999,0.170027,-3.478225003917461,130.2518018644869
81.05.04.2001,22,0.24981430157619736,9,0.7240673326496551,0.4090909090909091,16973.780392156867,intermittent,Kataloka,Pulau Gorom,Seram Bagian Timur,71168.92321029285,0,Mikro Hidro Kelas A (PLTMH),Keta Rumadan,Seram Bagian Timur,208158.99060077092,PLTS Terpusat,30.0,Kaimer,2016,328068.16499910876,GI 150 kV PLTMG Sorong,0.0,150 kV,Operasi,3914.453478635501,PLTD Ondor,1.8,PLTD,HSD,False,,,-3.968470886565807,131.36867675094533
81.05.04.2003,22,0.25696737101871503,5,0.7037692068472685,0.22727272727272727,113621.23137254902,intermittent,Amarsekaru,Pulau Gorom,Seram Bagian Timur,74093.64761399303,0,Mikro Hidro Kelas A (PLTMH),Keta Rumadan,Seram Bagian Timur,197142.1236786296,PLTS Terpusat,30.0,Kaimer,2016,337614.286528128,GI 150 kV PLTMG Ambon Peaker,0.0,150 kV,Operasi,3297.620001705687,PLTD Amarsekaru,0.36000000000000004,PLTD,HSD,True,4.65399981,0.19081399999999998,-4.11434038362267,131.32603775246156
81.05.04.2004,22,0.38202906751509125,12,0.7127014642473383,0.5454545454545454,36347.686274509804,intermittent,Ondor,Pulau Gorom,Seram Bagian Timur,74408.7846706028,0,Mikro Hidro Kelas A (PLTMH),Keta Rumadan,Seram Bagian Timur,204794.93276452884,PLTS Terpusat,30.0,Kaimer,2016,330552.1261723616,GI 150 kV PLTMG Sorong,0.0,150 kV,Operasi,1504.5826701435199,PLTD Ondor,1.8,PLTD,HSD,True,4.64099979,0.190281,-3.9897891739156157,131.3919558408668
81.05.04.2005,22,0.3390070933082426,14,0.6374610868081034,0.6363636363636364,16947.486274509803,intermittent,Day,Pulau Gorom,Seram Bagian Timur,76238.85141466258,0,Mikro Hidro Kelas A (PLTMH),Keta Rumadan,Seram Bagian Timur,202332.63493467154,PLTS Terpusat,30.0,Kaimer,2016,332814.01162451605,GI 150 kV PLTMG Sorong,0.0,150 kV,Operasi,2282.893441327299,PLTD Ondor,1.8,PLTD,HSD,True,4.63450003,0.190014,-4.009658123001835,131.40190845524404
81.05.04.2006,22,0.2877496946166326,10,0.6602489415939169,0.45454545454545453,11790.07450980392,intermittent,Mida,Pulau Gorom,Seram Bagian Timur,81435.95916703092,0,Mikro Hidro Kelas A (PLTMH),Keta Rumadan,Seram Bagian Timur,195609.24159080646,PLTS Terpusat,30.0,Kaimer,2016,338983.1857356713,GI 150 kV PLTMG Sorong,0.0,150 kV,Operasi,8687.92780985568,PLTD Ondor,1.8,PLTD,HSD,True,4.65399981,0.19081399999999998,-4.063691839997363,131.42946552120182
81.05.04.2021,22,0.21736156540830803,6,0.7704362535412126,0.2727272727272727,0.0,data_gap,Loko,Pulau Gorom,Seram Bagian Timur,77534.00111799898,0,Mikro Hidro Kelas A (PLTMH),Keta Rumadan,Seram Bagian Timur,194370.46041780972,PLTS Terpusat,30.0,Kaimer,2016,341181.2104989531,GI 150 kV PLTMG Ambon Peaker,0.0,150 kV,Operasi,6192.055355367354,PLTD Amarsekaru,0.36000000000000004,PLTD,HSD,True,4.65399981,0.19081399999999998,-4.123286715230814,131.3570762341998
81.05.04.2022,22,0.1936867066533557,5,0.7683170088483017,0.22727272727272727,0.0,data_gap,Sera,Pulau Gorom,Seram Bagian Timur,83042.84554713333,0,Mikro Hidro Kelas A (PLTMH),Keta Rumadan,Seram Bagian Timur,188505.36683202715,PLTS Terpusat,30.0,Kaimer,2016,345546.48002654506,GI 150 kV PLTMG Ambon Peaker,0.0,150 kV,Operasi,11996.797409344794,PLTD Amarsekaru,0.36000000000000004,PLTD,HSD,True,4.66699982,0.191347,-4.165452819014741,131.3889562019882
81.05.04.2023,22,0.31605582725871534,12,0.7293338691334935,0.5454545454545454,5552.560784313726,intermittent,Kulugowa,Pulau Gorom,Seram Bagian Timur,75763.767679873,0,Mikro Hidro Kelas A (PLTMH),Keta Rumadan,Seram Bagian Timur,206351.80630690392,PLTS Terpusat,30.0,Kaimer,2016,327367.8391317485,GI 150 kV PLTMG Sorong,0.0,150 kV,Operasi,5716.827222771749,PLTD Ondor,1.8,PLTD,HSD,True,4.63450003,0.190014,-3.9598825507949424,131.41526355065952
81.05.04.2024,22,0.3369792463811978,12,0.7524729751504008,0.5454545454545454,11440.105882352942,intermittent,Rumeon,Pulau Gorom,Seram Bagian Timur,72655.78035983283,0,Mikro Hidro Kelas A (PLTMH),Keta Rumadan,Seram Bagian Timur,207213.1135354333,PLTS Terpusat,30.0,Kaimer,2016,328328.43171818927,GI 150 kV PLTMG Sorong,0.0,150 kV,Operasi,3358.277017706136,PLTD Ondor,1.8,PLTD,HSD,True,4.63450003,0.190014,-3.970224795768676,131.3822708701773
81.05.04.2031,22,0.33803778680531305,12,0.6861558790046907,0.5454545454545454,3696.062745098039,intermittent,Kelibingan,Pulau Gorom,Seram Bagian Timur,77436.60763191275,0,Mikro Hidro Kelas A (PLTMH),Keta Rumadan,Seram Bagian Timur,200351.52085208087,PLTS Terpusat,30.0,Kaimer,2016,334878.0027041743,GI 150 kV PLTMG Sorong,0.0,150 kV,Operasi,3952.888053172243,PLTD Ondor,1.8,PLTD,HSD,True,4.64099979,0.190281,-4.028034514772932,131.40595640995897
81.05.04.2032,22,0.24175298776957455,8,0.7162026057053631,0.36363636363636365,9335.588235294117,intermittent,Ilili,Pulau Gorom,Seram Bagian Timur,80833.55547346902,0,Mikro Hidro Kelas A (PLTMH),Keta Rumadan,Seram Bagian Timur,195683.13761028764,PLTS Terpusat,30.0,Kaimer,2016,339379.0154088227,GI 150 kV PLTMG Sorong,0.0,150 kV,Operasi,8591.3445132882,PLTD Ondor,1.8,PLTD,HSD,True,4.65399981,0.19081399999999998,-4.067719446475307,131.42155137774674
81.05.04.2042,22,0.39681286085941636,14,0.7641685517571419,0.6363636363636364,4409.956862745097,intermittent,Namalean,Pulau Gorom,Seram Bagian Timur,75521.79345039329,0,Mikro Hidro Kelas A (PLTMH),Keta Rumadan,Seram Bagian Timur,206857.20746660663,PLTS Terpusat,30.0,Kaimer,2016,326830.6039057651,GI 150 kV PLTMG Sorong,0.0,150 kV,Operasi,6096.686553193345,PLTD Ondor,1.8,PLTD,HSD,True,4.64750004,0.190547,-3.955087576479751,131.41448397935486
81.05.04.2043,22,0.6394677658987487,17,0.9341877525482937,0.7727272727272727,44450.39607843137,intermittent,Dulak,Pulau Gorom,Seram Bagian Timur,74381.50107094698,0,Mikro Hidro Kelas A (PLTMH),Keta Rumadan,Seram Bagian Timur,204064.29884172772,PLTS Terpusat,30.0,Kaimer,2016,331664.39232971676,GI 150 kV PLTMG Sorong,0.0,150 kV,Operasi,468.0761994589103,PLTD Ondor,1.8,PLTD,HSD,True,4.64099979,0.190281,-4.000004882928231,131.38774016079464
81.05.04.2044,22,0.33290244155540705,13,0.723385190810119,0.5909090909090909,0.0,data_gap,Kilalir Kilwouw,Pulau Gorom,Seram Bagian Timur,75350.23835057188,0,Mikro Hidro Kelas A (PLTMH),Keta Rumadan,Seram Bagian Timur,202738.71931809917,PLTS Terpusat,30.0,Kaimer,2016,332902.95766351395,GI 150 kV PLTMG Sorong,0.0,150 kV,Operasi,1552.9808473019427,PLTD Ondor,1.8,PLTD,HSD,True,4.63450003,0.190014,-4.0109171199540645,131.39275103612127
81.05.04.2045,22,0.3521746483261455,14,0.6110993800525781,0.6363636363636364,103.5921568627451,data_gap,Kilotak,Pulau Gorom,Seram Bagian Timur,75602.45162990398,0,Mikro Hidro Kelas A (PLTMH),Keta Rumadan,Seram Bagian Timur,202361.91066713093,PLTS Terpusat,30.0,Kaimer,2016,333275.5792760677,GI 150 kV PLTMG Sorong,0.0,150 kV,Operasi,1915.3016255813423,PLTD Ondor,1.8,PLTD,HSD,True,4.63450003,0.190014,-4.014218874669499,131.39384669706607
81.05.04.2046,22,0.4304271774673925,14,0.7720999201222648,0.6363636363636364,435.34117647058827,data_gap,Kilean,Pulau Gorom,Seram Bagian Timur,75096.01639789308,0,Mikro Hidro Kelas A (PLTMH),Keta Rumadan,Seram Bagian Timur,203108.05850160745,PLTS Terpusat,30.0,Kaimer,2016,332544.30390938383,GI 150 kV PLTMG Sorong,0.0,150 kV,Operasi,1208.7200262669903,PLTD Ondor,1.8,PLTD,HSD,True,4.63450003,0.190014,-4.007744846400398,131.3915721108557
81.05.04.2047,22,0.37047618845430746,15,0.6587032678931946,0.6818181818181818,12234.760784313725,intermittent,Kaforing,Pulau Gorom,Seram Bagian Timur,76843.82097684339,0,Mikro Hidro Kelas A (PLTMH),Keta Rumadan,Seram Bagian Timur,201247.58973162636,PLTS Terpusat,30.0,Kaimer,2016,333980.97401977546,GI 150 kV PLTMG Sorong,0.0,150 kV,Operasi,3115.1104944501367,PLTD Ondor,1.8,PLTD,HSD,True,4.63450003,0.190014,-4.0200834545541015,131.40352267472866
81.05.04.2048,22,0.3102507480138669,12,0.7124931025208155,0.5454545454545454,28443.054901960786,intermittent,Arewang,Pulau Gorom,Seram Bagian Timur,78689.62479310711,0,Mikro Hidro Kelas A (PLTMH),Keta Rumadan,Seram Bagian Timur,198370.6892156343,PLTS Terpusat,30.0,Kaimer,2016,336930.39899771975,GI 150 kV PLTMG Sorong,0.0,150 kV,Operasi,5899.821837688857,PLTD Ondor,1.8,PLTD,HSD,True,4.64750004,0.190547,-4.046290932556734,131.41023585099484
81.05.04.2049,22,0.3054419205232401,13,0.7050736878804025,0.5909090909090909,431.04705882352937,data_gap,Usun Kataloka,Pulau Gorom,Seram Bagian Timur,75826.24772211107,0,Mikro Hidro Kelas A (PLTMH),Keta Rumadan,Seram Bagian Timur,206118.011163551,PLTS Terpusat,30.0,Kaimer,2016,327650.12838731206,GI 150 kV PLTMG Sorong,0.0,150 kV,Operasi,5479.644416035609,PLTD Ondor,1.8,PLTD,HSD,True,4.63450003,0.190014,-3.962438219203244,131.41503769788747
81.05.04.2050,22,0.3304373208140145,12,0.7404515964233611,0.5454545454545454,1015.3098039215686,data_gap,Buan Kataloka,Pulau Gorom,Seram Bagian Timur,76002.32222112131,0,Mikro Hidro Kelas A (PLTMH),Keta Rumadan,Seram Bagian Timur,205844.16936800434,PLTS Terpusat,30.0,Kaimer,2016,327912.7837378911,GI 150 kV PLTMG Sorong,0.0,150 kV,Operasi,5352.032705373347,PLTD Ondor,1.8,PLTD,HSD,True,4.63450003,0.190014,-3.964751773714003,131.4159575391124
81.05.04.2051,22,0.42140297516068415,15,0.7774013021123247,0.6818181818181818,4556.164705882353,intermittent,Rumanama Kotawouw Kataloka,Pulau Gorom,Seram Bagian Timur,76192.11866807862,0,Mikro Hidro Kelas A (PLTMH),Keta Rumadan,Seram Bagian Timur,205582.86949258507,PLTS Terpusat,30.0,Kaimer,2016,328149.183502563,GI 150 kV PLTMG Sorong,0.0,150 kV,Operasi,5271.650539919359,PLTD Ondor,1.8,PLTD,HSD,True,4.63450003,0.190014,-3.9668167828488796,131.41708330149865
81.05.04.2052,22,0.45284090364690527,14,0.7505816416243069,0.6363636363636364,38074.596078431365,intermittent,Sikaro Kataloka,Pulau Gorom,Seram Bagian Timur,75348.33923581339,0,Mikro Hidro Kelas A (PLTMH),Keta Rumadan,Seram Bagian Timur,207215.73358336336,PLTS Terpusat,30.0,Kaimer,2016,326452.04674996,GI 150 kV PLTMG Sorong,0.0,150 kV,Operasi,6375.307268680697,PLTD Ondor,1.8,PLTD,HSD,True,4.64750004,0.190547,-3.95171140829553,131.4138885699506
81.05.04.2053,22,0.27875328348983763,10,0.7712093902711198,0.45454545454545453,1005.5294117647059,data_gap,Aroa Kataloka,Pulau Gorom,Seram Bagian Timur,74124.99983158025,0,Mikro Hidro Kelas A (PLTMH),Keta Rumadan,Seram Bagian Timur,207304.59573322636,PLTS Terpusat,30.0,Kaimer,2016,327148.72084725887,GI 150 kV PLTMG Sorong,0.0,150 kV,Operasi,4984.981319638548,PLTD Ondor,1.8,PLTD,HSD,True,4.64099979,0.190281,-3.958732914556772,131.40012207397245
81.05.04.2054,22,0.29077332628728747,11,0.6817688982372317,0.5,2922.41568627451,intermittent,Dada Kataloka,Pulau Gorom,Seram Bagian Timur,73359.6789761301,0,Mikro Hidro Kelas A (PLTMH),Keta Rumadan,Seram Bagian Timur,207206.07034642017,PLTS Terpusat,30.0,Kaimer,2016,327825.34269656404,GI 150 kV PLTMG Sorong,0.0,150 kV,Operasi,3982.6185518557686,PLTD Ondor,1.8,PLTD,HSD,True,4.63450003,0.190014,-3.965299442989475,131.3906819854675
81.05.05.2001,22,0.2138239865385669,4,0.63523169721854,0.18181818181818182,5010.094117647059,intermittent,Ilili,Wakate,Seram Bagian Timur,114734.95914417293,0,Mikro Hidro Kelas A (PLTMH),Keta Rumadan,Seram Bagian Timur,156325.22225169433,PLTS Terpusat,30.0,Kaimer,2016,371952.67337457015,GI 150 kV PLTMG Ambon Peaker,0.0,150 kV,Operasi,17126.88588307653,PLTD Kesui,0.3,PLTD,HSD,True,4.699500080000001,0.19268000000000002,-4.384437726599215,131.5830950089477
81.05.05.2002,22,0.23963843466951124,6,0.6342906464144492,0.2727272727272727,6559.094117647059,intermittent,Effa,Wakate,Seram Bagian Timur,117172.87380654294,0,Mikro Hidro Kelas A (PLTMH),Keta Rumadan,Seram Bagian Timur,153756.00438950607,PLTS Terpusat,30.0,Kaimer,2016,373868.0521065005,GI 150 kV PLTMG Ambon Peaker,0.0,150 kV,Operasi,14567.448676958496,PLTD Kesui,0.3,PLTD,HSD,True,4.69299984,0.19241300000000003,-4.403658652225514,131.59596327843107
81.05.05.2003,22,0.28104922030642243,11,0.6854782743950124,0.5,8114.866666666667,intermittent,Lahema,Wakate,Seram Bagian Timur,118393.58073648771,0,Mikro Hidro Kelas A (PLTMH),Keta Rumadan,Seram Bagian Timur,152507.94307144696,PLTS Terpusat,30.0,Kaimer,2016,374872.25689703994,GI 150 kV PLTMG Ambon Peaker,0.0,150 kV,Operasi,13312.821517094595,PLTD Kesui,0.3,PLTD,HSD,True,4.69299984,0.19241300000000003,-4.412489095603885,131.60300962889042
81.05.05.2004,22,0.23452088070603522,6,0.5896315971828675,0.2727272727272727,16724.41568627451,intermittent,Utta,Wakate,Seram Bagian Timur,122277.12844230066,0,Mikro Hidro Kelas A (PLTMH),Keta Rumadan,Seram Bagian Timur,148476.81632971938,PLTS Terpusat,30.0,Kaimer,2016,377991.6966573326,GI 150 kV PLTMG Ambon Peaker,0.0,150 kV,Operasi,9287.387594008065,PLTD Kesui,0.3,PLTD,HSD,True,4.67999983,0.19188,-4.44197937358122,131.62425340468587
81.05.05.2005,22,0.25622246141982363,8,0.6572780395569179,0.36363636363636365,10519.454901960784,intermittent,Kelangan,Wakate,Seram Bagian Timur,130054.15656491855,0,Mikro Hidro Kelas A (PLTMH),Keta Rumadan,Seram Bagian Timur,140164.6792088529,PLTS Terpusat,30.0,Kaimer,2016,383906.597644218,GI 150 kV PLTMG Ambon Peaker,0.0,150 kV,Operasi,1967.7584879882147,PLTD Kesui,0.3,PLTD,HSD,True,4.66699982,0.191347,-4.506954024537521,131.66151118791404
81.05.05.2006,22,0.2406139097573742,7,0.5854316568303847,0.3181818181818182,20169.09803921569,intermittent,Amarlaut,Wakate,Seram Bagian Timur,125812.45142662243,0,Mikro Hidro Kelas A (PLTMH),Keta Rumadan,Seram Bagian Timur,144721.18536895412,PLTS Terpusat,30.0,Kaimer,2016,380717.87663946114,GI 150 kV PLTMG Ambon Peaker,0.0,150 kV,Operasi,5620.561368373146,PLTD Kesui,0.3,PLTD,HSD,True,4.66699982,0.191347,-4.470866228914485,131.64182416001285
81.05.05.2007,22,0.23189214160716948,6,0.6597284339761413,0.2727272727272727,0.0,data_gap,Tamher Warat,Wakate,Seram Bagian Timur,129211.11460026911,0,Mikro Hidro Kelas A (PLTMH),Keta Rumadan,Seram Bagian Timur,140920.07387170225,PLTS Terpusat,30.0,Kaimer,2016,383067.9857953188,GI 150 kV PLTMG Ambon Peaker,0.0,150 kV,Operasi,2718.119033679625,PLTD Kesui,0.3,PLTD,HSD,True,4.66699982,0.191347,-4.503236475717644,131.65470926289356
81.05.05.2008,22,0.30218397132124536,13,0.6049343183343511,0.5909090909090909,19502.55294117647,intermittent,Tamher Timur,Wakate,Seram Bagian Timur,131591.54691598358,0,Mikro Hidro Kelas A (PLTMH),Keta Rumadan,Seram Bagian Timur,138801.52806399396,PLTS Terpusat,30.0,Kaimer,2016,385449.8917256398,GI 150 kV PLTMG Ambon Peaker,0.0,150 kV,Operasi,1090.9068827413564,PLTD Kesui,0.3,PLTD,HSD,True,4.673500059999999,0.19161300000000003,-4.513487191849173,131.67411538424818
81.05.05.2010,22,0.23443495431313374,5,0.7009149314203644,0.22727272727272727,3093.043137254902,intermittent,Wunin Eldedora,Wakate,Seram Bagian Timur,132726.36491778886,0,Mikro Hidro Kelas A (PLTMH),Keta Rumadan,Seram Bagian Timur,137312.11748107374,PLTS Terpusat,30.0,Kaimer,2016,385929.38971958513,GI 150 kV PLTMG Ambon Peaker,0.0,150 kV,Operasi,2772.7600971061834,PLTD Kesui,0.3,PLTD,HSD,True,4.673500059999999,0.19161300000000003,-4.529459143774952,131.6739793853069
81.05.05.2011,22,0.2442334019703297,5,0.576810983057379,0.22727272727272727,3952.521568627451,intermittent,Keldor,Wakate,Seram Bagian Timur,128017.34654594773,0,Mikro Hidro Kelas A (PLTMH),Keta Rumadan,Seram Bagian Timur,142330.33270650567,PLTS Terpusat,30.0,Kaimer,2016,382348.35499806027,GI 150 kV PLTMG Ambon Peaker,0.0,150 kV,Operasi,3469.3248630677704,PLTD Kesui,0.3,PLTD,HSD,True,4.66699982,0.191347,-4.490086474292414,131.6517060723241
81.05.05.2021,22,0.3340450297978882,13,0.6660443728464752,0.5909090909090909,20559.992156862747,intermittent,Tanah Baru,Wakate,Seram Bagian Timur,129807.6535523871,0,Mikro Hidro Kelas A (PLTMH),Keta Rumadan,Seram Bagian Timur,140841.74277587497,PLTS Terpusat,30.0,Kaimer,2016,384264.0870345136,GI 150 kV PLTMG Ambon Peaker,0.0,150 kV,Operasi,1616.9711151432186,PLTD Kesui,0.3,PLTD,HSD,True,4.66699982,0.191347,-4.495572712733889,131.66810973405032
81.05.05.2022,22,0.22377105822234727,6,0.6612540353387915,0.2727272727272727,3280.356862745098,intermittent,Guliar,Wakate,Seram Bagian Timur,127115.67466606875,0,Mikro Hidro Kelas A (PLTMH),Keta Rumadan,Seram Bagian Timur,143626.6749999767,PLTS Terpusat,30.0,Kaimer,2016,382091.03211867105,GI 150 kV PLTMG Ambon Peaker,0.0,150 kV,Operasi,4377.4209548205,PLTD Kesui,0.3,PLTD,HSD,True,4.66699982,0.191347,-4.475154346448183,131.65348570302837
81.05.05.2023,22,0.2367494472781858,3,0.5502413225186562,0.13636363636363635,3881.0,dark_settled,Karlomin,Wakate,Seram Bagian Timur,134197.50127479224,0,Mikro Hidro Kelas A (PLTMH),Keta Rumadan,Seram Bagian Timur,135648.67590691274,PLTS Terpusat,30.0,Kaimer,2016,386903.6227647705,GI 150 kV PLTMG Ambon Peaker,0.0,150 kV,Operasi,4347.049274978886,PLTD Kesui,0.3,PLTD,HSD,False,,,-4.5441563550002835,131.6788063852392
81.05.05.2024,22,0.22950635519745324,6,0.6065385509776131,0.2727272727272727,10575.0,intermittent,Otademan,Wakate,Seram Bagian Timur,131571.4179542432,0,Mikro Hidro Kelas A (PLTMH),Keta Rumadan,Seram Bagian Timur,138179.22031038863,PLTS Terpusat,30.0,Kaimer,2016,384524.07281708496,GI 150 kV PLTMG Ambon Peaker,0.0,150 kV,Operasi,3292.339757444135,PLTD Kesui,0.3,PLTD,HSD,True,4.66699982,0.191347,-4.528526567082164,131.66104415810923
81.05.05.2025,22,0.2795824989469104,10,0.6252929191351049,0.45454545454545453,1508.4941176470588,data_gap,Kurwara,Wakate,Seram Bagian Timur,127816.4372553109,0,Mikro Hidro Kelas A (PLTMH),Keta Rumadan,Seram Bagian Timur,142807.0398636787,PLTS Terpusat,30.0,Kaimer,2016,382537.3333280355,GI 150 kV PLTMG Ambon Peaker,0.0,150 kV,Operasi,3618.583632908015,PLTD Kesui,0.3,PLTD,HSD,True,4.66699982,0.191347,-4.482537464800105,131.65560277707817
81.05.05.2026,22,0.24947886712534328,8,0.5713388841167412,0.36363636363636365,132.6,data_gap,Kilbutak,Wakate,Seram Bagian Timur,133413.3189044675,0,Mikro Hidro Kelas A (PLTMH),Keta Rumadan,Seram Bagian Timur,136686.89833761408,PLTS Terpusat,30.0,Kaimer,2016,386601.475082795,GI 150 kV PLTMG Ambon Peaker,0.0,150 kV,Operasi,3074.22692989144,PLTD Kesui,0.3,PLTD,HSD,True,4.673500059999999,0.19161300000000003,-4.532710591638293,131.6793430032177
81.05.05.2027,22,0.21843749718167466,7,0.7265955408007104,0.3181818181818182,0.0,data_gap,Ruma Durun,Wakate,Seram Bagian Timur,129638.35743298693,0,Mikro Hidro Kelas A (PLTMH),Keta Rumadan,Seram Bagian Timur,140786.42589936362,PLTS Terpusat,30.0,Kaimer,2016,383829.7814614119,GI 150 kV PLTMG Ambon Peaker,0.0,150 kV,Operasi,1904.0241847210793,PLTD Kesui,0.3,PLTD,HSD,True,4.66699982,0.191347,-4.499408783142713,131.66294848651725
81.05.05.2028,22,0.27556574054523914,10,0.5671515556237595,0.45454545454545453,11791.007843137255,intermittent,Tana Soa,Wakate,Seram Bagian Timur,130519.34433986865,0,Mikro Hidro Kelas A (PLTMH),Keta Rumadan,Seram Bagian Timur,139498.7918202999,PLTS Terpusat,30.0,Kaimer,2016,384021.59934698074,GI 150 kV PLTMG Ambon Peaker,0.0,150 kV,Operasi,2355.095880432911,PLTD Kesui,0.3,PLTD,HSD,True,4.66699982,0.191347,-4.514842667692348,131.66031527878374
81.05.06.2001,22,0.2508643601281326,5,0.6420968980406746,0.22727272727272727,33306.48627450981,intermittent,Danama,Tutuk Tolu,Seram Bagian Timur,4663.894822789039,0,Mikro Hidro Kelas A (PLTMH),Rumfakar,Seram Bagian Timur,273432.0743616439,PLTS Terpusat,30.0,Kaimer,2016,277766.4781876643,GI 150 kV PLTMG Ambon Peaker,0.0,150 kV,Operasi,3249.600498165855,PLTD Kiandarat,1.8,PLTD,HSD,True,4.36800003,0.17908800000000002,-3.620827210077016,130.83797838693138
81.05.06.2002,22,0.22725632537636853,4,0.5408568342788549,0.18181818181818182,18463.756862745096,intermittent,Kilmoy,Tutuk Tolu,Seram Bagian Timur,3064.325479750003,0,Mikro Hidro Kelas A (PLTMH),Kilmoy,Seram Bagian Timur,276899.9309721658,PLTS Terpusat,30.0,Kaimer,2016,269940.3147079007,GI 150 kV PLTMG Ambon Peaker,0.0,150 kV,Operasi,10681.155772995959,PLTD Kiandarat,1.8,PLTD,HSD,True,4.12750006,0.16922700000000002,-3.637163681935006,130.76691468661485
81.05.06.2003,22,0.237991031030934,4,0.5533040608811814,0.18181818181818182,22578.83137254902,intermittent,Kilbat,Tutuk Tolu,Seram Bagian Timur,3951.1731506195406,0,Mikro Hidro Kelas A (PLTMH),Airkasar,Seram Bagian Timur,279303.3692396622,PLTS Terpusat,30.0,Kaimer,2016,272409.8465638782,GI 150 kV PLTMG Ambon Peaker,0.0,150 kV,Operasi,9496.680639521372,PLTD Kiandarat,1.8,PLTD,HSD,True,4.1079998,0.16842800000000002,-3.5908844008449092,130.79033930021856
81.05.06.2004,22,0.2248850990443208,5,0.5660733855264733,0.22727272727272727,16375.95294117647,intermittent,Sesar,Tutuk Tolu,Seram Bagian Timur,2704.1937348837064,0,Mikro Hidro Kelas A (PLTMH),Airkasar,Seram Bagian Timur,279836.15281063685,PLTS Terpusat,30.0,Kaimer,2016,273078.01803145313,GI 150 kV PLTMG Ambon Peaker,0.0,150 kV,Operasi,9649.127074700473,PLTD Kiandarat,1.8,PLTD,HSD,True,4.1015000299999995,0.168161,-3.5800234687710843,130.79650513082586
81.05.06.2005,22,0.22748746172837284,4,0.5844770174939756,0.18181818181818182,8386.235294117647,intermittent,Airkasar,Tutuk Tolu,Seram Bagian Timur,3206.0298065463785,0,Mikro Hidro Kelas A (PLTMH),Airkasar,Seram Bagian Timur,281205.7396380608,PLTS Terpusat,30.0,Kaimer,2016,272243.63585268747,GI 150 kV PLTMG Ambon Peaker,0.0,150 kV,Operasi,10987.89241058809,PLTD Kiandarat,1.8,PLTD,HSD,True,4.09499979,0.16789500000000002,-3.570187170640639,130.78907572414371
81.05.06.2006,22,0.21654439961536676,4,0.6246147472069108,0.18181818181818182,24038.105882352942,intermittent,Waras-Waras,Tutuk Tolu,Seram Bagian Timur,3239.602000836224,0,Mikro Hidro Kelas A (PLTMH),Airkasar,Seram Bagian Timur,282472.5847749975,PLTS Terpusat,30.0,Kaimer,2016,272729.7831132267,GI 150 kV PLTMG Ambon Peaker,0.0,150 kV,Operasi,12067.88599562193,PLTD Kiandarat,1.8,PLTD,HSD,True,4.12750006,0.16922700000000002,-3.5523946812905876,130.7935175358045
81.05.06.2007,22,0.22756097544022144,4,0.5180647873427676,0.18181818181818182,12893.64705882353,intermittent,Gah,Tutuk Tolu,Seram Bagian Timur,4483.174625073934,0,Mikro Hidro Kelas A (PLTMH),Kilbon Kway,Seram Bagian Timur,292919.6434110479,PLTS Terpusat,30.0,Kaimer,2016,259950.14801464972,GI 150 kV PLTMG Ambon Peaker,0.0,150 kV,Operasi,24025.134954347082,PLTD Kiandarat,1.8,PLTD,HSD,True,3.9195001100000004,0.16069999000000001,-3.5234892266767037,130.67818513010246
81.05.06.2008,22,0.27233742329697674,9,0.7424213013054832,0.4090909090909091,17594.027450980393,intermittent,Walang Tenga,Tutuk Tolu,Seram Bagian Timur,3826.458266337414,0,Mikro Hidro Kelas A (PLTMH),Rumfakar,Seram Bagian Timur,271871.11463519454,PLTS Terpusat,30.0,Kaimer,2016,277719.52287133015,GI 150 kV PLTMG Ambon Peaker,0.0,150 kV,Operasi,2931.877412534031,PLTD Kiandarat,1.8,PLTD,HSD,True,4.38100004,0.179621,-3.639344512062425,130.83698242483618
81.05.06.2009,22,0.22547960380557303,4,0.6213693697703758,0.18181818181818182,0.0,data_gap,Bati Kilwouw,Tutuk Tolu,Seram Bagian Timur,4130.329225716631,0,Mikro Hidro Kelas A (PLTMH),Airkasar,Seram Bagian Timur,275812.3307126246,PLTS Terpusat,30.0,Kaimer,2016,276084.9828051589,GI 150 kV PLTMG Ambon Peaker,0.0,150 kV,Operasi,5587.910868987618,PLTD Kiandarat,1.8,PLTD,HSD,True,4.25099993,0.17429100000000003,-3.605167929022194,130.82319982174562
81.05.06.2010,22,0.30011788551526086,11,0.5850340136559312,0.5,30713.066666666666,intermittent,Taruy,Tutuk Tolu,Seram Bagian Timur,7461.3450419714945,0,Mikro Hidro Kelas A (PLTMH),Airkasar,Seram Bagian Timur,272139.661964545,PLTS Terpusat,30.0,Kaimer,2016,281214.1927871997,GI 150 kV PLTMG Ambon Peaker,0.0,150 kV,Operasi,2761.399177954324,PLTD Kiandarat,1.8,PLTD,HSD,True,4.36800003,0.17908800000000002,-3.611681628956629,130.86928659767264
81.05.06.2011,22,0.20829205640881474,4,0.6461432275571056,0.18181818181818182,12806.831372549019,intermittent,Kufar,Tutuk Tolu,Seram Bagian Timur,10773.619413770663,0,Mikro Hidro Kelas A (PLTMH),Airkasar,Seram Bagian Timur,289620.05787876365,PLTS Terpusat,30.0,Kaimer,2016,272213.62143733323,GI 150 kV PLTMG Ambon Peaker,0.0,150 kV,Operasi,19606.442130094845,PLTD Kiandarat,1.8,PLTD,HSD,True,4.329,0.177489,-3.4763319565527633,130.7876688615606
81.05.07.2001,22,0.23908092418543314,4,0.5517721159907258,0.18181818181818182,12179.356862745099,intermittent,Dihil,Siwalalat,Seram Bagian Timur,2621.4902307962607,0,Mikro Hidro Kelas C (PLTMH),Dihil,Seram Bagian Timur,240709.86562454808,PLTMH,30.0,Tahalupu,2014,173649.35288100498,GI 150 kV PLTMG Ambon Peaker,0.0,150 kV,Operasi,10672.23425098922,PLTD Laimu,1.8,PLTD,HSD,True,4.2249999,0.17322500000000002,-3.29912214230109,129.88028729842867
81.05.07.2002,22,0.23802730017821244,4,0.41084485874892573,0.18181818181818182,10691.0,intermittent,Liliama,Siwalalat,Seram Bagian Timur,1529.1498863274783,0,Mikro Hidro Kelas A (PLTMH),Liliama,Seram Bagian Timur,244597.58290248722,PLTMH,30.0,Tahalupu,2014,179097.75216792276,GI 150 kV PLTMG Ambon Peaker,0.0,150 kV,Operasi,18149.261627990047,PLTD Laimu,1.8,PLTD,HSD,True,3.30850005,0.135649,-3.2244279744769004,129.91634226271412
81.05.07.2003,22,0.23906482080348984,4,0.5292430993597169,0.18181818181818182,9753.4,intermittent,Naiwel Ahinulin,Siwalalat,Seram Bagian Timur,4992.106258976696,0,Mikro Hidro Kelas B (PLTMH),Atiahu,Seram Bagian Timur,257569.88691869602,PLTMH,30.0,Tahalupu,2014,189777.63921979902,GI 150 kV PLTMG Ambon Peaker,0.0,150 kV,Operasi,15040.81586240182,PLTD Werinama,0.7000000000000001,PLTD,HSD,True,4.07550001,0.16709501000000002,-3.3269477198951645,130.0312594077013
81.05.07.2004,22,0.24376025739622195,4,0.435852967811337,0.18181818181818182,18516.517647058823,intermittent,Polin,Siwalalat,Seram Bagian Timur,4761.488859962861,0,Mikro Hidro Kelas A (PLTMH),Liliama,Seram Bagian Timur,248214.73407686246,PLTMH,30.0,Tahalupu,2014,182368.29415877574,GI 150 kV PLTMG Ambon Peaker,0.0,150 kV,Operasi,20402.08774405545,PLTD Laimu,1.8,PLTD,HSD,True,3.28250003,0.134583,-3.237047763889326,129.94893060961502
81.05.07.2005,22,0.23760103894778956,4,0.49518157915450517,0.18181818181818182,17183.21568627451,intermittent,Tunsai,Siwalalat,Seram Bagian Timur,5038.10454259878,0,Mikro Hidro Kelas A (PLTMH),Lapela,Seram Bagian Timur,250700.93994805616,PLTMH,30.0,Tahalupu,2014,184474.7592768504,GI 150 kV PLTMG Ambon Peaker,0.0,150 kV,Operasi,21897.8985613007,PLTD Laimu,1.8,PLTD,HSD,True,3.34750009,0.13724799000000001,-3.252880773868795,129.97123411310048
81.05.07.2006,22,0.2273902426143161,4,0.5258713786802065,0.18181818181818182,9037.082352941175,intermittent,Lapela,Siwalalat,Seram Bagian Timur,2628.7608340659126,0,Mikro Hidro Kelas A (PLTMH),Lapela,Seram Bagian Timur,253702.02309954542,PLTMH,30.0,Tahalupu,2014,187430.3465450246,GI 150 kV PLTMG Ambon Peaker,0.0,150 kV,Operasi,22879.531159216167,PLTD Werinama,0.7000000000000001,PLTD,HSD,True,3.37350011,0.13831399,-3.252762107260876,129.99826928248595
81.05.07.2007,22,0.24042355641085017,4,0.536570464217241,0.18181818181818182,6085.4,intermittent,Nayet,Siwalalat,Seram Bagian Timur,1846.2006165599207,0,Mikro Hidro Kelas A (PLTMH),Elnusa,Seram Bagian Timur,250178.17640168808,PLTMH,30.0,Tahalupu,2014,183028.65461485105,GI 150 kV PLTMG Ambon Peaker,0.0,150 kV,Operasi,18253.992107147573,PLTD Werinama,0.7000000000000001,PLTD,HSD,True,3.83500004,0.157235,-3.297932765277835,129.96565404313014
81.05.07.2008,22,0.22564836427209936,4,0.5121119491450759,0.18181818181818182,21368.2,intermittent,Elnusa,Siwalalat,Seram Bagian Timur,1291.911431040753,0,Mikro Hidro Kelas A (PLTMH),Elnusa,Seram Bagian Timur,256168.1277776577,PLTMH,30.0,Tahalupu,2014,189531.30227603027,GI 150 kV PLTMG Ambon Peaker,0.0,150 kV,Operasi,21209.41542651924,PLTD Werinama,0.7000000000000001,PLTD,HSD,True,3.59450006,0.147374,-3.268875326813121,130.02028302882863
81.05.07.2009,22,0.24161050908327272,3,0.49296155984594464,0.13636363636363635,53907.76470588235,dark_settled,Atiahu,Siwalalat,Seram Bagian Timur,1132.728184112332,0,Mikro Hidro Kelas A (PLTMH),Atiahu,Seram Bagian Timur,265303.58220844046,PLTMH,30.0,Tahalupu,2014,197910.11623435677,GI 150 kV PLTMG Ambon Peaker,0.0,150 kV,Operasi,20729.156289692448,PLTD Werinama,0.7000000000000001,PLTD,HSD,True,3.88050008,0.15910099000000003,-3.3023812822725103,130.10183393072236
81.05.07.2010,22,0.24519905299288658,5,0.5448180821908425,0.22727272727272727,7187.0,intermittent,Sabuai,Siwalalat,Seram Bagian Timur,2326.963577203034,0,Mikro Hidro Kelas A (PLTMH),Elnusa,Seram Bagian Timur,249829.79086565974,PLTMH,30.0,Tahalupu,2014,181959.46181204406,GI 150 kV PLTMG Ambon Peaker,0.0,150 kV,Operasi,14486.301723747381,PLTD Werinama,0.7000000000000001,PLTD,HSD,True,4.20550013,0.172426,-3.3340797163393545,129.96115966625226
81.05.07.2011,22,0.24189017087470757,4,0.5525803356972186,0.18181818181818182,10380.811764705883,intermittent,Abulate,Siwalalat,Seram Bagian Timur,5753.239096268896,0,Mikro Hidro Kelas A (PLTMH),Elnusa,Seram Bagian Timur,255123.98556990732,PLTMH,30.0,Tahalupu,2014,187613.34594572106,GI 150 kV PLTMG Ambon Peaker,0.0,150 kV,Operasi,16165.932676406506,PLTD Werinama,0.7000000000000001,PLTD,HSD,True,4.01049995,0.16443001000000002,-3.3134713177584314,130.00972579432886
81.05.07.2012,22,0.2459088826411188,5,0.6777070350104368,0.22727272727272727,9131.0,intermittent,Adabai,Siwalalat,Seram Bagian Timur,5698.626696502614,0,Mikro Hidro Kelas C (PLTMH),Atiahu,Seram Bagian Timur,255042.0181958014,PLTMH,30.0,Tahalupu,2014,186229.95136009826,GI 150 kV PLTMG Ambon Peaker,0.0,150 kV,Operasi,8540.36034998509,PLTD Werinama,0.7000000000000001,PLTD,HSD,True,4.30950022,0.17669,-3.381924745176427,130.0055269753705
81.05.08.2001,22,0.22380403093155213,4,0.6210881441466294,0.18181818181818182,11814.0,intermittent,Selor,Kilmury,Seram Bagian Timur,3612.249165214279,0,Mikro Hidro Kelas A (PLTMH),Selor,Seram Bagian Timur,303109.01485425496,PLTS Terpusat,30.0,Kaimer,2016,241146.5146309242,GI 150 kV PLTMG Ambon Peaker,0.0,150 kV,Operasi,40516.465906077436,PLTD Kiandarat,1.8,PLTD,HSD,True,3.93249989,0.16123299000000002,-3.5475188303800786,130.50893061253888
81.05.08.2002,22,0.21856177527678178,4,0.5628813222772581,0.18181818181818182,2770.7019607843135,intermittent,Nekan,Kilmury,Seram Bagian Timur,5538.759402215819,0,Mikro Hidro Kelas A (PLTMH),Nekan,Seram Bagian Timur,287763.21840949496,PLTS Terpusat,30.0,Kaimer,2016,254497.12559806852,GI 150 kV PLTMG Ambon Peaker,0.0,150 kV,Operasi,26112.472366254562,PLTD Kiandarat,1.8,PLTD,HSD,True,3.88700008,0.159367,-3.6264360447880235,130.62803366296387
81.05.08.2003,22,0.21829242486871592,4,0.5970832505485517,0.18181818181818182,19278.6,intermittent,Afang Kota,Kilmury,Seram Bagian Timur,6198.051779121498,0,Mikro Hidro Kelas A (PLTMH),Kilbon Kway,Seram Bagian Timur,285837.5423422596,PLTS Terpusat,30.0,Kaimer,2016,251011.98678078246,GI 150 kV PLTMG Ambon Peaker,0.0,150 kV,Operasi,30250.44789901471,PLTD Kiandarat,1.8,PLTD,HSD,True,4.20550013,0.172426,-3.680135946838665,130.5942045511179
81.05.08.2004,22,0.2217619618324148,4,0.588920836188923,0.18181818181818182,7834.133333333333,intermittent,Afang Defol,Kilmury,Seram Bagian Timur,5235.837391407208,0,Mikro Hidro Kelas A (PLTMH),Nekan,Seram Bagian Timur,282719.89577927487,PLTS Terpusat,30.0,Kaimer,2016,257204.36397905753,GI 150 kV PLTMG Ambon Peaker,0.0,150 kV,Operasi,23818.88108908132,PLTD Kiandarat,1.8,PLTD,HSD,True,4.03649998,0.16549601000000003,-3.666885641885373,130.65079146766837
81.05.08.2005,22,0.2082800637257305,4,0.5854211354088964,0.18181818181818182,9036.764705882353,intermittent,Kumelang,Kilmury,Seram Bagian Timur,2607.600461984232,0,Mikro Hidro Kelas A (PLTMH),Undur,Seram Bagian Timur,280119.489285662,PLTS Terpusat,30.0,Kaimer,2016,258572.4286918124,GI 150 kV PLTMG Ambon Peaker,0.0,150 kV,Operasi,23074.225769166093,PLTD Kiandarat,1.8,PLTD,HSD,True,4.114500049999999,0.168694,-3.6882439861443537,130.66198318217266
81.05.08.2006,22,0.21508037596862603,3,0.6056206723631261,0.13636363636363635,5266.298039215686,dark_settled,Undur,Kilmury,Seram Bagian Timur,559.7506562546143,0,Mikro Hidro Kelas A (PLTMH),Undur,Seram Bagian Timur,276625.13227324584,PLTS Terpusat,30.0,Kaimer,2016,258965.68549439887,GI 150 kV PLTMG Ambon Peaker,0.0,150 kV,Operasi,24579.406759850084,PLTD Kiandarat,1.8,PLTD,HSD,True,4.329,0.177489,-3.7298549478073997,130.66272597855914
81.05.08.2007,22,0.2155135721759614,4,0.695083294704357,0.18181818181818182,12602.607843137255,intermittent,Kamar,Kilmury,Seram Bagian Timur,1962.190396605147,0,Mikro Hidro Kelas A (PLTMH),Kamar,Seram Bagian Timur,274650.3930402452,PLTS Terpusat,30.0,Kaimer,2016,259492.6362317559,GI 150 kV PLTMG Ambon Peaker,0.0,150 kV,Operasi,25384.95253076027,PLTD Kiandarat,1.8,PLTD,HSD,True,4.38100004,0.179621,-3.751145668692889,130.66576567445878
81.05.08.2008,22,0.21830717308131736,5,0.6646816466364058,0.22727272727272727,9036.529411764706,intermittent,Gunak,Kilmury,Seram Bagian Timur,2948.6966298819184,0,Mikro Hidro Kelas A (PLTMH),Kamar,Seram Bagian Timur,272664.8965088021,PLTS Terpusat,30.0,Kaimer,2016,260900.12555347747,GI 150 kV PLTMG Ambon Peaker,0.0,150 kV,Operasi,25126.656967531526,PLTD Kiandarat,1.8,PLTD,HSD,True,4.41349983,0.180953,-3.7648266444839766,130.67729230580593
81.05.08.2009,22,0.2176808518756128,5,0.5658539967368889,0.22727272727272727,8724.996078431373,intermittent,Sumbawa,Kilmury,Seram Bagian Timur,5702.530902018677,0,Mikro Hidro Kelas A (PLTMH),Kamar,Seram Bagian Timur,269239.26670279476,PLTS Terpusat,30.0,Kaimer,2016,263939.3402725268,GI 150 kV PLTMG Ambon Peaker,0.0,150 kV,Operasi,24158.5792410604,PLTD Kiandarat,1.8,PLTD,HSD,True,4.41349983,0.180953,-3.783021964187848,130.70308859380802
81.05.08.2010,22,0.22092364906014053,4,0.582032824779253,0.18181818181818182,27082.21176470588,intermittent,Kilmury,Kilmury,Seram Bagian Timur,2746.6287993075466,0,Mikro Hidro Kelas A (PLTMH),Kilmury,Seram Bagian Timur,296110.37622281513,PLTS Terpusat,30.0,Kaimer,2016,243012.3544592291,GI 150 kV PLTMG Ambon Peaker,0.0,150 kV,Operasi,37603.897213836404,PLTD Kiandarat,1.8,PLTD,HSD,True,4.21199989,0.172692,-3.6184092459020993,130.52474304406314
81.05.08.2011,22,0.23685913314654172,3,0.5066636766744316,0.13636363636363635,882.0,data_gap,Kilbon Kway,Kilmury,Seram Bagian Timur,4901.392104878694,0,Mikro Hidro Kelas A (PLTMH),Kilbon Kway,Seram Bagian Timur,292342.2295872825,PLTS Terpusat,30.0,Kaimer,2016,250408.4609956878,GI 150 kV PLTMG Ambon Peaker,0.0,150 kV,Operasi,30325.81917532307,PLTD Kiandarat,1.8,PLTD,HSD,True,3.87400007,0.158834,-3.603423465788162,130.59181069655594
81.05.08.2012,22,0.2316799797284042,4,0.6238252148674502,0.18181818181818182,21105.196078431374,intermittent,Mising,Kilmury,Seram Bagian Timur,3336.9480238931574,0,Mikro Hidro Kelas A (PLTMH),Mising,Seram Bagian Timur,306060.77684672526,PLTMH,30.0,Tahalupu,2014,234683.2177141295,GI 150 kV PLTMG Ambon Peaker,0.0,150 kV,Operasi,46575.029065384944,PLTD Kiandarat,1.8,PLTD,HSD,True,4.114500049999999,0.168694,-3.5583991587487103,130.4506882288187
81.05.08.2013,22,0.2162362683576216,5,0.6033481283579503,0.22727272727272727,8236.654901960785,intermittent,Bitorik,Kilmury,Seram Bagian Timur,4654.999633233097,0,Mikro Hidro Kelas A (PLTMH),Kamar,Seram Bagian Timur,270639.3792386283,PLTS Terpusat,30.0,Kaimer,2016,262360.8067697329,GI 150 kV PLTMG Ambon Peaker,0.0,150 kV,Operasi,24998.04376495021,PLTD Kiandarat,1.8,PLTD,HSD,True,4.42000008,0.18122,-3.778627737166027,130.6892214042677
81.05.08.2014,22,0.21877383048538585,4,0.6218939693760189,0.18181818181818182,5554.282352941177,intermittent,Taa,Kilmury,Seram Bagian Timur,1631.5441376077335,0,Mikro Hidro Kelas A (PLTMH),Undur,Seram Bagian Timur,278462.65540523204,PLTS Terpusat,30.0,Kaimer,2016,258526.77479294533,GI 150 kV PLTMG Ambon Peaker,0.0,150 kV,Operasi,23980.205505161925,PLTD Kiandarat,1.8,PLTD,HSD,True,4.23799992,0.17375800000000002,-3.709837652392238,130.66020546133026
81.05.09.2001,22,0.24257937279850383,5,0.7648461825922946,0.22727272727272727,20795.29019607843,intermittent,Pulau Panjang,Pulau Panjang,Seram Bagian Timur,59481.7501153387,0,Mikro Hidro Kelas A (PLTMH),Keta Rumadan,Seram Bagian Timur,212093.4493359549,PLTS Terpusat,30.0,Kaimer,2016,325418.120986302,GI 150 kV PLTMG Ambon Peaker,0.0,150 kV,Operasi,1043.752084219131,PLTS Panjang,0.075,PLTS,Surya,True,4.673500059999999,0.19161300000000003,-4.016311400878455,131.23150372912792
81.05.09.2002,22,0.23520136368066652,4,0.7329216240909385,0.18181818181818182,4101.505882352941,intermittent,Argam,Pulau Panjang,Seram Bagian Timur,57329.93835664049,0,Mikro Hidro Kelas A (PLTMH),Keta Rumadan,Seram Bagian Timur,214267.95562284207,PLTS Terpusat,30.0,Kaimer,2016,323582.64217931376,GI 150 kV PLTMG Ambon Peaker,0.0,150 kV,Operasi,2710.527873880844,PLTS Panjang,0.075,PLTS,Surya,True,4.66699982,0.191347,-4.002682086032528,131.21690804437333
81.05.09.2003,22,0.21760914767869666,5,0.6647689135652078,0.22727272727272727,13605.243137254904,intermittent,Lalasa,Pulau Panjang,Seram Bagian Timur,61055.627891525866,0,Mikro Hidro Kelas A (PLTMH),Keta Rumadan,Seram Bagian Timur,209691.26472747087,PLTS Terpusat,30.0,Kaimer,2016,326022.6772652063,GI 150 kV PLTMG Ambon Peaker,0.0,150 kV,Operasi,3462.832099137474,PLTS Panjang,0.075,PLTS,Surya,True,4.67999983,0.19188,-4.041991800589449,131.2328001151033
81.05.09.2004,22,0.2463013721442862,10,0.7452410461594461,0.45454545454545453,5785.803921568627,intermittent,Magat,Pulau Panjang,Seram Bagian Timur,55724.46856644358,0,Mikro Hidro Kelas A (PLTMH),Keta Rumadan,Seram Bagian Timur,216360.2056790807,PLTS Terpusat,30.0,Kaimer,2016,322558.1124350301,GI 150 kV PLTMG Ambon Peaker,0.0,150 kV,Operasi,4451.639910601431,PLTS Panjang,0.075,PLTS,Surya,True,4.66050005,0.19108,-3.9841972912168697,131.21039673722316
81.05.09.2005,22,0.28500597583065457,10,0.761847560109848,0.45454545454545453,0.0,data_gap,Ruku Ruku,Pulau Panjang,Seram Bagian Timur,57955.22072066579,0,Mikro Hidro Kelas A (PLTMH),Keta Rumadan,Seram Bagian Timur,214282.2031204173,PLTS Terpusat,30.0,Kaimer,2016,324602.8538606831,GI 150 kV PLTMG Ambon Peaker,0.0,150 kV,Operasi,2285.7776580202644,PLTS Panjang,0.075,PLTS,Surya,True,4.66699982,0.191347,-3.9950837222397366,131.2273893511352
81.05.09.2006,22,0.31455712567952687,13,0.7274651556122305,0.5909090909090909,5499.172549019608,intermittent,Perik Basaranggi,Pulau Panjang,Seram Bagian Timur,56986.36395110882,0,Mikro Hidro Kelas A (PLTMH),Keta Rumadan,Seram Bagian Timur,215207.0886295757,PLTS Terpusat,30.0,Kaimer,2016,323730.69212665583,GI 150 kV PLTMG Ambon Peaker,0.0,150 kV,Operasi,3231.2168053637965,PLTS Panjang,0.075,PLTS,Surya,True,4.66699982,0.191347,-3.989957170971051,131.22021747264594
81.05.10.2001,22,0.22282281477836152,4,0.6715820092410709,0.18181818181818182,5149.047058823529,intermittent,Teor,Teor,Seram Bagian Timur,152271.35312744213,0,Mikro Hidro Kelas A (PLTMH),Keta Rumadan,Seram Bagian Timur,115929.91711865248,PLTS Terpusat,30.0,Kaimer,2016,399322.2983254057,GI 150 kV PLTMG Ambon Peaker,0.0,150 kV,Operasi,1327.5903653102398,PLTS Tior,0.1,PLTS,Surya,True,4.66699982,0.191347,-4.715870058976042,131.74154135338893
81.05.10.2002,22,0.2548159774011619,8,0.5200729773742245,0.36363636363636365,5296.713725490196,intermittent,Kartutin Kartenga,Teor,Seram Bagian Timur,153197.41741770293,0,Mikro Hidro Kelas A (PLTMH),Keta Rumadan,Seram Bagian Timur,114703.8378256551,PLTS Terpusat,30.0,Kaimer,2016,399322.4081605752,GI 150 kV PLTMG Ambon Peaker,0.0,150 kV,Operasi,3252.2181009365363,PLTS Tior,0.1,PLTS,Surya,True,4.66699982,0.191347,-4.733848729762802,131.7353399218801
81.05.10.2003,22,0.2546493006881349,8,0.7140607234899592,0.36363636363636365,0.0,data_gap,Ker Ker,Teor,Seram Bagian Timur,154307.94038778494,0,Mikro Hidro Kelas A (PLTMH),Keta Rumadan,Seram Bagian Timur,113415.01063876133,PLTS Terpusat,30.0,Kaimer,2016,399724.84744416573,GI 150 kV PLTMG Ambon Peaker,0.0,150 kV,Operasi,4990.4080011402175,PLTS Tior,0.1,PLTS,Surya,True,4.66050005,0.19108,-4.749404211654188,131.73373665864116
81.05.10.2004,22,0.23776472970186296,6,0.6992134686634334,0.2727272727272727,10202.749019607843,intermittent,Duryar Rumoy,Teor,Seram Bagian Timur,151714.25317847313,0,Mikro Hidro Kelas A (PLTMH),Keta Rumadan,Seram Bagian Timur,116318.32744070026,PLTS Terpusat,30.0,Kaimer,2016,398410.1086851153,GI 150 kV PLTMG Ambon Peaker,0.0,150 kV,Operasi,1633.9789409647087,PLTS Tior,0.1,PLTS,Surya,True,4.66699982,0.191347,-4.718348453908232,131.73199287420263
81.05.10.2005,22,0.23797692590774147,8,0.6189201695346133,0.36363636363636365,15781.356862745097,intermittent,Lapang Kampung Jawa,Teor,Seram Bagian Timur,154262.91101095962,0,Mikro Hidro Kelas A (PLTMH),Keta Rumadan,Seram Bagian Timur,113892.51585312231,PLTS Terpusat,30.0,Kaimer,2016,400925.9267088881,GI 150 kV PLTMG Ambon Peaker,0.0,150 kV,Operasi,3346.949174886863,PLTS Tior,0.1,PLTS,Surya,True,4.66699982,0.191347,-4.731257520376465,131.75154817440523
81.05.10.2006,22,0.24382352760923015,7,0.5930331034292547,0.3181818181818182,0.0,data_gap,Kampung Tengah Wermaf,Teor,Seram Bagian Timur,154738.1482281649,0,Mikro Hidro Kelas A (PLTMH),Keta Rumadan,Seram Bagian Timur,113275.72773159169,PLTS Terpusat,30.0,Kaimer,2016,400969.3207973165,GI 150 kV PLTMG Ambon Peaker,0.0,150 kV,Operasi,4120.87510114538,PLTS Tior,0.1,PLTS,Surya,True,4.66699982,0.191347,-4.739888497950131,131.7489681041435
81.05.10.2007,22,0.22490025386957457,5,0.6168329936913426,0.22727272727272727,4235.41568627451,intermittent,Kampung Baru,Teor,Seram Bagian Timur,155343.828757194,0,Mikro Hidro Kelas A (PLTMH),Keta Rumadan,Seram Bagian Timur,112581.95227084856,PLTS Terpusat,30.0,Kaimer,2016,401248.13607338787,GI 150 kV PLTMG Ambon Peaker,0.0,150 kV,Operasi,4941.425640977901,PLTS Tior,0.1,PLTS,Surya,True,4.66699982,0.191347,-4.747593703432624,131.74893960107957
81.05.10.2008,22,0.22009439552779753,6,0.5919861970264024,0.2727272727272727,0.0,data_gap,Mamur,Teor,Seram Bagian Timur,155885.35899774448,0,Mikro Hidro Kelas A (PLTMH),Keta Rumadan,Seram Bagian Timur,111942.27236683806,PLTS Terpusat,30.0,Kaimer,2016,401426.3319141967,GI 150 kV PLTMG Ambon Peaker,0.0,150 kV,Operasi,5767.7721614912725,PLTS Tior,0.1,PLTS,Surya,True,4.66699982,0.191347,-4.755479820666059,131.747869069079
81.05.10.2009,22,0.23131717283226483,5,0.512961822151459,0.22727272727272727,15805.36862745098,intermittent,Kiliwouw,Teor,Seram Bagian Timur,156452.68817446977,0,Mikro Hidro Kelas A (PLTMH),Keta Rumadan,Seram Bagian Timur,111195.42881811055,PLTS Terpusat,30.0,Kaimer,2016,401323.07079816505,GI 150 kV PLTMG Ambon Peaker,0.0,150 kV,Operasi,7040.602980841325,PLTS Tior,0.1,PLTS,Surya,True,4.66699982,0.191347,-4.76778332963249,131.74251100649107
81.05.10.2010,22,0.2362954313452633,6,0.5333936804410687,0.2727272727272727,7418.3647058823535,intermittent,Karlokin,Teor,Seram Bagian Timur,153761.79882372523,0,Mikro Hidro Kelas A (PLTMH),Keta Rumadan,Seram Bagian Timur,114039.96660095053,PLTS Terpusat,30.0,Kaimer,2016,399508.68506215967,GI 150 kV PLTMG Ambon Peaker,0.0,150 kV,Operasi,4168.243395790043,PLTS Tior,0.1,PLTS,Surya,True,4.66050005,0.19108,-4.742028492699328,131.7342631347773
81.05.11.2001,22,0.2656068728748032,7,0.7348535248473669,0.3181818181818182,10208.686274509802,intermittent,Kilkoda,Gorom Timur,Seram Bagian Timur,79737.93598752393,0,Mikro Hidro Kelas A (PLTMH),Keta Rumadan,Seram Bagian Timur,198505.3596375407,PLTS Terpusat,30.0,Kaimer,2016,335868.4653494591,GI 150 kV PLTMG Sorong,0.0,150 kV,Operasi,6072.829335188906,PLTD Ondor,1.8,PLTD,HSD,True,4.64750004,0.190547,-4.035886467148313,131.4251554968956
81.05.11.2002,22,0.3018242966717411,12,0.6854038061359875,0.5454545454545454,11954.882352941177,intermittent,Miran,Gorom Timur,Seram Bagian Timur,78250.67208668776,0,Mikro Hidro Kelas A (PLTMH),Keta Rumadan,Seram Bagian Timur,200892.88244063436,PLTS Terpusat,30.0,Kaimer,2016,333423.7096598289,GI 150 kV PLTMG Sorong,0.0,150 kV,Operasi,4286.450534014986,PLTD Ondor,1.8,PLTD,HSD,True,4.63450003,0.190014,-4.014184161224407,131.4196275143726
81.05.11.2003,22,0.2917750099695096,11,0.6744692933040772,0.5,10811.713725490194,intermittent,Kota Sirih,Gorom Timur,Seram Bagian Timur,81350.65042560484,0,Mikro Hidro Kelas A (PLTMH),Keta Rumadan,Seram Bagian Timur,196986.7000465066,PLTS Terpusat,30.0,Kaimer,2016,336919.1207768535,GI 150 kV PLTMG Sorong,0.0,150 kV,Operasi,7721.930047369604,PLTD Ondor,1.8,PLTD,HSD,True,4.64750004,0.190547,-4.0446204492805755,131.43721708180126
81.05.11.2004,22,0.29856278171337325,11,0.7046021137344375,0.5,6240.788235294118,intermittent,Amarwatu,Gorom Timur,Seram Bagian Timur,82464.15552563999,0,Mikro Hidro Kelas A (PLTMH),Keta Rumadan,Seram Bagian Timur,195151.13364117657,PLTS Terpusat,30.0,Kaimer,2016,338856.5047503107,GI 150 kV PLTMG Sorong,0.0,150 kV,Operasi,9309.261300428045,PLTD Ondor,1.8,PLTD,HSD,True,4.65399981,0.19081399999999998,-4.061870639083092,131.4405168567045
81.05.11.2005,22,0.5671379407675101,16,0.6850535477191771,0.7272727272727273,9455.592156862744,intermittent,Aran,Gorom Timur,Seram Bagian Timur,79685.94722378242,0,Mikro Hidro Kelas A (PLTMH),Keta Rumadan,Seram Bagian Timur,199794.26361111077,PLTS Terpusat,30.0,Kaimer,2016,333980.1176230449,GI 150 kV PLTMG Sorong,0.0,150 kV,Operasi,5722.4707214987775,PLTD Ondor,1.8,PLTD,HSD,True,4.64099979,0.190281,-4.018471509526995,131.43184335861102
81.05.11.2006,22,0.370966448856238,14,0.6698845819592077,0.6363636363636364,0.0,data_gap,Tuha,Gorom Timur,Seram Bagian Timur,79782.62500656591,0,Mikro Hidro Kelas A (PLTMH),Keta Rumadan,Seram Bagian Timur,199540.2277167371,PLTS Terpusat,30.0,Kaimer,2016,334283.30234078394,GI 150 kV PLTMG Sorong,0.0,150 kV,Operasi,5820.370071454791,PLTD Ondor,1.8,PLTD,HSD,True,4.64099979,0.190281,-4.021212971209985,131.43168501596773
81.05.11.2007,22,0.26171149861596144,8,0.6328729740368757,0.36363636363636365,3899.9803921568628,intermittent,Bas,Gorom Timur,Seram Bagian Timur,79502.49164288757,0,Mikro Hidro Kelas A (PLTMH),Keta Rumadan,Seram Bagian Timur,199392.52147563637,PLTS Terpusat,30.0,Kaimer,2016,334712.42981955747,GI 150 kV PLTMG Sorong,0.0,150 kV,Operasi,5588.708819872025,PLTD Ondor,1.8,PLTD,HSD,True,4.64099979,0.190281,-4.025345817941351,131.42727902820351
81.05.11.2008,22,0.4170804176401425,14,0.7557532462913336,0.6363636363636364,5714.603921568627,intermittent,Tunas Ilur,Gorom Timur,Seram Bagian Timur,83081.87583493619,0,Mikro Hidro Kelas A (PLTMH),Keta Rumadan,Seram Bagian Timur,194243.00432006276,PLTS Terpusat,30.0,Kaimer,2016,339771.06375964,GI 150 kV PLTMG Sorong,0.0,150 kV,Operasi,10158.315157291705,PLTD Ondor,1.8,PLTD,HSD,True,4.66050005,0.19108,-4.069959949786436,131.4429087939466
81.05.11.2009,22,0.47601895260302374,14,0.7945676326351948,0.6363636363636364,7252.3294117647065,intermittent,Sagey,Gorom Timur,Seram Bagian Timur,83460.44219807557,0,Mikro Hidro Kelas A (PLTMH),Keta Rumadan,Seram Bagian Timur,194151.21278274522,PLTS Terpusat,30.0,Kaimer,2016,339607.7222819962,GI 150 kV PLTMG Sorong,0.0,150 kV,Operasi,10351.005819073884,PLTD Ondor,1.8,PLTD,HSD,True,4.66050005,0.19108,-4.068191176688884,131.44749314034448
81.05.11.2010,22,0.3585436927172744,13,0.8417425471974952,0.5909090909090909,1063.0980392156862,data_gap,Armada,Gorom Timur,Seram Bagian Timur,83288.41639264011,0,Mikro Hidro Kelas A (PLTMH),Keta Rumadan,Seram Bagian Timur,194390.33478343103,PLTS Terpusat,30.0,Kaimer,2016,339374.75135784654,GI 150 kV PLTMG Sorong,0.0,150 kV,Operasi,10127.503640033108,PLTD Ondor,1.8,PLTD,HSD,True,4.66050005,0.19108,-4.06614138459708,131.44673060139618
81.05.11.2011,22,0.30308594365487806,12,0.7151264747530385,0.5454545454545454,0.0,data_gap,Waisalan,Gorom Timur,Seram Bagian Timur,82743.163730611,0,Mikro Hidro Kelas A (PLTMH),Keta Rumadan,Seram Bagian Timur,195092.31066729623,PLTS Terpusat,30.0,Kaimer,2016,338724.5187182942,GI 150 kV PLTMG Sorong,0.0,150 kV,Operasi,9458.424306256862,PLTD Ondor,1.8,PLTD,HSD,True,4.65399981,0.19081399999999998,-4.060463727186851,131.44391983275096
81.05.11.2012,22,0.35285714532647816,13,0.8949603800485126,0.5909090909090909,9831.317647058824,intermittent,Basarin,Gorom Timur,Seram Bagian Timur,82194.21397594546,0,Mikro Hidro Kelas A (PLTMH),Keta Rumadan,Seram Bagian Timur,195651.58451318604,PLTS Terpusat,30.0,Kaimer,2016,338298.6910631508,GI 150 kV PLTMG Sorong,0.0,150 kV,Operasi,8877.379625547597,PLTD Ondor,1.8,PLTD,HSD,True,4.65399981,0.19081399999999998,-4.056869464586126,131.44011475479678
81.05.11.2013,22,0.411315782093688,14,0.7294418676017264,0.6363636363636364,8007.568627450981,intermittent,Goha,Gorom Timur,Seram Bagian Timur,81968.34663695813,0,Mikro Hidro Kelas A (PLTMH),Keta Rumadan,Seram Bagian Timur,195925.96543954,PLTS Terpusat,30.0,Kaimer,2016,338055.64203021186,GI 150 kV PLTMG Sorong,0.0,150 kV,Operasi,8611.053207675444,PLTD Ondor,1.8,PLTD,HSD,True,4.65399981,0.19081399999999998,-4.054760367629177,131.43883050245762
81.05.11.2014,22,0.2785921443204985,10,0.698732360923901,0.45454545454545453,12085.10588235294,intermittent,Rarat,Gorom Timur,Seram Bagian Timur,76332.73615470127,0,Mikro Hidro Kelas A (PLTMH),Keta Rumadan,Seram Bagian Timur,203912.15848876865,PLTS Terpusat,30.0,Kaimer,2016,330418.1388940475,GI 150 kV PLTMG Sorong,0.0,150 kV,Operasi,3389.252950017838,PLTD Ondor,1.8,PLTD,HSD,True,4.627999780000001,0.189748,-3.987582081692245,131.4112604152526
81.05.11.2015,22,0.3257613394642752,14,0.7147569274061399,0.6363636363636364,10863.23137254902,intermittent,Miran Gota,Gorom Timur,Seram Bagian Timur,77807.84456287227,0,Mikro Hidro Kelas A (PLTMH),Keta Rumadan,Seram Bagian Timur,202101.65777672484,PLTS Terpusat,30.0,Kaimer,2016,331975.364269525,GI 150 kV PLTMG Sorong,0.0,150 kV,Operasi,4093.1590696881176,PLTD Ondor,1.8,PLTD,HSD,True,4.627999780000001,0.189748,-4.001090702305802,131.420433088893
81.05.11.2016,22,0.2586557245825705,11,0.7676949011203548,0.5,10051.89019607843,intermittent,Adar,Gorom Timur,Seram Bagian Timur,75744.84719639586,0,Mikro Hidro Kelas A (PLTMH),Keta Rumadan,Seram Bagian Timur,205235.80166993363,PLTS Terpusat,30.0,Kaimer,2016,328942.414515209,GI 150 kV PLTMG Sorong,0.0,150 kV,Operasi,4148.999700727124,PLTD Ondor,1.8,PLTD,HSD,True,4.627999780000001,0.189748,-3.9743426590945594,131.41031080339656
81.05.11.2017,22,0.40218201700981976,15,0.7290163582532992,0.6818181818181818,26926.054901960786,intermittent,Tinarin,Gorom Timur,Seram Bagian Timur,77428.61302773979,0,Mikro Hidro Kelas A (PLTMH),Keta Rumadan,Seram Bagian Timur,203228.3590770367,PLTS Terpusat,30.0,Kaimer,2016,330621.9057074747,GI 150 kV PLTMG Sorong,0.0,150 kV,Operasi,4381.589917079298,PLTD Ondor,1.8,PLTD,HSD,True,4.627999780000001,0.189748,-3.988847418140135,131.42130380230742
81.05.11.2018,22,0.3112299476555962,13,0.7662738735956984,0.5909090909090909,0.0,data_gap,Etaralu,Gorom Timur,Seram Bagian Timur,81111.8180039867,0,Mikro Hidro Kelas A (PLTMH),Keta Rumadan,Seram Bagian Timur,197809.48787264782,PLTS Terpusat,30.0,Kaimer,2016,335862.68174884154,GI 150 kV PLTMG Sorong,0.0,150 kV,Operasi,7253.415363218383,PLTD Ondor,1.8,PLTD,HSD,True,4.64750004,0.190547,-4.034989600575276,131.43898087724682
81.05.11.2019,22,0.47787382330083955,15,0.8218289105591993,0.6818181818181818,19519.129411764705,intermittent,Kiltufa,Gorom Timur,Seram Bagian Timur,81582.1368072723,0,Mikro Hidro Kelas A (PLTMH),Keta Rumadan,Seram Bagian Timur,196544.00877676072,PLTS Terpusat,30.0,Kaimer,2016,337412.79374776833,GI 150 kV PLTMG Sorong,0.0,150 kV,Operasi,8072.453020033166,PLTD Ondor,1.8,PLTD,HSD,True,4.64750004,0.190547,-4.049047480743961,131.43755907321034
81.05.11.2020,22,0.2947916678385809,11,0.8358201571807455,0.5,0.0,data_gap,Miran Kilian,Gorom Timur,Seram Bagian Timur,78683.29924715612,0,Mikro Hidro Kelas A (PLTMH),Keta Rumadan,Seram Bagian Timur,201173.94693057606,PLTS Terpusat,30.0,Kaimer,2016,332691.5050329287,GI 150 kV PLTMG Sorong,0.0,150 kV,Operasi,4830.722782977366,PLTD Ondor,1.8,PLTD,HSD,True,4.63450003,0.190014,-4.007181875898371,131.42655510300594
81.05.11.2021,22,0.28950746639895797,11,0.8027193801159249,0.5,0.0,data_gap,Miran Keledar,Gorom Timur,Seram Bagian Timur,78598.07558391317,0,Mikro Hidro Kelas A (PLTMH),Keta Rumadan,Seram Bagian Timur,201408.6053777948,PLTS Terpusat,30.0,Kaimer,2016,332411.80457639834,GI 150 kV PLTMG Sorong,0.0,150 kV,Operasi,4810.763135528226,PLTD Ondor,1.8,PLTD,HSD,True,4.63450003,0.190014,-4.004653327199454,131.42669891957195
81.05.11.2022,22,0.5871350222477947,15,0.8043928018669062,0.6818181818181818,11244.086274509802,intermittent,Miran Manaban,Gorom Timur,Seram Bagian Timur,79110.55662580743,0,Mikro Hidro Kelas A (PLTMH),Keta Rumadan,Seram Bagian Timur,200448.3915188224,PLTS Terpusat,30.0,Kaimer,2016,333441.1403227763,GI 150 kV PLTMG Sorong,0.0,150 kV,Operasi,5163.67837788367,PLTD Ondor,1.8,PLTD,HSD,True,4.64099979,0.190281,-4.013843104643393,131.4280976513184
81.05.11.2023,22,0.47033979902857714,15,0.7662817059405679,0.6818181818181818,4646.545098039216,intermittent,Miran Rumuar,Gorom Timur,Seram Bagian Timur,78832.35075187817,0,Mikro Hidro Kelas A (PLTMH),Keta Rumadan,Seram Bagian Timur,200869.72077130692,PLTS Terpusat,30.0,Kaimer,2016,333027.25195082463,GI 150 kV PLTMG Sorong,0.0,150 kV,Operasi,4924.188200125994,PLTD Ondor,1.8,PLTD,HSD,True,4.63450003,0.190014,-4.0101900989247365,131.42683330727908
81.05.12.2001,22,0.21995790760583928,4,0.5542098632184289,0.18181818181818182,3607.764705882353,intermittent,Hote,Bula Barat,Seram Bagian Timur,2340.0730438858595,0,Mikro Hidro Kelas A (PLTMH),Hote,Seram Bagian Timur,289486.46110243356,PLTMH,30.0,Tahalupu,2014,224952.5169320448,GI 150 kV PLTMG Ambon Peaker,0.0,150 kV,Operasi,19375.919169203527,PLTD Wesa Bula,3.2,PLTD,HSD,True,3.78299999,0.15510300000000002,-3.13089273415872,130.31869590962555
81.05.12.2002,22,0.22199742825075225,5,0.6088336324770196,0.22727272727272727,6321.745098039216,intermittent,Banggoi,Bula Barat,Seram Bagian Timur,2910.38062942119,0,Mikro Hidro Kelas A (PLTMH),Banggoi,Seram Bagian Timur,277599.90882919997,PLTMH,30.0,Tahalupu,2014,213635.67178374997,GI 150 kV PLTMG Ambon Peaker,0.0,150 kV,Operasi,31181.660677284643,PLTD Wesa Bula,3.2,PLTD,HSD,True,3.74399996,0.153504,-3.115681115019124,130.2108855476672
81.05.12.2003,22,0.2801192746330702,10,0.756347221982819,0.45454545454545453,36703.66274509804,intermittent,Waematakabo,Bula Barat,Seram Bagian Timur,6594.272094311484,0,Mikro Hidro Kelas A (PLTMH),Aketernate,Maluku Tengah,271323.12384303875,PLTMH,30.0,Tahalupu,2014,208898.1152616853,GI 150 kV PLTMG Ambon Peaker,0.0,150 kV,Operasi,26029.320152254208,PLTD Kobisonta,4.0,PLTD,HSD,True,3.73749995,0.153237,-3.0507027172988033,130.15030565178745
81.05.12.2004,22,0.32204940743735233,13,0.7479006081305448,0.5909090909090909,19662.176470588234,intermittent,Waiketam Baru,Bula Barat,Seram Bagian Timur,5085.984246481125,0,Mikro Hidro Kelas B (PLTMH),Banggoi,Seram Bagian Timur,276938.6405532721,PLTMH,30.0,Tahalupu,2014,214283.15286462262,GI 150 kV PLTMG Ambon Peaker,0.0,150 kV,Operasi,31575.50201828993,PLTD Kobisonta,4.0,PLTD,HSD,True,3.7114999300000004,0.152171,-3.052962689606364,130.20118124181676
81.05.12.2005,22,0.3183089142504363,13,0.7889219496036771,0.5909090909090909,15874.078431372547,intermittent,Waisamet,Bula Barat,Seram Bagian Timur,7102.441985372321,0,Mikro Hidro Kelas A (PLTMH),Aketernate,Maluku Tengah,269157.0383612892,PLTMH,30.0,Tahalupu,2014,207035.8055295018,GI 150 kV PLTMG Ambon Peaker,0.0,150 kV,Operasi,23548.21547209744,PLTD Kobisonta,4.0,PLTD,HSD,True,3.74399996,0.153504,-3.0401940262051297,130.12992876911343
81.05.12.2006,22,0.3399546914421292,13,0.802002932892228,0.5909090909090909,17202.086274509802,intermittent,Aki Jaya,Bula Barat,Seram Bagian Timur,9353.91053160958,0,Mikro Hidro Kelas A (PLTMH),Aketernate,Maluku Tengah,270852.87968619115,PLTMH,30.0,Tahalupu,2014,209070.29423567862,GI 150 kV PLTMG Ambon Peaker,0.0,150 kV,Operasi,24673.402955773927,PLTD Kobisonta,4.0,PLTD,HSD,True,3.7699999799999997,0.15456999999999999,-3.022042965326169,130.14374323124284
81.05.12.2007,22,0.23993816551263977,6,0.7774129967712349,0.2727272727272727,174.18823529411767,data_gap,Jakarta Baru,Bula Barat,Seram Bagian Timur,8903.820560546555,0,Mikro Hidro Kelas C (PLTMH),Hote,Seram Bagian Timur,282858.83853733115,PLTMH,30.0,Tahalupu,2014,220259.5398391198,GI 150 kV PLTMG Ambon Peaker,0.0,150 kV,Operasi,27404.3245758288,PLTD Wesa Bula,3.2,PLTD,HSD,True,3.80250001,0.155903,-3.041349839763307,130.25378493090255
81.05.12.2008,22,0.23157707386984655,5,0.6456650110628649,0.22727272727272727,5464.768627450981,intermittent,Silohan,Bula Barat,Seram Bagian Timur,6861.7476036542685,0,Mikro Hidro Kelas A (PLTMH),Hote,Seram Bagian Timur,300272.5660464031,PLTMH,30.0,Tahalupu,2014,237384.75201684152,GI 150 kV PLTMG Ambon Peaker,0.0,150 kV,Operasi,12453.328399119178,PLTD Wesa Bula,3.2,PLTD,HSD,True,4.34849977,0.178288,-3.0302184494302966,130.41021504250403
81.05.12.2009,22,0.27851904921588005,9,0.6716140347578385,0.4090909090909091,3013.0,intermittent,Sumber Agung,Bula Barat,Seram Bagian Timur,6196.479840517855,0,Mikro Hidro Kelas A (PLTMH),Hote,Seram Bagian Timur,287643.6430647029,PLTMH,30.0,Tahalupu,2014,224696.08720537042,GI 150 kV PLTMG Ambon Peaker,0.0,150 kV,Operasi,22401.574497956746,PLTD Wesa Bula,3.2,PLTD,HSD,True,3.89350009,0.15963399000000003,-3.051504287982693,130.2977305074727
81.05.12.2010,22,0.26363363473588586,9,0.7152667314860006,0.4090909090909091,4356.964705882353,intermittent,Rukun Jaya,Bula Barat,Seram Bagian Timur,3370.7139538714264,0,Mikro Hidro Kelas A (PLTMH),Hote,Seram Bagian Timur,298487.6557150239,PLTMH,30.0,Tahalupu,2014,235097.55681167636,GI 150 kV PLTMG Ambon Peaker,0.0,150 kV,Operasi,11872.11704858704,PLTD Wesa Bula,3.2,PLTD,HSD,True,4.1795001,0.17136,-3.059193050223943,130.3961337219387
81.05.12.2011,22,0.29707609109620814,11,0.6974071502857505,0.5,5013.0,intermittent,Jembatan Basah,Bula Barat,Seram Bagian Timur,1768.8974777174478,0,Mikro Hidro Kelas A (PLTMH),Hote,Seram Bagian Timur,297463.3710279513,PLTMH,30.0,Tahalupu,2014,233820.27107482866,GI 150 kV PLTMG Ambon Peaker,0.0,150 kV,Operasi,12104.496176153241,PLTD Wesa Bula,3.2,PLTD,HSD,True,4.07550001,0.16709501000000002,-3.073967499846373,130.38781102082376
81.05.12.2012,22,0.3107210057259265,13,0.7865752876778536,0.5909090909090909,42276.81176470588,intermittent,Dreamland Hills,Bula Barat,Seram Bagian Timur,6383.669093338445,0,Mikro Hidro Kelas C (PLTMH),Hote,Seram Bagian Timur,283342.5815615814,PLTMH,30.0,Tahalupu,2014,220279.9927569341,GI 150 kV PLTMG Ambon Peaker,0.0,150 kV,Operasi,26205.280326896536,PLTD Wesa Bula,3.2,PLTD,HSD,True,3.7634999799999997,0.15430400000000002,-3.0633757719323613,130.2597173958785
81.05.12.2013,22,0.23924221173321916,6,0.7720635591867286,0.2727272727272727,4784.694117647059,intermittent,Banggoi Pancorang,Bula Barat,Seram Bagian Timur,9437.650971604779,0,Mikro Hidro Kelas B (PLTMH),Banggoi,Seram Bagian Timur,272845.4853536768,PLTMH,30.0,Tahalupu,2014,211119.07152763035,GI 150 kV PLTMG Ambon Peaker,0.0,150 kV,Operasi,26518.87046462624,PLTD Kobisonta,4.0,PLTD,HSD,True,3.7634999799999997,0.15430400000000002,-3.016149739667775,130.16124014373568
81.05.13.2001,22,0.21747651839015347,3,0.63533403938494,0.13636363636363635,0.0,data_gap,Kian Darat,Kian Darat,Seram Bagian Timur,5102.752736951627,0,Mikro Hidro Kelas A (PLTMH),Kian Laut,Seram Bagian Timur,271422.5009939281,PLTS Terpusat,30.0,Kaimer,2016,269431.88787435216,GI 150 kV PLTMG Ambon Peaker,0.0,150 kV,Operasi,14084.214242522148,PLTD Kiandarat,1.8,PLTD,HSD,True,4.07550001,0.16709501000000002,-3.7078832445805676,130.75882576803033
81.05.13.2002,22,0.22426315500048927,3,0.6650100371834814,0.13636363636363635,0.0,data_gap,Artafela,Kian Darat,Seram Bagian Timur,5616.7752971565815,0,Mikro Hidro Kelas A (PLTMH),Rumfakar,Seram Bagian Timur,269755.30259369593,PLTS Terpusat,30.0,Kaimer,2016,273769.4749161384,GI 150 kV PLTMG Ambon Peaker,0.0,150 kV,Operasi,9647.412967632163,PLTD Kiandarat,1.8,PLTD,HSD,True,4.18599987,0.171626,-3.694112213284803,130.7988265425255
81.05.13.2003,22,0.18223456184119302,2,0.7577859771385763,0.09090909090909091,0.0,data_gap,Angar,Kian Darat,Seram Bagian Timur,4478.870039372018,0,Mikro Hidro Kelas A (PLTMH),Rumfakar,Seram Bagian Timur,270202.19330054935,PLTS Terpusat,30.0,Kaimer,2016,274379.51504035183,GI 150 kV PLTMG Ambon Peaker,0.0,150 kV,Operasi,8399.899315246548,PLTD Kiandarat,1.8,PLTD,HSD,True,4.24450016,0.174025,-3.683978450622772,130.80489401930808
81.05.13.2004,22,0.20167822164446117,4,0.7035358751121245,0.18181818181818182,0.0,data_gap,Watu Watu,Kian Darat,Seram Bagian Timur,3153.775998224356,0,Mikro Hidro Kelas A (PLTMH),Rumfakar,Seram Bagian Timur,271673.9533947903,PLTS Terpusat,30.0,Kaimer,2016,273639.2997271147,GI 150 kV PLTMG Ambon Peaker,0.0,150 kV,Operasi,8188.737861469284,PLTD Kiandarat,1.8,PLTD,HSD,True,4.21199989,0.172692,-3.6718409787609625,130.79883221480128
81.05.13.2005,22,0.232955843940151,3,0.6795278271013423,0.13636363636363635,9882.074509803922,dark_settled,Kelaba,Kian Darat,Seram Bagian Timur,2856.9667325427167,0,Mikro Hidro Kelas A (PLTMH),Rumfakar,Seram Bagian Timur,271244.35146652715,PLTS Terpusat,30.0,Kaimer,2016,274735.01696443517,GI 150 kV PLTMG Ambon Peaker,0.0,150 kV,Operasi,7052.257603102527,PLTD Kiandarat,1.8,PLTD,HSD,True,4.30299997,0.176423,-3.668720204592793,130.80886662987191
81.05.13.2006,22,0.24932754804539842,4,0.6447417952312559,0.18181818181818182,18720.99607843137,intermittent,Kilga Kilwouw,Kian Darat,Seram Bagian Timur,2654.532561807826,0,Mikro Hidro Kelas A (PLTMH),Rumfakar,Seram Bagian Timur,271178.8277202565,PLTS Terpusat,30.0,Kaimer,2016,275698.1664290859,GI 150 kV PLTMG Ambon Peaker,0.0,150 kV,Operasi,5830.452034737972,PLTD Kiandarat,1.8,PLTD,HSD,True,4.34200001,0.178022,-3.6622995094952624,130.81784797524722
81.05.13.2007,22,0.25951733718306447,6,0.687506413740234,0.2727272727272727,8785.137254901962,intermittent,Kilga Watubau,Kian Darat,Seram Bagian Timur,1612.668836312136,0,Mikro Hidro Kelas A (PLTMH),Rumfakar,Seram Bagian Timur,272265.7660825047,PLTS Terpusat,30.0,Kaimer,2016,275254.4437634382,GI 150 kV PLTMG Ambon Peaker,0.0,150 kV,Operasi,5743.3011499789445,PLTD Kiandarat,1.8,PLTD,HSD,True,4.29650021,0.176157,-3.65266157296052,130.81425344533267
81.05.13.2008,22,0.2364672117370616,5,0.7028836746408343,0.22727272727272727,0.0,data_gap,Rumfakar,Kian Darat,Seram Bagian Timur,1465.0240926505614,0,Mikro Hidro Kelas A (PLTMH),Rumfakar,Seram Bagian Timur,272717.74107194657,PLTS Terpusat,30.0,Kaimer,2016,275391.52133685787,GI 150 kV PLTMG Ambon Peaker,0.0,150 kV,Operasi,5391.110105501044,PLTD Kiandarat,1.8,PLTD,HSD,True,4.29650021,0.176157,-3.6462986168004115,130.81573832162414
81.05.13.2009,22,0.23558250803519382,6,0.6979694970394507,0.2727272727272727,3653.0,intermittent,Kileser,Kian Darat,Seram Bagian Timur,1563.4609016926142,0,Mikro Hidro Kelas A (PLTMH),Rumfakar,Seram Bagian Timur,273646.24859756476,PLTS Terpusat,30.0,Kaimer,2016,275247.61495447793,GI 150 kV PLTMG Ambon Peaker,0.0,150 kV,Operasi,5367.183948853465,PLTD Kiandarat,1.8,PLTD,HSD,True,4.29650021,0.176157,-3.636402707970142,130.81479481711176
81.05.13.2010,22,0.21470693644111188,4,0.7471544497733726,0.18181818181818182,0.0,data_gap,Rumoga,Kian Darat,Seram Bagian Timur,4293.163340554034,0,Mikro Hidro Kelas A (PLTMH),Rumfakar,Seram Bagian Timur,272842.5871746641,PLTS Terpusat,30.0,Kaimer,2016,271470.6292656668,GI 150 kV PLTMG Ambon Peaker,0.0,150 kV,Operasi,10261.769726887276,PLTD Kiandarat,1.8,PLTD,HSD,True,4.13399982,0.169494,-3.67431614248649,130.77914350022064
81.05.14.2001,22,0.22581909550309395,2,0.6541767087402257,0.09090909090909091,382.4313725490196,data_gap,Kian Laut,Siritaun Wida Timur,Seram Bagian Timur,1944.352039089264,0,Mikro Hidro Kelas A (PLTMH),Keta Rumadan,Seram Bagian Timur,269046.8228678661,PLTS Terpusat,30.0,Kaimer,2016,269358.22594454954,GI 150 kV PLTMG Ambon Peaker,0.0,150 kV,Operasi,16482.80738208261,PLTD Kiandarat,1.8,PLTD,HSD,True,4.1079998,0.16842800000000002,-3.7384109178556817,130.75600482377584
81.05.14.2002,22,0.22365557810928333,5,0.5696739788354406,0.22727272727272727,16637.843137254902,intermittent,Kuwaos,Siritaun Wida Timur,Seram Bagian Timur,3414.171428726975,0,Mikro Hidro Kelas A (PLTMH),Keta Rumadan,Seram Bagian Timur,264279.2777317483,PLTS Terpusat,30.0,Kaimer,2016,271205.68529156025,GI 150 kV PLTMG Ambon Peaker,0.0,150 kV,Operasi,17901.97599177769,PLTD Geser,0.7000000000000001,PLTD,HSD,True,4.30299997,0.176423,-3.784174284751348,130.7687711219536
81.05.14.2003,22,0.20334355479474792,4,0.5588506994709944,0.18181818181818182,4531.937254901961,intermittent,Salagor Air,Siritaun Wida Timur,Seram Bagian Timur,7045.186986690122,0,Mikro Hidro Kelas A (PLTMH),Keta Rumadan,Seram Bagian Timur,267263.1432436057,PLTS Terpusat,30.0,Kaimer,2016,275372.97778412054,GI 150 kV PLTMG Ambon Peaker,0.0,150 kV,Operasi,10204.942304173434,PLTD Kiandarat,1.8,PLTD,HSD,True,4.28999996,0.17589000000000002,-3.712151290843586,130.81220308039408
81.05.14.2004,22,0.231621207765849,4,0.5965906214088935,0.18181818181818182,8620.66274509804,intermittent,Salagor Kota,Siritaun Wida Timur,Seram Bagian Timur,5676.008023637727,0,Mikro Hidro Kelas A (PLTMH),Keta Rumadan,Seram Bagian Timur,266831.9292324598,PLTS Terpusat,30.0,Kaimer,2016,274671.6438954909,GI 150 kV PLTMG Ambon Peaker,0.0,150 kV,Operasi,11642.803497895211,PLTD Kiandarat,1.8,PLTD,HSD,True,4.23799992,0.17375800000000002,-3.7229958842170423,130.80514381191875
81.05.14.2005,22,0.2418417628325802,4,0.7392478101252435,0.18181818181818182,22106.62352941176,intermittent,Aruan Gaur,Siritaun Wida Timur,Seram Bagian Timur,6304.552127220591,0,Mikro Hidro Kelas A (PLTMH),Rumfakar,Seram Bagian Timur,268230.5481509222,PLTS Terpusat,30.0,Kaimer,2016,275503.449876131,GI 150 kV PLTMG Ambon Peaker,0.0,150 kV,Operasi,8914.949850142182,PLTD Kiandarat,1.8,PLTD,HSD,True,4.28999996,0.17589000000000002,-3.6993008486987122,130.8141765407228
81.05.14.2006,22,0.23185803035260105,2,0.6038635572987083,0.09090909090909091,14335.525490196078,dark_settled,Keta Rumadan,Siritaun Wida Timur,Seram Bagian Timur,367.37968478614243,0,Mikro Hidro Kelas A (PLTMH),Keta Rumadan,Seram Bagian Timur,266826.0581495049,PLTS Terpusat,30.0,Kaimer,2016,270770.7147057579,GI 150 kV PLTMG Ambon Peaker,0.0,150 kV,Operasi,16983.11157075062,PLTD Kiandarat,1.8,PLTD,HSD,True,4.14050007,0.16976000000000002,-3.754937750753414,130.76745000315316
81.05.14.2007,22,0.2332593643261101,5,0.5584596556905662,0.22727272727272727,24624.988235294117,intermittent,Lian Tasik,Siritaun Wida Timur,Seram Bagian Timur,3429.25368184058,0,Mikro Hidro Kelas A (PLTMH),Keta Rumadan,Seram Bagian Timur,264241.0492014099,PLTS Terpusat,30.0,Kaimer,2016,273765.5866801662,GI 150 kV PLTMG Ambon Peaker,0.0,150 kV,Operasi,16097.763387594485,PLTD Kiandarat,1.8,PLTD,HSD,True,4.24450016,0.174025,-3.7629377103080124,130.79386081058806
81.05.14.2008,22,0.26510930615131145,8,0.6044395407714385,0.36363636363636365,2346.545098039216,intermittent,Keta,Siritaun Wida Timur,Seram Bagian Timur,6217.753142576758,0,Mikro Hidro Kelas A (PLTMH),Keta Rumadan,Seram Bagian Timur,263038.87745432847,PLTS Terpusat,30.0,Kaimer,2016,276621.45319497946,GI 150 kV PLTMG Ambon Peaker,0.0,150 kV,Operasi,14055.962616387185,PLTD Kiandarat,1.8,PLTD,HSD,True,4.3874998100000004,0.17988700000000002,-3.754731023441904,130.820375405045
81.05.14.2009,22,0.2597929231892725,6,0.5225097237959972,0.2727272727272727,6940.878431372548,intermittent,Air Nanang,Siritaun Wida Timur,Seram Bagian Timur,8535.429106842166,0,Mikro Hidro Kelas A (PLTMH),Keta Rumadan,Seram Bagian Timur,258615.85569789726,PLTS Terpusat,30.0,Kaimer,2016,276424.20954126073,GI 150 kV PLTMG Ambon Peaker,0.0,150 kV,Operasi,12029.977799515756,PLTD Geser,0.7000000000000001,PLTD,HSD,True,4.48500013,0.18388499000000003,-3.8131398623133617,130.8131317611892
81.05.14.2010,22,0.2353472015336352,5,0.49312901906570533,0.22727272727272727,0.0,data_gap,Suru,Siritaun Wida Timur,Seram Bagian Timur,4254.751413814423,0,Mikro Hidro Kelas A (PLTMH),Keta Rumadan,Seram Bagian Timur,263103.6972949694,PLTS Terpusat,30.0,Kaimer,2016,274234.10669334186,GI 150 kV PLTMG Ambon Peaker,0.0,150 kV,Operasi,16285.963789214873,PLTD Geser,0.7000000000000001,PLTD,HSD,True,4.28999996,0.17589000000000002,-3.773580217778758,130.79716439740744
81.05.15.2001,22,0.2070975046316636,4,0.651352682780223,0.18181818181818182,0.0,data_gap,Waru,Teluk Waru,Seram Bagian Timur,10826.337501099179,0,Mikro Hidro Kelas A (PLTMH),Bellis,Seram Bagian Timur,297250.2442633871,PLTS Terpusat,30.0,Kaimer,2016,263392.8047889353,GI 150 kV PLTMG Ambon Peaker,0.0,150 kV,Operasi,26863.52009629577,PLTD Kiandarat,1.8,PLTD,HSD,True,3.9454999,0.16176599,-3.450989385591302,130.70720120625603
81.05.15.2002,22,0.204866631121577,3,0.571147830407919,0.13636363636363635,41408.160784313724,dark_settled,Bellis,Teluk Waru,Seram Bagian Timur,1741.4500068802402,0,Mikro Hidro Kelas A (PLTMH),Bellis,Seram Bagian Timur,303616.26193112775,PLTS Terpusat,30.0,Kaimer,2016,253747.1386493071,GI 150 kV PLTMG Ambon Peaker,0.0,150 kV,Operasi,34204.18813964638,PLTD Kiandarat,1.8,PLTD,HSD,True,3.70499992,0.151905,-3.446720448165671,130.6200209503453
81.05.15.2003,22,0.21308386923929307,3,0.5695379680523848,0.13636363636363635,5585.0,dark_settled,Dawang,Teluk Waru,Seram Bagian Timur,3706.1870653288684,0,Mikro Hidro Kelas A (PLTMH),Dawang,Seram Bagian Timur,312931.9511980556,PLTMH,30.0,Tahalupu,2014,244802.74972153193,GI 150 kV PLTMG Ambon Peaker,0.0,150 kV,Operasi,24811.965911378877,PLTD Wesa Bula,3.2,PLTD,HSD,True,3.39299989,0.13911299,-3.327047596230288,130.53031941141248
81.05.15.2004,22,0.21467448318274712,3,0.5509342467745549,0.13636363636363635,2558.4823529411765,dark_settled,Solang,Teluk Waru,Seram Bagian Timur,5679.25077069798,0,Mikro Hidro Kelas A (PLTMH),Solang,Seram Bagian Timur,311929.041160889,PLTS Terpusat,30.0,Kaimer,2016,246931.85192073934,GI 150 kV PLTMG Ambon Peaker,0.0,150 kV,Operasi,33581.859159550426,PLTD Wesa Bula,3.2,PLTD,HSD,True,3.54900002,0.14550900000000003,-3.402369432024462,130.55599233531223
81.05.15.2005,22,0.20186063189417125,4,0.7573614620780122,0.18181818181818182,9772.105882352942,intermittent,Karay,Teluk Waru,Seram Bagian Timur,12795.407076538295,0,Mikro Hidro Kelas A (PLTMH),Bellis,Seram Bagian Timur,299195.0850175574,PLTS Terpusat,30.0,Kaimer,2016,265565.9227680862,GI 150 kV PLTMG Ambon Peaker,0.0,150 kV,Operasi,28890.118956331455,PLTD Kiandarat,1.8,PLTD,HSD,True,4.0689997700000005,0.166829,-3.4155349816200506,130.7250205390483
81.05.15.2006,22,0.18845039128739827,4,0.7205194446366425,0.18181818181818182,0.0,data_gap,Nama Lena,Teluk Waru,Seram Bagian Timur,19981.845974903536,0,Mikro Hidro Kelas A (PLTMH),Solang,Seram Bagian Timur,298229.3834805717,PLTS Terpusat,30.0,Kaimer,2016,267524.9152662001,GI 150 kV PLTMG Sorong,0.0,150 kV,Operasi,29496.67878703424,PLTD Kiandarat,1.8,PLTD,HSD,False,,,-3.381891764504003,130.78604273579697
81.05.15.2007,22,0.214041613682915,4,0.7962858767447671,0.18181818181818182,17528.32549019608,intermittent,Nama Andan,Teluk Waru,Seram Bagian Timur,22235.493208071177,0,Mikro Hidro Kelas A (PLTMH),Solang,Seram Bagian Timur,304507.57839366596,PLTS Terpusat,30.0,Kaimer,2016,259743.66415402255,GI 150 kV PLTMG Sorong,0.0,150 kV,Operasi,37028.812474787235,PLTD Kiandarat,1.8,PLTD,HSD,True,4.66699982,0.191347,-3.311109280809173,130.78883848180118
81.05.15.2008,22,0.21328144378681527,4,0.6172871040625899,0.18181818181818182,0.0,data_gap,Tubir Wasiwang,Teluk Waru,Seram Bagian Timur,13982.513157034009,0,Mikro Hidro Kelas A (PLTMH),Airkasar,Seram Bagian Timur,290522.69465421455,PLTS Terpusat,30.0,Kaimer,2016,273476.46318073996,GI 150 kV PLTMG Sorong,0.0,150 kV,Operasi,21991.429349240752,PLTD Kiandarat,1.8,PLTD,HSD,True,4.5500001899999996,0.18655001,-3.4426737711394373,130.82022557095917
81.05.15.2009,22,0.22859398948170284,4,0.7682941078987165,0.18181818181818182,7455.0,intermittent,Kampung Baru,Teluk Waru,Seram Bagian Timur,5314.69429770116,0,Mikro Hidro Kelas A (PLTMH),Solang,Seram Bagian Timur,311356.0524823667,PLTS Terpusat,30.0,Kaimer,2016,255402.36233871826,GI 150 kV PLTMG Ambon Peaker,0.0,150 kV,Operasi,31106.55538007061,PLTD Wesa Bula,3.2,PLTD,HSD,True,3.73749995,0.153237,-3.351334434426353,130.6285545763178
81.05.15.2010,22,0.23666897623318778,6,0.6635487746922849,0.2727272727272727,6012.525490196078,intermittent,Boinfia,Teluk Waru,Seram Bagian Timur,3257.7465723269875,0,Mikro Hidro Kelas A (PLTMH),Solang,Seram Bagian Timur,308405.8631550136,PLTS Terpusat,30.0,Kaimer,2016,255629.39251372218,GI 150 kV PLTMG Ambon Peaker,0.0,150 kV,Operasi,34289.32045572123,PLTD Wesa Bula,3.2,PLTD,HSD,True,3.7699999799999997,0.15456999999999999,-3.3814127030491368,130.63305325759097
81.05.15.2011,22,0.22764154789219188,3,0.5902463949947805,0.13636363636363635,792.0,data_gap,Madak,Teluk Waru,Seram Bagian Timur,11029.835905382515,0,Mikro Hidro Kelas A (PLTMH),Kilbon Kway,Seram Bagian Timur,292897.12358063884,PLTS Terpusat,30.0,Kaimer,2016,265178.59019392636,GI 150 kV PLTMG Ambon Peaker,0.0,150 kV,Operasi,22581.074089405673,PLTD Kiandarat,1.8,PLTD,HSD,True,4.043000220000001,0.16576301000000002,-3.4870594219645366,130.72457286323848
81.06.01.2008,22,0.2522974704009491,7,0.6299408762682994,0.3181818181818182,81073.431372549,intermittent,Kamarian,Kairatu,Seram Bagian Barat,4152.219726657359,0,Mikro Hidro Kelas A (PLTMH),Kairatu,Seram Bagian Barat,84806.14296387264,PLTMH,30.0,Tahalupu,2014,20433.167313244867,GI 70 kV Waai,0.0,70 kV,Operasi,9557.489122090668,PLTD Kairatu,3.4,PLTD,HSD,True,4.32250023,0.177223,-3.4094716031583343,128.45551729314803
81.06.01.2009,22,0.29754386474623495,11,0.7922509244632318,0.5,11694.701960784314,intermittent,Seruawan,Kairatu,Seram Bagian Barat,6587.437187887674,0,Mikro Hidro Kelas A (PLTMH),Kairatu,Seram Bagian Barat,80537.25630646292,PLTMH,30.0,Tahalupu,2014,15708.057741358312,GI 70 kV Waai,0.0,70 kV,Operasi,7269.977072263685,PLTD Sakabaja Kairatu,3.0,PLTD,HSD,True,4.45900011,0.18281899000000001,-3.429098670710416,128.41054954144101
81.06.01.2010,22,0.42911015221135684,16,0.5920758567578016,0.7272727272727273,222593.25882352944,intermittent,Kairatu,Kairatu,Seram Bagian Barat,3838.5452656243115,0,Mikro Hidro Kelas A (PLTMH),Kairatu,Seram Bagian Barat,78366.44585136234,PLTMH,30.0,Tahalupu,2014,22202.508500287517,GI 70 kV Waai,0.0,70 kV,Operasi,3366.952223709545,PLTD Kairatu,3.4,PLTD,HSD,True,4.43949986,0.182019,-3.3622253188711357,128.40643359752139
81.06.01.2011,22,1.1799550534485972,17,0.6247714345280432,0.7727272727272727,461533.3607843137,intermittent,Waimital,Kairatu,Seram Bagian Barat,6687.645461664565,0,Mikro Hidro Kelas C (PLTMH),Rumberu,Seram Bagian Barat,73122.71696825171,PLTMH,30.0,Tahalupu,2014,25158.07375636229,GI 70 kV Waai,0.0,70 kV,Operasi,5498.751440476414,PLTD Kairatu,3.4,PLTD,HSD,True,4.465499879999999,0.18308599,-3.3246349934469364,128.36488829600387
81.06.01.2012,22,0.3810702977446694,14,0.6844403922498455,0.6363636363636364,30170.0,intermittent,Hatusua,Kairatu,Seram Bagian Barat,5786.894842995099,0,Mikro Hidro Kelas A (PLTMH),Waisamu,Seram Bagian Barat,70919.85088048676,PLTMH,30.0,Tahalupu,2014,27207.79315634763,GI 70 kV Waai,0.0,70 kV,Operasi,8252.374735275733,PLTD Kairatu,3.4,PLTD,HSD,True,4.472000120000001,0.18335199000000002,-3.304604284521085,128.34752379805582
81.06.01.2014,22,1.2931137145031801,16,0.7350004315672387,0.7272727272727273,36964.219607843144,intermittent,Waipirit,Kairatu,Seram Bagian Barat,8591.334239080468,0,Mikro Hidro Kelas C (PLTMH),Rumberu,Seram Bagian Barat,71038.59525837547,PLTMH,30.0,Tahalupu,2014,24161.930685753137,GI 70 kV Waai,0.0,70 kV,Operasi,5807.466524901708,PLTD Kairatu,3.4,PLTD,HSD,True,4.53049994,0.18574999,-3.331900500737441,128.34477223655057
81.06.01.2015,22,0.4183194532482396,17,0.5942155967723595,0.7727272727272727,23157.0,lit_stable,Uraur,Kairatu,Seram Bagian Barat,6526.162979890266,0,Mikro Hidro Kelas A (PLTMH),Kairatu,Seram Bagian Barat,76579.09583171648,PLTMH,30.0,Tahalupu,2014,24636.837433934743,GI 70 kV Waai,0.0,70 kV,Operasi,4515.8750843634025,PLTD Kairatu,3.4,PLTD,HSD,True,4.40700006,0.18068700000000001,-3.3354193265357,128.394748632973
81.06.02.2002,22,0.2132533642972738,5,0.6918640581454369,0.22727272727272727,143467.0274509804,intermittent,Kawa,Seram Barat,Seram Bagian Barat,7487.183597650407,0,Mikro Hidro Kelas A (PLTMH),Piru,Seram Bagian Barat,61052.352747129175,PLTMH,30.0,Tahalupu,2014,71194.53415296189,GI 70 kV Waai,0.0,70 kV,Operasi,15440.104349905958,PLTD Piru,1.0,PLTD,HSD,True,3.99099994,0.16363101,-2.9295157481038965,128.17367778932814
81.06.02.2003,22,0.2900237192182934,11,0.6293237773656246,0.5,496429.82745098043,intermittent,Piru,Seram Barat,Seram Bagian Barat,8869.101865697352,0,Mikro Hidro Kelas A (PLTMH),Piru,Seram Bagian Barat,54181.16882451686,PLTMH,30.0,Tahalupu,2014,59880.927110550874,GI 70 kV Waai,0.0,70 kV,Operasi,4793.618011350244,PLTD Wesa Piru,3.2,PLTD,HSD,True,4.23150015,0.173492,-3.039065967299094,128.16232587520653
81.06.02.2004,22,1.2964179004306222,17,0.6702063184383508,0.7727272727272727,21868.47843137255,intermittent,Neniari,Seram Barat,Seram Bagian Barat,9679.717120134206,0,Mikro Hidro Kelas A (PLTMH),Piru,Seram Bagian Barat,57896.14966536876,PLTMH,30.0,Tahalupu,2014,54002.716081688886,GI 70 kV Waai,0.0,70 kV,Operasi,2335.3783545069073,PLTD Piru,1.0,PLTD,HSD,True,4.13399982,0.169494,-3.079209958565025,128.21240941184456
81.06.02.2005,22,0.2205973568273869,4,0.5957542869170419,0.18181818181818182,8752.145098039215,intermittent,Morekau,Seram Barat,Seram Bagian Barat,1858.2172251687768,0,Mikro Hidro Kelas A (PLTMH),Morekau,Seram Bagian Barat,67005.696407093,PLTMH,30.0,Tahalupu,2014,57636.11114114945,GI 70 kV Waai,0.0,70 kV,Operasi,10471.763199361689,PLTD Piru,1.0,PLTD,HSD,True,3.75699997,0.154037,-3.033275836884932,128.28374879232848
81.06.02.2006,22,0.2327200924113964,4,0.6180974236410024,0.18181818181818182,12601.0,intermittent,Lumoli,Seram Barat,Seram Bagian Barat,4487.477472252457,0,Mikro Hidro Kelas A (PLTMH),Lumoli,Seram Bagian Barat,67545.52143546267,PLTMH,30.0,Tahalupu,2014,48715.95710362324,GI 70 kV Waai,0.0,70 kV,Operasi,13653.043162882475,PLTD Piru,1.0,PLTD,HSD,True,3.7699999799999997,0.15456999999999999,-3.111648402976893,128.30996312975486
81.06.02.2007,22,0.3118256620190024,12,0.649715073643563,0.5454545454545454,171212.82352941175,intermittent,Eti,Seram Barat,Seram Bagian Barat,11440.108657815235,0,Mikro Hidro Kelas A (PLTMH),Piru,Seram Bagian Barat,52773.11028139499,PLTMH,30.0,Tahalupu,2014,56418.60739961109,GI 70 kV Waai,0.0,70 kV,Operasi,3811.5882645709585,PLTD Wesa Piru,3.2,PLTD,HSD,False,,,-3.0723151261913686,128.16163626913763
81.06.02.2008,22,0.22561697786248136,5,0.720458983328419,0.22727272727272727,38419.76078431373,intermittent,Kaibobo,Seram Barat,Seram Bagian Barat,8522.415469671969,0,Mikro Hidro Kelas A (PLTMH),Waisarisa,Seram Bagian Barat,56325.10141611162,PLTMH,30.0,Tahalupu,2014,42886.743102534,GI 70 kV Waai,0.0,70 kV,Operasi,13026.106148176385,PLTD Wesa Piru,3.2,PLTD,HSD,True,4.39400005,0.180154,-3.1815924794275365,128.21820097422565
81.06.03.2001,22,0.21173712123853108,4,0.6886309227971409,0.18181818181818182,62078.43529411765,intermittent,Murnaten,Taniwel,Seram Bagian Barat,1751.7729584708052,0,Mikro Hidro Kelas A (PLTMH),Murnaten,Seram Bagian Barat,74836.7764893603,PLTMH,30.0,Tahalupu,2014,72420.18188271974,GI 70 kV Waai,0.0,70 kV,Operasi,19429.667782002067,PLTD Taniwel,2.3,PLTD,HSD,True,3.4384999300000003,0.14097901,-2.898687801244854,128.30009709594265
81.06.03.2002,22,0.22120166545677006,4,0.7068114204009138,0.18181818181818182,16159.415686274511,intermittent,Nikulukan,Taniwel,Seram Bagian Barat,6630.375447724948,0,Mikro Hidro Kelas A (PLTMH),Niniari,Seram Bagian Barat,82268.13993141815,PLTMH,30.0,Tahalupu,2014,71605.47136521844,GI 70 kV Waai,0.0,70 kV,Operasi,11557.41283049881,PLTD Taniwel,2.3,PLTD,HSD,True,3.2369999899999997,0.132717,-2.906544618535638,128.3797494217471
81.06.03.2003,22,0.21634858344417585,4,0.7029747896593906,0.18181818181818182,15807.12549019608,intermittent,Niwelehu,Taniwel,Seram Bagian Barat,5978.552117949908,0,Mikro Hidro Kelas A (PLTMH),Niniari,Seram Bagian Barat,81357.77494063301,PLTMH,30.0,Tahalupu,2014,72600.64774957453,GI 70 kV Waai,0.0,70 kV,Operasi,12455.634815998212,PLTD Taniwel,2.3,PLTD,HSD,True,3.2369999899999997,0.132717,-2.8967801246364417,128.36572100933364
81.06.03.2004,22,0.2300389502390971,5,0.718142944834568,0.22727272727272727,15682.549019607843,intermittent,Nuniali,Taniwel,Seram Bagian Barat,8838.384090413407,0,Mikro Hidro Kelas C (PLTMH),Taniwel,Seram Bagian Barat,84880.93088013717,PLTMH,30.0,Tahalupu,2014,73779.11863931055,GI 70 kV Waai,0.0,70 kV,Operasi,8905.183881618135,PLTD Taniwel,2.3,PLTD,HSD,True,3.31500006,0.13591499999999998,-2.8883199090907086,128.3969861302458
81.06.03.2005,22,0.2483018687341199,5,0.6817291238587395,0.22727272727272727,45242.749019607836,intermittent,Lisabata,Taniwel,Seram Bagian Barat,6373.207858393224,0,Mikro Hidro Kelas C (PLTMH),Taniwel,Seram Bagian Barat,85921.18167885607,PLTMH,30.0,Tahalupu,2014,72110.97669283312,GI 70 kV Waai,0.0,70 kV,Operasi,8308.13032020432,PLTD Taniwel,2.3,PLTD,HSD,True,3.3670001,0.13804699,-2.90542079039279,128.4156160370477
81.06.03.2006,22,0.255596890456686,6,0.6483346907109155,0.2727272727272727,3978.0196078431372,intermittent,Wakolo,Taniwel,Seram Bagian Barat,5723.325535564728,0,Mikro Hidro Kelas C (PLTMH),Taniwel,Seram Bagian Barat,87115.39053470759,PLTMH,30.0,Tahalupu,2014,73138.99410212654,GI 70 kV Waai,0.0,70 kV,Operasi,7028.686254707613,PLTD Taniwel,2.3,PLTD,HSD,True,3.4774999600000003,0.14257701,-2.8971310444339817,128.42361337713416
81.06.03.2007,22,0.23389000602289822,3,0.6773884694872995,0.13636363636363635,17758.70588235294,dark_settled,Patahuwe,Taniwel,Seram Bagian Barat,4285.135540673401,0,Mikro Hidro Kelas C (PLTMH),Taniwel,Seram Bagian Barat,88665.98398518452,PLTMH,30.0,Tahalupu,2014,73537.8062998398,GI 70 kV Waai,0.0,70 kV,Operasi,5832.6832339216935,PLTD Taniwel,2.3,PLTD,HSD,True,3.6465001100000003,0.149507,-2.895645974753281,128.43832076258187
81.06.03.2008,22,0.24447947017795518,6,0.6801742657889096,0.2727272727272727,90310.08627450981,intermittent,Taniwel,Taniwel,Seram Bagian Barat,3374.5921445265553,0,Mikro Hidro Kelas C (PLTMH),Taniwel,Seram Bagian Barat,93499.9043990847,PLTMH,30.0,Tahalupu,2014,75616.233643015,GI 70 kV Waai,0.0,70 kV,Operasi,3763.5794089609535,PLTD Taniwel,2.3,PLTD,HSD,True,3.77649999,0.15483700000000003,-2.8846521362084907,128.48113842558195
81.06.03.2009,22,0.28569053184210413,9,0.6827026554347243,0.4090909090909091,28971.06666666667,intermittent,Hulung,Taniwel,Seram Bagian Barat,4385.146146782781,0,Mikro Hidro Kelas A (PLTMH),Kasieh,Seram Bagian Barat,102264.73951252918,PLTMH,30.0,Tahalupu,2014,79818.20396310702,GI 70 kV Waai,0.0,70 kV,Operasi,10170.101595607233,PLTD Taniwel,2.3,PLTD,HSD,True,3.59450006,0.147374,-2.8668441484011025,128.55951170850236
81.06.03.2010,22,0.22990406897694005,5,0.7085631438717878,0.22727272727272727,40815.29019607843,intermittent,Kasieh,Taniwel,Seram Bagian Barat,1820.386647709294,0,Mikro Hidro Kelas A (PLTMH),Kasieh,Seram Bagian Barat,99784.39593943181,PLTMH,30.0,Tahalupu,2014,76424.02200618877,GI 70 kV Waai,0.0,70 kV,Operasi,9833.068628886615,PLTD Taniwel,2.3,PLTD,HSD,True,3.50349998,0.14364301000000002,-2.894878546817857,128.54699718348581
81.06.03.2011,22,0.22458075045042564,4,0.6629554482874294,0.18181818181818182,8275.72156862745,intermittent,Nukuhai,Taniwel,Seram Bagian Barat,5624.327029259459,0,Mikro Hidro Kelas A (PLTMH),Sohuwe,Seram Bagian Barat,104723.98869548694,PLTMH,30.0,Tahalupu,2014,77808.30694298372,GI 70 kV Waai,0.0,70 kV,Operasi,15074.714123703881,PLTD Taniwel,2.3,PLTD,HSD,True,3.35400009,0.137514,-2.899504291494355,128.59650831629844
81.06.03.2012,22,0.24852911122394816,7,0.6072877734069778,0.3181818181818182,9591.368627450982,intermittent,Pasinalo,Taniwel,Seram Bagian Barat,5564.60432065911,0,Mikro Hidro Kelas A (PLTMH),Hatunuru,Seram Bagian Barat,107762.84554444627,PLTMH,30.0,Tahalupu,2014,81967.44435495965,GI 70 kV Waai,0.0,70 kV,Operasi,16019.221346337776,PLTD Taniwel,2.3,PLTD,HSD,True,3.66599989,0.15030600000000002,-2.8656816947476287,128.6126710704216
81.06.03.2028,22,0.3180795903138968,13,0.7594082062592229,0.5909090909090909,25232.0,intermittent,Uweth,Taniwel,Seram Bagian Barat,5484.704859061216,0,Mikro Hidro Kelas A (PLTMH),Kasieh,Seram Bagian Barat,96593.65478059769,PLTMH,30.0,Tahalupu,2014,79132.71943414064,GI 70 kV Waai,0.0,70 kV,Operasi,3311.74263883151,PLTD Taniwel,2.3,PLTD,HSD,True,3.9065001,0.16016699,-2.856186732113429,128.49863722303738
81.06.03.2029,22,0.19547931178327005,5,0.6065062643360516,0.22727272727272727,9733.0,intermittent,Laturake,Taniwel,Seram Bagian Barat,5108.045417265983,0,Mikro Hidro Kelas A (PLTMH),Kasieh,Seram Bagian Barat,99261.40751949292,PLTMH,30.0,Tahalupu,2014,70156.6596939789,GI 70 kV Waai,0.0,70 kV,Operasi,16150.691936847556,PLTD Taniwel,2.3,PLTD,HSD,True,3.3345000700000003,0.13671499,-2.961393422801482,128.5658539346874
81.06.03.2030,22,0.19917206360560508,4,0.6420341415790557,0.18181818181818182,19624.0,intermittent,Buria,Taniwel,Seram Bagian Barat,4016.820206739074,0,Mikro Hidro Kelas A (PLTMH),Laturake,Seram Bagian Barat,93243.84439332709,PLTMH,30.0,Tahalupu,2014,66664.58051991991,GI 70 kV Waai,0.0,70 kV,Operasi,14593.682481927746,PLTD Taniwel,2.3,PLTD,HSD,True,3.54900002,0.14550900000000003,-2.97643964566999,128.5137836128467
81.06.03.2031,22,0.21760327781453204,5,0.7033608662143574,0.22727272727272727,0.0,data_gap,Riring,Taniwel,Seram Bagian Barat,831.8831346306263,0,Mikro Hidro Kelas C (PLTMH),Riring,Seram Bagian Barat,86924.35327078403,PLTMH,30.0,Tahalupu,2014,65810.41194434332,GI 70 kV Waai,0.0,70 kV,Operasi,12986.628938982927,PLTD Taniwel,2.3,PLTD,HSD,True,3.6205000899999997,0.14844100000000002,-2.9684738464524107,128.45108571951465
81.06.03.2032,22,0.2103759323420203,4,0.5792388920089387,0.18181818181818182,2393.0,intermittent,Rumahsoal,Taniwel,Seram Bagian Barat,4522.779573794933,0,Mikro Hidro Kelas A (PLTMH),Niniari,Seram Bagian Barat,80330.17901782581,PLTMH,30.0,Tahalupu,2014,57016.93688187661,GI 70 kV Waai,0.0,70 kV,Operasi,21936.516117828916,PLTD Taniwel,2.3,PLTD,HSD,True,3.53600001,0.144976,-3.04190138452939,128.41183179474808
81.06.03.2033,22,0.21338786655790698,6,0.6990362683164061,0.2727272727272727,0.0,data_gap,Lohiasapalewa,Taniwel,Seram Bagian Barat,639.5302933169299,0,Mikro Hidro Kelas B (PLTMH),Lohiasapalewa,Seram Bagian Barat,97752.98519533104,PLTMH,30.0,Tahalupu,2014,62592.12288497052,GI 70 kV Waai,0.0,70 kV,Operasi,23568.712351487695,PLTD Taniwel,2.3,PLTD,HSD,True,3.18499994,0.130585,-3.0381200402902353,128.57245537311545
81.06.03.2034,22,0.20240296899351595,3,0.6126226366558312,0.13636363636363635,3486.0,dark_settled,Niniari,Taniwel,Seram Bagian Barat,2417.825804695247,0,Mikro Hidro Kelas A (PLTMH),Niniari,Seram Bagian Barat,76666.89965556013,PLTMH,30.0,Tahalupu,2014,64406.788961179715,GI 70 kV Waai,0.0,70 kV,Operasi,18314.67220740287,PLTD Taniwel,2.3,PLTD,HSD,True,3.58800006,0.14710800000000002,-2.9700352857890824,128.3528796375395
81.06.04.2001,22,0.20584346042669896,5,0.7174258430426734,0.22727272727272727,220318.13333333333,intermittent,Waesala,Huamual Belakang,Seram Bagian Barat,3539.3773703480488,0,Mikro Hidro Kelas A (PLTMH),Waesala,Seram Bagian Barat,28302.461886161127,PLTMH,30.0,Tahalupu,2014,60440.5586579961,GI 70 kV Waai,0.0,70 kV,Operasi,16275.490934324962,PLTD Buano,0.5,PLTD,HSD,True,3.98449993,0.16336399000000001,-3.1577686138259837,127.95773536020239
81.06.04.2002,22,0.27057527980301993,11,0.8009981116571346,0.5,4774.0,intermittent,Allang Asaude,Huamual Belakang,Seram Bagian Barat,4737.860537485015,0,Mikro Hidro Kelas A (PLTMH),Waesala,Seram Bagian Barat,29381.806070005794,PLTMH,30.0,Tahalupu,2014,64104.7053244406,GI 70 kV Waai,0.0,70 kV,Operasi,11774.64184292049,PLTD Buano,0.5,PLTD,HSD,True,4.03649998,0.16549601000000003,-3.1174506144198664,127.95281695353192
81.06.04.2003,22,0.18460230421673138,5,0.651312747690885,0.22727272727272727,78817.39607843137,intermittent,Sole,Huamual Belakang,Seram Bagian Barat,6517.879269798573,0,Mikro Hidro Kelas A (PLTMH),Tahalupu,Seram Bagian Barat,7773.958613337991,PLTMH,30.0,Tahalupu,2014,74303.6106864558,"GI 70/20 kV Passo 
",40.0,70 kV,Operasi,12955.985775765674,PLTS Kelang,0.075,PLTS,Surya,True,4.45900011,0.18281899000000001,-3.1758422038144776,127.7580508533744
81.06.04.2004,22,0.21274128484835494,7,0.6617658002459262,0.3181818181818182,29285.192156862748,intermittent,Tonu Jaya,Huamual Belakang,Seram Bagian Barat,6009.901688925897,0,Mikro Hidro Kelas A (PLTMH),Tahalupu,Seram Bagian Barat,7634.082429457878,PLTMH,30.0,Tahalupu,2014,69346.88354164994,"GI 70/20 kV Passo 
",40.0,70 kV,Operasi,14019.83269914814,PLTS Kelang,0.075,PLTS,Surya,True,4.57600021,0.18761601000000003,-3.2178137384035352,127.78089951908028
81.06.04.2005,22,0.22876208254405533,6,0.6190047585385933,0.2727272727272727,100643.58039215687,intermittent,Tahalupu,Huamual Belakang,Seram Bagian Barat,1418.3605042795252,0,Mikro Hidro Kelas A (PLTMH),Tahalupu,Seram Bagian Barat,525.2195097677902,PLTMH,30.0,Tahalupu,2014,74974.50608998872,"GI 70/20 kV Passo 
",40.0,70 kV,Operasi,6269.823583701346,PLTS Kelang,0.075,PLTS,Surya,True,4.589000230000001,0.18814901,-3.225056217739246,127.71146940039013
81.06.04.2006,22,0.2075641177334139,4,0.7597863337365082,0.18181818181818182,118793.6862745098,intermittent,Buano Utara,Huamual Belakang,Seram Bagian Barat,21052.471856472705,0,Mikro Hidro Kelas A (PLTMH),Waesala,Seram Bagian Barat,38743.70328896338,PLTMH,30.0,Tahalupu,2014,79000.81679412811,GI 70 kV Waai,0.0,70 kV,Operasi,5817.709342665303,PLTD Buano,0.5,PLTD,HSD,True,4.39400005,0.180154,-2.961281548465705,127.9358901629343
81.06.04.2007,22,0.1678999234205758,4,0.7989897703707282,0.18181818181818182,24254.258823529413,intermittent,Buano Selatan,Huamual Belakang,Seram Bagian Barat,17519.859825322797,0,Mikro Hidro Kelas A (PLTMH),Waesala,Seram Bagian Barat,30824.97740183687,PLTMH,30.0,Tahalupu,2014,76936.63101805371,GI 70 kV Waai,0.0,70 kV,Operasi,6501.756718127894,PLTD Buano,0.5,PLTD,HSD,True,4.40049982,0.18042,-3.017482943705182,127.89202649889866
81.06.05.2001,22,0.22585158603552646,4,0.6744231662748196,0.18181818181818182,24562.533333333333,intermittent,Tihulale,Amalatu,Seram Bagian Barat,8417.166437356991,0,Mikro Hidro Kelas B (PLTMH),Kairatu,Seram Bagian Barat,90465.53456657287,PLTMH,30.0,Tahalupu,2014,24558.189888385117,GI 70 kV Waai,0.0,70 kV,Operasi,12231.648418061985,PLTD Haruku,2.5,PLTD,HSD,True,4.21199989,0.172692,-3.4100957111396544,128.50774268893446
81.06.05.2002,22,0.23399226878048038,3,0.73239026729971,0.13636363636363635,50371.419607843134,dark_settled,Rumahkay,Amalatu,Seram Bagian Barat,4110.023353379858,0,Mikro Hidro Kelas A (PLTMH),Hualoy,Seram Bagian Barat,94928.7026470805,PLTMH,30.0,Tahalupu,2014,29348.056067971418,GI 150 kV PLTMG Ambon Peaker,6000000.0,150 kV,Operasi,15243.403229014291,PLTD Haruku,2.5,PLTD,HSD,True,4.23150015,0.173492,-3.396742483012399,128.55170531081853
81.06.05.2003,22,0.24067226723417115,6,0.754123394399266,0.2727272727272727,145691.8274509804,intermittent,Latu,Amalatu,Seram Bagian Barat,3772.8366618957384,0,Mikro Hidro Kelas A (PLTMH),Hualoy,Seram Bagian Barat,104853.7083212848,PLTMH,30.0,Tahalupu,2014,36765.08471773441,GI 150 kV PLTMG Ambon Peaker,0.0,150 kV,Operasi,18584.19088791007,PLTD Saparua,2.2,PLTD,HSD,True,4.504499910000001,0.18468501,-3.4159269179137253,128.6390475900252
81.06.05.2004,22,0.22124490304588018,6,0.7502492790715672,0.2727272727272727,31376.00392156863,intermittent,Tomalehu,Amalatu,Seram Bagian Barat,1720.5504142422672,0,Mikro Hidro Kelas A (PLTMH),Hualoy,Seram Bagian Barat,105875.5837336839,PLTMH,30.0,Tahalupu,2014,38813.45482638512,GI 150 kV PLTMG Ambon Peaker,0.0,150 kV,Operasi,20402.813941435594,PLTD Saparua,2.2,PLTD,HSD,True,4.52400017,0.18548401,-3.399150344091977,128.65162773514948
81.06.05.2005,22,0.20882741110882197,4,0.6912491310632528,0.18181818181818182,35882.79607843137,intermittent,Hualoy,Amalatu,Seram Bagian Barat,2730.3495287773394,0,Mikro Hidro Kelas A (PLTMH),Hualoy,Seram Bagian Barat,99834.99452566444,PLTMH,30.0,Tahalupu,2014,37736.55299505892,GI 70 kV Waai,0.0,70 kV,Operasi,23496.965165847138,PLTD Haruku,2.5,PLTD,HSD,True,4.114500049999999,0.168694,-3.342247971544176,128.60532960741483
81.06.05.2006,22,0.20642511064722618,3,0.7453178258765916,0.13636363636363635,27147.50980392157,dark_settled,Seriholo,Amalatu,Seram Bagian Barat,1266.8233344571865,0,Mikro Hidro Kelas A (PLTMH),Hualoy,Seram Bagian Barat,104193.15480045001,PLTMH,30.0,Tahalupu,2014,40566.75013514917,GI 150 kV PLTMG Ambon Peaker,6000000.0,150 kV,Operasi,25250.192440571034,PLTD Haruku,2.5,PLTD,HSD,True,4.32250023,0.177223,-3.352384810826996,128.6436057946327
81.06.05.2007,22,0.22680071138956187,4,0.6622527629913102,0.18181818181818182,15726.0,intermittent,Tala,Amalatu,Seram Bagian Barat,3944.843802404643,0,Mikro Hidro Kelas A (PLTMH),Seriholo,Seram Bagian Barat,104807.19438070316,PLTMH,30.0,Tahalupu,2014,43062.241834242646,GI 150 kV PLTMG Ambon Peaker,6000000.0,150 kV,Operasi,28154.05331004664,PLTD Haruku,2.5,PLTD,HSD,True,4.28350019,0.175624,-3.325210825049939,128.65235090766694
81.06.06.2001,22,0.22465026130829852,6,0.6568653110483452,0.2727272727272727,0.0,data_gap,Manusa,Inamosol,Seram Bagian Barat,3709.9073469078453,0,Mikro Hidro Kelas C (PLTMH),Lohiasapalewa,Seram Bagian Barat,90016.42225559843,PLTMH,30.0,Tahalupu,2014,54105.25169889057,GI 70 kV Waai,0.0,70 kV,Operasi,27410.10289958508,PLTD Taniwel,2.3,PLTD,HSD,True,3.60100007,0.14764100000000002,-3.095656327738896,128.51275318659572
81.06.06.2002,22,0.22672197572606606,5,0.6898241365497774,0.22727272727272727,8157.0,intermittent,Rambatu,Inamosol,Seram Bagian Barat,3653.5603563978075,0,Mikro Hidro Kelas A (PLTMH),Rambatu,Seram Bagian Barat,85476.92973698728,PLTMH,30.0,Tahalupu,2014,45468.379812717045,GI 70 kV Waai,0.0,70 kV,Operasi,25570.66786391135,PLTD Kairatu,3.4,PLTD,HSD,True,3.9519999,0.16203199000000001,-3.1664764237703307,128.48045678256992
81.06.06.2003,22,0.22407915034560996,5,0.6828999884221678,0.22727272727272727,34564.0,intermittent,Rumberu,Inamosol,Seram Bagian Barat,991.8814696051415,0,Mikro Hidro Kelas A (PLTMH),Lohiatala,Seram Bagian Barat,76096.97818031939,PLTMH,30.0,Tahalupu,2014,39255.942130364245,GI 70 kV Waai,0.0,70 kV,Operasi,19131.87028283901,PLTD Kairatu,3.4,PLTD,HSD,True,3.9000000999999997,0.15989999,-3.2014854906592625,128.3979974049255
81.06.06.2004,22,0.22899988459683013,6,0.604518197094989,0.2727272727272727,11215.0,intermittent,Honitetu,Inamosol,Seram Bagian Barat,679.0267639429304,0,Mikro Hidro Kelas A (PLTMH),Honitetu,Seram Bagian Barat,84507.12603844215,PLTMH,30.0,Tahalupu,2014,32550.482700961515,GI 70 kV Waai,0.0,70 kV,Operasi,13908.804823474205,PLTD Kairatu,3.4,PLTD,HSD,True,3.85450006,0.158035,-3.289778330052517,128.47195780431662
81.06.06.2005,22,0.22929930046858432,5,0.6331136876911229,0.22727272727272727,4003.0,intermittent,Hukuanakota,Inamosol,Seram Bagian Barat,1934.0019726911253,0,Mikro Hidro Kelas B (PLTMH),Hukuanakota,Seram Bagian Barat,92665.0404326466,PLTMH,30.0,Tahalupu,2014,43052.3148622587,GI 70 kV Waai,0.0,70 kV,Operasi,25000.818039219426,PLTD Kairatu,3.4,PLTD,HSD,True,4.13399982,0.169494,-3.224835360501664,128.54780274631804
81.06.07.2001,22,0.5709121167124744,15,0.678849809562266,0.6818181818181818,157425.0,intermittent,Waihatu,Kairatu Barat,Seram Bagian Barat,3952.975311873531,0,Mikro Hidro Kelas A (PLTMH),Waisamu,Seram Bagian Barat,69884.69572144058,PLTMH,30.0,Tahalupu,2014,29441.558243540763,GI 70 kV Waai,0.0,70 kV,Operasi,10648.022624387524,PLTD Kairatu,3.4,PLTD,HSD,True,4.40700006,0.18068700000000001,-3.284270290170783,128.34024330748505
81.06.07.2002,22,0.2506053637019205,6,0.7014199392630315,0.2727272727272727,17849.631372549018,intermittent,Lohiatala,Kairatu Barat,Seram Bagian Barat,1758.0353688662944,0,Mikro Hidro Kelas B (PLTMH),Rumberu,Seram Bagian Barat,73255.05391760205,PLTMH,30.0,Tahalupu,2014,34659.6674843528,GI 70 kV Waai,0.0,70 kV,Operasi,14781.38954474962,PLTD Kairatu,3.4,PLTD,HSD,True,4.0170002,0.16469701,-3.23952242365992,128.37290828743807
81.06.07.2003,22,0.27946520004769715,10,0.6859844228147761,0.45454545454545453,21811.37254901961,intermittent,Waisamu,Kairatu Barat,Seram Bagian Barat,1904.6075419926983,0,Mikro Hidro Kelas A (PLTMH),Waisamu,Seram Bagian Barat,68852.91004631732,PLTMH,30.0,Tahalupu,2014,33177.855923641735,GI 70 kV Waai,0.0,70 kV,Operasi,14422.413534569494,PLTD Kairatu,3.4,PLTD,HSD,True,4.32250023,0.177223,-3.250643131444612,128.33297336815198
81.06.07.2004,22,0.22616570238977823,6,0.7364297400777386,0.2727272727272727,25861.690196078434,intermittent,Nuruwe,Kairatu Barat,Seram Bagian Barat,1578.9790359742317,0,Mikro Hidro Kelas A (PLTMH),Kamal,Seram Bagian Barat,70886.65345294881,PLTMH,30.0,Tahalupu,2014,40464.54454551493,GI 70 kV Waai,0.0,70 kV,Operasi,21018.149331390083,PLTD Kairatu,3.4,PLTD,HSD,True,3.84150004,0.157502,-3.1853830806061567,128.35010536102547
81.06.07.2005,22,0.29915518537908603,12,0.7171219944644892,0.5454545454545454,147813.19999999998,intermittent,Kamal,Kairatu Barat,Seram Bagian Barat,1309.9302996148447,0,Mikro Hidro Kelas A (PLTMH),Kamal,Seram Bagian Barat,67064.62052127496,PLTMH,30.0,Tahalupu,2014,39854.61403720937,GI 70 kV Waai,0.0,70 kV,Operasi,19245.566521341094,PLTD Piru,1.0,PLTD,HSD,True,3.99099994,0.16363101,-3.1911268503019956,128.31598749222522
81.06.07.2006,22,0.3239065530938956,12,0.7589442006629313,0.5454545454545454,103015.74509803922,intermittent,Waisarisa,Kairatu Barat,Seram Bagian Barat,978.0202424600454,0,Mikro Hidro Kelas A (PLTMH),Waisarisa,Seram Bagian Barat,64161.04349482407,PLTMH,30.0,Tahalupu,2014,40148.84138016499,GI 70 kV Waai,0.0,70 kV,Operasi,17326.215816028303,PLTD Piru,1.0,PLTD,HSD,True,4.15999985,0.17056000000000002,-3.1908660416710326,128.28976097999035
81.06.08.2001,22,0.25643182824542554,6,0.6435244453667509,0.2727272727272727,35308.44705882353,intermittent,Ariate,Huamual,Seram Bagian Barat,6884.314718981177,0,Mikro Hidro Kelas A (PLTMH),Waesala,Seram Bagian Barat,37221.4369163335,PLTMH,30.0,Tahalupu,2014,53293.36982556373,GI 70 kV Waai,0.0,70 kV,Operasi,20319.093725018884,PLTD Buano,0.5,PLTD,HSD,True,4.28999996,0.17589000000000002,-3.169182336867728,128.042914689323
81.06.08.2002,22,0.18338600225366014,6,0.7020385319218576,0.2727272727272727,305883.2470588235,intermittent,Lokki,Huamual,Seram Bagian Barat,5807.648656884644,0,Mikro Hidro Kelas A (PLTMH),Lokki,Seram Bagian Barat,34637.194849871295,PLTMH,30.0,Tahalupu,2014,47422.84603332435,GI 70 kV Waai,0.0,70 kV,Operasi,14530.509224418738,PLTD Luhu,1.87,PLTD,HSD,True,4.33549976,0.177755,-3.2574939401799563,128.0238703441708
81.06.08.2003,22,0.20729015445228854,5,0.7034582124084093,0.22727272727272727,528385.4313725489,intermittent,Luhu,Huamual,Seram Bagian Barat,6786.798316648975,0,Mikro Hidro Kelas A (PLTMH),Lokki,Seram Bagian Barat,30122.332998400114,PLTMH,30.0,Tahalupu,2014,44959.66648181049,"GI 70/20 kV Passo 
",40.0,70 kV,Operasi,4512.908287136226,PLTD Luhu,1.87,PLTD,HSD,True,4.614999770000001,0.189215,-3.3513564903654696,127.95546543093012
81.06.08.2004,22,0.2928681126830207,11,0.6904584056695927,0.5,90117.17254901961,intermittent,Iha,Huamual,Seram Bagian Barat,16272.433428139617,0,Mikro Hidro Kelas A (PLTMH),Lokki,Seram Bagian Barat,34310.70450941538,PLTMH,30.0,Tahalupu,2014,40861.57062643352,"GI 70/20 kV Passo 
",40.0,70 kV,Operasi,8260.560532611316,PLTD Luhu,1.87,PLTD,HSD,True,4.63450003,0.190014,-3.4410454797231775,127.93812797035753
81.06.08.2005,22,0.6055357085008707,13,1.0051917091591802,0.5909090909090909,20315.745098039217,intermittent,Kulur,Huamual,Seram Bagian Barat,9711.35731640033,0,Mikro Hidro Kelas A (PLTMH),Lokki,Seram Bagian Barat,34623.64225002789,PLTMH,30.0,Tahalupu,2014,40040.59558343452,"GI 70/20 kV Passo 
",40.0,70 kV,Operasi,1309.6609768010912,PLTD Luhu,1.87,PLTD,HSD,True,4.673500059999999,0.19161300000000003,-3.3926475954213617,127.9787798602615
81.06.09.2001,22,0.2638990073334162,8,0.5670464543476507,0.36363636363636365,99465.48627450984,intermittent,Luhutuban,Kepulauan Manipa,Seram Bagian Barat,17365.105405548722,0,Mikro Hidro Kelas A (PLTMH),Tahalupu,Seram Bagian Barat,16203.217070458204,PLTMH,30.0,Tahalupu,2014,77457.20900059947,GI 150 kV Sirimau (60 MVA),60.0,150 kV,Operasi,3063.007324087252,PLTD Manipa,0.79,PLTD,HSD,True,4.76450014,0.195345,-3.3399482875770214,127.61795179477544
81.06.09.2002,22,0.22859587821386346,3,0.5743654008168222,0.13636363636363635,25215.12549019608,dark_settled,Masawoy,Kepulauan Manipa,Seram Bagian Barat,19492.775365770514,0,Mikro Hidro Kelas A (PLTMH),Tahalupu,Seram Bagian Barat,18121.982190969647,PLTMH,30.0,Tahalupu,2014,86190.36489871236,GI 150 kV Sirimau (60 MVA),60.0,150 kV,Operasi,7796.992311117125,PLTD Manipa,0.79,PLTD,HSD,True,4.627999780000001,0.189748,-3.2844801715954013,127.55947431588505
81.06.09.2003,22,0.2273102670652204,6,0.6527671662599589,0.2727272727272727,9654.870588235295,intermittent,Tuniwara,Kepulauan Manipa,Seram Bagian Barat,24861.880072611377,0,Mikro Hidro Kelas A (PLTMH),Tahalupu,Seram Bagian Barat,23489.734352539253,PLTMH,30.0,Tahalupu,2014,89495.51456259206,GI 150 kV Sirimau (60 MVA),60.0,150 kV,Operasi,9842.56970782594,PLTD Manipa,0.79,PLTD,HSD,True,4.731999869999999,0.19401200000000002,-3.3025470285427887,127.51460432513544
81.06.09.2004,22,0.24845638503943981,7,0.5697957785938846,0.3181818181818182,28338.61960784314,intermittent,Kelang Asaude,Kepulauan Manipa,Seram Bagian Barat,18127.306521178387,0,Mikro Hidro Kelas A (PLTMH),Tahalupu,Seram Bagian Barat,16747.067067376385,PLTMH,30.0,Tahalupu,2014,82504.29814305033,GI 150 kV Sirimau (60 MVA),60.0,150 kV,Operasi,4440.809633565565,PLTD Manipa,0.79,PLTD,HSD,True,4.7255001100000005,0.193746,-3.307690010534354,127.58421616487527
81.06.09.2005,22,0.2503083426465605,4,0.6499268830943481,0.18181818181818182,17049.925490196078,intermittent,Tomalehu Barat,Kepulauan Manipa,Seram Bagian Barat,22370.40227406206,0,Mikro Hidro Kelas A (PLTMH),Tahalupu,Seram Bagian Barat,20987.8870960964,PLTMH,30.0,Tahalupu,2014,86131.95970877878,GI 150 kV Sirimau (60 MVA),60.0,150 kV,Operasi,6521.830641547989,PLTD Manipa,0.79,PLTD,HSD,True,4.7255001100000005,0.193746,-3.312842007614082,127.5435180598781
81.06.09.2006,22,0.3299054241705869,14,0.5890274790165142,0.6363636363636364,46562.05490196078,intermittent,Tomalehu Timur,Kepulauan Manipa,Seram Bagian Barat,21603.810702931187,0,Mikro Hidro Kelas A (PLTMH),Tahalupu,Seram Bagian Barat,20222.2493762726,PLTMH,30.0,Tahalupu,2014,84514.76664252735,GI 150 kV Sirimau (60 MVA),60.0,150 kV,Operasi,4900.510270030587,PLTD Manipa,0.79,PLTD,HSD,True,4.718999859999999,0.193479,-3.320931431075295,127.55568307704965
81.06.09.2007,22,0.23282583624319472,4,0.6049853206487771,0.18181818181818182,2935.0,intermittent,Buano Hatuputih,Kepulauan Manipa,Seram Bagian Barat,24744.340384941515,0,Mikro Hidro Kelas A (PLTMH),Tahalupu,Seram Bagian Barat,23361.45383944671,PLTMH,30.0,Tahalupu,2014,87103.73558902921,GI 150 kV Sirimau (60 MVA),60.0,150 kV,Operasi,7568.566491070236,PLTD Manipa,0.79,PLTD,HSD,True,4.75150013,0.194812,-3.3262408540967443,127.52634505499726
81.06.10.2001,22,0.2167910463619653,6,0.5873419304161398,0.2727272727272727,12361.0,intermittent,Sohuwe,Taniwel Timur,Seram Bagian Barat,1045.1398345239063,0,Mikro Hidro Kelas A (PLTMH),Sohuwe,Seram Bagian Barat,107454.22613454802,PLTMH,30.0,Tahalupu,2014,76797.70387770722,GI 70 kV Waai,0.0,70 kV,Operasi,19724.581803269768,PLTD Taniwel,2.3,PLTD,HSD,True,3.50349998,0.14364301000000002,-2.924655552393253,128.63148482400908
81.06.10.2002,22,0.23220499601240724,5,0.5522258097752617,0.22727272727272727,0.0,data_gap,Maloang,Taniwel Timur,Seram Bagian Barat,2195.35987696542,0,Mikro Hidro Kelas A (PLTMH),Hatunuru,Seram Bagian Barat,111161.30605575591,PLTMH,30.0,Tahalupu,2014,83012.0559736109,GI 70 kV Waai,0.0,70 kV,Operasi,19914.87774005124,PLTD Taniwel,2.3,PLTD,HSD,True,3.84800005,0.15776800000000002,-2.8704363835057167,128.6474582477236
81.06.10.2003,22,0.2249733734010544,5,0.5971335968199942,0.22727272727272727,17417.0,intermittent,Lumahlatal,Taniwel Timur,Seram Bagian Barat,1525.306248100314,0,Mikro Hidro Kelas A (PLTMH),Lumahlatal,Seram Bagian Barat,109368.04095753972,PLTMH,30.0,Tahalupu,2014,77169.2689036606,GI 70 kV Waai,0.0,70 kV,Operasi,22048.47607748714,PLTD Taniwel,2.3,PLTD,HSD,True,3.5555000299999997,0.14577500999999998,-2.930811773181858,128.65162066772965
81.06.10.2004,22,0.2081926628900917,3,0.6244390856784819,0.13636363636363635,1032.6,data_gap,Matapa,Taniwel Timur,Seram Bagian Barat,3095.127863568101,0,Mikro Hidro Kelas A (PLTMH),Hatunuru,Seram Bagian Barat,113556.44078930278,PLTMH,30.0,Tahalupu,2014,81588.53851954995,GI 70 kV Waai,0.0,70 kV,Operasi,24235.80973638689,PLTD Taniwel,2.3,PLTD,HSD,True,3.6789999,0.15083900000000003,-2.901667913668986,128.68171835100577
81.06.10.2005,22,0.20774359221638183,5,0.6672722518587348,0.22727272727272727,25071.403921568624,intermittent,Seakasale,Taniwel Timur,Seram Bagian Barat,2074.4170083983317,0,Mikro Hidro Kelas A (PLTMH),Makububui,Seram Bagian Barat,111311.74076295893,PLTMH,30.0,Tahalupu,2014,74603.58360548393,GI 70 kV Waai,0.0,70 kV,Operasi,27282.541301280202,PLTD Taniwel,2.3,PLTD,HSD,True,3.4449999300000003,0.14124499000000001,-2.974336169418286,128.68254678400325
81.06.10.2006,22,0.21833078055511396,7,0.6606543127751558,0.3181818181818182,18460.086274509806,intermittent,Makububui,Taniwel Timur,Seram Bagian Barat,1437.762703314668,0,Mikro Hidro Kelas A (PLTMH),Makububui,Seram Bagian Barat,113590.01604165157,PLTMH,30.0,Tahalupu,2014,76062.95235902783,GI 70 kV Waai,0.0,70 kV,Operasi,29140.22283818717,PLTD Taniwel,2.3,PLTD,HSD,True,3.4254999199999996,0.14044601,-2.9715551135935896,128.70302807317213
81.06.10.2007,22,0.24493041462737097,7,0.695881415897463,0.3181818181818182,27088.87450980392,intermittent,Sukaraja,Taniwel Timur,Seram Bagian Barat,6056.957369271825,0,Mikro Hidro Kelas A (PLTMH),Warasiwa,Maluku Tengah,117801.77148327553,PLTMH,30.0,Tahalupu,2014,83899.28163530942,GI 70 kV Waai,0.0,70 kV,Operasi,28532.510598741635,PLTD Taniwel,2.3,PLTD,HSD,True,3.61400008,0.148174,-2.9002125786505197,128.72152932198748
81.06.10.2008,22,0.21508796196059032,6,0.701490757864954,0.2727272727272727,10700.792156862746,intermittent,Uwen Pantai,Taniwel Timur,Seram Bagian Barat,1875.9697960694664,0,Mikro Hidro Kelas A (PLTMH),Waraloin,Seram Bagian Barat,115718.23682008561,PLTMH,30.0,Tahalupu,2014,77735.96418065531,GI 70 kV Waai,0.0,70 kV,Operasi,30670.50551810992,PLTD Taniwel,2.3,PLTD,HSD,True,3.4449999300000003,0.14124499000000001,-2.9653910357087487,128.7212228647829
81.06.10.2009,22,0.2922620142076303,11,0.743264798469087,0.5,13732.541176470588,intermittent,Tounussa,Taniwel Timur,Seram Bagian Barat,5827.241220678596,0,Mikro Hidro Kelas A (PLTMH),Warasiwa,Maluku Tengah,119597.40696348148,PLTMH,30.0,Tahalupu,2014,86634.76445043692,GI 70 kV Waai,0.0,70 kV,Operasi,29197.71639492782,PLTD Taniwel,2.3,PLTD,HSD,True,3.74399996,0.153504,-2.8771041072187855,128.73078729044565
81.06.10.2010,22,0.32489766251680674,12,0.7045543054335426,0.5454545454545454,32296.5568627451,intermittent,Musihuwey,Taniwel Timur,Seram Bagian Barat,5492.231653416467,0,Mikro Hidro Kelas A (PLTMH),Warasiwa,Maluku Tengah,119925.77710939047,PLTMH,30.0,Tahalupu,2014,86779.14180236423,GI 70 kV Waai,0.0,70 kV,Operasi,29564.219665473272,PLTD Taniwel,2.3,PLTD,HSD,True,3.73099995,0.152971,-2.8775250445142717,128.73406264722053
81.06.10.2011,22,0.2979555316431791,11,0.7042626738067819,0.5,11625.6,intermittent,Solea,Taniwel Timur,Seram Bagian Barat,5522.2297310947115,0,Mikro Hidro Kelas A (PLTMH),Warasiwa,Maluku Tengah,120219.34486336246,PLTMH,30.0,Tahalupu,2014,87168.9311331598,GI 70 kV Waai,0.0,70 kV,Operasi,29727.678661917027,PLTD Taniwel,2.3,PLTD,HSD,True,3.73099995,0.152971,-2.8744803588622037,128.73580299749042
81.06.10.2012,22,0.22146043612177627,7,0.7083062034926542,0.3181818181818182,31512.058823529413,intermittent,Waraloin,Taniwel Timur,Seram Bagian Barat,2236.2945525396067,0,Mikro Hidro Kelas A (PLTMH),Waraloin,Seram Bagian Barat,118521.45319382232,PLTMH,30.0,Tahalupu,2014,77901.34861982227,GI 70 kV Waai,0.0,70 kV,Operasi,34707.97048681522,PLTD Taniwel,2.3,PLTD,HSD,True,3.32800007,0.13644799999999999,-2.9851301375644654,128.75216748731643
81.06.10.2013,22,0.2641309667720643,7,0.6322094324264971,0.3181818181818182,19022.0,intermittent,Walakone,Taniwel Timur,Seram Bagian Barat,5099.691324014547,0,Mikro Hidro Kelas A (PLTMH),Warasiwa,Maluku Tengah,121613.48156324799,PLTMH,30.0,Tahalupu,2014,88397.20022467778,GI 70 kV Waai,0.0,70 kV,Operasi,30912.946186242265,PLTD Taniwel,2.3,PLTD,HSD,True,3.7634999799999997,0.15430400000000002,-2.868246101770951,128.74691996425173
81.06.10.2014,22,0.22431209434097255,4,0.624936344333904,0.18181818181818182,34774.066666666666,intermittent,Hatunuru,Taniwel Timur,Seram Bagian Barat,2749.6845042074474,0,Mikro Hidro Kelas A (PLTMH),Hatunuru,Seram Bagian Barat,114183.25492948478,PLTMH,30.0,Tahalupu,2014,84339.8617051576,GI 70 kV Waai,0.0,70 kV,Operasi,23178.300360456713,PLTD Taniwel,2.3,PLTD,HSD,True,3.9130001100000005,0.16043299000000003,-2.8713082022206504,128.6768883536259
81.06.10.2015,22,0.26476051010562884,9,0.6493271573731487,0.4090909090909091,13270.180392156863,intermittent,Lumahpelu,Taniwel Timur,Seram Bagian Barat,6226.515796742969,0,Mikro Hidro Kelas A (PLTMH),Warasiwa,Maluku Tengah,118721.17631149657,PLTMH,30.0,Tahalupu,2014,85775.40388640195,GI 70 kV Waai,0.0,70 kV,Operasi,28529.26638667707,PLTD Taniwel,2.3,PLTD,HSD,True,3.6984999199999997,0.15163800000000002,-2.882216784410803,128.7242091504898
81.06.11.2002,22,0.21050993844381763,3,0.7144632937275439,0.13636363636363635,38930.529411764706,dark_settled,Sanahu,Elpaputih,Seram Bagian Barat,6258.84476008053,0,Mikro Hidro Kelas C (PLTMH),Watui,Seram Bagian Barat,110796.02726355106,PLTMH,30.0,Tahalupu,2014,53995.65267803621,GI 70 kV Waai,0.0,70 kV,Operasi,27061.283923384817,PLTD Mep Masohi,6.0,PLTD,HSD,True,3.99099994,0.16363101,-3.2401327543153093,128.71108103199543
81.06.11.2003,22,0.2160255750242941,4,0.7252539891961716,0.18181818181818182,11726.0,intermittent,Wasia,Elpaputih,Seram Bagian Barat,6027.694349425389,0,Mikro Hidro Kelas C (PLTMH),Watui,Seram Bagian Barat,110365.18082449415,PLTMH,30.0,Tahalupu,2014,50891.925247019964,GI 70 kV Waai,0.0,70 kV,Operasi,26778.926623907348,PLTD Mep Masohi,6.0,PLTD,HSD,True,4.23150015,0.173492,-3.279133783825637,128.70603148419698
81.06.11.2004,22,0.22015237916539027,5,0.708453607558392,0.22727272727272727,6542.0,intermittent,Sumeith Pasinaro,Elpaputih,Seram Bagian Barat,3749.215778887156,0,Mikro Hidro Kelas C (PLTMH),Watui,Seram Bagian Barat,106880.4483719484,PLTMH,30.0,Tahalupu,2014,46595.515062468294,GI 70 kV Waai,0.0,70 kV,Operasi,30251.955647789247,PLTD Mep Masohi,6.0,PLTD,HSD,True,4.29650021,0.176157,-3.2999258006724888,128.6733074761275
81.06.11.2005,22,0.20309692267858326,3,0.7913726242646045,0.13636363636363635,0.0,data_gap,Watui,Elpaputih,Seram Bagian Barat,1662.070093689175,0,Mikro Hidro Kelas C (PLTMH),Watui,Seram Bagian Barat,104770.92791587667,PLTMH,30.0,Tahalupu,2014,49260.080376531245,GI 70 kV Waai,0.0,70 kV,Operasi,32833.15870056309,PLTD Mep Masohi,6.0,PLTD,HSD,True,4.0625,0.16656201,-3.2431524723066465,128.65676860330575
81.06.11.2006,22,0.22564993173760606,5,0.6811207289129121,0.22727272727272727,11406.0,intermittent,Abio Ahiolo,Elpaputih,Seram Bagian Barat,3719.8108140072136,0,Mikro Hidro Kelas A (PLTMH),Huku Kecil,Seram Bagian Barat,100468.55856766154,PLTMH,30.0,Tahalupu,2014,53382.69071074622,GI 70 kV Waai,0.0,70 kV,Operasi,35509.179290004104,PLTD Kairatu,3.4,PLTD,HSD,True,3.88050008,0.15910099000000003,-3.1583651894179745,128.61526939848346
81.06.11.2007,22,0.22455098554552652,5,0.665883241386351,0.22727272727272727,2687.0,intermittent,Huku Kecil,Elpaputih,Seram Bagian Barat,827.5591008597293,0,Mikro Hidro Kelas A (PLTMH),Huku Kecil,Seram Bagian Barat,103320.04495714507,PLTMH,30.0,Tahalupu,2014,54112.85453138459,GI 70 kV Waai,0.0,70 kV,Operasi,36931.40711437409,PLTD Kairatu,3.4,PLTD,HSD,True,3.85450006,0.158035,-3.1702989253084315,128.64187648246795
81.06.11.2008,22,0.21436713074324598,5,0.643069091722129,0.22727272727272727,63330.635294117645,intermittent,Elpaputih,Elpaputih,Seram Bagian Barat,1313.4115457699475,0,Mikro Hidro Kelas C (PLTMH),Elpaputih,Seram Bagian Barat,116165.80042025707,PLTMH,30.0,Tahalupu,2014,64663.27448268356,GI 70 kV Waai,0.0,70 kV,Operasi,27524.365718044828,PLTD Mep Masohi,6.0,PLTD,HSD,True,3.9389998900000003,0.16149899,-3.146488019289826,128.75615224378066
81.07.01.1012,22,4.1297360593098,17,0.6492510379509502,0.7727272727272727,127212.00392156863,intermittent,Galai Dubu,Pulau-Pulau Aru,Kepulauan Aru,128101.86665104495,0,Mikro Hidro Kelas A (PLTMH),Ohoimajang,Maluku Tenggara,94710.91067786179,PLTS Terpusat,30.0,Warabal,2014,621213.7141229498,GI 150 kV Aimas (60 MVA No.1 dan 2),60.0,150 kV,Operasi,6343.890264099959,PLTD Dobo,7.2,PLTD,HSD,True,4.21850014,0.172959,-5.7638402820836605,134.23503615322394
81.07.01.1013,22,1.8224970216786045,17,0.5782824630193809,0.7727272727272727,625368.3725490195,lit_stable,Siwa Lima,Pulau-Pulau Aru,Kepulauan Aru,127695.0192485512,0,Mikro Hidro Kelas A (PLTMH),Ohoimajang,Maluku Tenggara,94445.63903954288,PLTS Terpusat,30.0,Warabal,2014,622156.535366585,GI 150 kV Aimas (60 MVA No.1 dan 2),60.0,150 kV,Operasi,4991.355873058964,PLTD Dobo,7.2,PLTD,HSD,True,4.146999839999999,0.170027,-5.779725594734678,134.22514525202158
81.07.01.2001,22,0.2224133558621526,4,0.6891137809115562,0.18181818181818182,14381.870588235295,intermittent,Ujir,Pulau-Pulau Aru,Kepulauan Aru,128566.35701099054,0,Mikro Hidro Kelas A (PLTMH),Ohoimajang,Maluku Tenggara,105324.52205428982,PLTS Terpusat,30.0,Warabal,2014,606698.9867634635,GI 150 kV Aimas (60 MVA No.1 dan 2),60.0,150 kV,Operasi,27703.33167125692,PLTD Dobo,7.2,PLTD,HSD,False,,,-5.5750557735522825,134.29069645225175
81.07.01.2002,22,0.2381411031613475,3,0.6350682844151004,0.13636363636363635,1457.2666666666667,data_gap,Nafar,Pulau-Pulau Aru,Kepulauan Aru,152037.95954733054,0,Mikro Hidro Kelas A (PLTMH),Ohoimajang,Maluku Tenggara,68487.65189662557,PLTS Terpusat,30.0,Warabal,2014,647517.621080304,GI 150 kV Aimas (60 MVA No.1 dan 2),60.0,150 kV,Operasi,21496.0743840321,PLTD Kso Gtp-Pym-Kbt Dobo,3.0,PLTD,HSD,True,3.7634999799999997,0.15430400000000002,-5.9443442845012315,134.39400281332126
81.07.01.2003,22,0.24481758241914103,3,0.6241444502377541,0.13636363636363635,2010.3215686274511,dark_settled,Kobraur,Pulau-Pulau Aru,Kepulauan Aru,148443.46031874156,0,Mikro Hidro Kelas A (PLTMH),Ohoimajang,Maluku Tenggara,71642.52551533765,PLTS Terpusat,30.0,Warabal,2014,645762.861234341,GI 150 kV Aimas (60 MVA No.1 dan 2),60.0,150 kV,Operasi,18863.244368577743,PLTD Kso Gtp-Pym-Kbt Dobo,3.0,PLTD,HSD,True,3.82200003,0.156702,-5.949203285561339,134.35574698022847
81.07.01.2004,22,0.24536284943390813,3,0.6196874085875538,0.13636363636363635,5608.780392156863,dark_settled,Lau-Lau,Pulau-Pulau Aru,Kepulauan Aru,146592.8094400511,0,Mikro Hidro Kelas A (PLTMH),Ohoimajang,Maluku Tenggara,74102.47464947603,PLTS Terpusat,30.0,Warabal,2014,642215.5153032163,GI 150 kV Aimas (60 MVA No.1 dan 2),60.0,150 kV,Operasi,15876.508726741402,PLTD Kso Gtp-Pym-Kbt Dobo,3.0,PLTD,HSD,True,3.7895000000000003,0.15536999999999998,-5.9125639740309985,134.3544822599045
81.07.01.2005,22,0.23686530451578014,2,0.5996597206020902,0.09090909090909091,9588.058823529413,dark_settled,Gorar,Pulau-Pulau Aru,Kepulauan Aru,148902.23103747732,0,Mikro Hidro Kelas A (PLTMH),Ohoimajang,Maluku Tenggara,74097.97840829815,PLTS Terpusat,30.0,Warabal,2014,639664.7340063761,GI 150 kV Aimas (60 MVA No.1 dan 2),60.0,150 kV,Operasi,17689.92397565113,PLTD Kso Gtp-Pym-Kbt Dobo,3.0,PLTD,HSD,True,3.82850003,0.15696900000000003,-5.856915728764699,134.40068309089878
81.07.01.2006,22,0.2203989043452565,5,0.6554170544257258,0.22727272727272727,2196.7843137254904,intermittent,Tungu,Pulau-Pulau Aru,Kepulauan Aru,146754.1410870269,0,Mikro Hidro Kelas A (PLTMH),Ohoimajang,Maluku Tenggara,77309.72368697208,PLTS Terpusat,30.0,Warabal,2014,636031.9989509028,GI 150 kV Aimas (60 MVA No.1 dan 2),60.0,150 kV,Operasi,16333.109240394178,PLTD Kso Gtp-Pym-Kbt Dobo,3.0,PLTD,HSD,True,3.9454999,0.16176599,-5.823271914720941,134.39271690750337
81.07.01.2007,22,0.2246752885924827,4,0.540846751544336,0.18181818181818182,3565.0,intermittent,Tunguwatu,Pulau-Pulau Aru,Kepulauan Aru,154454.6412710984,0,Mikro Hidro Kelas A (PLTMH),Ohoimajang,Maluku Tenggara,74051.40978038484,PLTS Terpusat,30.0,Warabal,2014,637654.2382742278,GI 150 kV Aimas (60 MVA No.1 dan 2),60.0,150 kV,Operasi,26192.647177439285,PLTD Kso Gtp-Pym-Kbt Dobo,3.0,PLTD,HSD,True,3.9260001200000003,0.16096599,-5.785082670098388,134.47923909120655
81.07.01.2008,22,0.23719044051411847,4,0.6661830850371189,0.18181818181818182,1339.6666666666665,data_gap,Jabulenga,Pulau-Pulau Aru,Kepulauan Aru,142232.64920881556,0,Mikro Hidro Kelas A (PLTMH),Ohoimajang,Maluku Tenggara,84480.63528119148,PLTS Terpusat,30.0,Warabal,2014,628169.579464728,GI 150 kV Aimas (60 MVA No.1 dan 2),60.0,150 kV,Operasi,16199.937616457772,PLTD Kso Gtp-Pym-Kbt Dobo,3.0,PLTD,HSD,True,4.05600023,0.16629601000000002,-5.751221065962649,134.3741322143085
81.07.01.2009,22,0.25633382438904223,5,0.616061160219956,0.22727272727272727,12050.239215686275,intermittent,Wokam,Pulau-Pulau Aru,Kepulauan Aru,129484.3963483052,0,Mikro Hidro Kelas A (PLTMH),Ohoimajang,Maluku Tenggara,95809.62612803976,PLTS Terpusat,30.0,Warabal,2014,618381.8080535979,GI 150 kV Aimas (60 MVA No.1 dan 2),60.0,150 kV,Operasi,11773.513787945212,PLTD Dobo,7.2,PLTD,HSD,True,4.21199989,0.172692,-5.715923872480544,134.26449835708505
81.07.01.2010,22,0.2478482461150785,6,0.6247472675709271,0.2727272727272727,4603.0039215686265,intermittent,Karangguli,Pulau-Pulau Aru,Kepulauan Aru,133563.72586480906,0,Mikro Hidro Kelas A (PLTMH),Ohoimajang,Maluku Tenggara,91438.16484903247,PLTS Terpusat,30.0,Warabal,2014,622528.8388538884,GI 150 kV Aimas (60 MVA No.1 dan 2),60.0,150 kV,Operasi,10410.66882755497,PLTD Dobo,7.2,PLTD,HSD,True,4.23150015,0.173492,-5.740822957903461,134.295223195836
81.07.01.2011,22,0.5108545990227019,17,0.5700304911816886,0.7727272727272727,36674.388235294115,lit_stable,Durjela,Pulau-Pulau Aru,Kepulauan Aru,128130.99812779103,0,Mikro Hidro Kelas A (PLTMH),Ohoimajang,Maluku Tenggara,93069.5546560484,PLTS Terpusat,30.0,Warabal,2014,624634.3569031651,GI 150 kV Aimas (60 MVA No.1 dan 2),60.0,150 kV,Operasi,3271.100231355041,PLTD Dobo,7.2,PLTD,HSD,True,4.16650009,0.170827,-5.810596613826303,134.21701893145755
81.07.01.2014,22,0.9073804066435298,18,0.537533581879053,0.8181818181818182,81504.39607843138,lit_stable,Wangel,Pulau-Pulau Aru,Kepulauan Aru,124663.6431274749,0,Mikro Hidro Kelas A (PLTMH),Ohoimajang,Maluku Tenggara,97393.3148352142,PLTS Terpusat,30.0,Warabal,2014,619656.1479507304,GI 150 kV Aimas (60 MVA No.1 dan 2),60.0,150 kV,Operasi,7584.73406858192,PLTD Dobo,7.2,PLTD,HSD,True,4.1795001,0.17136,-5.768465244655195,134.20013652129873
81.07.01.2015,22,0.25444804505310015,5,0.6088036283693931,0.22727272727272727,8590.125490196078,intermittent,Samang,Pulau-Pulau Aru,Kepulauan Aru,126876.20460575809,0,Mikro Hidro Kelas A (PLTMH),Ohoimajang,Maluku Tenggara,99317.29587709095,PLTS Terpusat,30.0,Warabal,2014,614701.8756587621,GI 150 kV Aimas (60 MVA No.1 dan 2),60.0,150 kV,Operasi,14827.277785871598,PLTD Dobo,7.2,PLTD,HSD,True,4.1015000299999995,0.168161,-5.6867242838601735,134.24870799173414
81.07.02.2001,22,0.25422382483812317,7,0.6667693304602256,0.3181818181818182,20350.95294117647,intermittent,Jerol,Aru Selatan,Kepulauan Aru,170080.2534761269,0,Mikro Hidro Kelas A (PLTMH),Ohoimajang,Maluku Tenggara,33119.710675433766,PLTS Terpusat,30.0,Beltubur,2016,690186.82595584,GI 150 kV Aimas (60 MVA No.1 dan 2),60.0,150 kV,Operasi,3073.2779953156187,PLTD Jerol,0.6,PLTD,HSD,True,3.98449993,0.16336399000000001,-6.5103100751161005,134.17090405467496
81.07.02.2002,22,0.26512399928427943,8,0.6301772382723692,0.36363636363636365,0.0,data_gap,Marfenfen,Aru Selatan,Kepulauan Aru,177605.81235785224,0,Mikro Hidro Kelas A (PLTMH),Ohoimajang,Maluku Tenggara,25240.87096159262,PLTS Terpusat,30.0,Beltubur,2016,698092.5594293396,GI 150 kV Aimas (60 MVA No.1 dan 2),60.0,150 kV,Operasi,10685.266403918207,PLTD Jerol,0.6,PLTD,HSD,True,4.02349997,0.16496301000000002,-6.575917312701958,134.19897503213122
81.07.02.2003,22,0.2757746154199767,10,0.6650819317288374,0.45454545454545453,25147.043137254903,intermittent,Kabalukin,Aru Selatan,Kepulauan Aru,166000.9687438665,0,Mikro Hidro Kelas A (PLTMH),Ohoimajang,Maluku Tenggara,36556.18098163332,PLTS Terpusat,30.0,Beltubur,2016,687176.1482318497,GI 150 kV Aimas (60 MVA No.1 dan 2),60.0,150 kV,Operasi,6541.678807211354,PLTD Jerol,0.6,PLTD,HSD,True,3.98449993,0.16336399000000001,-6.505710724708716,134.1200322741277
81.07.02.2004,22,0.2780749692518182,10,0.7122764461477421,0.45454545454545453,13839.67843137255,intermittent,Kalar-Kalar,Aru Selatan,Kepulauan Aru,173048.26917703007,0,Mikro Hidro Kelas A (PLTMH),Ohoimajang,Maluku Tenggara,29438.320126545274,PLTS Terpusat,30.0,Beltubur,2016,694819.3909473853,GI 150 kV Aimas (60 MVA No.1 dan 2),60.0,150 kV,Operasi,10971.542612851308,PLTD Jerol,0.6,PLTD,HSD,True,4.02349997,0.16496301000000002,-6.574217550780383,134.1369550335012
81.07.02.2005,22,0.28751644186739334,10,0.7370160605173111,0.45454545454545453,0.0,data_gap,Feruni,Aru Selatan,Kepulauan Aru,176831.69925620494,0,Mikro Hidro Kelas A (PLTMH),Ohoimajang,Maluku Tenggara,26051.489196613446,PLTS Terpusat,30.0,Beltubur,2016,699197.1972077575,GI 150 kV Aimas (60 MVA No.1 dan 2),60.0,150 kV,Operasi,15728.897371336765,PLTD Jerol,0.6,PLTD,HSD,True,4.04949999,0.16602901,-6.618944674370204,134.13555579059917
81.07.02.2006,22,0.2920907857865812,11,0.8240396719230078,0.5,2627.0,intermittent,Ngaiguli,Aru Selatan,Kepulauan Aru,178444.1266974991,0,Mikro Hidro Kelas A (PLTMH),Ohoimajang,Maluku Tenggara,25380.68928930211,PLTS Terpusat,30.0,Beltubur,2016,701422.843765435,GI 150 kV Aimas (60 MVA No.1 dan 2),60.0,150 kV,Operasi,19348.15716507596,PLTD Jerol,0.6,PLTD,HSD,True,4.08199978,0.167362,-6.648524906161426,134.12086761703486
81.07.02.2007,22,0.293381952871238,11,0.7993218056700769,0.5,1102.862745098039,data_gap,Fatural,Aru Selatan,Kepulauan Aru,181748.55260252682,0,Mikro Hidro Kelas A (PLTMH),Ohoimajang,Maluku Tenggara,21750.61848993093,PLTS Terpusat,20.0,Batu Goyang,2016,705225.293520781,GI 150 kV Aimas (60 MVA No.1 dan 2),60.0,150 kV,Operasi,23760.367431588078,PLTD Jerol,0.6,PLTD,HSD,True,4.1079998,0.16842800000000002,-6.688691229745508,134.11663567964482
81.07.02.2008,22,0.29136261571830757,11,0.7820977634871279,0.5,5025.129411764706,intermittent,Ngaibor,Aru Selatan,Kepulauan Aru,186822.61058746433,0,Mikro Hidro Kelas A (PLTMH),Langgiar Haar,Maluku Tenggara,16494.783844615296,PLTS Terpusat,20.0,Batu Goyang,2016,711277.6752233739,GI 150 kV Aimas (60 MVA No.1 dan 2),60.0,150 kV,Operasi,31818.9069919579,PLTD Jerol,0.6,PLTD,HSD,True,4.1795001,0.17136,-6.758539760419817,134.09717729583144
81.07.02.2010,22,0.264423524193489,9,0.6339170830223999,0.4090909090909091,0.0,data_gap,Popjetur,Aru Selatan,Kepulauan Aru,190434.60731902203,0,Mikro Hidro Kelas A (PLTMH),Ohoimajang,Maluku Tenggara,13953.842221661898,PLTS Terpusat,30.0,Beltubur,2016,712946.7007925,GI 150 kV Aimas (60 MVA No.1 dan 2),60.0,150 kV,Operasi,27254.678133210728,PLTD Jerol,0.6,PLTD,HSD,True,4.114500049999999,0.168694,-6.727088593079573,134.19618066525933
81.07.02.2026,22,0.2503101702791325,4,0.5991835181480459,0.18181818181818182,11347.015686274508,intermittent,Lor-lor,Aru Selatan,Kepulauan Aru,172163.02644305155,0,Mikro Hidro Kelas A (PLTMH),Ohoimajang,Maluku Tenggara,34948.717451369186,PLTS Terpusat,30.0,Beltubur,2016,689601.7219651964,GI 150 kV Aimas (60 MVA No.1 dan 2),60.0,150 kV,Operasi,8221.531628636138,PLTD Jerol,0.6,PLTD,HSD,True,3.88050008,0.15910099000000003,-6.464871886563555,134.2467808336427
81.07.02.2027,22,0.2713038489040825,8,0.6564535749510584,0.36363636363636365,2747.0,intermittent,Gaimar,Aru Selatan,Kepulauan Aru,184471.18089437578,0,Mikro Hidro Kelas A (PLTMH),Ohoimajang,Maluku Tenggara,18079.657198593497,PLTS Terpusat,30.0,Beltubur,2016,705355.3325756466,GI 150 kV Aimas (60 MVA No.1 dan 2),60.0,150 kV,Operasi,17977.654183406285,PLTD Jerol,0.6,PLTD,HSD,True,4.04949999,0.16602901,-6.637589901655513,134.22200733596264
81.07.02.2028,22,0.249947067585999,4,0.6015184786865696,0.18181818181818182,0.0,data_gap,Laininir,Aru Selatan,Kepulauan Aru,179973.02228332165,0,Mikro Hidro Kelas A (PLTMH),Ohoimajang,Maluku Tenggara,25672.207676445974,PLTS Terpusat,30.0,Beltubur,2016,698498.3696477604,GI 150 kV Aimas (60 MVA No.1 dan 2),60.0,150 kV,Operasi,12107.251269793764,PLTD Jerol,0.6,PLTD,HSD,True,3.95849991,0.16229901000000002,-6.546642942574125,134.2634809531295
81.07.02.2029,22,0.25025391392787105,6,0.5721239474241757,0.2727272727272727,9872.0,intermittent,Doka Barat,Aru Selatan,Kepulauan Aru,184245.63918610034,0,Mikro Hidro Kelas A (PLTMH),Ohoimajang,Maluku Tenggara,24039.236575047216,PLTS Terpusat,30.0,Beltubur,2016,701797.9830914629,GI 150 kV Aimas (60 MVA No.1 dan 2),60.0,150 kV,Operasi,16985.186628786854,PLTD Jerol,0.6,PLTD,HSD,True,3.98449993,0.16336399000000001,-6.555812511171648,134.30972958684657
81.07.02.2030,22,0.2585134089075177,6,0.5351866726735617,0.2727272727272727,0.0,data_gap,Doka Timur,Aru Selatan,Kepulauan Aru,191865.27841746662,0,Mikro Hidro Kelas A (PLTMH),Ohoimajang,Maluku Tenggara,16079.834241190105,PLTS Terpusat,30.0,Beltubur,2016,710140.8276570993,GI 150 kV Aimas (60 MVA No.1 dan 2),60.0,150 kV,Operasi,23836.327992135655,PLTD Jerol,0.6,PLTD,HSD,True,4.12099981,0.168961,-6.628553112883725,134.3329539564921
81.07.02.2031,22,0.261408804805457,6,0.5733322512225597,0.2727272727272727,4614.0,intermittent,Jelia,Aru Selatan,Kepulauan Aru,192012.82288926395,0,Mikro Hidro Kelas A (PLTMH),Ohoimajang,Maluku Tenggara,11361.132696617698,PLTS Terpusat,30.0,Beltubur,2016,712117.438269448,GI 150 kV Aimas (60 MVA No.1 dan 2),60.0,150 kV,Operasi,24464.92556610142,PLTD Jerol,0.6,PLTD,HSD,True,4.1079998,0.16842800000000002,-6.6743428309391115,134.28380454580665
81.07.03.2001,22,0.23978263601988903,3,0.5817836261555175,0.13636363636363635,83526.09019607842,dark_settled,Benjina,Aru Tengah,Kepulauan Aru,152963.51886578026,0,Mikro Hidro Kelas A (PLTMH),Ohoimajang,Maluku Tenggara,68626.30124001893,PLTS Terpusat,30.0,Warabal,2014,659793.0165385831,GI 150 kV Aimas (60 MVA No.1 dan 2),60.0,150 kV,Operasi,34873.605960803754,PLTD Kso Gtp-Pym-Kbt Dobo,3.0,PLTD,HSD,True,3.84150004,0.157502,-6.128972067677742,134.29986570759488
81.07.03.2003,22,0.23295410829972704,3,0.569513934905872,0.13636363636363635,4723.094117647059,dark_settled,Gardakau,Aru Tengah,Kepulauan Aru,160849.28710163993,0,Mikro Hidro Kelas A (PLTMH),Ohoimajang,Maluku Tenggara,60329.84790899465,PLTS Terpusat,30.0,Beltubur,2016,670376.3758545652,GI 150 kV Aimas (60 MVA No.1 dan 2),60.0,150 kV,Operasi,32240.61754176041,PLTD Jerol,0.6,PLTD,HSD,True,3.7895000000000003,0.15536999999999998,-6.229401388195593,134.31619472813105
81.07.03.2004,22,0.23388390669152215,3,0.5385698508888361,0.13636363636363635,3576.313725490196,dark_settled,Irloy,Aru Tengah,Kepulauan Aru,169390.72071100035,0,Mikro Hidro Kelas A (PLTMH),Ohoimajang,Maluku Tenggara,52449.72620035933,PLTS Terpusat,30.0,Warabal,2014,673729.1939187133,GI 150 kV Aimas (60 MVA No.1 dan 2),60.0,150 kV,Operasi,42755.26468731002,PLTD Jerol,0.6,PLTD,HSD,True,3.81550002,0.15643600000000002,-6.196647377294589,134.4328979159949
81.07.03.2005,22,0.23744630119348578,5,0.574039028249446,0.22727272727272727,1908.686274509804,data_gap,Algadang,Aru Tengah,Kepulauan Aru,178901.65898887342,0,Mikro Hidro Kelas A (PLTMH),Ohoimajang,Maluku Tenggara,41144.2420527043,PLTS Terpusat,30.0,Warabal,2014,678351.5549940142,GI 150 kV Aimas (60 MVA No.1 dan 2),60.0,150 kV,Operasi,51778.20002567911,PLTD Kso Gtp-Pym-Kbt Dobo,3.0,PLTD,HSD,True,3.68549991,0.15110500000000002,-6.1769755161312165,134.54588283463835
81.07.03.2006,22,0.24009783956971686,3,0.561758299167133,0.13636363636363635,3784.0,dark_settled,Lorang,Aru Tengah,Kepulauan Aru,181087.63443823528,0,Mikro Hidro Kelas A (PLTMH),Ohoimajang,Maluku Tenggara,47816.52919873844,PLTS Terpusat,30.0,Beltubur,2016,690252.7084985173,GI 150 kV Aimas (60 MVA No.1 dan 2),60.0,150 kV,Operasi,32754.306586999803,PLTD Jerol,0.6,PLTD,HSD,True,3.86100006,0.158301,-6.362013706615867,134.44492552525864
81.07.03.2007,22,0.23070013012293963,4,0.5472883173374621,0.18181818181818182,9158.960784313726,intermittent,Murai,Aru Tengah,Kepulauan Aru,188504.33292732606,0,Mikro Hidro Kelas A (PLTMH),Ohoimajang,Maluku Tenggara,38970.12102434293,PLTS Terpusat,30.0,Warabal,2014,693830.5053669959,GI 150 kV Aimas (60 MVA No.1 dan 2),60.0,150 kV,Operasi,43631.41449713021,PLTD Jerol,0.6,PLTD,HSD,False,,,-6.341791778960457,134.5430530997286
81.07.03.2008,22,0.24455523262567502,3,0.5882663849124531,0.13636363636363635,3472.0,dark_settled,Manjau,Aru Tengah,Kepulauan Aru,182277.2812631401,0,Mikro Hidro Kelas A (PLTMH),Ohoimajang,Maluku Tenggara,44779.98317587896,PLTS Terpusat,30.0,Warabal,2014,688760.0093356167,GI 150 kV Aimas (60 MVA No.1 dan 2),60.0,150 kV,Operasi,39146.654245157566,PLTD Jerol,0.6,PLTD,HSD,True,4.0625,0.16656201,-6.32072653002489,134.48904712273404
81.07.03.2009,22,0.23567612900139512,5,0.614951386551882,0.22727272727272727,3047.0,intermittent,Kwarbola,Aru Tengah,Kepulauan Aru,190478.77033860594,0,Mikro Hidro Kelas A (PLTMH),Ohoimajang,Maluku Tenggara,35377.303091409,PLTS Terpusat,30.0,Warabal,2014,694280.1436828604,GI 150 kV Aimas (60 MVA No.1 dan 2),60.0,150 kV,Operasi,47445.2932321361,PLTD Jerol,0.6,PLTD,HSD,True,4.32250023,0.177223,-6.327603100608791,134.57452929428104
81.07.03.2028,22,0.23662349755280923,4,0.5595826725741144,0.18181818181818182,1536.0,data_gap,Kobadangar,Aru Tengah,Kepulauan Aru,213375.4198823334,0,Mikro Hidro Kelas A (PLTMH),Ohoimajang,Maluku Tenggara,30734.556325769685,PLTS Terpusat,30.0,Warabal,2014,718567.3349804161,GI 150 kV Aimas (60 MVA No.1 dan 2),60.0,150 kV,Operasi,58204.859147253286,PLTD Jerol,0.6,PLTD,HSD,True,4.39400005,0.180154,-6.506850667300164,134.70089822901716
81.07.03.2029,22,0.2405686257713054,6,0.5180992505716633,0.2727272727272727,0.0,data_gap,Kobasel Fara,Aru Tengah,Kepulauan Aru,200856.57527996408,0,Mikro Hidro Kelas A (PLTMH),Ohoimajang,Maluku Tenggara,40839.608506108365,PLTS Terpusat,30.0,Beltubur,2016,710118.7658231547,GI 150 kV Aimas (60 MVA No.1 dan 2),60.0,150 kV,Operasi,42962.327429544435,PLTD Jerol,0.6,PLTD,HSD,True,4.3744998,0.179354,-6.500343704698379,134.56308609305162
81.07.03.2030,22,0.2394759089759387,4,0.5398805108092407,0.18181818181818182,3025.0823529411764,intermittent,Kobasel Timur,Aru Tengah,Kepulauan Aru,203763.16259128565,0,Mikro Hidro Kelas A (PLTMH),Ohoimajang,Maluku Tenggara,37142.49993078069,PLTS Terpusat,30.0,Warabal,2014,711200.5499236321,GI 150 kV Aimas (60 MVA No.1 dan 2),60.0,150 kV,Operasi,47974.13542411865,PLTD Jerol,0.6,PLTD,HSD,True,4.42000008,0.18122,-6.48472941859633,134.6088343184144
81.07.03.2031,22,0.23474232889325744,4,0.5408372671142565,0.18181818181818182,4052.0,intermittent,Fatlabata,Aru Tengah,Kepulauan Aru,194198.7739866611,0,Mikro Hidro Kelas A (PLTMH),Ohoimajang,Maluku Tenggara,40080.86040087985,PLTS Terpusat,30.0,Beltubur,2016,704219.5398530979,GI 150 kV Aimas (60 MVA No.1 dan 2),60.0,150 kV,Operasi,37198.068310951414,PLTD Jerol,0.6,PLTD,HSD,True,4.25750017,0.17455800000000002,-6.46912716211159,134.51101132181705
81.07.03.2033,22,0.23666275526761404,5,0.6201569916253209,0.22727272727272727,10107.776470588235,intermittent,Wakua,Aru Tengah,Kepulauan Aru,167012.34626383302,0,Mikro Hidro Kelas A (PLTMH),Ohoimajang,Maluku Tenggara,56043.02831271959,PLTS Terpusat,30.0,Warabal,2014,656394.0763877229,GI 150 kV Aimas (60 MVA No.1 dan 2),60.0,150 kV,Operasi,35608.76227710307,PLTD Kso Gtp-Pym-Kbt Dobo,3.0,PLTD,HSD,True,3.88700008,0.159367,-5.946216189122422,134.5410241268832
81.07.03.2034,22,0.24422370955355832,5,0.6002759511381689,0.22727272727272727,711.0,data_gap,Jirlay,Aru Tengah,Kepulauan Aru,157750.72224479023,0,Mikro Hidro Kelas A (PLTMH),Ohoimajang,Maluku Tenggara,61856.074071567054,PLTS Terpusat,30.0,Warabal,2014,657771.7195677527,GI 150 kV Aimas (60 MVA No.1 dan 2),60.0,150 kV,Operasi,30656.288148821528,PLTD Kso Gtp-Pym-Kbt Dobo,3.0,PLTD,HSD,True,3.7634999799999997,0.15430400000000002,-6.049845390422478,134.39834504147473
81.07.03.2035,22,0.23929057792170716,4,0.5538307996043503,0.18181818181818182,5654.0,intermittent,Maririmar,Aru Tengah,Kepulauan Aru,161475.82739935155,0,Mikro Hidro Kelas A (PLTMH),Ohoimajang,Maluku Tenggara,58167.50719872426,PLTS Terpusat,30.0,Warabal,2014,661562.9790941222,GI 150 kV Aimas (60 MVA No.1 dan 2),60.0,150 kV,Operasi,34487.24224286696,PLTD Kso Gtp-Pym-Kbt Dobo,3.0,PLTD,HSD,True,3.73749995,0.153237,-6.074882824085647,134.42293686038533
81.07.03.2036,22,0.2405631966739572,4,0.5907397436000332,0.18181818181818182,4589.760784313726,intermittent,Papakula,Aru Tengah,Kepulauan Aru,158823.8287865554,0,Mikro Hidro Kelas A (PLTMH),Ohoimajang,Maluku Tenggara,61051.85304196879,PLTS Terpusat,30.0,Warabal,2014,660746.3879074535,GI 150 kV Aimas (60 MVA No.1 dan 2),60.0,150 kV,Operasi,33648.96386070355,PLTD Kso Gtp-Pym-Kbt Dobo,3.0,PLTD,HSD,True,3.75049996,0.15377,-6.087062782960202,134.38839359825317
81.07.03.2037,22,0.2772405410310114,8,0.5830053660842875,0.36363636363636365,7345.992156862745,intermittent,Tanah Miring,Aru Tengah,Kepulauan Aru,151295.1135714224,0,Mikro Hidro Kelas A (PLTMH),Ohoimajang,Maluku Tenggara,68397.51964146656,PLTS Terpusat,30.0,Warabal,2014,653306.2700198069,GI 150 kV Aimas (60 MVA No.1 dan 2),60.0,150 kV,Operasi,26437.60056197515,PLTD Kso Gtp-Pym-Kbt Dobo,3.0,PLTD,HSD,True,3.87400007,0.158834,-6.039448210820595,134.33736159300346
81.07.03.2038,22,0.27941685750732936,6,0.5288186862751681,0.2727272727272727,1242.2509803921569,data_gap,Gulili,Aru Tengah,Kepulauan Aru,150441.13409962054,0,Mikro Hidro Kelas A (PLTMH),Ohoimajang,Maluku Tenggara,69245.18601752739,PLTS Terpusat,30.0,Warabal,2014,652526.8205003244,GI 150 kV Aimas (60 MVA No.1 dan 2),60.0,150 kV,Operasi,25720.12202385288,PLTD Kso Gtp-Pym-Kbt Dobo,3.0,PLTD,HSD,True,3.84800005,0.15776800000000002,-6.035068752671688,134.3309797405333
81.07.03.2039,22,0.24206346874514806,3,0.5663684335293516,0.13636363636363635,8287.38431372549,dark_settled,Namara,Aru Tengah,Kepulauan Aru,156271.2118995697,0,Mikro Hidro Kelas A (PLTMH),Ohoimajang,Maluku Tenggara,63953.02213306453,PLTS Terpusat,30.0,Warabal,2014,659790.5764262592,GI 150 kV Aimas (60 MVA No.1 dan 2),60.0,150 kV,Operasi,33063.6839751969,PLTD Kso Gtp-Pym-Kbt Dobo,3.0,PLTD,HSD,True,3.83500004,0.157235,-6.096200537785058,134.35611663949965
81.07.03.2040,22,0.23342480031933818,3,0.6312770633730002,0.13636363636363635,1894.0,data_gap,Selilau,Aru Tengah,Kepulauan Aru,155242.64703074246,0,Mikro Hidro Kelas A (PLTMH),Ohoimajang,Maluku Tenggara,65592.8113009313,PLTS Terpusat,30.0,Warabal,2014,660368.9493859377,GI 150 kV Aimas (60 MVA No.1 dan 2),60.0,150 kV,Operasi,34284.49140613951,PLTD Kso Gtp-Pym-Kbt Dobo,3.0,PLTD,HSD,True,3.85450006,0.158035,-6.115785417295398,134.3330041040893
81.07.03.2043,22,0.23967584080584442,3,0.6212643449950248,0.13636363636363635,12092.988235294117,dark_settled,Maijuring,Aru Tengah,Kepulauan Aru,136748.87621035153,0,Mikro Hidro Kelas A (PLTMH),Ohoimajang,Maluku Tenggara,81892.879781061,PLTS Terpusat,30.0,Beltubur,2016,645291.9404186825,GI 150 kV Aimas (60 MVA No.1 dan 2),60.0,150 kV,Operasi,26412.917531272215,PLTD Kso Gtp-Pym-Kbt Dobo,3.0,PLTD,HSD,True,3.98449993,0.16336399000000001,-6.048042608313789,134.17787350716947
81.07.03.2045,22,0.2251981255042541,3,0.5971164061962043,0.13636363636363635,6271.713725490195,dark_settled,Selibata-bata,Aru Tengah,Kepulauan Aru,158472.3780572145,0,Mikro Hidro Kelas A (PLTMH),Ohoimajang,Maluku Tenggara,63163.07974794646,PLTS Terpusat,30.0,Warabal,2014,650803.8174433077,GI 150 kV Aimas (60 MVA No.1 dan 2),60.0,150 kV,Operasi,27202.175466179335,PLTD Kso Gtp-Pym-Kbt Dobo,3.0,PLTD,HSD,True,3.75049996,0.15377,-5.93763046049286,134.4607960717337
81.07.04.2001,22,0.2312178939340812,5,0.6701729543240585,0.22727272727272727,21362.105882352942,intermittent,Marlasi,Aru Utara,Kepulauan Aru,161863.22384448827,0,Mikro Hidro Kelas A (PLTMH),Ohoimajang,Maluku Tenggara,96578.03977944085,PLTS Terpusat,30.0,Warabal,2014,618441.2261144089,GI 150 kV Aimas (60 MVA No.1 dan 2),60.0,150 kV,Operasi,54301.039275494615,PLTD Dobo,7.2,PLTD,HSD,True,4.23150015,0.173492,-5.488288766945418,134.60515769244518
81.07.04.2002,22,0.2336342739634487,6,0.6951821948810049,0.2727272727272727,4750.050980392157,intermittent,Kolamar,Aru Utara,Kepulauan Aru,166191.873574979,0,Mikro Hidro Kelas A (PLTMH),Ohoimajang,Maluku Tenggara,92878.5955963132,PLTS Terpusat,30.0,Warabal,2014,622915.2888654566,GI 150 kV Aimas (60 MVA No.1 dan 2),60.0,150 kV,Operasi,55801.4944286452,PLTD Dobo,7.2,PLTD,HSD,True,4.40700006,0.18068700000000001,-5.511032433974348,134.64240346567524
81.07.04.2003,22,0.23969456487375135,7,0.6598176472907744,0.3181818181818182,1733.4,data_gap,Kabufin,Aru Utara,Kepulauan Aru,165233.4036208449,0,Mikro Hidro Kelas A (PLTMH),Ohoimajang,Maluku Tenggara,98630.24804406552,PLTS Terpusat,30.0,Warabal,2014,617895.4127778098,GI 150 kV Aimas (60 MVA No.1 dan 2),60.0,150 kV,Operasi,59215.22742936025,PLTD Dobo,7.2,PLTD,HSD,True,4.32250023,0.177223,-5.4583341162832655,134.63780067722436
81.07.04.2004,22,0.23612931150904884,6,0.6198961728242545,0.2727272727272727,7384.0,intermittent,Tasinwaha,Aru Utara,Kepulauan Aru,163065.6277773798,0,Mikro Hidro Kelas A (PLTMH),Ohoimajang,Maluku Tenggara,100445.51233195869,PLTS Terpusat,30.0,Warabal,2014,615640.3316318241,GI 150 kV Aimas (60 MVA No.1 dan 2),60.0,150 kV,Operasi,58570.57410668501,PLTD Dobo,7.2,PLTD,HSD,True,4.29650021,0.176157,-5.4470825434340995,134.61881976171725
81.07.04.2005,22,0.2496766064230909,5,0.6298462730780433,0.22727272727272727,3821.0,intermittent,Foket,Aru Utara,Kepulauan Aru,159997.39416955636,0,Mikro Hidro Kelas A (PLTMH),Ohoimajang,Maluku Tenggara,99547.26724788781,PLTS Terpusat,30.0,Warabal,2014,615386.5188083573,GI 150 kV Aimas (60 MVA No.1 dan 2),60.0,150 kV,Operasi,54885.53384786029,PLTD Dobo,7.2,PLTD,HSD,True,4.21199989,0.172692,-5.4653197282258095,134.58996215710943
81.07.04.2006,22,0.2297960065982028,3,0.5891063764552915,0.13636363636363635,6609.0,dark_settled,Kaibolafin,Aru Utara,Kepulauan Aru,159427.83749225127,0,Mikro Hidro Kelas A (PLTMH),Ohoimajang,Maluku Tenggara,103154.38560103964,PLTS Terpusat,30.0,Warabal,2014,612185.7739479177,GI 150 kV Aimas (60 MVA No.1 dan 2),60.0,150 kV,Operasi,57356.846201859364,PLTD Dobo,7.2,PLTD,HSD,True,4.28350019,0.175624,-5.432079960458466,134.58664218268686
81.07.04.2007,22,0.22891904852252995,5,0.6484974778735683,0.22727272727272727,2332.752941176471,intermittent,Wahangula-Ngula,Aru Utara,Kepulauan Aru,155803.2519785189,0,Mikro Hidro Kelas A (PLTMH),Ohoimajang,Maluku Tenggara,101536.42114947297,PLTS Terpusat,30.0,Warabal,2014,612499.0318648914,GI 150 kV Aimas (60 MVA No.1 dan 2),60.0,150 kV,Operasi,52489.0041845029,PLTD Dobo,7.2,PLTD,HSD,True,4.19899988,0.172159,-5.460412963206434,134.55231312425565
81.07.04.2008,22,0.21476780899403602,3,0.6411274872483432,0.13636363636363635,2185.286274509804,dark_settled,Wahayum,Aru Utara,Kepulauan Aru,151466.11534880576,0,Mikro Hidro Kelas A (PLTMH),Ohoimajang,Maluku Tenggara,103914.84438619384,PLTS Terpusat,30.0,Warabal,2014,609369.4179208047,GI 150 kV Aimas (60 MVA No.1 dan 2),60.0,150 kV,Operasi,50433.55238633458,PLTD Dobo,7.2,PLTD,HSD,True,4.17299986,0.17109300000000002,-5.453493552307598,134.51349174564535
81.07.04.2009,22,0.22169342074900567,2,0.5753834152895952,0.09090909090909091,13111.92549019608,dark_settled,Warialau,Aru Utara,Kepulauan Aru,156583.26093853058,0,Mikro Hidro Kelas A (PLTMH),Ohoimajang,Maluku Tenggara,110319.39277457113,PLTS Terpusat,30.0,Warabal,2014,605233.8458615958,GI 150 kV Aimas (60 MVA No.1 dan 2),60.0,150 kV,Operasi,60919.98744342025,PLTD Dobo,7.2,PLTD,HSD,True,4.472000120000001,0.18335199000000002,-5.3722949637345545,134.5622986117996
81.07.04.2010,22,0.22067760121222724,2,0.6416284679406514,0.09090909090909091,5414.905882352941,dark_settled,Jerwatu,Aru Utara,Kepulauan Aru,147358.88132620705,0,Mikro Hidro Kelas A (PLTMH),Ohoimajang,Maluku Tenggara,106624.30342334493,PLTS Terpusat,30.0,Warabal,2014,606114.6939054804,GI 150 kV Aimas (60 MVA No.1 dan 2),60.0,150 kV,Operasi,49109.548948563584,PLTD Dobo,7.2,PLTD,HSD,True,4.30299997,0.176423,-5.44344898183471,134.47691507615536
81.07.04.2013,22,0.2413528046233212,6,0.710731597967772,0.2727272727272727,8868.564705882354,intermittent,Selmona,Aru Utara,Kepulauan Aru,170255.4558964598,0,Mikro Hidro Kelas A (PLTMH),Ohoimajang,Maluku Tenggara,90623.23413679269,PLTS Terpusat,30.0,Warabal,2014,626222.8987543946,GI 150 kV Aimas (60 MVA No.1 dan 2),60.0,150 kV,Operasi,58293.20277671905,PLTD Kso Gtp-Pym-Kbt Dobo,3.0,PLTD,HSD,True,4.43949986,0.182019,-5.521704663478005,134.67824979222257
81.07.04.2014,22,0.23532154898354674,6,0.6773196474389163,0.2727272727272727,0.0,data_gap,Mesidang,Aru Utara,Kepulauan Aru,170220.320633197,0,Mikro Hidro Kelas A (PLTMH),Ohoimajang,Maluku Tenggara,92298.79103970702,PLTS Terpusat,30.0,Warabal,2014,624878.2326842233,GI 150 kV Aimas (60 MVA No.1 dan 2),60.0,150 kV,Operasi,59425.733618323844,PLTD Kso Gtp-Pym-Kbt Dobo,3.0,PLTD,HSD,True,4.4460001,0.18228599,-5.50578074482529,134.67943764222258
81.07.05.2001,22,0.22496357283327523,5,0.8732900472245739,0.22727272727272727,6368.925490196078,intermittent,Kabalsiang,Aru Utara Timur Batuley,Kepulauan Aru,187241.53785219172,0,Mikro Hidro Kelas A (PLTMH),Ohoimajang,Maluku Tenggara,64517.96362455525,PLTS Terpusat,30.0,Warabal,2014,653288.9943872245,GI 150 kV Aimas (60 MVA No.1 dan 2),60.0,150 kV,Operasi,62000.67538551215,PLTD Kso Gtp-Pym-Kbt Dobo,3.0,PLTD,HSD,True,4.36149979,0.178821,-5.735449190895493,134.7990370367249
81.07.05.2002,22,0.23591304322803658,4,0.8813492632655362,0.18181818181818182,7132.658823529411,intermittent,Benjuring,Aru Utara Timur Batuley,Kepulauan Aru,187054.28165519005,0,Mikro Hidro Kelas A (PLTMH),Ohoimajang,Maluku Tenggara,63341.46918461895,PLTS Terpusat,30.0,Warabal,2014,654035.8902345581,GI 150 kV Aimas (60 MVA No.1 dan 2),60.0,150 kV,Operasi,61343.6807233733,PLTD Kso Gtp-Pym-Kbt Dobo,3.0,PLTD,HSD,True,4.35500002,0.17855500000000002,-5.746917515578105,134.79469989044492
81.07.05.2003,22,0.22951801124114293,5,0.6893195209286919,0.22727272727272727,6712.396078431372,intermittent,Batuley,Aru Utara Timur Batuley,Kepulauan Aru,188271.22860673588,0,Mikro Hidro Kelas A (PLTMH),Ohoimajang,Maluku Tenggara,55986.996390364366,PLTS Terpusat,30.0,Warabal,2014,659824.5832523537,GI 150 kV Aimas (60 MVA No.1 dan 2),60.0,150 kV,Operasi,60143.608964983214,PLTD Kso Gtp-Pym-Kbt Dobo,3.0,PLTD,HSD,True,4.32250023,0.177223,-5.815428012637875,134.7887668371596
81.07.05.2004,22,0.22204699444173598,4,0.6159763771090965,0.18181818181818182,2908.5372549019608,intermittent,Kumul,Aru Utara Timur Batuley,Kepulauan Aru,178968.48864863283,0,Mikro Hidro Kelas A (PLTMH),Ohoimajang,Maluku Tenggara,63042.89209739047,PLTS Terpusat,30.0,Warabal,2014,650903.227881049,GI 150 kV Aimas (60 MVA No.1 dan 2),60.0,150 kV,Operasi,52154.39206848233,PLTD Kso Gtp-Pym-Kbt Dobo,3.0,PLTD,HSD,True,4.21199989,0.172692,-5.770028146702775,134.71385208777093
81.07.05.2005,22,0.21901221542596416,4,0.7744443687697672,0.18181818181818182,1913.1098039215688,data_gap,Waria,Aru Utara Timur Batuley,Kepulauan Aru,186551.8756848016,0,Mikro Hidro Kelas A (PLTMH),Ohoimajang,Maluku Tenggara,52596.49240390015,PLTS Terpusat,30.0,Warabal,2014,661541.9956500294,GI 150 kV Aimas (60 MVA No.1 dan 2),60.0,150 kV,Operasi,57255.91191952155,PLTD Kso Gtp-Pym-Kbt Dobo,3.0,PLTD,HSD,True,4.329,0.177489,-5.853616645320874,134.7616037913881
81.07.05.2006,22,0.24121718044333224,2,0.6300288253764632,0.09090909090909091,7368.0,dark_settled,Sewer,Aru Utara Timur Batuley,Kepulauan Aru,186398.14379446907,0,Mikro Hidro Kelas A (PLTMH),Ohoimajang,Maluku Tenggara,49776.07809944241,PLTS Terpusat,30.0,Warabal,2014,663576.8843313868,GI 150 kV Aimas (60 MVA No.1 dan 2),60.0,150 kV,Operasi,56379.7556004784,PLTD Kso Gtp-Pym-Kbt Dobo,3.0,PLTD,HSD,True,4.34849977,0.178288,-5.8835453090036385,134.75078931471498
81.07.05.2007,22,0.2215141088352233,3,0.6413003429112123,0.13636363636363635,0.0,data_gap,Jursiang,Aru Utara Timur Batuley,Kepulauan Aru,190141.13639845327,0,Mikro Hidro Kelas A (PLTMH),Ohoimajang,Maluku Tenggara,47585.069988232884,PLTS Terpusat,30.0,Warabal,2014,666610.0256021543,GI 150 kV Aimas (60 MVA No.1 dan 2),60.0,150 kV,Operasi,60048.31145996234,PLTD Kso Gtp-Pym-Kbt Dobo,3.0,PLTD,HSD,False,,,-5.89452994004719,134.78278491363847
81.07.05.2008,22,0.21958172178709612,3,0.7085830353134223,0.13636363636363635,6452.011764705883,dark_settled,Kompane,Aru Utara Timur Batuley,Kepulauan Aru,176128.88482382317,0,Mikro Hidro Kelas A (PLTMH),Ohoimajang,Maluku Tenggara,73206.57445007544,PLTS Terpusat,30.0,Warabal,2014,642067.0841526962,GI 150 kV Aimas (60 MVA No.1 dan 2),60.0,150 kV,Operasi,53770.458252549324,PLTD Kso Gtp-Pym-Kbt Dobo,3.0,PLTD,HSD,True,4.2249999,0.17322500000000002,-5.67581496028595,134.70897327475868
81.07.05.2009,22,0.2166843983368647,5,0.5440259818624386,0.22727272727272727,7749.831372549021,intermittent,Kobamar,Aru Utara Timur Batuley,Kepulauan Aru,167284.82459159708,0,Mikro Hidro Kelas A (PLTMH),Ohoimajang,Maluku Tenggara,66205.849681079,PLTS Terpusat,30.0,Warabal,2014,645459.9118425872,GI 150 kV Aimas (60 MVA No.1 dan 2),60.0,150 kV,Operasi,39286.11879689104,PLTD Kso Gtp-Pym-Kbt Dobo,3.0,PLTD,HSD,True,3.97799993,0.16309801000000002,-5.789864148903105,134.59892822941862
81.07.06.2002,22,0.23103210830853466,3,0.7011898504234738,0.13636363636363635,0.0,data_gap,Waifual,Sir-Sir,Kepulauan Aru,158649.49933501918,0,Mikro Hidro Kelas A (PLTMH),Ohoimajang,Maluku Tenggara,91905.64894196298,PLTS Terpusat,30.0,Warabal,2014,621448.5491359042,GI 150 kV Aimas (60 MVA No.1 dan 2),60.0,150 kV,Operasi,47059.89362991623,PLTD Dobo,7.2,PLTD,HSD,True,3.9065001,0.16016699,-5.546869829836884,134.56989989366872
81.07.06.2003,22,0.23227992024753524,6,0.6658035974869055,0.2727272727272727,1175.3333333333335,data_gap,Wafan,Sir-Sir,Kepulauan Aru,162910.6261885256,0,Mikro Hidro Kelas A (PLTMH),Ohoimajang,Maluku Tenggara,90583.1546809075,PLTS Terpusat,30.0,Warabal,2014,623727.8771673983,GI 150 kV Aimas (60 MVA No.1 dan 2),60.0,150 kV,Operasi,50621.705468810855,PLTD Kso Gtp-Pym-Kbt Dobo,3.0,PLTD,HSD,True,4.02349997,0.16496301000000002,-5.5442125263798125,134.60901502688992
81.07.06.2004,22,0.21969442936127814,2,0.6269607832854729,0.09090909090909091,1571.5254901960784,data_gap,Langhalau,Sir-Sir,Kepulauan Aru,161309.50163799667,0,Mikro Hidro Kelas A (PLTMH),Ohoimajang,Maluku Tenggara,84140.76345277886,PLTS Terpusat,30.0,Warabal,2014,628700.6644079945,GI 150 kV Aimas (60 MVA No.1 dan 2),60.0,150 kV,Operasi,43742.0141955039,PLTD Kso Gtp-Pym-Kbt Dobo,3.0,PLTD,HSD,True,3.9130001100000005,0.16043299000000003,-5.617040040507485,134.58370127088355
81.07.06.2005,22,0.2452529455201103,5,0.6106564566267816,0.22727272727272727,1296.0196078431372,data_gap,Gomsey,Sir-Sir,Kepulauan Aru,165208.49894825424,0,Mikro Hidro Kelas A (PLTMH),Ohoimajang,Maluku Tenggara,88907.39260238138,PLTS Terpusat,30.0,Warabal,2014,625815.5665795234,GI 150 kV Aimas (60 MVA No.1 dan 2),60.0,150 kV,Operasi,51808.89097637774,PLTD Kso Gtp-Pym-Kbt Dobo,3.0,PLTD,HSD,True,4.08199978,0.167362,-5.553125886301957,134.62883927045493
81.07.06.2006,22,0.24806237906411116,5,0.6098573730343319,0.22727272727272727,6512.670588235295,intermittent,Leiting,Sir-Sir,Kepulauan Aru,167333.12071336905,0,Mikro Hidro Kelas A (PLTMH),Ohoimajang,Maluku Tenggara,88564.29294828842,PLTS Terpusat,30.0,Warabal,2014,626798.8422372524,GI 150 kV Aimas (60 MVA No.1 dan 2),60.0,150 kV,Operasi,53821.01829112632,PLTD Kso Gtp-Pym-Kbt Dobo,3.0,PLTD,HSD,True,4.28999996,0.17589000000000002,-5.549787018041197,134.6485891926755
81.07.06.2007,22,0.2097353461368579,2,0.6321296127505349,0.09090909090909091,4106.564705882352,dark_settled,Bardefan,Sir-Sir,Kepulauan Aru,169311.6050571295,0,Mikro Hidro Kelas A (PLTMH),Ohoimajang,Maluku Tenggara,78097.7125302556,PLTS Terpusat,30.0,Warabal,2014,635874.8965784278,GI 150 kV Aimas (60 MVA No.1 dan 2),60.0,150 kV,Operasi,48858.13636424793,PLTD Kso Gtp-Pym-Kbt Dobo,3.0,PLTD,HSD,True,4.114500049999999,0.168694,-5.648284007721442,134.65153752039296
81.07.06.2008,22,0.22839771907810702,5,0.6746960241108642,0.22727272727272727,3466.752941176471,intermittent,Mohongsel,Sir-Sir,Kepulauan Aru,170757.2907998156,0,Mikro Hidro Kelas A (PLTMH),Ohoimajang,Maluku Tenggara,87576.68083200708,PLTS Terpusat,30.0,Warabal,2014,628829.1897959267,GI 150 kV Aimas (60 MVA No.1 dan 2),60.0,150 kV,Operasi,56718.2685484812,PLTD Kso Gtp-Pym-Kbt Dobo,3.0,PLTD,HSD,True,4.3744998,0.179354,-5.549718413776653,134.679754912331
81.07.06.2009,22,0.23440289065600153,3,0.7302245713481871,0.13636363636363635,3022.3254901960786,dark_settled,Kolaha,Sir-Sir,Kepulauan Aru,152952.423118328,0,Mikro Hidro Kelas A (PLTMH),Ohoimajang,Maluku Tenggara,96769.60117785475,PLTS Terpusat,30.0,Warabal,2014,615951.819328707,GI 150 kV Aimas (60 MVA No.1 dan 2),60.0,150 kV,Operasi,45186.52949775743,PLTD Dobo,7.2,PLTD,HSD,True,3.9260001200000003,0.16096599,-5.520637570804393,134.52117178755037
81.07.06.2010,22,0.2200787143516953,3,0.641100012584348,0.13636363636363635,7020.047058823529,dark_settled,Goda-Goda,Sir-Sir,Kepulauan Aru,149762.29715569515,0,Mikro Hidro Kelas A (PLTMH),Ohoimajang,Maluku Tenggara,86865.30272235542,PLTS Terpusat,30.0,Warabal,2014,624617.6360007232,GI 150 kV Aimas (60 MVA No.1 dan 2),60.0,150 kV,Operasi,31384.0267728331,PLTD Kso Gtp-Pym-Kbt Dobo,3.0,PLTD,HSD,True,3.84150004,0.157502,-5.649603299102901,134.4711519557194
81.07.07.2001,22,0.24954120044466505,4,0.6853440335394957,0.18181818181818182,17376.941176470587,intermittent,Koijabi,Aru Tengah Timur,Kepulauan Aru,194134.3925466748,0,Mikro Hidro Kelas A (PLTMH),Ohoimajang,Maluku Tenggara,26817.36544519351,PLTS Terpusat,30.0,Warabal,2014,685124.0016999925,GI 150 kV Aimas (60 MVA No.1 dan 2),60.0,150 kV,Operasi,63539.84161458774,PLTD Kso Gtp-Pym-Kbt Dobo,3.0,PLTD,HSD,True,4.23799992,0.17375800000000002,-6.1360115311095615,134.72387551477078
81.07.07.2002,22,0.2411713148068128,4,0.671332441796166,0.18181818181818182,0.0,data_gap,Balatan,Aru Tengah Timur,Kepulauan Aru,185413.0187345343,0,Mikro Hidro Kelas A (PLTMH),Ohoimajang,Maluku Tenggara,36049.32512127995,PLTS Terpusat,30.0,Warabal,2014,676091.198514458,GI 150 kV Aimas (60 MVA No.1 dan 2),60.0,150 kV,Operasi,54511.69328766304,PLTD Kso Gtp-Pym-Kbt Dobo,3.0,PLTD,HSD,True,4.043000220000001,0.16576301000000002,-6.077593814990081,134.66453505836634
81.07.07.2003,22,0.2406716022682731,3,0.6435413507049542,0.13636363636363635,1563.0,data_gap,Warloy,Aru Tengah Timur,Kepulauan Aru,191257.7178403386,0,Mikro Hidro Kelas A (PLTMH),Ohoimajang,Maluku Tenggara,28414.973224431862,PLTS Terpusat,30.0,Warabal,2014,685597.4988541561,GI 150 kV Aimas (60 MVA No.1 dan 2),60.0,150 kV,Operasi,61685.790803105774,PLTD Kso Gtp-Pym-Kbt Dobo,3.0,PLTD,HSD,True,4.03649998,0.16549601000000003,-6.1719467632775675,134.67637248272823
81.07.07.2004,22,0.2467943174256744,3,0.6322381278171403,0.13636363636363635,4631.329411764706,dark_settled,Warjukur,Aru Tengah Timur,Kepulauan Aru,197307.89404333447,0,Mikro Hidro Kelas A (PLTMH),Ohoimajang,Maluku Tenggara,22302.672325758664,PLTS Terpusat,30.0,Warabal,2014,692128.1580172294,GI 150 kV Aimas (60 MVA No.1 dan 2),60.0,150 kV,Operasi,66468.77612050012,PLTD Jerol,0.6,PLTD,HSD,True,4.1079998,0.16842800000000002,-6.217873758431994,134.7137237430023
81.07.07.2005,22,0.2426985267206856,3,0.6226980334602233,0.13636363636363635,2583.0,dark_settled,Kobror,Aru Tengah Timur,Kepulauan Aru,195437.69089655846,0,Mikro Hidro Kelas A (PLTMH),Ohoimajang,Maluku Tenggara,24680.885288372247,PLTS Terpusat,30.0,Warabal,2014,692425.478259038,GI 150 kV Aimas (60 MVA No.1 dan 2),60.0,150 kV,Operasi,62011.21505058673,PLTD Jerol,0.6,PLTD,HSD,True,3.98449993,0.16336399000000001,-6.242131508098209,134.68075643305662
81.07.07.2006,22,0.2390460168942507,4,0.6102607358359929,0.18181818181818182,0.0,data_gap,Basada,Aru Tengah Timur,Kepulauan Aru,197254.79133993512,0,Mikro Hidro Kelas A (PLTMH),Ohoimajang,Maluku Tenggara,24015.117867879573,PLTS Terpusat,30.0,Warabal,2014,695659.3783607548,GI 150 kV Aimas (60 MVA No.1 dan 2),60.0,150 kV,Operasi,60208.88713901521,PLTD Jerol,0.6,PLTD,HSD,True,4.09499979,0.16789500000000002,-6.277801336738183,134.6788594428878
81.07.07.2007,22,0.23335691265654646,4,0.6303097014649791,0.18181818181818182,0.0,data_gap,Wailay,Aru Tengah Timur,Kepulauan Aru,191651.79821672422,0,Mikro Hidro Kelas A (PLTMH),Ohoimajang,Maluku Tenggara,31625.4697597069,PLTS Terpusat,30.0,Warabal,2014,693214.8396571367,GI 150 kV Aimas (60 MVA No.1 dan 2),60.0,150 kV,Operasi,52224.638424672376,PLTD Jerol,0.6,PLTD,HSD,True,4.21199989,0.172692,-6.295880640620279,134.60812998076514
81.07.07.2008,22,0.23671404611444646,4,0.619869954942915,0.18181818181818182,8251.290196078431,intermittent,Kaiwabar,Aru Tengah Timur,Kepulauan Aru,198312.17899824426,0,Mikro Hidro Kelas A (PLTMH),Ohoimajang,Maluku Tenggara,25006.852250531698,PLTS Terpusat,30.0,Warabal,2014,698419.1068920202,GI 150 kV Aimas (60 MVA No.1 dan 2),60.0,150 kV,Operasi,57645.57799566276,PLTD Jerol,0.6,PLTD,HSD,True,4.31599998,0.176956,-6.3140535796185535,134.6678372931279
81.07.07.2009,22,0.24199208891746735,5,0.6280925994066354,0.22727272727272727,2250.6980392156865,intermittent,Ponom,Aru Tengah Timur,Kepulauan Aru,196060.19462013352,0,Mikro Hidro Kelas A (PLTMH),Ohoimajang,Maluku Tenggara,30193.69798760668,PLTS Terpusat,30.0,Warabal,2014,698774.1060982641,GI 150 kV Aimas (60 MVA No.1 dan 2),60.0,150 kV,Operasi,51899.364274773405,PLTD Jerol,0.6,PLTD,HSD,True,4.3874998100000004,0.17988700000000002,-6.345257158182499,134.62340758040483
81.07.07.2010,22,0.25240626859172577,5,0.566992335546592,0.22727272727272727,3395.1803921568626,intermittent,Lola,Aru Tengah Timur,Kepulauan Aru,211499.64369898455,0,Mikro Hidro Kelas A (PLTMH),Ohoimajang,Maluku Tenggara,11536.709978171588,PLTS Terpusat,30.0,Warabal,2014,700404.7643183123,GI 150 kV Aimas (60 MVA No.1 dan 2),60.0,150 kV,Operasi,80845.16054683409,PLTD Kso Gtp-Pym-Kbt Dobo,3.0,PLTD,HSD,True,4.3874998100000004,0.17988700000000002,-6.208906888838086,134.86287521678298
81.07.07.2011,22,0.23134593217088267,3,0.6673084469539537,0.13636363636363635,7209.6352941176465,dark_settled,Mariri,Aru Tengah Timur,Kepulauan Aru,210778.14124893805,0,Mikro Hidro Kelas A (PLTMH),Ohoimajang,Maluku Tenggara,16031.117919247032,PLTS Terpusat,30.0,Warabal,2014,697216.5929550836,GI 150 kV Aimas (60 MVA No.1 dan 2),60.0,150 kV,Operasi,79677.33792667749,PLTD Kso Gtp-Pym-Kbt Dobo,3.0,PLTD,HSD,False,,,-6.164785254886264,134.87676838430426
81.07.07.2012,22,0.2334783501388465,3,0.5855963328555827,0.13636363636363635,5199.4862745098035,dark_settled,Dosinamalau,Aru Tengah Timur,Kepulauan Aru,172591.04409818293,0,Mikro Hidro Kelas A (PLTMH),Ohoimajang,Maluku Tenggara,48335.403017732926,PLTS Terpusat,30.0,Warabal,2014,665109.0400206166,GI 150 kV Aimas (60 MVA No.1 dan 2),60.0,150 kV,Operasi,41771.8398726301,PLTD Kso Gtp-Pym-Kbt Dobo,3.0,PLTD,HSD,True,3.9065001,0.16016699,-6.027146731705962,134.5602488335403
81.07.07.2013,22,0.23119405192415865,2,0.615616214737063,0.09090909090909091,7002.525490196079,dark_settled,Karawai,Aru Tengah Timur,Kepulauan Aru,181461.5747504485,0,Mikro Hidro Kelas A (PLTMH),Ohoimajang,Maluku Tenggara,50209.280666294384,PLTS Terpusat,30.0,Warabal,2014,661813.1101351624,GI 150 kV Aimas (60 MVA No.1 dan 2),60.0,150 kV,Operasi,50896.20560104186,PLTD Kso Gtp-Pym-Kbt Dobo,3.0,PLTD,HSD,True,4.27050018,0.17509100000000002,-5.900593140217348,134.69805919584357
81.07.08.2001,22,0.22965230638715112,8,0.5815547814216999,0.36363636363636365,601.035294117647,data_gap,Longgar,Aru Tengah Selatan,Kepulauan Aru,233467.97312660926,0,Mikro Hidro Kelas A (PLTMH),Ohoimajang,Maluku Tenggara,33553.990573710376,PLTS Terpusat,75.0,Meror,2016,749445.3746406743,GI 150 kV Aimas (60 MVA No.1 dan 2),60.0,150 kV,Operasi,65574.2952146994,PLTD Jerol,0.6,PLTD,HSD,False,,,-6.8782666766910046,134.61518919754627
81.07.08.2002,22,0.2335814783339712,5,0.6663879828611442,0.22727272727272727,0.0,data_gap,Apara,Aru Tengah Selatan,Kepulauan Aru,223202.09127958363,0,Mikro Hidro Kelas A (PLTMH),Ohoimajang,Maluku Tenggara,39101.907414766,PLTS Terpusat,30.0,Beltubur,2016,734477.7800641721,GI 150 kV Aimas (60 MVA No.1 dan 2),60.0,150 kV,Operasi,58721.844370729654,PLTD Jerol,0.6,PLTD,HSD,True,4.36800003,0.17908800000000002,-6.697660532077031,134.6602949389784
81.07.08.2003,22,0.24629262068324392,8,0.6080983024376103,0.36363636363636365,38597.368627450975,intermittent,Bemun,Aru Tengah Selatan,Kepulauan Aru,228533.32078370394,0,Mikro Hidro Kelas A (PLTMH),Ohoimajang,Maluku Tenggara,41405.05294374958,PLTS Terpusat,30.0,Beltubur,2016,739994.9366616241,GI 150 kV Aimas (60 MVA No.1 dan 2),60.0,150 kV,Operasi,63435.76523814173,PLTD Jerol,0.6,PLTD,HSD,True,4.42649984,0.181486,-6.739218185896809,134.6877089041013
81.07.08.2004,22,0.257476146061286,5,0.5813345476046314,0.22727272727272727,13373.458823529412,intermittent,Mesiang,Aru Tengah Selatan,Kepulauan Aru,223133.47966526548,0,Mikro Hidro Kelas A (PLTMH),Ohoimajang,Maluku Tenggara,42132.9790170276,PLTS Terpusat,30.0,Warabal,2014,731653.287746904,GI 150 kV Aimas (60 MVA No.1 dan 2),60.0,150 kV,Operasi,61567.689375437614,PLTD Jerol,0.6,PLTD,HSD,True,4.31599998,0.176956,-6.639393739708453,134.70924215931612
81.07.08.2005,22,0.26454518711918656,8,0.5633065402573325,0.36363636363636365,1087.7529411764706,data_gap,Gomo-Gomo,Aru Tengah Selatan,Kepulauan Aru,227705.03559384824,0,Mikro Hidro Kelas A (PLTMH),Ohoimajang,Maluku Tenggara,37325.26085979012,PLTS Terpusat,30.0,Warabal,2014,733835.594569801,GI 150 kV Aimas (60 MVA No.1 dan 2),60.0,150 kV,Operasi,68187.59307707608,PLTD Jerol,0.6,PLTD,HSD,True,4.3874998100000004,0.17988700000000002,-6.622350381374146,134.77570974503388
81.07.08.2006,22,0.254889956395458,6,0.5779637642144688,0.2727272727272727,4965.690196078431,intermittent,Jambu Air,Aru Tengah Selatan,Kepulauan Aru,224126.47324728692,0,Mikro Hidro Kelas A (PLTMH),Ohoimajang,Maluku Tenggara,25336.13074853983,PLTS Terpusat,30.0,Warabal,2014,726241.4045785472,GI 150 kV Aimas (60 MVA No.1 dan 2),60.0,150 kV,Operasi,70411.84738179142,PLTD Jerol,0.6,PLTD,HSD,True,4.42649984,0.181486,-6.52026490624709,134.81083748254312
81.07.08.2007,22,0.22511101247394014,4,0.589879828387413,0.18181818181818182,9510.086274509804,intermittent,Warabal,Aru Tengah Selatan,Kepulauan Aru,217226.8103066735,0,Mikro Hidro Kelas A (PLTMH),Ohoimajang,Maluku Tenggara,9975.597512255064,PLTS Terpusat,30.0,Warabal,2014,713732.7072087869,GI 150 kV Aimas (60 MVA No.1 dan 2),60.0,150 kV,Operasi,73661.1787070214,PLTD Jerol,0.6,PLTD,HSD,True,4.35500002,0.17855500000000002,-6.373164146245127,134.83204778069947
81.07.09.2001,22,0.26076919490941153,7,0.710565959210654,0.3181818181818182,7303.658823529411,intermittent,Meror,Aru Selatan Timur,Kepulauan Aru,208795.81009070482,0,Mikro Hidro Kelas A (PLTMH),Ohoimajang,Maluku Tenggara,1016.9760211603775,PLTS Terpusat,75.0,Meror,2016,730286.7706310368,GI 150 kV Aimas (60 MVA No.1 dan 2),60.0,150 kV,Operasi,42760.094930448235,PLTD Jerol,0.6,PLTD,HSD,True,4.39400005,0.180154,-6.837997053733306,134.3232668930175
81.07.09.2002,22,0.2766438593284027,11,0.6865080721625417,0.5,2992.0,intermittent,Dosimar,Aru Selatan Timur,Kepulauan Aru,195387.5971014897,0,Mikro Hidro Kelas A (PLTMH),Langgiar Haar,Maluku Tenggara,8506.985727099023,PLTS Terpusat,20.0,Batu Goyang,2016,719882.1565628765,GI 150 kV Aimas (60 MVA No.1 dan 2),60.0,150 kV,Operasi,38491.294187394305,PLTD Jerol,0.6,PLTD,HSD,True,4.36800003,0.17908800000000002,-6.826740392246884,134.13417230785996
81.07.09.2003,22,0.2533922881529808,9,0.667827308871289,0.4090909090909091,11538.0,intermittent,Batugoyang,Aru Selatan Timur,Kepulauan Aru,203701.52804918957,0,Mikro Hidro Kelas A (PLTMH),Langgiar Haar,Maluku Tenggara,678.476384560254,PLTS Terpusat,20.0,Batu Goyang,2016,727601.8845068496,GI 150 kV Aimas (60 MVA No.1 dan 2),60.0,150 kV,Operasi,43336.39313939099,PLTD Jerol,0.6,PLTD,HSD,True,4.40700006,0.18068700000000001,-6.8717766187090605,134.20091234261793
81.07.09.2004,22,0.2510478928900608,8,0.6548341353089592,0.36363636363636365,7476.878431372549,intermittent,Salarem,Aru Selatan Timur,Kepulauan Aru,202315.77648258748,0,Mikro Hidro Kelas A (PLTMH),Ohoimajang,Maluku Tenggara,7139.492787401953,PLTS Terpusat,20.0,Batu Goyang,2016,724964.302702159,GI 150 kV Aimas (60 MVA No.1 dan 2),60.0,150 kV,Operasi,38584.93991537659,PLTD Jerol,0.6,PLTD,HSD,True,4.29650021,0.176157,-6.8221714975976955,134.24804232742244
81.07.09.2005,22,0.2735594712286661,8,0.7194487928494984,0.36363636363636365,6520.0,intermittent,Siya,Aru Selatan Timur,Kepulauan Aru,206463.94308474447,0,Mikro Hidro Kelas A (PLTMH),Ohoimajang,Maluku Tenggara,3600.613475774358,PLTS Terpusat,75.0,Meror,2016,727481.5672875072,GI 150 kV Aimas (60 MVA No.1 dan 2),60.0,150 kV,Operasi,39840.558680844064,PLTD Jerol,0.6,PLTD,HSD,True,4.34200001,0.178022,-6.807148289469493,134.32813162917674
81.07.09.2006,22,0.2539105173796563,6,0.5839236938474618,0.2727272727272727,10152.419607843138,intermittent,Beltubur,Aru Selatan Timur,Kepulauan Aru,202773.700452478,0,Mikro Hidro Kelas A (PLTMH),Ohoimajang,Maluku Tenggara,446.86425378708566,PLTS Terpusat,30.0,Beltubur,2016,723531.7915092191,GI 150 kV Aimas (60 MVA No.1 dan 2),60.0,150 kV,Operasi,35869.646573116755,PLTD Jerol,0.6,PLTD,HSD,True,4.28350019,0.175624,-6.772247400827634,134.3182294097495
81.07.09.2007,22,0.2463865998313738,5,0.5617354685288035,0.22727272727272727,6629.18431372549,intermittent,Karey,Aru Selatan Timur,Kepulauan Aru,204465.34079575847,0,Mikro Hidro Kelas A (PLTMH),Ohoimajang,Maluku Tenggara,10693.23423985059,PLTS Terpusat,30.0,Beltubur,2016,722816.1953866525,GI 150 kV Aimas (60 MVA No.1 dan 2),60.0,150 kV,Operasi,36367.800917916815,PLTD Jerol,0.6,PLTD,HSD,True,4.30299997,0.176423,-6.723396603418793,134.39777731327584
81.07.09.2008,22,0.251912200415094,4,0.525904033276793,0.18181818181818182,862.0,data_gap,Jorang,Aru Selatan Timur,Kepulauan Aru,201075.66225449802,0,Mikro Hidro Kelas A (PLTMH),Ohoimajang,Maluku Tenggara,14935.04548392355,PLTS Terpusat,30.0,Beltubur,2016,718388.152126767,GI 150 kV Aimas (60 MVA No.1 dan 2),60.0,150 kV,Operasi,33234.67344551073,PLTD Jerol,0.6,PLTD,HSD,True,4.30299997,0.176423,-6.673606372299422,134.4062998666513
81.07.09.2009,22,0.24398361150706052,4,0.5086916241616682,0.18181818181818182,3392.0,intermittent,Gomar Sungai,Aru Selatan Timur,Kepulauan Aru,192313.77954284375,0,Mikro Hidro Kelas A (PLTMH),Ohoimajang,Maluku Tenggara,31036.107314375993,PLTS Terpusat,30.0,Beltubur,2016,705678.6594026369,GI 150 kV Aimas (60 MVA No.1 dan 2),60.0,150 kV,Operasi,29889.06915107122,PLTD Jerol,0.6,PLTD,HSD,True,4.0170002,0.16469701,-6.523418489163737,134.442070244783
81.07.09.2010,22,0.24770600242655488,4,0.5204964994094389,0.18181818181818182,885.0980392156863,data_gap,Gomar Meti,Aru Selatan Timur,Kepulauan Aru,199671.40156927012,0,Mikro Hidro Kelas A (PLTMH),Ohoimajang,Maluku Tenggara,23567.420691679123,PLTS Terpusat,30.0,Beltubur,2016,714633.5278234837,GI 150 kV Aimas (60 MVA No.1 dan 2),60.0,150 kV,Operasi,33754.40218402058,PLTD Jerol,0.6,PLTD,HSD,True,4.26399994,0.174824,-6.610157849643956,134.45203513902504
81.07.10.2001,22,0.24611496656879178,5,0.6597302657920997,0.22727272727272727,19443.15294117647,intermittent,Tabarfane,Aru Selatan Utara,Kepulauan Aru,145358.88075265998,0,Mikro Hidro Kelas A (PLTMH),Ohoimajang,Maluku Tenggara,65074.15121870208,PLTS Terpusat,30.0,Beltubur,2016,659672.2080412406,GI 150 kV Aimas (60 MVA No.1 dan 2),60.0,150 kV,Operasi,30573.778844411958,PLTD Jerol,0.6,PLTD,HSD,True,4.08199978,0.167362,-6.208704231888327,134.15431058873014
81.07.10.2002,22,0.27211532771983327,9,0.6443935073789736,0.4090909090909091,8959.0,intermittent,Rebi,Aru Selatan Utara,Kepulauan Aru,161239.14715480627,0,Mikro Hidro Kelas A (PLTMH),Ohoimajang,Maluku Tenggara,44510.05987269866,PLTS Terpusat,30.0,Beltubur,2016,679175.9109977885,GI 150 kV Aimas (60 MVA No.1 dan 2),60.0,150 kV,Operasi,9694.174218854398,PLTD Jerol,0.6,PLTD,HSD,True,4.004000189999999,0.16416401,-6.3957576398926985,134.1765188752144
81.07.10.2003,22,0.25171530966889755,5,0.5692753023133694,0.22727272727272727,7383.0,intermittent,Lutur,Aru Selatan Utara,Kepulauan Aru,155336.71583937513,0,Mikro Hidro Kelas A (PLTMH),Ohoimajang,Maluku Tenggara,54148.15213964112,PLTS Terpusat,30.0,Beltubur,2016,670686.7507238071,GI 150 kV Aimas (60 MVA No.1 dan 2),60.0,150 kV,Operasi,20484.2761040739,PLTD Jerol,0.6,PLTD,HSD,True,3.99099994,0.16363101,-6.299753463300141,134.19441993217524
81.07.10.2004,22,0.2540992578400383,6,0.6375114208234465,0.2727272727272727,5406.0,intermittent,Hokmar,Aru Selatan Utara,Kepulauan Aru,147558.27960039704,0,Mikro Hidro Kelas A (PLTMH),Ohoimajang,Maluku Tenggara,61324.634089358726,PLTS Terpusat,30.0,Beltubur,2016,662983.8665750556,GI 150 kV Aimas (60 MVA No.1 dan 2),60.0,150 kV,Operasi,26551.988602617075,PLTD Jerol,0.6,PLTD,HSD,True,4.1015000299999995,0.168161,-6.245520448339271,134.14873932762643
81.07.10.2005,22,0.23716323653563304,4,0.5438851978482889,0.18181818181818182,4649.839215686275,intermittent,Juring,Aru Selatan Utara,Kepulauan Aru,169729.17712175092,0,Mikro Hidro Kelas A (PLTMH),Ohoimajang,Maluku Tenggara,43591.18036730353,PLTS Terpusat,30.0,Beltubur,2016,683957.9029355622,GI 150 kV Aimas (60 MVA No.1 dan 2),60.0,150 kV,Operasi,17658.50240852828,PLTD Jerol,0.6,PLTD,HSD,True,3.9130001100000005,0.16043299000000003,-6.380321837287265,134.29660308532863
81.07.10.2006,22,0.23510816400945356,4,0.5366879700069057,0.18181818181818182,2089.0,intermittent,Erersin,Aru Selatan Utara,Kepulauan Aru,184011.2803136895,0,Mikro Hidro Kelas A (PLTMH),Ohoimajang,Maluku Tenggara,34556.72354349639,PLTS Terpusat,30.0,Beltubur,2016,697658.8558384903,GI 150 kV Aimas (60 MVA No.1 dan 2),60.0,150 kV,Operasi,23741.89276303511,PLTD Jerol,0.6,PLTD,HSD,True,3.99749994,0.16389699,-6.470226377535154,134.38912635117165
81.07.10.2007,22,0.24169419978056245,3,0.5945163601013528,0.13636363636363635,12070.011764705883,dark_settled,Maekor,Aru Selatan Utara,Kepulauan Aru,145350.94752931458,0,Mikro Hidro Kelas A (PLTMH),Ohoimajang,Maluku Tenggara,69889.28468515287,PLTS Terpusat,30.0,Beltubur,2016,656663.82594043,GI 150 kV Aimas (60 MVA No.1 dan 2),60.0,150 kV,Operasi,36644.443245190574,PLTD Jerol,0.6,PLTD,HSD,True,3.88050008,0.15910099000000003,-6.154170091915018,134.1977437991739
81.08.01.1001,22,2.0954388920385165,17,0.6106918829547398,0.7727272727272727,95842.90980392158,intermittent,Tiakur,Moa,Maluku Barat Daya,78139.9480739076,0,Mikro Hidro Kelas A (PLTMH),Jerusu,Maluku Barat Daya,164473.56304371177,PLTS Terpusat,15.0,Eray,2012,498207.4920026094,"GI 70 kV Sirimau 
",40.0,70 kV,Operasi,2028.0373001347775,PLTD Moa,2.5,PLTD,HSD,True,4.627999780000001,0.189748,-8.149723619948464,127.79730132557184
81.08.01.2001,22,0.2959912158662543,12,0.5290229648590873,0.5454545454545454,68406.2431372549,intermittent,Klis,Moa,Maluku Barat Daya,92917.94366407063,0,Mikro Hidro Kelas A (PLTMH),Jerusu,Maluku Barat Daya,182509.52202165083,PLTS Terpusat,15.0,Eray,2012,502495.3011493183,"GI 70 kV Sirimau 
",40.0,70 kV,Operasi,16542.08614812248,PLTD Moa,2.5,PLTD,HSD,True,4.7255001100000005,0.193746,-8.200344374409278,127.95336027932083
81.08.01.2002,22,0.30162677325497583,12,0.5867902698391791,0.5454545454545454,36969.0,intermittent,Patti,Moa,Maluku Barat Daya,84745.3874563044,0,Mikro Hidro Kelas A (PLTMH),Jerusu,Maluku Barat Daya,171716.1975554567,PLTS Terpusat,15.0,Eray,2012,501129.7271939577,"GI 70 kV Sirimau 
",40.0,70 kV,Operasi,5758.757982970386,PLTD Moa,2.5,PLTD,HSD,True,4.744999890000001,0.194545,-8.181320536445238,127.85702233215062
81.08.01.2003,22,0.702614011847613,17,0.5725428757159441,0.7727272727272727,201500.7568627451,lit_stable,Wakarleli,Moa,Maluku Barat Daya,80410.94251076948,0,Mikro Hidro Kelas A (PLTMH),Jerusu,Maluku Barat Daya,166442.28180484928,PLTS Terpusat,15.0,Eray,2012,499714.00462570763,"GI 70 kV Sirimau 
",40.0,70 kV,Operasi,499.3977853559512,PLTD Moa,2.5,PLTD,HSD,True,4.699500080000001,0.19268000000000002,-8.164680187148909,127.81189266503976
81.08.01.2004,22,0.3254733119407513,14,0.6278720768840604,0.6363636363636364,68595.47843137255,intermittent,Kaiwatu,Moa,Maluku Barat Daya,78204.26354400991,0,Mikro Hidro Kelas A (PLTMH),Jerusu,Maluku Barat Daya,167507.51328416358,PLTS Terpusat,15.0,Eray,2012,495378.01389374514,"GI 70 kV Sirimau 
",40.0,70 kV,Operasi,4947.807294324779,PLTD Moa,2.5,PLTD,HSD,True,4.504499910000001,0.18468501,-8.127241287194032,127.83114918030729
81.08.01.2005,22,0.27952306747260114,9,0.566106568694899,0.4090909090909091,43192.0,intermittent,Werwaru,Moa,Maluku Barat Daya,87604.62692933215,0,Mikro Hidro Kelas A (PLTMH),Jerusu,Maluku Barat Daya,176934.98943989805,PLTS Terpusat,15.0,Eray,2012,500105.8902451762,"GI 70 kV Sirimau 
",40.0,70 kV,Operasi,11076.50260487658,PLTD Moa,2.5,PLTD,HSD,True,4.712500100000001,0.19321300000000002,-8.175861055567449,127.907401892838
81.08.01.2006,22,0.26288167201625445,7,0.5003558349189576,0.3181818181818182,74280.30196078432,intermittent,Tounwawan,Moa,Maluku Barat Daya,96580.04861314585,0,Mikro Hidro Kelas A (PLTMH),Jerusu,Maluku Barat Daya,188682.17851875667,PLTS Terpusat,15.0,Eray,2012,501145.92638356093,"GI 70 kV Sirimau 
",40.0,70 kV,Operasi,22874.582608721288,PLTD Moa,2.5,PLTD,HSD,True,4.6085,0.18894801,-8.191344033499009,128.01348540602618
81.08.01.2007,22,0.2518182070190528,8,0.4577527075452463,0.36363636363636365,10573.0,intermittent,Moain,Moa,Maluku Barat Daya,100888.29447002617,0,Mikro Hidro Kelas A (PLTMH),Jerusu,Maluku Barat Daya,196002.3766271682,PLTS Terpusat,15.0,Eray,2012,498864.478910924,"GI 70 kV Sirimau 
",40.0,70 kV,Operasi,30681.995161270297,PLTD Moa,2.5,PLTD,HSD,True,4.67999983,0.19188,-8.17356524875011,128.08599117016004
81.08.02.2001,22,0.234811201568915,6,0.4261262557441137,0.2727272727272727,0.0,data_gap,Wulur,Damer,Maluku Barat Daya,137490.45675270795,0,Mikro Hidro Kelas A (PLTMH),Jerusu,Maluku Barat Daya,256894.50278199464,PLTS Terpusat,15.0,Eray,2012,394175.40441805404,"GI 70 kV Sirimau 
",40.0,70 kV,Operasi,130986.95755716857,PLTD Tepa,1.1,PLTD,HSD,False,,,-7.213331975064634,128.60755631605636
81.08.02.2002,22,0.229284710081916,4,0.4987890530677933,0.18181818181818182,0.0,data_gap,Batu Merah,Damer,Maluku Barat Daya,134101.0186579725,0,Mikro Hidro Kelas A (PLTMH),Jerusu,Maluku Barat Daya,252992.61091192457,PLTS Terpusat,15.0,Eray,2012,385010.9267113665,"GI 70 kV Sirimau 
",40.0,70 kV,Operasi,140589.8352196493,PLTD Moa,2.5,PLTD,HSD,True,4.57600021,0.18761601000000003,-7.13638893624183,128.5492038155348
81.08.02.2003,22,0.23789757681171542,4,0.5013729788828342,0.18181818181818182,21619.30980392157,intermittent,Kuaimelu,Damer,Maluku Barat Daya,139314.16873269939,0,Mikro Hidro Kelas A (PLTMH),Jerusu,Maluku Barat Daya,257996.42802576142,PLTS Terpusat,15.0,Eray,2012,381028.95503582514,"GI 70 kV Sirimau 
",40.0,70 kV,Operasi,140615.07567662722,PLTD Tepa,1.1,PLTD,HSD,True,4.47849989,0.18361899,-7.096890211804019,128.58442813221842
81.08.02.2004,22,0.2441484373663207,4,0.4943674894478707,0.18181818181818182,8600.109803921569,intermittent,Kumur,Damer,Maluku Barat Daya,140172.38938555773,0,Mikro Hidro Kelas A (PLTMH),Jerusu,Maluku Barat Daya,259023.86171065524,PLTS Terpusat,15.0,Eray,2012,383087.3096443416,"GI 70 kV Sirimau 
",40.0,70 kV,Operasi,138148.16150650947,PLTD Tepa,1.1,PLTD,HSD,True,4.45900011,0.18281899000000001,-7.1138978108429525,128.59945993987068
81.08.02.2005,22,0.2311142141097711,5,0.4504621052131521,0.22727272727272727,31373.09803921569,intermittent,Bebar Timur,Damer,Maluku Barat Daya,141726.00745278853,0,Mikro Hidro Kelas A (PLTMH),Wanuwui,Maluku Barat Daya,263535.1886920892,PLTS Terpusat,15.0,Eray,2012,384535.72140532406,"GI 70 kV Sirimau 
",40.0,70 kV,Operasi,133683.2316494659,PLTD Tepa,1.1,PLTD,HSD,True,4.465499879999999,0.18308599,-7.121808224161563,128.64451781500398
81.08.02.2006,22,0.2516898218355387,8,0.45965980432111075,0.36363636363636365,1251.105882352941,data_gap,Ilih,Damer,Maluku Barat Daya,136700.20965830266,0,Mikro Hidro Kelas A (PLTMH),Wanuwui,Maluku Barat Daya,263357.27103066747,PLTS Terpusat,15.0,Wunlah,2012,390602.24556703476,"GI 70 kV Sirimau 
",40.0,70 kV,Operasi,128500.73117567052,PLTD Tepa,1.1,PLTD,HSD,True,4.64099979,0.190281,-7.174518483145408,128.66288006676223
81.08.02.2007,22,0.2549299391687313,7,0.46993186009759985,0.3181818181818182,67738.03921568628,intermittent,Kehli,Damer,Maluku Barat Daya,139322.81709338355,0,Mikro Hidro Kelas A (PLTMH),Wanuwui,Maluku Barat Daya,263012.1753528357,PLTS Terpusat,15.0,Eray,2012,388072.45553243364,"GI 70 kV Sirimau 
",40.0,70 kV,Operasi,131167.47141171093,PLTD Tepa,1.1,PLTD,HSD,True,4.5500001899999996,0.18655001,-7.15334278720933,128.6487112098134
81.08.03.2001,22,0.26769363021490855,10,0.39750366713243934,0.45454545454545453,21088.12549019608,intermittent,Luang Barat,Mdona Hyera,Maluku Barat Daya,124601.35026631701,0,Mikro Hidro Kelas A (PLTMH),Wanuwui,Maluku Barat Daya,241179.53671116914,PLTS Terpusat,15.0,Werain,2012,505054.61490683985,"GI 70 kV Sirimau 
",40.0,70 kV,Operasi,88760.89280394434,PLTD Moa,2.5,PLTD,HSD,False,,,-8.214708451181899,128.61227267103533
81.08.03.2002,22,0.24010553848827507,8,0.4754360281867466,0.36363636363636365,27933.627450980395,intermittent,Luang Timur,Mdona Hyera,Maluku Barat Daya,107884.9205057952,0,Mikro Hidro Kelas A (PLTMH),Wanuwui,Maluku Barat Daya,225157.7127889546,PLTS Terpusat,15.0,Werain,2012,502702.9929594333,"GI 70 kV Sirimau 
",40.0,70 kV,Operasi,98354.22429249402,PLTD Tepa,1.1,PLTD,HSD,False,,,-8.17840063141549,128.7601290074499
81.08.03.2003,22,0.26001743222938883,6,0.43661072653640115,0.2727272727272727,14887.643137254901,intermittent,Elo,Mdona Hyera,Maluku Barat Daya,99103.52385257703,0,Mikro Hidro Kelas A (PLTMH),Wanuwui,Maluku Barat Daya,214950.32138857146,PLTS Terpusat,15.0,Werain,2012,506012.8480713607,"GI 70 kV Sirimau 
",40.0,70 kV,Operasi,89776.75660341173,PLTD Tepa,1.1,PLTD,HSD,True,4.79050016,0.19641100000000003,-8.196644559558361,128.85188949465203
81.08.03.2004,22,0.25650823937776757,4,0.3667329049969346,0.18181818181818182,8160.070588235294,intermittent,Rumkisar,Mdona Hyera,Maluku Barat Daya,97541.21848026765,0,Mikro Hidro Kelas A (PLTMH),Wanuwui,Maluku Barat Daya,212078.74817222412,PLTS Terpusat,15.0,Werain,2012,508877.61984847445,"GI 70 kV Sirimau 
",40.0,70 kV,Operasi,88361.87405758297,PLTD Tepa,1.1,PLTD,HSD,True,4.79050016,0.19641100000000003,-8.219169853000084,128.87677919211706
81.08.03.2005,22,0.2806485906501551,8,0.32137566732838035,0.36363636363636365,16301.058823529413,intermittent,Lelang,Mdona Hyera,Maluku Barat Daya,93051.8056133425,0,Mikro Hidro Kelas A (PLTMH),Wanuwui,Maluku Barat Daya,206816.71988538798,PLTS Terpusat,15.0,Werain,2012,510310.08280858485,"GI 70 kV Sirimau 
",40.0,70 kV,Operasi,84011.55571175995,PLTD Tepa,1.1,PLTD,HSD,True,4.77750015,0.195878,-8.225156767438394,128.9243582415628
81.08.03.2006,22,0.29422759815093763,12,0.32674016335354056,0.5454545454545454,9889.168627450981,intermittent,Mahaleta,Mdona Hyera,Maluku Barat Daya,91749.73905318341,0,Mikro Hidro Kelas A (PLTMH),Wanuwui,Maluku Barat Daya,206878.53804904447,PLTS Terpusat,15.0,Werain,2012,507432.6208793515,"GI 70 kV Sirimau 
",40.0,70 kV,Operasi,82580.16578733276,PLTD Tepa,1.1,PLTD,HSD,True,4.79050016,0.19641100000000003,-8.198835514243347,128.92523048414338
81.08.03.2007,22,0.26050388463340746,7,0.37801514095965527,0.3181818181818182,0.0,data_gap,Romdara,Mdona Hyera,Maluku Barat Daya,95431.11063057296,0,Mikro Hidro Kelas A (PLTMH),Wanuwui,Maluku Barat Daya,210938.54527073386,PLTS Terpusat,15.0,Werain,2012,506696.391200463,"GI 70 kV Sirimau 
",40.0,70 kV,Operasi,86177.32230142548,PLTD Tepa,1.1,PLTD,HSD,True,4.8035001799999995,0.196944,-8.197675162559692,128.88834411945567
81.08.03.2008,22,0.28260465223446585,11,0.43508523873110355,0.5,3854.0039215686274,intermittent,Rotnama,Mdona Hyera,Maluku Barat Daya,87716.32434034428,0,Mikro Hidro Kelas A (PLTMH),Wanuwui,Maluku Barat Daya,202424.4544828776,PLTS Terpusat,15.0,Werain,2012,508208.36776475015,"GI 70 kV Sirimau 
",40.0,70 kV,Operasi,78649.31327734087,PLTD Tepa,1.1,PLTD,HSD,True,4.77750015,0.195878,-8.199478581985064,128.96573717903053
81.08.03.2009,22,0.2701052133991677,6,0.3987655060020312,0.2727272727272727,7717.0,intermittent,Batugajah,Mdona Hyera,Maluku Barat Daya,88408.77794057643,0,Mikro Hidro Kelas A (PLTMH),Wanuwui,Maluku Barat Daya,201618.8077333835,PLTS Terpusat,15.0,Werain,2012,511195.1322424997,"GI 70 kV Sirimau 
",40.0,70 kV,Operasi,79501.65879240244,PLTD Tepa,1.1,PLTD,HSD,True,4.76450014,0.195345,-8.225742763338392,128.97161477362206
81.08.03.2010,22,0.28605261074958754,11,0.4298869372653481,0.5,10201.0,intermittent,Pupliora,Mdona Hyera,Maluku Barat Daya,84888.82835558658,0,Mikro Hidro Kelas A (PLTMH),Wanuwui,Maluku Barat Daya,198101.01992297068,PLTS Terpusat,15.0,Werain,2012,511028.31006236083,"GI 70 kV Sirimau 
",40.0,70 kV,Operasi,76042.99049026897,PLTD Tepa,1.1,PLTD,HSD,True,4.76450014,0.195345,-8.21881924650932,129.00396882406952
81.08.03.2011,22,0.2728633135133558,6,0.43197081492877987,0.2727272727272727,11528.0,intermittent,Regoha,Mdona Hyera,Maluku Barat Daya,85751.2459142877,0,Mikro Hidro Kelas A (PLTMH),Wanuwui,Maluku Barat Daya,197518.78088288187,PLTS Terpusat,15.0,Werain,2012,513741.9228322199,"GI 70 kV Sirimau 
",40.0,70 kV,Operasi,77063.59751935027,PLTD Tepa,1.1,PLTD,HSD,True,4.76450014,0.195345,-8.242868672813518,129.00815750800774
81.08.04.2001,22,0.2833975951295944,10,0.3700590648172548,0.45454545454545453,77914.4862745098,intermittent,Tepa,Babar Barat,Maluku Barat Daya,7512.023196100269,0,Mikro Hidro Kelas A (PLTMH),Wanuwui,Maluku Barat Daya,139000.46779212728,PLTS Terpusat,15.0,Werain,2012,489781.52969521243,GI 150 kV Sirimau,0.0,150 kV,Operasi,2607.2755186241234,PLTD Tepa,1.1,PLTD,HSD,True,4.45249987,0.18255299,-7.868893858962797,129.61975414434895
81.08.04.2002,22,0.24375752513480226,6,0.41574036812559056,0.2727272727272727,17697.803921568626,intermittent,Imroing,Babar Barat,Maluku Barat Daya,6445.564837618949,0,Mikro Hidro Kelas A (PLTMH),Imroing,Maluku Barat Daya,133329.6961594556,PLTS Terpusat,15.0,Werain,2012,496109.23437861085,GI 150 kV Sirimau,0.0,150 kV,Operasi,8686.871382448302,PLTD Tepa,1.1,PLTD,HSD,True,4.43300009,0.18175299,-7.916478086346277,129.6571242625136
81.08.04.2003,22,0.2436173806746274,10,0.38094009801011813,0.45454545454545453,34242.75294117647,intermittent,Tela,Babar Barat,Maluku Barat Daya,9292.273878380744,0,Mikro Hidro Kelas A (PLTMH),Tutuwawang,Maluku Barat Daya,127632.53909879753,PLTS Terpusat,15.0,Werain,2012,504942.693610789,GI 150 kV Sirimau,0.0,150 kV,Operasi,17009.48162564512,PLTD Tepa,1.1,PLTD,HSD,True,4.472000120000001,0.18335199000000002,-7.99006947088401,129.68776294203113
81.08.04.2004,22,0.22439956908895417,4,0.3799637632416533,0.18181818181818182,28708.0,intermittent,Yaltubung,Babar Barat,Maluku Barat Daya,6128.744209982,0,Mikro Hidro Kelas A (PLTMH),Wanuwui,Maluku Barat Daya,130714.33811504864,PLTS Terpusat,15.0,Werain,2012,488228.18247323943,GI 150 kV Sirimau,0.0,150 kV,Operasi,14899.451567679931,PLTD Tepa,1.1,PLTD,HSD,True,4.33549976,0.177755,-7.818682997869196,129.72236630737498
81.08.04.2005,22,0.22880508051403872,5,0.4077580295868112,0.22727272727272727,14119.258823529412,intermittent,Wanuwui,Babar Barat,Maluku Barat Daya,3460.753399777946,0,Mikro Hidro Kelas A (PLTMH),Wanuwui,Maluku Barat Daya,133411.0541113456,PLTS Terpusat,15.0,Werain,2012,488693.5565756707,GI 150 kV Sirimau,0.0,150 kV,Operasi,10723.265153361097,PLTD Tepa,1.1,PLTD,HSD,True,4.33549976,0.177755,-7.835272807869208,129.68813293329458
81.08.04.2006,22,0.2408209362868201,7,0.3936676521032017,0.3181818181818182,24516.10980392157,intermittent,Letsiara,Babar Barat,Maluku Barat Daya,6951.901897403847,0,Mikro Hidro Kelas A (PLTMH),Wanuwui,Maluku Barat Daya,138980.93310112366,PLTS Terpusat,15.0,Werain,2012,486651.84461450553,GI 150 kV Sirimau,0.0,150 kV,Operasi,5468.5702641296275,PLTD Tepa,1.1,PLTD,HSD,True,4.40700006,0.18068700000000001,-7.834574748591757,129.63358122430353
81.08.04.2015,22,0.23501376127674029,5,0.4770165870651184,0.22727272727272727,3236.0,intermittent,Lewah,Babar Barat,Maluku Barat Daya,34225.05803226044,0,Mikro Hidro Kelas A (PLTMH),Wanuwui,Maluku Barat Daya,146086.7642018523,PLTS Terpusat,15.0,Werain,2012,460819.7360780013,GI 150 kV Sirimau,0.0,150 kV,Operasi,36474.690786889434,PLTD Tepa,1.1,PLTD,HSD,True,4.816500189999999,0.197477,-7.559506630979906,129.7117034414038
81.08.04.2016,22,0.22740998796677353,4,0.5576807991469441,0.18181818181818182,5467.7490196078425,intermittent,Hertuti,Babar Barat,Maluku Barat Daya,34035.41617742721,0,Mikro Hidro Kelas A (PLTMH),Wanuwui,Maluku Barat Daya,148052.4730036203,PLTS Terpusat,15.0,Werain,2012,460030.9882881073,GI 150 kV Sirimau,0.0,150 kV,Operasi,35608.882353819245,PLTD Tepa,1.1,PLTD,HSD,True,4.82299995,0.197743,-7.5603115405992005,129.68950308132335
81.08.04.2017,22,0.22250892068618044,4,0.5225372608384099,0.18181818181818182,4468.686274509804,intermittent,Sinairusi,Babar Barat,Maluku Barat Daya,35874.29974190032,0,Mikro Hidro Kelas A (PLTMH),Wanuwui,Maluku Barat Daya,150621.6178325394,PLTS Terpusat,15.0,Werain,2012,457683.4626864206,GI 150 kV Sirimau,0.0,150 kV,Operasi,36860.592508226735,PLTD Tepa,1.1,PLTD,HSD,True,4.82299995,0.197743,-7.544135094566131,129.67242215776025
81.08.05.2001,22,0.33636363652889045,13,0.41252520509385,0.5909090909090909,54445.85490196079,intermittent,Letwurung,Pulau-Pulau Babar Timur,Maluku Barat Daya,12839.073418286214,0,Mikro Hidro Kelas A (PLTMH),Tutuwawang,Maluku Barat Daya,115178.70065100765,PLTS Terpusat,15.0,Werain,2012,501962.68733638775,GI 150 kV Sirimau,0.0,150 kV,Operasi,2890.8301862626595,PLTD Letwurung,1.1,PLTD,HSD,True,4.36800003,0.17908800000000002,-7.908305999712875,129.8366551095636
81.08.05.2002,22,0.27615460218942683,9,0.4172793343202677,0.4090909090909091,28759.0,intermittent,Yatoke,Pulau-Pulau Babar Timur,Maluku Barat Daya,11546.818152007389,0,Mikro Hidro Kelas A (PLTMH),Imroing,Maluku Barat Daya,119679.45058293705,PLTS Terpusat,15.0,Werain,2012,495863.23461805045,GI 150 kV Sirimau,0.0,150 kV,Operasi,7082.436597142445,PLTD Letwurung,1.1,PLTD,HSD,True,4.17299986,0.17109300000000002,-7.8580199494064855,129.814366769618
81.08.05.2003,22,0.26950682481300414,7,0.38200144942868447,0.3181818181818182,36701.09803921569,intermittent,Kroing,Pulau-Pulau Babar Timur,Maluku Barat Daya,11144.327016001358,0,Mikro Hidro Kelas A (PLTMH),Imroing,Maluku Barat Daya,118449.92504357122,PLTS Terpusat,15.0,Werain,2012,498620.3761904719,GI 150 kV Sirimau,0.0,150 kV,Operasi,5513.408724722366,PLTD Letwurung,1.1,PLTD,HSD,True,4.146999839999999,0.170027,-7.884443376990139,129.81464788335566
81.08.05.2004,22,0.24008429658924374,6,0.38220484610284955,0.2727272727272727,9404.474509803922,intermittent,Nakarhamto,Pulau-Pulau Babar Timur,Maluku Barat Daya,8233.724840893532,0,Mikro Hidro Kelas A (PLTMH),Imroing,Maluku Barat Daya,124271.65943004022,PLTS Terpusat,15.0,Werain,2012,492881.5656580847,GI 150 kV Sirimau,0.0,150 kV,Operasi,11472.270757473007,PLTD Letwurung,1.1,PLTD,HSD,True,4.1015000299999995,0.168161,-7.844101266946966,129.77494282463846
81.08.05.2005,22,0.23932210018201522,8,0.377892973604709,0.36363636363636365,16005.18431372549,intermittent,Emplawas,Pulau-Pulau Babar Timur,Maluku Barat Daya,4604.762704856547,0,Mikro Hidro Kelas A (PLTMH),Tutuwawang,Maluku Barat Daya,122078.86713493429,PLTS Terpusat,15.0,Werain,2012,509537.96789373364,GI 150 kV Sirimau,0.0,150 kV,Operasi,19382.56168424172,PLTD Letwurung,1.1,PLTD,HSD,True,4.5500001899999996,0.18655001,-8.018683763842194,129.73201688318153
81.08.05.2006,22,0.2688261875307545,9,0.3928948815071358,0.4090909090909091,17615.11764705882,intermittent,Kokwari,Pulau-Pulau Babar Timur,Maluku Barat Daya,9299.814566587851,0,Mikro Hidro Kelas A (PLTMH),Imroing,Maluku Barat Daya,119428.54589851138,PLTS Terpusat,15.0,Werain,2012,500346.4992072687,GI 150 kV Sirimau,0.0,150 kV,Operasi,7416.838538334026,PLTD Letwurung,1.1,PLTD,HSD,True,4.07550001,0.16709501000000002,-7.908374273110005,129.79491285974822
81.08.05.2007,22,0.2583727780241971,7,0.4282457790775907,0.3181818181818182,15401.47450980392,intermittent,Ahanari,Pulau-Pulau Babar Timur,Maluku Barat Daya,6766.7802351258,0,Mikro Hidro Kelas A (PLTMH),Tutuwawang,Maluku Barat Daya,119230.96352489325,PLTS Terpusat,15.0,Werain,2012,503616.55460218067,GI 150 kV Sirimau,0.0,150 kV,Operasi,9909.568098763737,PLTD Letwurung,1.1,PLTD,HSD,True,4.20550013,0.172426,-7.9440592906284495,129.7830715719854
81.08.05.2008,22,0.2570870926044049,7,0.4125897601625131,0.3181818181818182,18762.403921568628,intermittent,Wakpapapi,Pulau-Pulau Babar Timur,Maluku Barat Daya,8950.250555009035,0,Mikro Hidro Kelas A (PLTMH),Tutuwawang,Maluku Barat Daya,119715.13568624854,PLTS Terpusat,15.0,Werain,2012,501682.2940845312,GI 150 kV Sirimau,0.0,150 kV,Operasi,8785.530527190507,PLTD Letwurung,1.1,PLTD,HSD,True,4.1015000299999995,0.168161,-7.924565934618682,129.7857061761214
81.08.05.2009,22,0.24535241960022358,8,0.3779369627734462,0.36363636363636365,8278.823529411766,intermittent,Analutur,Pulau-Pulau Babar Timur,Maluku Barat Daya,6632.634595364731,0,Mikro Hidro Kelas A (PLTMH),Tutuwawang,Maluku Barat Daya,121270.3370535318,PLTS Terpusat,15.0,Werain,2012,502923.0754117707,GI 150 kV Sirimau,0.0,150 kV,Operasi,11895.4339047676,PLTD Letwurung,1.1,PLTD,HSD,True,4.1079998,0.16842800000000002,-7.944586037494144,129.76320959301802
81.08.05.2010,22,0.23356601639496272,8,0.36696520287559,0.36363636363636365,10036.35294117647,intermittent,Manuweri,Pulau-Pulau Babar Timur,Maluku Barat Daya,5212.970832940884,0,Mikro Hidro Kelas A (PLTMH),Tutuwawang,Maluku Barat Daya,120825.47409004958,PLTS Terpusat,15.0,Werain,2012,504267.28817820223,GI 150 kV Sirimau,0.0,150 kV,Operasi,12577.96603836588,PLTD Letwurung,1.1,PLTD,HSD,True,4.15999985,0.17056000000000002,-7.957538928483291,129.76293156206276
81.08.05.2011,22,0.23978479368039957,6,0.3525800350371814,0.2727272727272727,7347.9607843137255,intermittent,Tutuwawang,Pulau-Pulau Babar Timur,Maluku Barat Daya,2660.841452371747,0,Mikro Hidro Kelas A (PLTMH),Tutuwawang,Maluku Barat Daya,120728.98477227676,PLTS Terpusat,15.0,Werain,2012,506971.23584226664,GI 150 kV Sirimau,0.0,150 kV,Operasi,15180.815160994753,PLTD Letwurung,1.1,PLTD,HSD,True,4.26399994,0.174824,-7.986425738958184,129.7543268480787
81.08.06.2001,22,0.25120464139548837,8,0.4537012748553281,0.36363636363636365,76639.61176470587,intermittent,Ilwaki,Wetar Selatan,Maluku Barat Daya,5872.295000910928,0,Mikro Hidro Kelas A (PLTMH),Ilputih,Maluku Barat Daya,9241.37910445384,PLTS Terpusat,15.0,Eray,2012,504729.27901710884,"GI 70 kV Sirimau 
",40.0,70 kV,Operasi,8591.815065315384,PLTS Ilwaki,0.1,PLTS,Surya,True,4.6085,0.18894801,-7.851076580408304,126.40090207577776
81.08.06.2002,22,0.2619950379127868,9,0.4829741034200025,0.4090909090909091,10599.345098039215,intermittent,Ilputih,Wetar Selatan,Maluku Barat Daya,4806.43849422221,0,Mikro Hidro Kelas A (PLTMH),Ilputih,Maluku Barat Daya,14038.041063982404,PLTS Terpusat,15.0,Eray,2012,496041.81932430796,"GI 70 kV Sirimau 
",40.0,70 kV,Operasi,15721.84456663379,PLTS Ilwaki,0.1,PLTS,Surya,True,4.30299997,0.176423,-7.798301270872349,126.47654127787271
81.08.06.2003,22,0.2714829805008664,7,0.5852955263837811,0.3181818181818182,0.0,data_gap,Mahuan,Wetar Selatan,Maluku Barat Daya,2444.5302430239326,0,Mikro Hidro Kelas A (PLTMH),Mahuan / Tomliapat,Maluku Barat Daya,23906.16064212577,PLTS Terpusat,15.0,Eray,2012,489341.98428427894,"GI 70 kV Sirimau 
",40.0,70 kV,Operasi,23974.71599975944,PLTS Ilwaki,0.1,PLTS,Surya,True,4.54349995,0.18628301,-7.769963201640493,126.56625668801331
81.08.06.2004,22,0.26147514261005456,8,0.5303485099444452,0.36363636363636365,22654.392156862745,intermittent,Masapun,Wetar Selatan,Maluku Barat Daya,3032.0044989746903,0,Mikro Hidro Kelas A (PLTMH),Masapun / Ilpokil,Maluku Barat Daya,32269.482176820762,PLTS Terpusat,15.0,Eray,2012,483789.3098790766,"GI 70 kV Sirimau 
",40.0,70 kV,Operasi,31792.272919019026,PLTD Ilwaki,1.0,PLTD,HSD,True,4.517499920000001,0.18521699,-7.745253179656113,126.6399199378198
81.08.06.2021,22,0.22727963295283155,7,0.5702991611335205,0.3181818181818182,52543.1137254902,intermittent,Arnau,Wetar Selatan,Maluku Barat Daya,6721.181488382647,0,Mikro Hidro Kelas A (PLTMH),Amau,Maluku Barat Daya,28371.568361295285,PLTS Terpusat,15.0,Eray,2012,517035.51408792514,"GI 70 kV Sirimau 
",40.0,70 kV,Operasi,36894.3199709461,PLTS Ilwaki,0.1,PLTS,Surya,True,4.66699982,0.191347,-7.830259231432053,126.09632599561644
81.08.06.2023,22,0.25665366434665654,8,0.4906663027251735,0.36363636363636365,20503.0,intermittent,Hiay,Wetar Selatan,Maluku Barat Daya,7969.472804365735,0,Mikro Hidro Kelas A (PLTMH),Amau,Maluku Barat Daya,10636.934926391606,PLTS Terpusat,15.0,Eray,2012,510623.8870193257,"GI 70 kV Sirimau 
",40.0,70 kV,Operasi,16013.600394130233,PLTS Ilwaki,0.1,PLTS,Surya,True,4.79050016,0.19641100000000003,-7.859045449912272,126.28848018197027
81.08.07.2001,22,0.49057877914454323,16,0.5039072222522385,0.7272727272727273,64875.77254901961,intermittent,Wonreli,Kisar Selatan,Maluku Barat Daya,61351.96114798362,0,Mikro Hidro Kelas A (PLTMH),Jerusu,Maluku Barat Daya,95677.81709297861,PLTS Terpusat,15.0,Eray,2012,499602.5270431158,"GI 70 kV Sirimau 
",40.0,70 kV,Operasi,1978.290494984719,PLTD Wonreli,2.1,PLTD,HSD,True,4.927000049999999,0.20200700000000002,-8.059429871605898,127.17323828178347
81.08.07.2002,22,0.30070161199384504,13,0.49669187755565625,0.5909090909090909,677.5411764705882,data_gap,Lekloor,Kisar Selatan,Maluku Barat Daya,63068.23124951634,0,Mikro Hidro Kelas A (PLTMH),Jerusu,Maluku Barat Daya,96202.34724063156,PLTS Terpusat,15.0,Eray,2012,501424.59327929496,"GI 70 kV Sirimau 
",40.0,70 kV,Operasi,1239.122516640401,PLTD Wonreli,2.1,PLTD,HSD,True,4.94649982,0.20280600000000001,-8.076095581478663,127.17246270094935
81.08.07.2003,22,1.0610895684811226,18,0.5639129355326492,0.8181818181818182,33568.647058823524,lit_stable,Kota Lama,Kisar Selatan,Maluku Barat Daya,62499.2552897508,0,Mikro Hidro Kelas A (PLTMH),Jerusu,Maluku Barat Daya,94826.06524012667,PLTS Terpusat,15.0,Eray,2012,500573.6198591418,"GI 70 kV Sirimau 
",40.0,70 kV,Operasi,799.3227319608059,PLTD Wonreli,2.1,PLTD,HSD,True,4.94000006,0.20254000000000003,-8.065928912450804,127.16282288422076
81.08.07.2004,22,0.5968847865022271,17,0.5412190852801245,0.7727272727272727,22217.035294117646,lit_stable,Abusur,Kisar Selatan,Maluku Barat Daya,63421.77571197794,0,Mikro Hidro Kelas A (PLTMH),Jerusu,Maluku Barat Daya,96882.61581830752,PLTS Terpusat,15.0,Eray,2012,501906.0494617416,"GI 70 kV Sirimau 
",40.0,70 kV,Operasi,1944.8618482573402,PLTD Wonreli,2.1,PLTD,HSD,True,4.94000006,0.20254000000000003,-8.081624092249191,127.17702564042642
81.08.07.2005,22,0.3560025124913505,16,0.5238632487611027,0.7272727272727273,6463.764705882353,intermittent,Oirata Timur,Kisar Selatan,Maluku Barat Daya,62576.576355649435,0,Mikro Hidro Kelas A (PLTMH),Jerusu,Maluku Barat Daya,100476.77708525851,PLTS Terpusat,15.0,Eray,2012,501640.47390357486,"GI 70 kV Sirimau 
",40.0,70 kV,Operasi,5521.192387538715,PLTD Wonreli,2.1,PLTD,HSD,True,4.93349981,0.202273,-8.086769577651049,127.20983456411652
81.08.07.2006,22,0.31141025788618093,13,0.569515196174777,0.5909090909090909,0.0,data_gap,Oirata Barat,Kisar Selatan,Maluku Barat Daya,64468.62609662034,0,Mikro Hidro Kelas A (PLTMH),Jerusu,Maluku Barat Daya,99576.26874344537,PLTS Terpusat,15.0,Eray,2012,503391.9065354336,"GI 70 kV Sirimau 
",40.0,70 kV,Operasi,4845.355749387625,PLTD Wonreli,2.1,PLTD,HSD,True,4.94000006,0.20254000000000003,-8.099844640427179,127.19633063471638
81.08.08.2001,22,0.30758296214220693,13,0.614951981179204,0.5909090909090909,27351.709803921567,intermittent,Laitutun,Pulau Leti,Maluku Barat Daya,79063.42261259646,0,Mikro Hidro Kelas A (PLTMH),Jerusu,Maluku Barat Daya,159932.22277146153,PLTS Terpusat,15.0,Eray,2012,503324.76198721153,"GI 70 kV Sirimau 
",40.0,70 kV,Operasi,7602.593943952923,PLTD Moa,2.5,PLTD,HSD,True,4.816500189999999,0.197477,-8.190592333657143,127.74331432362985
81.08.08.2002,22,0.3605346133364823,14,0.6581255962264266,0.6363636363636364,48327.18823529412,intermittent,Batumiau,Pulau Leti,Maluku Barat Daya,75951.71319754065,0,Mikro Hidro Kelas A (PLTMH),Jerusu,Maluku Barat Daya,156054.71787368125,PLTS Terpusat,15.0,Eray,2012,502024.10228150105,"GI 70 kV Sirimau 
",40.0,70 kV,Operasi,4085.354010306116,PLTD Serwaru,1.2,PLTD,HSD,True,4.8035001799999995,0.196944,-8.175315258567144,127.71110761548209
81.08.08.2003,22,0.3410497507237973,15,0.5855501535864713,0.6818181818181818,40742.98823529412,intermittent,Tutukey,Pulau Leti,Maluku Barat Daya,74834.03643186114,0,Mikro Hidro Kelas A (PLTMH),Jerusu,Maluku Barat Daya,153657.03366969473,PLTS Terpusat,15.0,Eray,2012,502230.3459623193,"GI 70 kV Sirimau 
",40.0,70 kV,Operasi,2068.5337109759744,PLTD Serwaru,1.2,PLTD,HSD,True,4.79050016,0.19641100000000003,-8.174594489970575,127.68863823160726
81.08.08.2004,22,0.34957807233517657,15,0.502151401782281,0.6818181818181818,99982.8431372549,intermittent,Tomra,Pulau Leti,Maluku Barat Daya,75889.17937169474,0,Mikro Hidro Kelas A (PLTMH),Jerusu,Maluku Barat Daya,152166.2592463629,PLTS Terpusat,15.0,Eray,2012,504553.91175992007,"GI 70 kV Sirimau 
",40.0,70 kV,Operasi,3871.601668374277,PLTD Serwaru,1.2,PLTD,HSD,True,4.8035001799999995,0.196944,-8.193271043468902,127.66880767565404
81.08.08.2005,22,0.25439123510329215,10,0.5534192952607675,0.45454545454545453,39380.47843137255,intermittent,Nuwewang,Pulau Leti,Maluku Barat Daya,76192.1459196121,0,Mikro Hidro Kelas A (PLTMH),Jerusu,Maluku Barat Daya,149150.36837429483,PLTS Terpusat,15.0,Eray,2012,506716.00524598884,"GI 70 kV Sirimau 
",40.0,70 kV,Operasi,7191.537896365668,PLTD Serwaru,1.2,PLTD,HSD,True,4.86199999,0.199342,-8.208648923763162,127.6350463164272
81.08.08.2006,22,0.27123059001201705,8,0.4161171130907239,0.36363636363636365,13777.0,intermittent,Tutuwaru,Pulau Leti,Maluku Barat Daya,78706.87441201974,0,Mikro Hidro Kelas A (PLTMH),Jerusu,Maluku Barat Daya,152450.28534439017,PLTS Terpusat,15.0,Eray,2012,507949.90424690064,"GI 70 kV Sirimau 
",40.0,70 kV,Operasi,7286.507709386149,PLTD Serwaru,1.2,PLTD,HSD,True,4.84250021,0.198543,-8.223183424913168,127.66175854018157
81.08.08.2007,22,0.2648911349641808,10,0.5087635569307617,0.45454545454545453,40894.0,intermittent,Luhuely,Pulau Leti,Maluku Barat Daya,78694.34049894236,0,Mikro Hidro Kelas A (PLTMH),Jerusu,Maluku Barat Daya,157025.25648535567,PLTS Terpusat,15.0,Eray,2012,504966.25084591535,"GI 70 kV Sirimau 
",40.0,70 kV,Operasi,6077.132662634828,PLTD Serwaru,1.2,PLTD,HSD,True,4.80999994,0.19721000000000002,-8.20207439108557,127.71226778031802
81.08.09.2001,22,0.28737401952756475,10,0.3672325870470333,0.45454545454545453,10083.905882352941,intermittent,Latalola Besar,Pulau Masela,Maluku Barat Daya,18108.9683059231,0,Mikro Hidro Kelas A (PLTMH),Tutuwawang,Maluku Barat Daya,104187.74534863688,PLTS Terpusat,15.0,Werain,2012,526639.6475813193,GI 150 kV Sirimau,0.0,150 kV,Operasi,25740.8302075255,PLTD Letwurung,1.1,PLTD,HSD,True,4.712500100000001,0.19321300000000002,-8.132253361549452,129.87203984541645
81.08.09.2002,22,0.2622455082732552,6,0.31882729181843006,0.2727272727272727,7785.858823529412,intermittent,Serili,Pulau Masela,Maluku Barat Daya,19626.770527997534,0,Mikro Hidro Kelas A (PLTMH),Tutuwawang,Maluku Barat Daya,100549.99800979634,PLTS Terpusat,15.0,Werain,2012,526296.5052338154,GI 150 kV Sirimau,0.0,150 kV,Operasi,24373.562174752344,PLTD Letwurung,1.1,PLTD,HSD,True,4.731999869999999,0.19401200000000002,-8.115070349057973,129.90934426148354
81.08.09.2003,22,0.292332433764554,11,0.3119760938588073,0.5,7539.321568627451,intermittent,Latalola Kecil,Pulau Masela,Maluku Barat Daya,19625.807065186294,0,Mikro Hidro Kelas A (PLTMH),Tutuwawang,Maluku Barat Daya,102371.08972726723,PLTS Terpusat,15.0,Werain,2012,527741.771811927,GI 150 kV Sirimau,0.0,150 kV,Operasi,26397.357534379924,PLTD Letwurung,1.1,PLTD,HSD,True,4.731999869999999,0.19401200000000002,-8.136967865041054,129.88793214500933
81.08.09.2004,22,0.2719026511139443,9,0.33950632538329134,0.4090909090909091,2376.3411764705884,intermittent,Telalora,Pulau Masela,Maluku Barat Daya,22996.754316120125,0,Mikro Hidro Kelas A (PLTMH),Tutuwawang,Maluku Barat Daya,106003.7906100046,PLTS Terpusat,15.0,Werain,2012,532394.7849742768,GI 150 kV Sirimau,0.0,150 kV,Operasi,32973.468850460325,PLTD Letwurung,1.1,PLTD,HSD,True,4.712500100000001,0.19321300000000002,-8.19706126308649,129.84521359784492
81.08.09.2005,22,0.3155260585841879,13,0.25176989779686515,0.5909090909090909,9518.450980392157,intermittent,Marsela,Pulau Masela,Maluku Barat Daya,19719.712056798737,0,Mikro Hidro Kelas A (PLTMH),Tutuwawang,Maluku Barat Daya,104423.36242586435,PLTS Terpusat,15.0,Werain,2012,528689.413510018,GI 150 kV Sirimau,0.0,150 kV,Operasi,28155.01597283871,PLTD Letwurung,1.1,PLTD,HSD,True,4.718999859999999,0.193479,-8.15415330412027,129.8658939399399
81.08.09.2006,22,0.25518985167988983,7,0.26692609417629737,0.3181818181818182,2480.9607843137255,intermittent,Babiotang,Pulau Masela,Maluku Barat Daya,21760.951259828897,0,Mikro Hidro Kelas A (PLTMH),Tutuwawang,Maluku Barat Daya,105976.89899025325,PLTS Terpusat,15.0,Werain,2012,531136.2798377099,GI 150 kV Sirimau,0.0,150 kV,Operasi,31553.4165930748,PLTD Letwurung,1.1,PLTD,HSD,True,4.712500100000001,0.19321300000000002,-8.184370273921232,129.84706301789348
81.08.09.2007,22,0.2547763314911654,8,0.3453422633358395,0.36363636363636365,4978.333333333333,intermittent,Iblatmuntah,Pulau Masela,Maluku Barat Daya,23002.68353809832,0,Mikro Hidro Kelas A (PLTMH),Tutuwawang,Maluku Barat Daya,108005.20517786806,PLTS Terpusat,15.0,Werain,2012,532338.9671242934,GI 150 kV Sirimau,0.0,150 kV,Operasi,33839.67385807945,PLTD Letwurung,1.1,PLTD,HSD,True,4.7059998499999995,0.192946,-8.203255553540536,129.82619847932776
81.08.09.2008,22,0.28359586225481254,10,0.2550028868114184,0.45454545454545453,2784.9411764705883,intermittent,Ilbutung,Pulau Masela,Maluku Barat Daya,20430.963904274053,0,Mikro Hidro Kelas A (PLTMH),Tutuwawang,Maluku Barat Daya,104939.57973383354,PLTS Terpusat,15.0,Werain,2012,529607.8707842955,GI 150 kV Sirimau,0.0,150 kV,Operasi,29395.921649002492,PLTD Letwurung,1.1,PLTD,HSD,True,4.712500100000001,0.19321300000000002,-8.1653332110319,129.85933109601487
81.08.09.2009,22,0.2641028155644072,5,0.24753066275028782,0.22727272727272727,4246.882352941177,intermittent,Lawawang,Pulau Masela,Maluku Barat Daya,20899.603619314083,0,Mikro Hidro Kelas A (PLTMH),Tutuwawang,Maluku Barat Daya,107289.23120503094,PLTS Terpusat,15.0,Werain,2012,530301.3938982576,GI 150 kV Sirimau,0.0,150 kV,Operasi,31214.57337253444,PLTD Letwurung,1.1,PLTD,HSD,True,4.7059998499999995,0.192946,-8.180491476437648,129.83555604456424
81.08.09.2010,22,0.27162154443195796,7,0.3517901852919264,0.3181818181818182,5992.0,intermittent,Nura,Pulau Masela,Maluku Barat Daya,18885.298623751325,0,Mikro Hidro Kelas A (PLTMH),Tutuwawang,Maluku Barat Daya,106287.71526253803,PLTS Terpusat,15.0,Werain,2012,528146.2166368047,GI 150 kV Sirimau,0.0,150 kV,Operasi,28309.564399252708,PLTD Letwurung,1.1,PLTD,HSD,True,4.699500080000001,0.19268000000000002,-8.15523458373932,129.8485468500291
81.08.09.2011,22,0.2861686754238653,9,0.2811159059073566,0.4090909090909091,6680.0745098039215,intermittent,Bululora,Pulau Masela,Maluku Barat Daya,19529.17667408971,0,Mikro Hidro Kelas A (PLTMH),Tutuwawang,Maluku Barat Daya,103715.51894026453,PLTS Terpusat,15.0,Werain,2012,528236.1448846918,GI 150 kV Sirimau,0.0,150 kV,Operasi,27383.629278019936,PLTD Letwurung,1.1,PLTD,HSD,True,4.7255001100000005,0.193746,-8.146969334812425,129.8736647181372
81.08.10.2001,22,0.2544059889094447,6,0.41449785205445105,0.2727272727272727,16231.0,intermittent,Watuwei,Dawelor Dawera,Maluku Barat Daya,39507.52470062064,0,Mikro Hidro Kelas A (PLTMH),Imroing,Maluku Barat Daya,102652.59573856069,PLTS Terpusat,15.0,Werain,2012,495983.21036728035,GI 150 kV Sirimau,0.0,150 kV,Operasi,25790.562205144157,PLTD Letwurung,1.1,PLTD,HSD,True,4.77750015,0.195878,-7.762533696094371,130.04967861797596
81.08.10.2002,22,0.27001284673695164,7,0.5090309870239527,0.3181818181818182,12880.0,intermittent,Ilmarang,Dawelor Dawera,Maluku Barat Daya,36260.23029917229,0,Mikro Hidro Kelas A (PLTMH),Imroing,Maluku Barat Daya,108793.70783642028,PLTS Terpusat,15.0,Werain,2012,490782.33796000824,GI 150 kV Sirimau,0.0,150 kV,Operasi,24435.678305752983,PLTD Letwurung,1.1,PLTD,HSD,True,4.77750015,0.195878,-7.731751273700535,130.00334546506753
81.08.10.2003,22,0.24328723206910036,6,0.46598609092833443,0.2727272727272727,6211.0,intermittent,Letmasa,Dawelor Dawera,Maluku Barat Daya,37397.86078648589,0,Mikro Hidro Kelas A (PLTMH),Imroing,Maluku Barat Daya,107556.6707253508,PLTS Terpusat,15.0,Werain,2012,491525.5945356621,GI 150 kV Sirimau,0.0,150 kV,Operasi,25196.50578309392,PLTD Letwurung,1.1,PLTD,HSD,True,4.78399992,0.19614399999999999,-7.733541573584864,130.01594904793447
81.08.10.2004,22,0.23904572342860791,5,0.48794296719956476,0.22727272727272727,4638.870588235294,intermittent,Welora,Dawelor Dawera,Maluku Barat Daya,37161.65792825828,0,Mikro Hidro Kelas A (PLTMH),Imroing,Maluku Barat Daya,110320.260482785,PLTS Terpusat,15.0,Werain,2012,488640.7198213838,GI 150 kV Sirimau,0.0,150 kV,Operasi,26049.213929130536,PLTD Letwurung,1.1,PLTD,HSD,True,4.77750015,0.195878,-7.711671415170168,130.00112454909006
81.08.10.2005,22,0.2632706273735755,7,0.35452451003195695,0.3181818181818182,6198.0,intermittent,Wiratan,Dawelor Dawera,Maluku Barat Daya,42525.70629591847,0,Mikro Hidro Kelas A (PLTMH),Imroing,Maluku Barat Daya,99905.67251393278,PLTS Terpusat,15.0,Werain,2012,497519.7667724366,GI 150 kV Sirimau,0.0,150 kV,Operasi,28373.44269316129,PLTD Letwurung,1.1,PLTD,HSD,True,4.77750015,0.195878,-7.7643894837760845,130.07940009893437
81.08.10.2006,22,0.2523589519066388,5,0.361909193792203,0.22727272727272727,3222.0,intermittent,Nurnyaman,Dawelor Dawera,Maluku Barat Daya,41865.076709534784,0,Mikro Hidro Kelas A (PLTMH),Imroing,Maluku Barat Daya,99201.33915361419,PLTS Terpusat,15.0,Werain,2012,498766.7253510288,GI 150 kV Sirimau,0.0,150 kV,Operasi,27419.488478408028,PLTD Letwurung,1.1,PLTD,HSD,True,4.77750015,0.195878,-7.777622120007531,130.0773688764411
81.08.11.2001,22,0.25044457166290074,7,0.4700009924868468,0.3181818181818182,10215.121568627452,intermittent,Herley,Pulau Wetang,Maluku Barat Daya,15784.529554952567,0,Mikro Hidro Kelas A (PLTMH),Wanuwui,Maluku Barat Daya,146238.89058187508,PLTS Terpusat,15.0,Werain,2012,488563.14515106205,GI 150 kV Sirimau,0.0,150 kV,Operasi,5817.060655732415,PLTD Tepa,1.1,PLTD,HSD,True,4.64750004,0.190547,-7.881287954545325,129.54539277737143
81.08.11.2002,22,0.241062374486458,6,0.4665849655988556,0.2727272727272727,14548.0,intermittent,Upuhupun,Pulau Wetang,Maluku Barat Daya,15660.076771558139,0,Mikro Hidro Kelas A (PLTMH),Wanuwui,Maluku Barat Daya,144263.12561106397,PLTS Terpusat,15.0,Werain,2012,492186.018100142,GI 150 kV Sirimau,0.0,150 kV,Operasi,6928.701712337056,PLTD Tepa,1.1,PLTD,HSD,True,4.66699982,0.191347,-7.912859633603687,129.55368731911426
81.08.11.2003,22,0.24603977599367827,6,0.4739865915460803,0.2727272727272727,3706.7411764705885,intermittent,Pota Besar,Pulau Wetang,Maluku Barat Daya,17275.605914856016,0,Mikro Hidro Kelas A (PLTMH),Wanuwui,Maluku Barat Daya,144161.86057624526,PLTS Terpusat,15.0,Werain,2012,494398.5300028526,GI 150 kV Sirimau,0.0,150 kV,Operasi,9335.494300978024,PLTD Tepa,1.1,PLTD,HSD,True,4.712500100000001,0.19321300000000002,-7.935633994729054,129.54749194202856
81.08.11.2004,22,0.21857072310522202,4,0.5059069272996021,0.18181818181818182,9099.0,intermittent,Pota Kecil,Pulau Wetang,Maluku Barat Daya,18943.51281797485,0,Mikro Hidro Kelas A (PLTMH),Wanuwui,Maluku Barat Daya,145924.4246540813,PLTS Terpusat,15.0,Werain,2012,493857.81698045705,GI 150 kV Sirimau,0.0,150 kV,Operasi,10504.850811545082,PLTD Tepa,1.1,PLTD,HSD,True,4.73850012,0.194279,-7.935673043455652,129.5307738258288
81.08.11.2005,22,0.23065855049252482,4,0.4850195517802838,0.18181818181818182,8577.0,intermittent,Wasarili,Pulau Wetang,Maluku Barat Daya,18261.34906968954,0,Mikro Hidro Kelas A (PLTMH),Wanuwui,Maluku Barat Daya,146865.58332944053,PLTS Terpusat,15.0,Werain,2012,491373.7835496549,GI 150 kV Sirimau,0.0,150 kV,Operasi,9002.46852290339,PLTD Tepa,1.1,PLTD,HSD,True,4.712500100000001,0.19321300000000002,-7.912871562492572,129.5288867684429
81.08.11.2006,22,0.2579475827665339,8,0.48220749662131734,0.36363636363636365,9868.0,intermittent,Rumahlewang Kecil,Pulau Wetang,Maluku Barat Daya,17412.99025869762,0,Mikro Hidro Kelas A (PLTMH),Wanuwui,Maluku Barat Daya,148300.26666058443,PLTS Terpusat,15.0,Werain,2012,486760.44667603745,GI 150 kV Sirimau,0.0,150 kV,Operasi,7309.784654623819,PLTD Tepa,1.1,PLTD,HSD,True,4.66699982,0.191347,-7.8691308373873765,129.52984390573752
81.08.11.2007,22,0.2577729345827499,8,0.4633284888609636,0.36363636363636365,20403.0,intermittent,Rumahlewang Besar,Pulau Wetang,Maluku Barat Daya,17558.417722687078,0,Mikro Hidro Kelas A (PLTMH),Wanuwui,Maluku Barat Daya,147638.8267439035,PLTS Terpusat,15.0,Werain,2012,488691.99862218526,GI 150 kV Sirimau,0.0,150 kV,Operasi,7643.764746244788,PLTD Tepa,1.1,PLTD,HSD,True,4.686500069999999,0.192147,-7.887309280912155,129.529900353418
81.08.11.2008,22,0.2638688021472523,4,0.47215740894552855,0.18181818181818182,9684.0,intermittent,Nusiata,Pulau Wetang,Maluku Barat Daya,18347.306287379535,0,Mikro Hidro Kelas A (PLTMH),Wanuwui,Maluku Barat Daya,149721.14233524466,PLTS Terpusat,15.0,Werain,2012,484805.70607603283,GI 150 kV Sirimau,0.0,150 kV,Operasi,8324.488218346029,PLTD Tepa,1.1,PLTD,HSD,True,4.66050005,0.19108,-7.853178751295746,129.5218758333462
81.08.12.2001,22,0.24804494835919444,5,0.43435743233598567,0.22727272727272727,12436.282352941176,intermittent,Ketty,Pulau Lakor,Maluku Barat Daya,113952.15797029473,0,Mikro Hidro Kelas A (PLTMH),Jerusu,Maluku Barat Daya,206984.6564045814,PLTS Terpusat,15.0,Eray,2012,508190.86386161187,"GI 70 kV Sirimau 
",40.0,70 kV,Operasi,41015.57306468231,PLTD Moa,2.5,PLTD,HSD,True,4.757999900000001,0.195078,-8.259166346526326,128.16770148302695
81.08.12.2002,22,0.2531226829664681,5,0.40306279426002717,0.22727272727272727,57854.82745098039,intermittent,Letoda,Pulau Lakor,Maluku Barat Daya,108915.99704281433,0,Mikro Hidro Kelas A (PLTMH),Jerusu,Maluku Barat Daya,201559.58033158132,PLTS Terpusat,15.0,Eray,2012,506339.4431100731,"GI 70 kV Sirimau 
",40.0,70 kV,Operasi,35592.84712825417,PLTD Moa,2.5,PLTD,HSD,True,4.73850012,0.194279,-8.24173117291964,128.12134098626413
81.08.12.2003,22,0.24332163245747895,7,0.40315604083894124,0.3181818181818182,14791.0,intermittent,Sera,Pulau Lakor,Maluku Barat Daya,111996.9411476817,0,Mikro Hidro Kelas A (PLTMH),Jerusu,Maluku Barat Daya,207088.89237398995,PLTS Terpusat,15.0,Eray,2012,503962.7070145885,"GI 70 kV Sirimau 
",40.0,70 kV,Operasi,41295.04984944245,PLTD Moa,2.5,PLTD,HSD,True,4.686500069999999,0.192147,-8.221252488600294,128.17824271474407
81.08.12.2004,22,0.22973268958644488,7,0.4494679942505237,0.3181818181818182,16312.235294117647,intermittent,Yamluli,Pulau Lakor,Maluku Barat Daya,114796.23604157763,0,Mikro Hidro Kelas A (PLTMH),Jerusu,Maluku Barat Daya,210432.7186964179,PLTS Terpusat,15.0,Eray,2012,504335.9785189129,"GI 70 kV Sirimau 
",40.0,70 kV,Operasi,44659.556170181,PLTD Moa,2.5,PLTD,HSD,True,4.731999869999999,0.19401200000000002,-8.224801214726126,128.20862029411802
81.08.12.2005,22,0.2361291258697154,6,0.44625538455664443,0.2727272727272727,19208.0,intermittent,Lolotuara,Pulau Lakor,Maluku Barat Daya,117077.63031450797,0,Mikro Hidro Kelas A (PLTMH),Jerusu,Maluku Barat Daya,211066.65014677506,PLTS Terpusat,15.0,Eray,2012,508165.70311931235,"GI 70 kV Sirimau 
",40.0,70 kV,Operasi,45104.92735831621,PLTD Moa,2.5,PLTD,HSD,True,4.76450014,0.195345,-8.259234356953419,128.20599527833338
81.08.13.2001,22,0.22915257221868984,6,0.5418048111280682,0.2727272727272727,15220.729411764705,intermittent,Nabar,Wetar Utara,Maluku Barat Daya,4225.248687715978,0,Mikro Hidro Kelas A (PLTMH),Nabar,Maluku Barat Daya,43505.694356700216,PLTS Terpusat,15.0,Eray,2012,511418.146180012,"GI 70 kV Sirimau 
",40.0,70 kV,Operasi,43195.258658236504,PLTD Liran,0.3,PLTD,HSD,True,4.504499910000001,0.18468501,-7.702344460434992,125.9638993914763
81.08.13.2002,22,0.22625980293808473,6,0.41454446396206057,0.2727272727272727,23905.254901960783,intermittent,Elsulith,Wetar Utara,Maluku Barat Daya,326.9101276987154,0,Mikro Hidro Kelas A (PLTMH),Elsulith,Maluku Barat Daya,37338.85145384301,PLTS Terpusat,15.0,Eray,2012,509126.60420671175,"GI 70 kV Sirimau 
",40.0,70 kV,Operasi,46181.540943952416,PLTD Liran,0.3,PLTD,HSD,True,4.4460001,0.18228599,-7.7094483775622304,126.0196463523787
81.08.13.2003,22,0.23110576181917358,5,0.9481864168141433,0.22727272727272727,0.0,data_gap,Naumatang,Wetar Utara,Maluku Barat Daya,7786.460319855728,0,Mikro Hidro Kelas A (PLTMH),Amau,Maluku Barat Daya,29345.727356183947,PLTS Terpusat,15.0,Eray,2012,507368.9378785513,"GI 70 kV Sirimau 
",40.0,70 kV,Operasi,42233.34776237916,PLTS Ilwaki,0.1,PLTS,Surya,True,4.48500013,0.18388499000000003,-7.728787023499732,126.08960736944898
81.08.13.2004,22,0.28977138638629957,10,0.4605210642316235,0.45454545454545453,12256.141176470588,intermittent,Lurang,Wetar Utara,Maluku Barat Daya,4863.769386219794,0,Mikro Hidro Kelas A (PLTMH),Lurang,Maluku Barat Daya,15969.301940873744,PLTS Terpusat,15.0,Eray,2012,503273.02616269107,"GI 70 kV Sirimau 
",40.0,70 kV,Operasi,30232.50807449106,PLTS Ilwaki,0.1,PLTS,Surya,True,4.42649984,0.181486,-7.748311892247448,126.20971681776092
81.08.13.2005,22,0.5789013349762173,18,0.4827317774808351,0.8181818181818182,97132.05882352941,lit_stable,Uhak,Wetar Utara,Maluku Barat Daya,3257.8557380992465,0,Mikro Hidro Kelas A (PLTMH),Uhak,Maluku Barat Daya,18331.097718478548,PLTS Terpusat,15.0,Eray,2012,482640.92176770093,"GI 70 kV Sirimau 
",40.0,70 kV,Operasi,30203.599678120325,PLTS Ilwaki,0.1,PLTS,Surya,True,4.45249987,0.18255299,-7.657800825930047,126.45544465804699
81.08.13.2006,22,0.2419410702937383,4,0.40996896388211507,0.18181818181818182,13235.462745098039,intermittent,Eray,Wetar Utara,Maluku Barat Daya,6636.320233637496,0,Mikro Hidro Kelas A (PLTMH),Amau,Maluku Barat Daya,46295.36411580059,PLTS Terpusat,15.0,Eray,2012,517813.7541245073,"GI 70 kV Sirimau 
",40.0,70 kV,Operasi,36779.67806073434,PLTD Liran,0.3,PLTD,HSD,True,4.28999996,0.17589000000000002,-7.7500537413509045,125.93110655405246
81.08.14.2001,22,0.24481845385478984,7,0.9425402455990071,0.3181818181818182,11355.533333333333,intermittent,Telemar,Wetar Barat,Maluku Barat Daya,1791.3962090052812,0,Mikro Hidro Kelas A (PLTMH),Telemar,Maluku Barat Daya,46313.28046996377,PLTS Terpusat,15.0,Eray,2012,529060.988777915,"GI 70 kV Sirimau 
",40.0,70 kV,Operasi,27096.665079768,PLTD Liran,0.3,PLTD,HSD,True,4.76450014,0.195345,-7.8696075254861535,125.9381198571978
81.08.14.2002,22,0.24990853690193165,6,0.5062545478322454,0.2727272727272727,15656.070588235294,intermittent,Karbubu,Wetar Barat,Maluku Barat Daya,8037.188563576088,0,Mikro Hidro Kelas A (PLTMH),Klishatu,Maluku Barat Daya,55446.3097357028,PLTS Terpusat,15.0,Eray,2012,538922.6499319524,"GI 70 kV Sirimau 
",40.0,70 kV,Operasi,16725.4132598678,PLTD Liran,0.3,PLTD,HSD,True,4.94649982,0.20280600000000001,-7.93323773833486,125.86914885472788
81.08.14.2003,22,0.24398335473778876,6,1.5040049991130626,0.2727272727272727,36616.48627450981,intermittent,Ustutun,Wetar Barat,Maluku Barat Daya,20392.06041305349,0,Mikro Hidro Kelas A (PLTMH),Klishatu,Maluku Barat Daya,71323.33746665863,PLTS Terpusat,15.0,Eray,2012,553061.031492871,"GI 70 kV Sirimau 
",40.0,70 kV,Operasi,2550.076615455836,PLTD Liran,0.3,PLTD,HSD,True,5.04400015,0.20680401,-8.008625407034016,125.74281269353847
81.08.14.2004,22,0.24539474717843718,4,0.9496340204823008,0.18181818181818182,19303.811764705883,intermittent,Klishatu,Wetar Barat,Maluku Barat Daya,6823.103546966438,0,Mikro Hidro Kelas A (PLTMH),Klishatu,Maluku Barat Daya,59423.47023834585,PLTS Terpusat,15.0,Eray,2012,539651.3576895213,"GI 70 kV Sirimau 
",40.0,70 kV,Operasi,14931.435239584354,PLTD Liran,0.3,PLTD,HSD,True,4.9204998,0.20174000000000003,-7.917420081491518,125.82712739273312
81.08.14.2005,22,0.22697885996493508,4,0.5197338691187574,0.18181818181818182,10118.901960784315,intermittent,Ilmamau,Wetar Barat,Maluku Barat Daya,1259.8834922663323,0,Mikro Hidro Kelas A (PLTMH),Ilmamau,Maluku Barat Daya,50871.761524351154,PLTS Terpusat,15.0,Eray,2012,525912.7696921874,"GI 70 kV Sirimau 
",40.0,70 kV,Operasi,28654.068501898928,PLTD Liran,0.3,PLTD,HSD,True,4.42000008,0.18122,-7.809981578258073,125.88871969784773
81.08.15.2001,22,0.23922622765016907,6,0.5436668534904446,0.2727272727272727,9577.0,intermittent,Moning,Wetar Timur,Maluku Barat Daya,4467.978669473068,0,Mikro Hidro Kelas A (PLTMH),Moning,Maluku Barat Daya,34578.293436959415,PLTS Terpusat,15.0,Eray,2012,473915.90794457815,"GI 70 kV Sirimau 
",40.0,70 kV,Operasi,39090.410443769164,PLTS Ilwaki,0.1,PLTS,Surya,True,4.19250011,0.17189300000000002,-7.646044906480519,126.63046902540401
81.08.15.2002,22,0.22607039684769129,4,0.4972272967587351,0.18181818181818182,17638.317647058826,intermittent,Arwala,Wetar Timur,Maluku Barat Daya,7904.900312354736,0,Mikro Hidro Kelas A (PLTMH),Moning,Maluku Barat Daya,45750.02758979586,PLTS Terpusat,15.0,Eray,2012,472223.2645890525,"GI 70 kV Sirimau 
",40.0,70 kV,Operasi,46118.66600433569,PLTD Ilwaki,1.0,PLTD,HSD,True,4.4914999,0.18415201,-7.675388346628106,126.74997304848908
81.08.15.2003,22,0.2428763273263089,5,0.5324180424551284,0.22727272727272727,7821.0,intermittent,Ilway,Wetar Timur,Maluku Barat Daya,13997.731910885956,0,Mikro Hidro Kelas A (PLTMH),Moning,Maluku Barat Daya,50800.06765018929,PLTS Terpusat,15.0,Eray,2012,472309.2429722384,"GI 70 kV Sirimau 
",40.0,70 kV,Operasi,49603.405002257045,PLTD Ilwaki,1.0,PLTD,HSD,True,4.686500069999999,0.192147,-7.69477262098355,126.80175301435095
81.08.15.2004,22,0.21439916685843693,6,0.486795788858672,0.2727272727272727,34834.39215686274,intermittent,Kahilin,Wetar Timur,Maluku Barat Daya,11343.56673292334,0,Mikro Hidro Kelas A (PLTMH),Moning,Maluku Barat Daya,45350.5421616459,PLTS Terpusat,15.0,Eray,2012,476640.50980854966,"GI 70 kV Sirimau 
",40.0,70 kV,Operasi,43855.45387025812,PLTD Ilwaki,1.0,PLTD,HSD,True,4.627999780000001,0.189748,-7.719926164444024,126.75612036753525
81.08.15.2005,22,0.25975984710599415,5,0.5477839659596565,0.22727272727272727,0.0,data_gap,Ilpokil,Wetar Timur,Maluku Barat Daya,6077.3721052721385,0,Mikro Hidro Kelas A (PLTMH),Masapun / Ilpokil,Maluku Barat Daya,30517.194645485466,PLTS Terpusat,15.0,Eray,2012,480307.6651240137,"GI 70 kV Sirimau 
",40.0,70 kV,Operasi,33138.15929348441,PLTS Ilwaki,0.1,PLTS,Surya,True,4.09499979,0.16789500000000002,-7.701242144996135,126.61351804060915
81.08.15.2006,22,0.26409355271364143,9,0.4845000832814629,0.4090909090909091,0.0,data_gap,Tomliapat,Wetar Timur,Maluku Barat Daya,4762.403338815755,0,Mikro Hidro Kelas A (PLTMH),Tomliapat,Maluku Barat Daya,19775.76810459644,PLTS Terpusat,15.0,Eray,2012,486291.9260863136,"GI 70 kV Sirimau 
",40.0,70 kV,Operasi,25491.172787529813,PLTS Ilwaki,0.1,PLTS,Surya,True,4.19899988,0.172159,-7.719978472127175,126.51680943944653
81.08.16.2001,22,0.251008704813149,10,0.5249030181013277,0.45454545454545453,46753.2862745098,intermittent,Hila,Kepulauan Roma,Maluku Barat Daya,6316.635489951211,0,Mikro Hidro Kelas A (PLTMH),Jerusu,Maluku Barat Daya,113783.60974627364,PLTS Terpusat,15.0,Eray,2012,444366.4834605645,"GI 70 kV Sirimau 
",40.0,70 kV,Operasi,57826.25227509534,PLTD Wonreli,2.1,PLTD,HSD,True,4.7255001100000005,0.193746,-7.5931866845793,127.36404202642855
81.08.16.2002,22,0.25318952334447387,6,0.5638061163937568,0.2727272727272727,60309.65490196078,intermittent,Jerusu,Kepulauan Roma,Maluku Barat Daya,4383.165608280359,0,Mikro Hidro Kelas A (PLTMH),Jerusu,Maluku Barat Daya,123159.74953782225,PLTS Terpusat,15.0,Eray,2012,440622.93729732773,"GI 70 kV Sirimau 
",40.0,70 kV,Operasi,63591.78950777438,PLTD Wonreli,2.1,PLTD,HSD,True,4.73850012,0.194279,-7.576080766567591,127.44734728765943
81.08.16.2003,22,0.2236902509971701,6,0.6839064600924496,0.2727272727272727,17688.0,intermittent,Solath,Kepulauan Roma,Maluku Barat Daya,5846.157835681435,0,Mikro Hidro Kelas A (PLTMH),Jerusu,Maluku Barat Daya,116956.73153892234,PLTS Terpusat,15.0,Eray,2012,436125.7953812215,"GI 70 kV Sirimau 
",40.0,70 kV,Operasi,65894.86119583472,PLTD Wonreli,2.1,PLTD,HSD,True,4.63450003,0.190014,-7.5200924935358,127.3768280588778
81.08.17.2001,22,0.3030136897902722,12,0.5425790069410613,0.5454545454545454,2737.2,intermittent,Purpura,Kisar Utara,Maluku Barat Daya,57084.892173039356,0,Mikro Hidro Kelas A (PLTMH),Jerusu,Maluku Barat Daya,95590.52916046946,PLTS Terpusat,15.0,Eray,2012,495280.1534026348,"GI 70 kV Sirimau 
",40.0,70 kV,Operasi,6185.6197019715755,PLTD Wonreli,2.1,PLTD,HSD,True,4.9204998,0.20174000000000003,-8.0220397626187,127.1841219115445
81.08.17.2002,22,0.41099549552351144,18,0.44197081769779817,0.8181818181818182,9905.474509803922,lit_stable,Nomaha,Kisar Utara,Maluku Barat Daya,58034.10423973706,0,Mikro Hidro Kelas A (PLTMH),Jerusu,Maluku Barat Daya,96697.84343582428,PLTS Terpusat,15.0,Eray,2012,496471.81901379564,"GI 70 kV Sirimau 
",40.0,70 kV,Operasi,5344.616710176749,PLTD Wonreli,2.1,PLTD,HSD,True,4.90749979,0.20120700000000002,-8.034651334523804,127.19087997391142
81.08.17.2003,22,0.37937021704399054,16,0.4724347284507009,0.7272727272727273,5941.466666666667,intermittent,Labelau,Kisar Utara,Maluku Barat Daya,59272.84528240907,0,Mikro Hidro Kelas A (PLTMH),Jerusu,Maluku Barat Daya,93246.9959888174,PLTS Terpusat,15.0,Eray,2012,496952.31688406813,"GI 70 kV Sirimau 
",40.0,70 kV,Operasi,4623.990152337911,PLTD Wonreli,2.1,PLTD,HSD,True,4.90100002,0.20094100000000004,-8.031514098911321,127.15909531831147
81.09.01.2001,22,0.21042564747758807,3,0.6030671855662668,0.13636363636363635,40416.83529411765,dark_settled,Wamkana,Namrole,Buru Selatan,1969.31403223384,0,Mikro Hidro Kelas A (PLTMH),Kase,Buru Selatan,131580.04895773594,PLTMH,30.0,Tahalupu,2014,176362.20825521764,GI 150 kV Sirimau (60 MVA),60.0,150 kV,Operasi,15161.158863399372,PLTD Leksula,0.6,PLTD,HSD,True,4.09499979,0.16789500000000002,-3.7171586491369255,126.6329867225912
81.09.01.2002,22,0.2068327702976685,3,0.5639717331493673,0.13636363636363635,23789.427450980394,dark_settled,Waenalut,Namrole,Buru Selatan,1036.7374666919281,0,Mikro Hidro Kelas B (PLTMH),Waenalut,Buru Selatan,125683.78345466367,PLTMH,30.0,Tahalupu,2014,172921.29808918628,GI 150 kV Sirimau (60 MVA),60.0,150 kV,Operasi,21759.504504641616,PLTD Leksula,0.6,PLTD,HSD,True,3.88700008,0.159367,-3.6551481788796694,126.66415594807684
81.09.01.2003,22,0.2163924841441656,3,0.635859183277874,0.13636363636363635,64654.78431372548,dark_settled,Lektama,Namrole,Buru Selatan,2090.9466771482453,0,Mikro Hidro Kelas C (PLTMH),Lektama,Buru Selatan,124297.56095800437,PLTMH,30.0,Tahalupu,2014,167715.17167081134,GI 150 kV Sirimau (60 MVA),60.0,150 kV,Operasi,13616.651233054103,PLTD Namrole,1.5,PLTD,HSD,True,4.3874998100000004,0.17988700000000002,-3.7288277625227066,126.71118360443793
81.09.01.2004,22,0.2595967905415424,8,0.6798923051629036,0.36363636363636365,23759.486274509803,intermittent,Fatmite,Namrole,Buru Selatan,2011.0134531244028,0,Mikro Hidro Kelas B (PLTMH),Fatmite,Buru Selatan,126271.12337394037,PLTMH,30.0,Tahalupu,2014,166977.98085439473,GI 150 kV Sirimau (IBT 60 MVA),60.0,150 kV,Operasi,7520.698672854434,PLTD Namrole,1.5,PLTD,HSD,True,4.589000230000001,0.18814901,-3.7839857392969667,126.72027786406704
81.09.01.2005,22,0.2585188874308829,8,0.6337698844503481,0.36363636363636365,201668.94901960788,intermittent,Elfule,Namrole,Buru Selatan,2200.1914852627015,0,Mikro Hidro Kelas B (PLTMH),Elfule,Buru Selatan,120989.74348590142,PLTMH,30.0,Tahalupu,2014,163409.63680375728,GI 150 kV Sirimau (60 MVA),60.0,150 kV,Operasi,11761.932672673773,PLTD Namrole,1.5,PLTD,HSD,True,4.43949986,0.182019,-3.7397420371382664,126.75033022482394
81.09.01.2006,22,0.2195049610141494,3,0.7484348438117732,0.13636363636363635,25332.60392156863,dark_settled,Leku,Namrole,Buru Selatan,8930.763652441405,0,Mikro Hidro Kelas B (PLTMH),Fatmite,Buru Selatan,120911.62752722166,PLTMH,30.0,Tahalupu,2014,159586.62723311584,GI 150 kV Sirimau (IBT 60 MVA),60.0,150 kV,Operasi,6362.775558845258,PLTD Namrole,1.5,PLTD,HSD,True,4.5954999899999995,0.18841501000000002,-3.8045801311297383,126.78853498055932
81.09.01.2007,22,0.2045755127196855,2,0.7173170189736238,0.09090909090909091,65280.42352941175,dark_settled,Oki Baru,Namrole,Buru Selatan,8130.482969404845,0,Mikro Hidro Kelas B (PLTMH),Elfule,Buru Selatan,114330.60787260394,PLTMH,30.0,Tahalupu,2014,156541.1282566338,GI 150 kV Sirimau (60 MVA),60.0,150 kV,Operasi,14898.5706564525,PLTD Namrole,1.5,PLTD,HSD,True,4.3874998100000004,0.17988700000000002,-3.7274104374079013,126.8118847087619
81.09.01.2008,22,0.20281058407622932,4,0.7287371700195445,0.18181818181818182,56934.06274509804,intermittent,Oki Lama,Namrole,Buru Selatan,5531.3790139258645,0,Mikro Hidro Kelas A (PLTMH),Pohon Batu,Buru Selatan,111354.20357929841,PLTMH,30.0,Tahalupu,2014,153457.99713885094,GI 150 kV Sirimau (60 MVA),60.0,150 kV,Operasi,13726.84184499178,PLTD Wamsisi,1.5,PLTD,HSD,True,4.32250023,0.177223,-3.721931291913313,126.83954186552756
81.09.01.2009,22,1.3639591671511946,16,0.6612768624375637,0.7272727272727273,177121.90980392156,intermittent,Labuang,Namrole,Buru Selatan,7584.641503804216,0,Mikro Hidro Kelas B (PLTMH),Fatmite,Buru Selatan,127257.31371247931,PLTMH,30.0,Tahalupu,2014,165449.01935147215,GI 150 kV Sirimau (IBT 60 MVA),60.0,150 kV,Operasi,1969.4496102091448,PLTD Namrole,1.5,PLTD,HSD,True,4.67999983,0.19188,-3.8313009774424858,126.73784290012938
81.09.01.2010,22,0.34382233258213835,16,0.6498802403713042,0.7272727272727273,47558.73333333333,intermittent,Wali,Namrole,Buru Selatan,7353.102154036253,0,Mikro Hidro Kelas B (PLTMH),Fatmite,Buru Selatan,124348.4215240596,PLTMH,30.0,Tahalupu,2014,162866.53852216853,GI 150 kV Sirimau (IBT 60 MVA),60.0,150 kV,Operasi,3395.6935590612607,PLTD Namrole,1.5,PLTD,HSD,True,4.65399981,0.19081399999999998,-3.817192862093341,126.75992633059712
81.09.01.2011,22,0.1991452461794701,3,0.6518406909612837,0.13636363636363635,22453.4,dark_settled,Tikbary,Namrole,Buru Selatan,7946.222587279457,0,Mikro Hidro Kelas B (PLTMH),Elfule,Buru Selatan,118125.66103667607,PLTMH,30.0,Tahalupu,2014,158553.47405209613,GI 150 kV Sirimau (60 MVA),60.0,150 kV,Operasi,10123.146020862607,PLTD Namrole,1.5,PLTD,HSD,True,4.5954999899999995,0.18841501000000002,-3.7674195437839937,126.79536364207019
81.09.01.2012,22,1.38660151384423,15,0.7247421691497664,0.6818181818181818,17955.603921568625,intermittent,Masnana,Namrole,Buru Selatan,9734.73259621883,0,Mikro Hidro Kelas B (PLTMH),Fatmite,Buru Selatan,128032.38911019539,PLTMH,30.0,Tahalupu,2014,165249.92929131692,GI 150 kV Sirimau (IBT 60 MVA),60.0,150 kV,Operasi,932.5624931123933,PLTD Namrole,1.5,PLTD,HSD,True,4.712500100000001,0.19321300000000002,-3.8503521742009714,126.74159181704876
81.09.01.2013,22,0.2812232061735333,10,0.6358319566284214,0.45454545454545453,7590.0,intermittent,Kamlanglale,Namrole,Buru Selatan,7223.54752201652,0,Mikro Hidro Kelas A (PLTMH),Waenalut,Buru Selatan,130826.80060243701,PLTMH,30.0,Tahalupu,2014,169700.59966628844,GI 150 kV Sirimau (IBT 60 MVA),60.0,150 kV,Operasi,5745.194243101506,PLTD Namrole,1.5,PLTD,HSD,True,4.699500080000001,0.19268000000000002,-3.8295633167531795,126.69919196873175
81.09.01.2014,22,0.19154166495391278,2,0.7252033319281174,0.09090909090909091,8291.36862745098,dark_settled,Waenono,Namrole,Buru Selatan,4854.90485094083,0,Mikro Hidro Kelas B (PLTMH),Fatmite,Buru Selatan,122546.17701110417,PLTMH,30.0,Tahalupu,2014,162762.03221438357,GI 150 kV Sirimau (IBT 60 MVA),60.0,150 kV,Operasi,7047.629558253759,PLTD Namrole,1.5,PLTD,HSD,True,4.58249998,0.18788201000000002,-3.7828859066938216,126.75828159110858
81.09.01.2015,22,0.2215771600911841,3,0.7068022804769636,0.13636363636363635,0.0,data_gap,Namrinat,Namrole,Buru Selatan,4511.089641473073,0,Mikro Hidro Kelas A (PLTMH),Waenalut,Buru Selatan,129913.34954489366,PLTMH,30.0,Tahalupu,2014,169966.34441809234,GI 150 kV Sirimau (IBT 60 MVA),60.0,150 kV,Operasi,7429.00708451496,PLTD Namrole,1.5,PLTD,HSD,True,4.686500069999999,0.192147,-3.805559362854238,126.69477509537735
81.09.01.2016,22,0.33739999462451253,15,0.5743062542550126,0.6818181818181818,19649.0,intermittent,Waefusi,Namrole,Buru Selatan,10343.818622976496,0,Mikro Hidro Kelas A (PLTMH),Waenalut,Buru Selatan,133484.69127922648,PLTMH,30.0,Tahalupu,2014,171155.74660567197,GI 150 kV Sirimau (IBT 60 MVA),60.0,150 kV,Operasi,6764.602917194106,PLTD Namrole,1.5,PLTD,HSD,True,4.712500100000001,0.19321300000000002,-3.8589438289112867,126.68898347304007
81.09.01.2017,22,0.22453058072250562,6,0.5948428027653161,0.2727272727272727,11019.203921568627,intermittent,Batu Tulis,Namrole,Buru Selatan,8207.340515947495,0,Mikro Hidro Kelas A (PLTMH),Waenalut,Buru Selatan,138003.287492739,PLTMH,30.0,Tahalupu,2014,178275.75627270166,GI 150 kV Sirimau (IBT 60 MVA),60.0,150 kV,Operasi,13462.017983387517,PLTD Leksula,0.6,PLTD,HSD,True,4.7255001100000005,0.193746,-3.8228793327267203,126.6210230139338
81.09.02.2001,22,0.23898835082907138,6,0.62110085227221,0.2727272727272727,29139.62745098039,intermittent,Waetawa,Waesama,Buru Selatan,10854.760917807354,0,Mikro Hidro Kelas A (PLTMH),Lena,Buru Selatan,73962.2460974342,PLTMH,30.0,Tahalupu,2014,114720.1269657197,GI 150 kV Sirimau (60 MVA),60.0,150 kV,Operasi,20555.921080975797,PLTD Masawoy,0.7200000000000001,PLTD,HSD,True,4.589000230000001,0.18814901,-3.6407366889095867,127.18941089059514
81.09.02.2002,22,0.22095942786596706,3,0.608907691459459,0.13636363636363635,40536.509803921566,dark_settled,Waesili,Waesama,Buru Selatan,6846.496988337972,0,Mikro Hidro Kelas A (PLTMH),Lena,Buru Selatan,74142.30601708632,PLTMH,30.0,Tahalupu,2014,118332.7810214431,GI 150 kV Sirimau (60 MVA),60.0,150 kV,Operasi,21959.589651796883,PLTD Batujungku,0.8,PLTD,HSD,True,4.40700006,0.18068700000000001,-3.6022148289175298,127.15928580029424
81.09.02.2003,22,0.20289489402469174,3,0.5883794581952422,0.13636363636363635,67104.0156862745,dark_settled,Lena,Waesama,Buru Selatan,2786.7292296835353,0,Mikro Hidro Kelas A (PLTMH),Lena,Buru Selatan,76741.304545052,PLTMH,30.0,Tahalupu,2014,122998.25196336149,GI 150 kV Sirimau (60 MVA),60.0,150 kV,Operasi,22648.03914586549,PLTD Batujungku,0.8,PLTD,HSD,True,4.36149979,0.178821,-3.58219932162728,127.11887684635857
81.09.02.2004,22,0.20505851522860996,3,0.6185768118586488,0.13636363636363635,39043.8862745098,dark_settled,Simi,Waesama,Buru Selatan,2450.048761953447,0,Mikro Hidro Kelas A (PLTMH),Simi,Buru Selatan,82930.2179061789,PLTMH,30.0,Tahalupu,2014,128863.27611188326,GI 150 kV Sirimau (60 MVA),60.0,150 kV,Operasi,21056.685603284433,PLTD Wamsisi,1.5,PLTD,HSD,True,4.19250011,0.17189300000000002,-3.5993044416199695,127.06432563482188
81.09.02.2005,22,0.2016790856288801,3,0.6878311736696123,0.13636363636363635,58136.7568627451,dark_settled,Waelikut,Waesama,Buru Selatan,4390.981411324222,0,Mikro Hidro Kelas A (PLTMH),Pohon Batu,Buru Selatan,99459.73665330949,PLTMH,30.0,Tahalupu,2014,141777.14755219352,GI 150 kV Sirimau (60 MVA),60.0,150 kV,Operasi,7631.594521655705,PLTD Wamsisi,1.5,PLTD,HSD,True,4.29650021,0.176157,-3.6891660832493987,126.94443212608452
81.09.02.2006,22,0.2499160549681993,3,0.5896055229134554,0.13636363636363635,85186.8705882353,dark_settled,Wamsisi,Waesama,Buru Selatan,5901.831111559392,0,Mikro Hidro Kelas A (PLTMH),Pohon Batu,Buru Selatan,103816.56094928758,PLTMH,30.0,Tahalupu,2014,142756.2974185016,GI 150 kV Sirimau (60 MVA),60.0,150 kV,Operasi,2444.38412561165,PLTD Wamsisi,1.5,PLTD,HSD,True,4.602000240000001,0.18868200000000002,-3.7506713923267228,126.93706491332786
81.09.02.2007,22,0.21269582312406093,2,0.6472794088718485,0.09090909090909091,28406.137254901958,dark_settled,Pohon Batu,Waesama,Buru Selatan,2839.8113925367575,0,Mikro Hidro Kelas A (PLTMH),Pohon Batu,Buru Selatan,106526.1647896098,PLTMH,30.0,Tahalupu,2014,148926.86376002894,GI 150 kV Sirimau (60 MVA),60.0,150 kV,Operasi,10377.82149677601,PLTD Wamsisi,1.5,PLTD,HSD,True,4.23799992,0.17375800000000002,-3.7052578415720925,126.88009045826472
81.09.02.2008,22,0.20181828341811783,3,0.6581586583251878,0.13636363636363635,27494.0,dark_settled,Waeteba,Waesama,Buru Selatan,388.80656088081287,0,Mikro Hidro Kelas A (PLTMH),Waeteba,Buru Selatan,90135.48814616115,PLTMH,30.0,Tahalupu,2014,133849.10775272307,GI 150 kV Sirimau (60 MVA),60.0,150 kV,Operasi,13845.019381487658,PLTD Wamsisi,1.5,PLTD,HSD,True,4.31599998,0.176956,-3.646305912537692,127.01665452042916
81.09.02.2009,22,0.19498093767411365,2,0.7114548470804818,0.09090909090909091,32916.61568627451,dark_settled,Hote,Waesama,Buru Selatan,1056.5882361987399,0,Mikro Hidro Kelas A (PLTMH),Pohon Batu,Buru Selatan,109340.28775255916,PLTMH,30.0,Tahalupu,2014,149332.36742401525,GI 150 kV Sirimau (60 MVA),60.0,150 kV,Operasi,8966.541364656043,PLTD Wamsisi,1.5,PLTD,HSD,True,4.589000230000001,0.18814901,-3.750642332847674,126.87773250566889
81.09.02.2010,22,0.2211403059707108,4,0.7037944746674143,0.18181818181818182,34575.0,intermittent,Waemasing,Waesama,Buru Selatan,3745.2611152625955,0,Mikro Hidro Kelas A (PLTMH),Waemasing,Buru Selatan,94892.4987992795,PLTMH,30.0,Tahalupu,2014,136053.17288555513,GI 150 kV Sirimau (60 MVA),60.0,150 kV,Operasi,8086.988170932265,PLTD Wamsisi,1.5,PLTD,HSD,True,4.4460001,0.18228599,-3.6941302865369323,126.9960246828434
81.09.02.2011,22,0.23030950057818794,5,0.66338717982087,0.22727272727272727,19736.78431372549,intermittent,Batu Kasa,Waesama,Buru Selatan,4479.447797151332,0,Mikro Hidro Kelas A (PLTMH),Waeteba,Buru Selatan,90946.4267321861,PLTMH,30.0,Tahalupu,2014,132117.42571953306,GI 150 kV Sirimau (60 MVA),60.0,150 kV,Operasi,11480.23446121929,PLTD Wamsisi,1.5,PLTD,HSD,True,4.48500013,0.18388499000000003,-3.6833784842483617,127.03150001597741
81.09.03.2001,22,0.26370997877107116,8,0.5613752073663857,0.36363636363636365,25082.274509803923,intermittent,Lumoy,Ambalau,Buru Selatan,28368.150057057937,0,Mikro Hidro Kelas A (PLTMH),Lena,Buru Selatan,87744.40426555573,PLTMH,30.0,Tahalupu,2014,112633.92613196162,GI 150 kV Sirimau (IBT 60 MVA),60.0,150 kV,Operasi,4562.757041790898,PLTD Masawoy,0.7200000000000001,PLTD,HSD,True,4.62150002,0.18948101,-3.8456484019020696,127.21922254446419
81.09.03.2002,22,0.26626274878294753,7,0.5146004521865967,0.3181818181818182,21104.909803921568,intermittent,Masawoy,Ambalau,Buru Selatan,26211.962570400796,0,Mikro Hidro Kelas A (PLTMH),Lena,Buru Selatan,88679.93996814618,PLTMH,30.0,Tahalupu,2014,115156.53342961123,GI 150 kV Sirimau (IBT 60 MVA),60.0,150 kV,Operasi,1761.9669085682424,PLTD Masawoy,0.7200000000000001,PLTD,HSD,True,4.63450003,0.190014,-3.8364720278531768,127.19485500196308
81.09.03.2003,22,0.2769090919425037,10,0.5632135376283138,0.45454545454545453,15024.639215686277,intermittent,Ulima,Ambalau,Buru Selatan,25599.864868415767,0,Mikro Hidro Kelas A (PLTMH),Lena,Buru Selatan,90122.961518967,PLTMH,30.0,Tahalupu,2014,117146.01814965408,GI 150 kV Sirimau (IBT 60 MVA),60.0,150 kV,Operasi,1580.640977525798,PLTD Masawoy,0.7200000000000001,PLTD,HSD,True,4.66050005,0.19108,-3.838200103986942,127.17698819481551
81.09.03.2004,22,0.2358512190693035,7,0.5979419748494385,0.3181818181818182,20208.070588235292,intermittent,Kampung Baru,Ambalau,Buru Selatan,26221.90902140396,0,Mikro Hidro Kelas A (PLTMH),Lena,Buru Selatan,92125.73648285429,PLTMH,30.0,Tahalupu,2014,118942.94617574775,GI 150 kV Sirimau (IBT 60 MVA),60.0,150 kV,Operasi,3531.371772251926,PLTD Masawoy,0.7200000000000001,PLTD,HSD,True,4.7255001100000005,0.193746,-3.8492342924611145,127.16224157616618
81.09.03.2005,22,0.23455392816424686,5,0.5647130962499451,0.22727272727272727,17187.63137254902,intermittent,Siwar,Ambalau,Buru Selatan,29793.104282390228,0,Mikro Hidro Kelas A (PLTMH),Lena,Buru Selatan,93380.74585668254,PLTMH,30.0,Tahalupu,2014,117701.83299986123,GI 150 kV Sirimau (IBT 60 MVA),60.0,150 kV,Operasi,5843.646145790496,PLTD Masawoy,0.7200000000000001,PLTD,HSD,True,4.66699982,0.191347,-3.8778128506125418,127.17833128227622
81.09.03.2006,22,0.28575526203625046,10,0.5527738037276706,0.45454545454545453,16944.266666666666,intermittent,Selasi,Ambalau,Buru Selatan,29951.86319536949,0,Mikro Hidro Kelas A (PLTMH),Lena,Buru Selatan,91305.29762504973,PLTMH,30.0,Tahalupu,2014,115226.4549634624,GI 150 kV Sirimau (IBT 60 MVA),60.0,150 kV,Operasi,5393.248253547818,PLTD Masawoy,0.7200000000000001,PLTD,HSD,True,4.66050005,0.19108,-3.871158759495092,127.19980348867104
81.09.03.2007,22,0.29957233227184143,12,0.6141774366175917,0.5454545454545454,16209.819607843134,intermittent,Elara,Ambalau,Buru Selatan,31491.952612500918,0,Mikro Hidro Kelas A (PLTMH),Lena,Buru Selatan,90319.69485975547,PLTMH,30.0,Tahalupu,2014,113006.0208040785,GI 150 kV Sirimau (IBT 60 MVA),60.0,150 kV,Operasi,7047.98669644439,PLTD Masawoy,0.7200000000000001,PLTD,HSD,True,4.65399981,0.19081399999999998,-3.8764956073992636,127.22112616217612
81.09.04.2001,22,0.18964225123700823,4,0.6455927051634048,0.18181818181818182,35356.1137254902,intermittent,Balpetu,Kepala Madan,Buru Selatan,13488.487994444878,0,Mikro Hidro Kelas A (PLTMH),Kampung Baru/Air Ternate,Buru/Buru Selatan,179636.0136970134,PLTMH,30.0,Tahalupu,2014,243319.4474213218,GI 150 kV Sirimau (60 MVA),60.0,150 kV,Operasi,27792.746173819778,PLTD Waipandan,0.2,PLTD,HSD,True,3.4254999199999996,0.14044601,-3.151702748682161,126.09699759008271
81.09.04.2002,22,0.18197912938743527,2,0.6598872877754655,0.09090909090909091,19663.882352941175,dark_settled,Waekeka,Kepala Madan,Buru Selatan,11050.96540400833,0,Mikro Hidro Kelas A (PLTMH),Air Ternate,Buru Selatan,182348.21009994193,PLTMH,30.0,Tahalupu,2014,245282.67045342366,GI 150 kV Sirimau (60 MVA),60.0,150 kV,Operasi,23928.649993531137,PLTD Waipandan,0.2,PLTD,HSD,True,2.78850007,0.114329,-3.181893056761438,126.07135971503021
81.09.04.2003,22,0.19963881117671978,3,0.6463034597862768,0.13636363636363635,35873.10980392157,dark_settled,Biloro,Kepala Madan,Buru Selatan,10180.10474197884,0,Mikro Hidro Kelas A (PLTMH),Air Ternate,Buru Selatan,184557.30269328805,PLTMH,30.0,Tahalupu,2014,246969.8057228719,GI 150 kV Sirimau (60 MVA),60.0,150 kV,Operasi,21376.601819797655,PLTD Waipandan,0.2,PLTD,HSD,True,3.20449996,0.131384,-3.202569779142602,126.05097180383629
81.09.04.2004,22,0.22419876791064644,4,0.6223819882352353,0.18181818181818182,21252.317647058826,intermittent,Nanali,Kepala Madan,Buru Selatan,9133.067104032449,0,Mikro Hidro Kelas B (PLTMH),Air Ternate,Buru Selatan,186313.93985127032,PLTMH,30.0,Tahalupu,2014,248256.51528708616,GI 150 kV Sirimau (60 MVA),60.0,150 kV,Operasi,19217.162599823707,PLTD Waipandan,0.2,PLTD,HSD,True,3.37350011,0.13831399,-3.221467562716292,126.03493421223178
81.09.04.2005,22,0.2939385579803153,11,0.5393148046295019,0.5,21353.309803921573,intermittent,Pasir Putih,Kepala Madan,Buru Selatan,10097.20483504824,0,Mikro Hidro Kelas B (PLTMH),Air Ternate,Buru Selatan,190026.12147778118,PLTMH,30.0,Tahalupu,2014,251588.3444757168,GI 150 kV Sirimau (60 MVA),60.0,150 kV,Operasi,18170.040766813923,PLTD Waipandan,0.2,PLTD,HSD,True,4.08199978,0.167362,-3.234697581054545,126.00147444346557
81.09.04.2006,22,0.19683816238576451,4,0.661577691321241,0.18181818181818182,18820.26274509804,intermittent,Fogi,Kepala Madan,Buru Selatan,2039.869475231334,0,Mikro Hidro Kelas A (PLTMH),Air Ternate,Buru Selatan,181563.9222422722,PLTMH,30.0,Tahalupu,2014,241394.66067827304,GI 150 kV Sirimau (60 MVA),60.0,150 kV,Operasi,10151.844088169932,PLTD Waipandan,0.2,PLTD,HSD,True,4.0170002,0.16469701,-3.3137809941047904,126.07980715079178
81.09.04.2007,22,0.19941925396786025,5,0.6494965975479564,0.22727272727272727,45597.399999999994,intermittent,Waepandan,Kepala Madan,Buru Selatan,870.4533227462942,0,Mikro Hidro Kelas A (PLTMH),Waepandan,Buru Selatan,179046.0761489933,PLTMH,30.0,Tahalupu,2014,237217.818631407,GI 150 kV Sirimau (60 MVA),60.0,150 kV,Operasi,8008.028667651564,PLTD Waipandan,0.2,PLTD,HSD,True,4.18599987,0.171626,-3.379448434798794,126.10726383327845
81.09.04.2008,22,0.1906111228596405,4,0.602005657906906,0.18181818181818182,23198.623529411765,intermittent,Walbele,Kepala Madan,Buru Selatan,4447.062205449064,0,Mikro Hidro Kelas B (PLTMH),Walbele,Buru Selatan,170843.74640991184,PLTMH,30.0,Tahalupu,2014,228169.65767961362,GI 150 kV Sirimau (60 MVA),60.0,150 kV,Operasi,16577.919627141957,PLTD Waipandan,0.2,PLTD,HSD,True,4.1795001,0.17136,-3.411776898078364,126.18498743501527
81.09.04.2009,22,0.18626314898449436,3,0.6486154250824491,0.13636363636363635,6377.5568627450975,dark_settled,Air Ternate,Kepala Madan,Buru Selatan,3456.314094388877,0,Mikro Hidro Kelas B (PLTMH),Air Ternate,Buru Selatan,184026.1944386138,PLTMH,30.0,Tahalupu,2014,244931.0909036844,GI 150 kV Sirimau (60 MVA),60.0,150 kV,Operasi,14201.254056995234,PLTD Waipandan,0.2,PLTD,HSD,True,3.80900002,0.15616900000000003,-3.26802467565465,126.05593345889437
81.09.04.2010,22,0.25831055830490124,8,1.2173787038904282,0.36363636363636365,34611.37254901961,intermittent,Sekat,Kepala Madan,Buru Selatan,3875.4708212781097,0,Mikro Hidro Kelas D (PLTMH),Sekat,Buru Selatan,171547.87861987614,PLTMH,30.0,Tahalupu,2014,224669.15305427546,GI 150 kV Sirimau (60 MVA),60.0,150 kV,Operasi,25500.746273392702,PLTD Waipandan,0.2,PLTD,HSD,True,4.757999900000001,0.195078,-3.553413554478869,126.2021116620161
81.09.04.2011,22,0.22914630588980084,4,0.7132748367587611,0.18181818181818182,6265.0,intermittent,Waeha,Kepala Madan,Buru Selatan,1270.6762277674693,0,Mikro Hidro Kelas A (PLTMH),Waeha,Buru Selatan,184285.61779109936,PLTMH,30.0,Tahalupu,2014,243064.04180152764,GI 150 kV Sirimau (60 MVA),60.0,150 kV,Operasi,5015.141872664416,PLTD Waipandan,0.2,PLTD,HSD,True,4.465499879999999,0.18308599,-3.354418314205899,126.05779913914077
81.09.04.2012,22,0.2316177909330832,4,0.6938167743931719,0.18181818181818182,10838.392156862745,intermittent,Bala-bala,Kepala Madan,Buru Selatan,1666.747002107026,0,Mikro Hidro Kelas A (PLTMH),Waeha,Buru Selatan,185677.6090525012,PLTMH,30.0,Tahalupu,2014,244665.85903541555,GI 150 kV Sirimau (60 MVA),60.0,150 kV,Operasi,5489.3316116617725,PLTD Waipandan,0.2,PLTD,HSD,True,4.43949986,0.182019,-3.3455538792760358,126.04458944945723
81.09.04.2013,22,0.22427043172777775,5,0.6374603264827093,0.22727272727272727,10533.2,intermittent,Batu Layar,Kepala Madan,Buru Selatan,6792.427966680497,0,Mikro Hidro Kelas B (PLTMH),Walbele,Buru Selatan,180832.4133553249,PLTMH,30.0,Tahalupu,2014,236754.6812777362,GI 150 kV Sirimau (60 MVA),60.0,150 kV,Operasi,10387.71263086642,PLTD Waipandan,0.2,PLTD,HSD,True,4.718999859999999,0.193479,-3.462255438005477,126.10086657690617
81.09.04.2014,22,0.22184395089437509,6,0.6503927510164821,0.2727272727272727,10226.0,intermittent,Siopot,Kepala Madan,Buru Selatan,4286.975331518829,0,Mikro Hidro Kelas B (PLTMH),Walbele,Buru Selatan,178008.66791891225,PLTMH,30.0,Tahalupu,2014,233258.0044177173,GI 150 kV Sirimau (60 MVA),60.0,150 kV,Operasi,14503.799346023385,PLTD Waipandan,0.2,PLTD,HSD,True,4.73850012,0.194279,-3.485429790631587,126.13014008400924
81.09.04.2015,22,0.22133358993722063,5,0.564480946113371,0.22727272727272727,7739.866666666666,intermittent,Emguhen,Kepala Madan,Buru Selatan,615.7050998611494,0,Mikro Hidro Kelas A (PLTMH),Emguhen,Buru Selatan,164366.9762503011,PLTMH,30.0,Tahalupu,2014,221707.62542786504,GI 150 kV Sirimau (60 MVA),60.0,150 kV,Operasi,23069.95197611658,PLTD Waipandan,0.2,PLTD,HSD,True,4.12750006,0.16922700000000002,-3.4117881461132447,126.24376544298701
81.09.05.2001,22,0.22640296568455812,5,0.6117716144029146,0.22727272727272727,42422.22352941177,intermittent,Waemulang,Leksula,Buru Selatan,1824.8470607603003,0,Mikro Hidro Kelas A (PLTMH),Waemulang,Buru Selatan,160414.39640444252,PLTMH,30.0,Tahalupu,2014,215721.7311020381,GI 150 kV Sirimau (60 MVA),60.0,150 kV,Operasi,29607.771507277004,PLTD Waipandan,0.2,PLTD,HSD,True,4.35500002,0.17855500000000002,-3.4785239459954616,126.28971395818706
81.09.05.2002,22,0.19684454795950235,4,0.5869989002870096,0.18181818181818182,22394.98431372549,intermittent,Waeturen,Leksula,Buru Selatan,3244.574874832332,0,Mikro Hidro Kelas A (PLTMH),Waeturen,Buru Selatan,156409.40225402886,PLTMH,30.0,Tahalupu,2014,210003.54731812654,GI 150 kV Sirimau (60 MVA),60.0,150 kV,Operasi,33403.11652063677,PLTD Leksula,0.6,PLTD,HSD,True,4.43300009,0.18175299,-3.5294922176488637,126.33648316950523
81.09.05.2003,22,0.20839735627897815,4,0.5504566094630968,0.18181818181818182,15360.411764705881,intermittent,Waehaka,Leksula,Buru Selatan,3322.616956956961,0,Mikro Hidro Kelas C (PLTMH),Uneth,Buru Selatan,151567.48328373724,PLTMH,30.0,Tahalupu,2014,204802.24255996547,GI 150 kV Sirimau (60 MVA),60.0,150 kV,Operasi,29994.97203828503,PLTD Leksula,0.6,PLTD,HSD,True,4.28999996,0.17589000000000002,-3.53700205625562,126.3828794733414
81.09.05.2004,22,0.24551129133734292,8,0.6143943538083579,0.36363636363636365,24149.949019607844,intermittent,Waemala,Leksula,Buru Selatan,5519.317330259567,0,Mikro Hidro Kelas A (PLTMH),Waeken,Buru Selatan,158223.65708873066,PLTMH,30.0,Tahalupu,2014,206065.08313181522,GI 150 kV Sirimau (60 MVA),60.0,150 kV,Operasi,18493.802369351615,PLTD Leksula,0.6,PLTD,HSD,True,4.7709999100000005,0.195611,-3.6922152148544085,126.36507635903939
81.09.05.2005,22,0.2635642930208993,6,0.5917580800279834,0.2727272727272727,54490.0,intermittent,Erwiri,Leksula,Buru Selatan,3424.3022360924647,0,Mikro Hidro Kelas A (PLTMH),Waeken,Buru Selatan,155835.1375689092,PLTMH,30.0,Tahalupu,2014,203435.44832656308,GI 150 kV Sirimau (60 MVA),60.0,150 kV,Operasi,16104.485599981714,PLTD Leksula,0.6,PLTD,HSD,True,4.75150013,0.194812,-3.694851737571013,126.38877874609318
81.09.05.2006,22,0.21766012597029843,4,0.5912679883581998,0.18181818181818182,11617.592156862745,intermittent,Tifu,Leksula,Buru Selatan,5489.750264750746,0,Mikro Hidro Kelas A (PLTMH),Waeken,Buru Selatan,152173.9997667334,PLTMH,30.0,Tahalupu,2014,198411.60046196458,GI 150 kV Sirimau (60 MVA),60.0,150 kV,Operasi,10161.066524499187,PLTD Leksula,0.6,PLTD,HSD,True,4.76450014,0.195345,-3.723041429621587,126.43434626042473
81.09.05.2007,22,0.20610586734426173,5,0.5834997065166262,0.22727272727272727,16157.168627450981,intermittent,Mepa,Leksula,Buru Selatan,4493.55969211116,0,Mikro Hidro Kelas A (PLTMH),Wahaolon,Buru Selatan,148853.2989605933,PLTMH,30.0,Tahalupu,2014,194690.6102902812,GI 150 kV Sirimau (60 MVA),60.0,150 kV,Operasi,7097.606778879276,PLTD Leksula,0.6,PLTD,HSD,True,4.75150013,0.194812,-3.726761523925871,126.46795989360905
81.09.05.2008,22,0.2944849816586069,11,0.5391256999277277,0.5,104370.61960784314,intermittent,Leksula,Leksula,Buru Selatan,8352.851165508777,0,Mikro Hidro Kelas A (PLTMH),Wahaolon,Buru Selatan,144891.58649442418,PLTMH,30.0,Tahalupu,2014,188515.25703918582,GI 150 kV Sirimau (60 MVA),60.0,150 kV,Operasi,1852.679391813464,PLTD Leksula,0.6,PLTD,HSD,True,4.75150013,0.194812,-3.7696098109569887,126.52509359858891
81.09.05.2009,22,0.2830906168148608,10,0.515526018801679,0.45454545454545453,45471.23529411765,intermittent,Nalbessy,Leksula,Buru Selatan,7072.950734644786,0,Mikro Hidro Kelas A (PLTMH),Kase,Buru Selatan,142657.91411860645,PLTMH,30.0,Tahalupu,2014,185703.37869979997,GI 150 kV Sirimau (60 MVA),60.0,150 kV,Operasi,4601.324556345683,PLTD Leksula,0.6,PLTD,HSD,True,4.731999869999999,0.19401200000000002,-3.77730514223633,126.55084919003833
81.09.05.2010,22,0.2073489716033637,3,0.6042731036871678,0.13636363636363635,9584.0,dark_settled,Kase,Leksula,Buru Selatan,1652.0198092980268,0,Mikro Hidro Kelas A (PLTMH),Kase,Buru Selatan,135881.07613203005,PLTMH,30.0,Tahalupu,2014,180401.2616114501,GI 150 kV Sirimau (60 MVA),60.0,150 kV,Operasi,10868.17669590458,PLTD Leksula,0.6,PLTD,HSD,True,4.27699995,0.175357,-3.7313510492612005,126.59687993560398
81.09.05.2015,22,0.2726108732485627,9,0.5689747289692063,0.4090909090909091,7812.345098039215,intermittent,Neath,Leksula,Buru Selatan,5349.9498626232835,0,Mikro Hidro Kelas A (PLTMH),Kase,Buru Selatan,140882.0451032122,PLTMH,30.0,Tahalupu,2014,184782.00229794544,GI 150 kV Sirimau (60 MVA),60.0,150 kV,Operasi,5859.871314586716,PLTD Leksula,0.6,PLTD,HSD,True,4.7255001100000005,0.193746,-3.7550224186863703,126.55814327866037
81.09.05.2016,22,0.19504020505827435,5,0.6630501159512577,0.22727272727272727,5081.0,intermittent,Liang,Leksula,Buru Selatan,726.704618721411,0,Mikro Hidro Kelas A (PLTMH),Liang,Buru Selatan,136874.83487960938,PLTMH,30.0,Tahalupu,2014,183816.70030078193,GI 150 kV Sirimau (60 MVA),60.0,150 kV,Operasi,12277.466144837328,PLTD Leksula,0.6,PLTD,HSD,True,3.59450006,0.147374,-3.680244162596791,126.56560593650322
81.09.05.2018,22,0.216998974373086,6,0.5807454446102372,0.2727272727272727,11722.0,intermittent,Slealale,Leksula,Buru Selatan,8147.191654328726,0,Mikro Hidro Kelas C (PLTMH),Waeken,Buru Selatan,161297.62343114894,PLTMH,30.0,Tahalupu,2014,210581.20288185772,GI 150 kV Sirimau (60 MVA),60.0,150 kV,Operasi,24324.697806480177,PLTD Leksula,0.6,PLTD,HSD,True,4.76450014,0.195345,-3.657626624704817,126.32466573776873
81.09.05.2023,22,0.23419213243108017,6,0.899872030194295,0.2727272727272727,3978.0,intermittent,Walunhelat,Leksula,Buru Selatan,4822.083777020406,0,Mikro Hidro Kelas D (PLTMH),Sekat,Buru Selatan,171643.51698255172,PLTMH,30.0,Tahalupu,2014,223713.49958696697,GI 150 kV Sirimau (60 MVA),60.0,150 kV,Operasi,28676.20150026383,PLTD Waipandan,0.2,PLTD,HSD,True,4.79050016,0.19641100000000003,-3.586660763295151,126.20873815905725
81.09.05.2024,22,0.19781576977832135,4,0.6771763797294038,0.18181818181818182,12602.0,intermittent,Wahaolon,Leksula,Buru Selatan,2478.956756916397,0,Mikro Hidro Kelas A (PLTMH),Wahaolon,Buru Selatan,144580.40518954518,PLTMH,30.0,Tahalupu,2014,190371.99661757526,GI 150 kV Sirimau (60 MVA),60.0,150 kV,Operasi,6160.193625047919,PLTD Leksula,0.6,PLTD,HSD,True,4.62150002,0.18948101,-3.7200299258436944,126.50675867530074
81.09.05.2025,22,0.22785302709607408,4,0.5681775562978376,0.18181818181818182,9065.0,intermittent,Waewali,Leksula,Buru Selatan,3716.983722824848,0,Mikro Hidro Kelas C (PLTMH),Waeken,Buru Selatan,157093.63245995002,PLTMH,30.0,Tahalupu,2014,206010.5305503062,GI 150 kV Sirimau (60 MVA),60.0,150 kV,Operasi,20314.091059249815,PLTD Leksula,0.6,PLTD,HSD,True,4.7255001100000005,0.193746,-3.6620944969689266,126.36578682718961
81.09.05.2026,22,0.23268546641922938,6,0.6660894727927602,0.2727272727272727,0.0,data_gap,Waenamaolon,Leksula,Buru Selatan,3766.1753919587795,0,Mikro Hidro Kelas A (PLTMH),Kase,Buru Selatan,138178.99412838413,PLTMH,30.0,Tahalupu,2014,183281.6297915578,GI 150 kV Sirimau (60 MVA),60.0,150 kV,Operasi,8925.412248111965,PLTD Leksula,0.6,PLTD,HSD,True,4.31599998,0.176956,-3.723402214169742,126.57073318511436
81.09.05.2029,22,0.2247507189284862,4,0.6100856231310168,0.18181818181818182,7715.0,intermittent,Grahwaen,Leksula,Buru Selatan,6768.958823418002,0,Mikro Hidro Kelas D (PLTMH),Sekat,Buru Selatan,169249.3830714804,PLTMH,30.0,Tahalupu,2014,220335.9872571006,GI 150 kV Sirimau (60 MVA),60.0,150 kV,Operasi,33154.90869692232,PLTD Waipandan,0.2,PLTD,HSD,True,4.79699993,0.196677,-3.614615500677414,126.2379377295632
81.09.05.2030,22,0.23575617931113482,5,0.7576806302195751,0.22727272727272727,10852.101960784314,intermittent,Terkuri,Leksula,Buru Selatan,8657.366040949217,0,Mikro Hidro Kelas D (PLTMH),Sekat,Buru Selatan,166339.7242995271,PLTMH,30.0,Tahalupu,2014,216968.3758677451,GI 150 kV Sirimau (60 MVA),60.0,150 kV,Operasi,31572.065086472416,PLTD Leksula,0.6,PLTD,HSD,True,4.77750015,0.195878,-3.625241403954443,126.2679197321
81.09.06.2001,22,0.21730880497719252,5,0.5947714238101763,0.22727272727272727,9628.0,intermittent,Nusarua,Fena Fafan,Buru Selatan,3077.5255633742454,0,Mikro Hidro Kelas A (PLTMH),Waeken,Buru Selatan,151005.55444262296,PLTMH,30.0,Tahalupu,2014,198059.6145258428,GI 150 kV Sirimau (60 MVA),60.0,150 kV,Operasi,11513.252426980518,PLTD Leksula,0.6,PLTD,HSD,True,4.731999869999999,0.19401200000000002,-3.7009749906602587,126.43725133965175
81.09.06.2002,22,0.21792753339414128,5,0.595420832806332,0.22727272727272727,12149.0,intermittent,Mangeswaen,Fena Fafan,Buru Selatan,4362.6475324421435,0,Mikro Hidro Kelas A (PLTMH),Uneth,Buru Selatan,146556.3360497669,PLTMH,30.0,Tahalupu,2014,197286.52104406463,GI 150 kV Sirimau (60 MVA),60.0,150 kV,Operasi,20570.88173528669,PLTD Leksula,0.6,PLTD,HSD,True,4.23150015,0.173492,-3.6013767872447056,126.4464273155159
81.09.06.2003,22,0.22385930087766606,5,0.5494866519106812,0.22727272727272727,10990.411764705883,intermittent,Waekatin,Fena Fafan,Buru Selatan,3034.66694529602,0,Mikro Hidro Kelas C (PLTMH),Siwatlahin,Buru Selatan,137203.1285274931,PLTMH,30.0,Tahalupu,2014,189092.99399765438,GI 150 kV Sirimau (60 MVA),60.0,150 kV,Operasi,23745.870992924043,PLTD Leksula,0.6,PLTD,HSD,True,4.2249999,0.17322500000000002,-3.562235763267732,126.52286241767555
81.09.06.2004,22,0.20739108826537295,5,0.6237157422635041,0.22727272727272727,7768.0,intermittent,Fakal,Fena Fafan,Buru Selatan,6129.431345198343,0,Mikro Hidro Kelas A (PLTMH),Liang,Buru Selatan,138291.4248527741,PLTMH,30.0,Tahalupu,2014,187533.40591755297,GI 150 kV Sirimau (60 MVA),60.0,150 kV,Operasi,16504.537449852643,PLTD Leksula,0.6,PLTD,HSD,True,3.4384999300000003,0.14097901,-3.6288460298023164,126.53320183931693
81.09.06.2005,22,0.2088525240960975,5,0.5434971207019311,0.22727272727272727,9076.0,intermittent,Uneth,Fena Fafan,Buru Selatan,3245.5881018938435,0,Mikro Hidro Kelas C (PLTMH),Uneth,Buru Selatan,144212.3141238267,PLTMH,30.0,Tahalupu,2014,196689.5924995874,GI 150 kV Sirimau (60 MVA),60.0,150 kV,Operasi,25479.028211105604,PLTD Leksula,0.6,PLTD,HSD,True,4.043000220000001,0.16576301000000002,-3.5527723395297843,126.45493914965411
81.09.06.2006,22,0.22077741920435556,5,0.5133619448273314,0.22727272727272727,12048.329411764706,intermittent,Waeraman,Fena Fafan,Buru Selatan,1875.2932999014483,0,Mikro Hidro Kelas A (PLTMH),Waereman,Buru Selatan,142895.2763604014,PLTMH,30.0,Tahalupu,2014,198657.75914643446,GI 150 kV Sirimau (60 MVA),60.0,150 kV,Operasi,35734.551469710525,PLTD Leksula,0.6,PLTD,HSD,True,4.23799992,0.17375800000000002,-3.460141353946586,126.44675975752247
81.09.06.2007,22,0.22050452416889732,5,0.6058717420366224,0.22727272727272727,2383.0,intermittent,Waelo,Fena Fafan,Buru Selatan,6835.971599897519,0,Mikro Hidro Kelas A (PLTMH),Siwatlahin,Buru Selatan,129016.39460003511,PLTMH,30.0,Tahalupu,2014,183616.01831839883,GI 150 kV Sirimau (60 MVA),60.0,150 kV,Operasi,32975.183639320516,PLTD Leksula,0.6,PLTD,HSD,True,4.28350019,0.175624,-3.4872791043030182,126.57991895718907
81.09.06.2008,22,0.21407731362303264,5,0.5710028505561423,0.22727272727272727,4225.611764705882,intermittent,Siwatlahin,Fena Fafan,Buru Selatan,2309.035035731516,0,Mikro Hidro Kelas C (PLTMH),Siwatlahin,Buru Selatan,131992.2092444759,PLTMH,30.0,Tahalupu,2014,184112.93238677285,GI 150 kV Sirimau (60 MVA),60.0,150 kV,Operasi,25710.550315644803,PLTD Leksula,0.6,PLTD,HSD,True,4.146999839999999,0.170027,-3.55184232999706,126.56870686709499
81.09.06.2009,22,0.21529591645237067,5,0.5923613041297981,0.22727272727272727,4489.0,intermittent,Trukat,Fena Fafan,Buru Selatan,7345.36556682124,0,Mikro Hidro Kelas A (PLTMH),Waereman,Buru Selatan,135149.47438574722,PLTMH,30.0,Tahalupu,2014,189894.691060638,GI 150 kV Sirimau (60 MVA),60.0,150 kV,Operasi,32197.20138620934,PLTD Leksula,0.6,PLTD,HSD,True,4.33549976,0.177755,-3.486130023066433,126.5230694717794
81.09.06.2010,22,0.224182249805223,4,0.5926181116555396,0.18181818181818182,4687.0,intermittent,Waeken,Fena Fafan,Buru Selatan,763.2917890958247,0,Mikro Hidro Kelas A (PLTMH),Waeken,Buru Selatan,149629.08052872517,PLTMH,30.0,Tahalupu,2014,198538.03483139593,GI 150 kV Sirimau (60 MVA),60.0,150 kV,Operasi,16084.595380543118,PLTD Leksula,0.6,PLTD,HSD,True,4.52400017,0.18548401,-3.652254417302803,126.43331807153007
81.71.01.1006,22,2.663323730469845,18,0.5865339361129198,0.8181818181818182,207434.32941176477,lit_stable,Nusaniwe,Nusaniwe,Kota Ambon,9328.673618688817,0,Mikro Hidro Kelas A (PLTMH),Laha,Kota Ambon,72753.69980830721,PLTMH,30.0,Tahalupu,2014,7702.14693730053,GI 150 kV Sirimau (IBT 60 MVA),60.0,150 kV,Operasi,7339.4524519577035,PLTD Hative Kecil,7.872,PLTD,"HSD, MFO",True,4.63450003,0.190014,-3.711403420137919,128.156490157025
81.71.01.1007,22,10.375568120932776,19,0.5254090130774914,0.8636363636363636,179374.09411764704,lit_stable,Wainitu,Nusaniwe,Kota Ambon,10774.426503582114,0,Mikro Hidro Kelas A (PLTMH),Laha,Kota Ambon,73193.7275716916,PLTMH,30.0,Tahalupu,2014,5902.131075719281,GI 150 kV Sirimau (IBT 60 MVA),60.0,150 kV,Operasi,5595.631969666224,PLTD Hative Kecil,7.872,PLTD,"HSD, MFO",True,4.589000230000001,0.18814901,-3.703269946584844,128.170930915473
81.71.01.1008,22,3.9882876742001323,19,0.5368895195318982,0.8636363636363636,408842.1176470588,lit_stable,Benteng,Nusaniwe,Kota Ambon,10023.1782945215,0,Mikro Hidro Kelas A (PLTMH),Laha,Kota Ambon,73301.63939734233,PLTMH,30.0,Tahalupu,2014,7097.271136435733,GI 150 kV Sirimau (IBT 60 MVA),60.0,150 kV,Operasi,6962.487096996452,PLTD Hative Kecil,7.872,PLTD,"HSD, MFO",True,4.63450003,0.190014,-3.7124096231553607,128.1626748355976
81.71.01.1009,22,11.428506439259465,19,0.5296282473944592,0.8636363636363636,207432.65882352943,lit_stable,Kudamati,Nusaniwe,Kota Ambon,10857.809712323433,0,Mikro Hidro Kelas A (PLTMH),Laha,Kota Ambon,73526.21259604316,PLTMH,30.0,Tahalupu,2014,6001.662584351835,GI 150 kV Sirimau (IBT 60 MVA),60.0,150 kV,Operasi,5915.149991911303,PLTD Hative Kecil,7.872,PLTD,"HSD, MFO",True,4.589000230000001,0.18814901,-3.70713136018777,128.17122936385115
81.71.01.1010,22,15.859782724041242,19,0.4967158939210031,0.8636363636363636,77639.26274509805,lit_stable,Mangga Dua,Nusaniwe,Kota Ambon,11603.148203301318,0,Mikro Hidro Kelas A (PLTMH),Laha,Kota Ambon,73901.16456084576,PLTMH,30.0,Tahalupu,2014,5189.593679589367,GI 150 kV Sirimau (IBT 60 MVA),60.0,150 kV,Operasi,5289.36717059185,PLTD Hative Kecil,7.872,PLTD,"HSD, MFO",True,4.56949997,0.18734901,-3.7050412135288924,128.17825529816886
81.71.01.1011,22,18.487415519345646,19,0.5048308810535341,0.8636363636363636,67139.4705882353,lit_stable,Urimessing,Nusaniwe,Kota Ambon,11888.99664405348,0,Mikro Hidro Kelas A (PLTMH),Laha,Kota Ambon,74009.5187329967,PLTMH,30.0,Tahalupu,2014,4856.441519024262,GI 150 kV Sirimau (IBT 60 MVA),60.0,150 kV,Operasi,5013.681948752179,PLTD Hative Kecil,7.872,PLTD,"HSD, MFO",True,4.56949997,0.18734901,-3.7037427552198565,128.18097622384872
81.71.01.1012,22,14.012280659368862,18,0.6434056421868254,0.8181818181818182,64914.14509803923,intermittent,Waihaong,Nusaniwe,Kota Ambon,11236.914187475226,0,Mikro Hidro Kelas A (PLTMH),Laha,Kota Ambon,73313.80267224493,PLTMH,30.0,Tahalupu,2014,5349.760199185412,GI 150 kV Sirimau (IBT 60 MVA),60.0,150 kV,Operasi,5050.683146154043,PLTD Hative Kecil,7.872,PLTD,"HSD, MFO",True,4.56949997,0.18734901,-3.700495160359743,128.17534249723664
81.71.01.1013,22,16.176210430776997,18,0.6743551347132446,0.8181818181818182,65575.59215686275,intermittent,Silale,Nusaniwe,Kota Ambon,11373.639644245957,0,Mikro Hidro Kelas A (PLTMH),Laha,Kota Ambon,73284.70820304641,PLTMH,30.0,Tahalupu,2014,5163.412052339997,GI 150 kV Sirimau (IBT 60 MVA),60.0,150 kV,Operasi,4813.133389314104,PLTD Hative Kecil,7.872,PLTD,"HSD, MFO",True,4.53700018,0.18601701,-3.6988216543904393,128.17667424964486
81.71.01.2001,22,1.3237172937974062,16,0.654330184858479,0.7272727272727273,274378.7843137255,intermittent,Latuhalat,Nusaniwe,Kota Ambon,10320.159070635009,0,Mikro Hidro Kelas A (PLTMH),Laha,Kota Ambon,75378.15718232506,PLTMH,30.0,Tahalupu,2014,15953.275977986976,"GI 70 kV Sirimau 
",40.0,70 kV,Operasi,16387.015939366727,PLTD Hative Kecil,7.872,PLTD,"HSD, MFO",True,4.63450003,0.190014,-3.7792708451588712,128.11044560923767
81.71.01.2002,22,0.699587073170411,18,0.5699724133140327,0.8181818181818182,15719.882352941177,lit_stable,Seilale,Nusaniwe,Kota Ambon,9547.633874618192,0,Mikro Hidro Kelas A (PLTMH),Laha,Kota Ambon,74677.03667272623,PLTMH,30.0,Tahalupu,2014,15524.44046772865,"GI 70 kV Sirimau 
",40.0,70 kV,Operasi,15817.63162166933,PLTD Hative Kecil,7.872,PLTD,"HSD, MFO",True,4.63450003,0.190014,-3.7720087846680372,128.1097152923138
81.71.01.2003,22,0.7487329366305846,17,0.5695668772952082,0.7727272727272727,80404.16078431372,lit_stable,Nusaniwe,Nusaniwe,Kota Ambon,10416.83810657902,0,Mikro Hidro Kelas A (PLTMH),Laha,Kota Ambon,75601.52892778319,PLTMH,30.0,Tahalupu,2014,11243.18688408196,"GI 70 kV Sirimau 
",40.0,70 kV,Operasi,11928.137138938175,PLTD Hative Kecil,7.872,PLTD,"HSD, MFO",True,4.57600021,0.18761601000000003,-3.7549519433716894,128.14538055052444
81.71.01.2004,22,1.0486130259017257,19,0.520293692743628,0.8636363636363636,154591.431372549,lit_stable,Amahusu,Nusaniwe,Kota Ambon,9630.462344916714,0,Mikro Hidro Kelas A (PLTMH),Laha,Kota Ambon,74079.43352941879,PLTMH,30.0,Tahalupu,2014,8993.833934409193,GI 150 kV Sirimau (IBT 60 MVA),60.0,150 kV,Operasi,9243.253482981288,PLTD Hative Kecil,7.872,PLTD,"HSD, MFO",True,4.627999780000001,0.189748,-3.730740188268835,128.15278023912
81.71.01.2005,22,1.2457451247253388,19,0.4452652762075138,0.8636363636363636,276105.32549019606,lit_stable,Urimessing,Nusaniwe,Kota Ambon,13138.966291797771,0,Mikro Hidro Kelas A (PLTMH),Laha,Kota Ambon,76634.7087269505,PLTMH,30.0,Tahalupu,2014,6113.006616903456,"GI 70 kV Sirimau 
",40.0,70 kV,Operasi,7642.990635574215,PLTD Hative Kecil,7.872,PLTD,"HSD, MFO",True,4.6085,0.18894801,-3.7310711858217203,128.18665126910585
81.71.02.1010,22,12.796588269757553,19,0.5156760220316741,0.8636363636363636,190132.62745098042,lit_stable,Pandan Kasturi,Sirimau,Kota Ambon,12869.418286485437,0,Mikro Hidro Kelas A (PLTMH),Tulehu,Maluku Tengah,72801.81111559161,PLTMH,30.0,Tahalupu,2014,3538.8791325509546,GI 150 kV Sirimau (60 MVA),60.0,150 kV,Operasi,1705.2927345635608,PLTD Hative Kecil,7.872,PLTD,"HSD, MFO",True,4.42000008,0.18122,-3.675971568009376,128.1928644309751
81.71.02.1011,22,18.061594239303044,18,0.6238551925329807,0.8181818181818182,152861.09411764704,intermittent,Rijali,Sirimau,Kota Ambon,12398.94710548467,0,Mikro Hidro Kelas A (PLTMH),Laha,Kota Ambon,73318.97174182956,PLTMH,30.0,Tahalupu,2014,4012.523930176501,GI 150 kV Sirimau (60 MVA),60.0,150 kV,Operasi,3409.863342399834,PLTD Hative Kecil,7.872,PLTD,"HSD, MFO",True,4.48500013,0.18388499000000003,-3.6899252397552256,128.1859736913204
81.71.02.1012,22,12.178666429153836,18,0.5584075794301232,0.8181818181818182,321050.57254901965,lit_stable,Amantelu,Sirimau,Kota Ambon,13253.3014330404,0,Mikro Hidro Kelas A (PLTMH),Laha,Kota Ambon,73922.43967089934,PLTMH,30.0,Tahalupu,2014,3158.219989968563,GI 150 kV Sirimau (60 MVA),60.0,150 kV,Operasi,3014.24076613675,PLTD Hative Kecil,7.872,PLTD,"HSD, MFO",True,4.465499879999999,0.18308599,-3.6897873703137245,128.19367278248302
81.71.02.1013,22,11.708167775853038,18,0.609979832727127,0.8181818181818182,91768.45882352942,intermittent,Karang Panjang,Sirimau,Kota Ambon,12958.275770804757,0,Mikro Hidro Kelas A (PLTMH),Laha,Kota Ambon,74135.85906321279,PLTMH,30.0,Tahalupu,2014,3517.7483153960616,GI 150 kV Sirimau (IBT 60 MVA),60.0,150 kV,Operasi,3681.9488326461487,PLTD Hative Kecil,7.872,PLTD,"HSD, MFO",True,4.52400017,0.18548401,-3.6952313031098467,128.1910711795361
81.71.02.1014,22,7.159500065950248,18,0.5126415407345506,0.8181818181818182,117634.69411764706,lit_stable,Waihoka,Sirimau,Kota Ambon,13768.722458316293,0,Mikro Hidro Kelas A (PLTMH),Tulehu,Maluku Tengah,74813.7534772583,PLTMH,30.0,Tahalupu,2014,2269.6198320050366,GI 150 kV Sirimau (IBT 60 MVA),60.0,150 kV,Operasi,3160.8144129774664,PLTD Hative Kecil,7.872,PLTD,"HSD, MFO",True,4.504499910000001,0.18468501,-3.6926603023951916,128.2020273661623
81.71.02.1015,22,11.675772146937213,19,0.5777515124682677,0.8636363636363636,169664.80000000002,lit_stable,Batu Meja,Sirimau,Kota Ambon,12883.849411207417,0,Mikro Hidro Kelas A (PLTMH),Laha,Kota Ambon,74476.45088132506,PLTMH,30.0,Tahalupu,2014,3768.755142879986,GI 150 kV Sirimau (IBT 60 MVA),60.0,150 kV,Operasi,4262.443210447614,PLTD Hative Kecil,7.872,PLTD,"HSD, MFO",True,4.563000199999999,0.18708301,-3.7004726797952996,128.19021482365082
81.71.02.1016,22,7.248267995635927,19,0.5607528781552994,0.8636363636363636,134349.56470588234,lit_stable,Batu Gajah,Sirimau,Kota Ambon,12702.935980134278,0,Mikro Hidro Kelas A (PLTMH),Laha,Kota Ambon,74883.5453295062,PLTMH,30.0,Tahalupu,2014,4352.865357158101,GI 150 kV Sirimau (IBT 60 MVA),60.0,150 kV,Operasi,5135.378731939059,PLTD Hative Kecil,7.872,PLTD,"HSD, MFO",True,4.563000199999999,0.18708301,-3.7079761737895276,128.18788970190695
81.71.02.1017,22,28.631279743358654,18,0.6272845071804909,0.8181818181818182,168000.45490196077,intermittent,Uritetu,Sirimau,Kota Ambon,12148.819427188571,0,Mikro Hidro Kelas A (PLTMH),Laha,Kota Ambon,73424.24604762731,PLTMH,30.0,Tahalupu,2014,4285.369711615159,GI 150 kV Sirimau (IBT 60 MVA),60.0,150 kV,Operasi,3875.7408699008065,PLTD Hative Kecil,7.872,PLTD,"HSD, MFO",True,4.52400017,0.18548401,-3.6935028274873654,128.18378538850592
81.71.02.1018,22,22.040137270375304,19,0.5792116603908019,0.8636363636363636,177148.2039215686,lit_stable,Honipopu,Sirimau,Kota Ambon,11618.673121388507,0,Mikro Hidro Kelas A (PLTMH),Laha,Kota Ambon,73211.12846283635,PLTMH,30.0,Tahalupu,2014,4844.280734385781,GI 150 kV Sirimau (IBT 60 MVA),60.0,150 kV,Operasi,4371.8028200690605,PLTD Hative Kecil,7.872,PLTD,"HSD, MFO",True,4.53700018,0.18601701,-3.6955946972210083,128.17899191270828
81.71.02.1019,22,28.114799241950045,18,0.5696581047629289,0.8181818181818182,116107.36078431376,lit_stable,Ahusen,Sirimau,Kota Ambon,12050.93712513789,0,Mikro Hidro Kelas A (PLTMH),Laha,Kota Ambon,73819.20914921687,PLTMH,30.0,Tahalupu,2014,4529.053242382267,GI 150 kV Sirimau (IBT 60 MVA),60.0,150 kV,Operasi,4513.833122801332,PLTD Hative Kecil,7.872,PLTD,"HSD, MFO",True,4.56949997,0.18734901,-3.699581086209303,128.18274685938854
81.71.02.2001,22,9.095348771912102,19,0.483228257969227,0.8636363636363636,459175.2666666667,lit_stable,Hative Kecil,Sirimau,Kota Ambon,11860.097136703502,0,Mikro Hidro Kelas A (PLTMH),Tulehu,Maluku Tengah,73280.77901820753,PLTMH,30.0,Tahalupu,2014,2867.9302546415693,GI 150 kV Sirimau (60 MVA),60.0,150 kV,Operasi,863.0436588856879,PLTD Hative Kecil,7.872,PLTD,"HSD, MFO",True,4.34200001,0.178022,-3.671996188678734,128.20238537142302
81.71.02.2002,22,10.353076824775108,19,0.527007962470106,0.8636363636363636,39793.890196078435,lit_stable,Galala,Sirimau,Kota Ambon,11455.627875137121,0,Mikro Hidro Kelas A (PLTMH),Tulehu,Maluku Tengah,72612.74909462438,PLTMH,30.0,Tahalupu,2014,3546.121110798587,GI 150 kV Sirimau (60 MVA),60.0,150 kV,Operasi,306.36760221402415,PLTD Sewa Wika,10.0,PLTD,HSD,True,4.3744998,0.179354,-3.6654737312510357,128.20017097652178
81.71.02.2003,22,5.636509372670659,18,0.5575475039135449,0.8181818181818182,1354167.5098039214,lit_stable,Batu Merah,Sirimau,Kota Ambon,12022.265814880326,0,Mikro Hidro Kelas A (PLTMH),Tulehu,Maluku Tengah,75125.6413791597,PLTMH,30.0,Tahalupu,2014,1021.8698303738746,GI 150 kV Sirimau (60 MVA),60.0,150 kV,Operasi,2453.599065689792,PLTD Hative Kecil,7.872,PLTD,"HSD, MFO",True,4.43300009,0.18175299,-3.6823256114763168,128.21544026876504
81.71.02.2009,22,1.5306343310675317,19,0.5185662513193745,0.8636363636363636,273128.74901960784,lit_stable,Soya,Sirimau,Kota Ambon,13674.847250596918,0,Mikro Hidro Kelas A (PLTMH),Tulehu,Maluku Tengah,77356.92132449445,PLTMH,30.0,Tahalupu,2014,1509.1325290091395,"GI 70 kV Sirimau 
",40.0,70 kV,Operasi,4882.578562989304,PLTD Hative Kecil,7.872,PLTD,"HSD, MFO",True,4.54349995,0.18628301,-3.702691352019285,128.22402167437764
81.71.03.1018,22,3.9836985521093204,19,0.4930952597917798,0.8636363636363636,302510.27058823535,lit_stable,Lateri,Baguala,Kota Ambon,7177.084037389129,0,Mikro Hidro Kelas A (PLTMH),Tulehu,Maluku Tengah,74980.11844521336,PLTMH,30.0,Tahalupu,2014,4098.737011579314,GIS 150 kV Passo,0.0,150 kV,Operasi,4868.656518120169,PLTD Hative Kecil,7.872,PLTD,"HSD, MFO",True,4.40700006,0.18068700000000001,-3.647409933772791,128.2432688435636
81.71.03.2001,22,1.6437444355261523,19,0.5072468956388176,0.8636363636363636,795221.9921568629,lit_stable,Passo,Baguala,Kota Ambon,3149.523466976255,0,Mikro Hidro Kelas A (PLTMH),Tulehu,Maluku Tengah,73253.01396183699,PLTMH,30.0,Tahalupu,2014,1313.5103922024973,"GI 70/20 kV Passo 
",40.0,70 kV,Operasi,7531.997975155775,PLTD Nagata Bisma Shakti,0.0,PLTD,HSD B30,True,4.47849989,0.18361899,-3.6107316084816174,128.2513437318849
81.71.03.2002,22,2.252991998013983,19,0.4806727879809802,0.8636363636363636,399730.25098039216,lit_stable,Halong,Baguala,Kota Ambon,9387.038704522058,0,Mikro Hidro Kelas A (PLTMH),Tulehu,Maluku Tengah,75482.42941739144,PLTMH,30.0,Tahalupu,2014,2940.1990687314355,GI 150 kV Sirimau (60 MVA),60.0,150 kV,Operasi,3526.491565517676,PLTD Hative Kecil,7.872,PLTD,"HSD, MFO",True,4.31599998,0.176956,-3.665301607706163,128.2345288107833
81.71.03.2003,22,3.51335192106332,18,0.5643253078015005,0.8181818181818182,84514.12941176472,lit_stable,Latta,Baguala,Kota Ambon,8486.47556915896,0,Mikro Hidro Kelas A (PLTMH),Tulehu,Maluku Tengah,74466.22844129607,PLTMH,30.0,Tahalupu,2014,3904.928341456163,GI 150 kV Sirimau (60 MVA),60.0,150 kV,Operasi,3344.394871969963,PLTD Hative Kecil,7.872,PLTD,"HSD, MFO",True,4.34200001,0.178022,-3.6547807881995733,128.23137468344754
81.71.03.2004,22,1.2823290269348462,18,0.5739433718554128,0.8181818181818182,120825.76862745098,lit_stable,Negeri Lama,Baguala,Kota Ambon,4520.263682493871,0,Mikro Hidro Kelas A (PLTMH),Tulehu,Maluku Tengah,72007.3407820037,PLTMH,30.0,Tahalupu,2014,2928.1062689603236,"GI 70/20 kV Passo 
",40.0,70 kV,Operasi,5968.930326763529,PLTD Nagata Bisma Shakti,0.0,PLTD,HSD B30,True,4.42649984,0.181486,-3.612907939070962,128.2359276595723
81.71.03.2005,22,2.4320486857504804,19,0.5199356616565657,0.8636363636363636,125521.14509803921,lit_stable,Nania,Baguala,Kota Ambon,5367.838124333781,0,Mikro Hidro Kelas A (PLTMH),Tulehu,Maluku Tengah,71796.30016448132,PLTMH,30.0,Tahalupu,2014,3581.975614084028,"GI 70/20 kV Passo 
",40.0,70 kV,Operasi,5122.1405720946395,PLTD Nagata Bisma Shakti,0.0,PLTD,HSD B30,True,4.42649984,0.181486,-3.6177016347250714,128.22998885718252
81.71.03.2006,22,3.1235512241466745,19,0.5483078545766437,0.8636363636363636,398771.9098039215,lit_stable,Waiheru,Baguala,Kota Ambon,6545.904863741701,0,Mikro Hidro Kelas A (PLTMH),Tulehu,Maluku Tengah,71318.53366090936,PLTMH,30.0,Tahalupu,2014,4688.711511096034,"GI 70/20 kV Passo 
",40.0,70 kV,Operasi,3943.3290396558505,PLTD Nagata Bisma Shakti,0.0,PLTD,HSD B30,True,4.43949986,0.182019,-3.622890639639029,128.22059828979272
81.71.04.1008,22,6.106981379871673,19,0.5235904466723912,0.8636363636363636,71713.77647058823,lit_stable,Tihu,Teluk Ambon,Kota Ambon,11303.351581711602,0,Mikro Hidro Kelas A (PLTMH),Tulehu,Maluku Tengah,70569.04244007583,PLTMH,30.0,Tahalupu,2014,5610.607280185337,GI 150 kV Sirimau (60 MVA),60.0,150 kV,Operasi,758.1881463362273,PLTD PT. Kertabumi Teknindo Unit 4 Poka Ambon qq PT. PLN (Persero) Unit Induk Wilayah Maluku dan Maluku Utara Unit Pelaksana Pembangkitan Maluku,0.0,PLTD,Solar,True,4.42000008,0.18122,-3.6511449853040228,128.18830007374
81.71.04.2001,22,1.9038486120777938,18,0.5910271278150135,0.8181818181818182,96821.9725490196,lit_stable,Hunuth/Durian Patah,Teluk Ambon,Kota Ambon,8894.696490484797,0,Mikro Hidro Kelas A (PLTMH),Tulehu,Maluku Tengah,70303.61303155623,PLTMH,30.0,Tahalupu,2014,6678.687212935475,GI 150 kV Sirimau (60 MVA),60.0,150 kV,Operasi,1697.477525506637,PLTD Nagata Bisma Shakti,0.0,PLTD,HSD B30,True,4.42000008,0.18122,-3.6322872277245555,128.20134193228972
81.71.04.2002,22,3.5376816073576,19,0.45246640248284653,0.8636363636363636,207066.17254901963,lit_stable,Poka,Teluk Ambon,Kota Ambon,10371.859460685644,0,Mikro Hidro Kelas A (PLTMH),Tulehu,Maluku Tengah,70504.727924694,PLTMH,30.0,Tahalupu,2014,5865.013704512328,GI 150 kV Sirimau (60 MVA),60.0,150 kV,Operasi,116.27703359800266,PLTD Nagata Bisma Shakti,0.0,PLTD,HSD B30,False,,,-3.644267152166299,128.1935697194146
81.71.04.2003,22,3.071591769881106,19,0.5117835509122437,0.8636363636363636,416778.25882352935,lit_stable,Rumah Tiga,Teluk Ambon,Kota Ambon,12027.93150619278,0,Mikro Hidro Kelas A (PLTMH),Tulehu,Maluku Tengah,69703.55271999522,PLTMH,30.0,Tahalupu,2014,6443.623963482878,GI 150 kV Sirimau (60 MVA),60.0,150 kV,Operasi,1447.1285852807882,PLTD PT. Kertabumi Teknindo Unit 4 Poka Ambon qq PT. PLN (Persero) Unit Induk Wilayah Maluku dan Maluku Utara Unit Pelaksana Pembangkitan Maluku,0.0,PLTD,Solar,True,4.43949986,0.182019,-3.649734535303418,128.17909511485223
81.71.04.2004,22,4.252529398666319,19,0.5358206680320041,0.8636363636363636,245194.56470588237,lit_stable,Wayame,Teluk Ambon,Kota Ambon,10858.936155027524,0,Mikro Hidro Kelas A (PLTMH),Laha,Kota Ambon,69002.11145776417,PLTMH,30.0,Tahalupu,2014,7338.191606105464,GI 150 kV Sirimau (60 MVA),60.0,150 kV,Operasi,3204.5753583879873,PLTD PT. Kertabumi Teknindo Unit 4 Poka Ambon qq PT. PLN (Persero) Unit Induk Wilayah Maluku dan Maluku Utara Unit Pelaksana Pembangkitan Maluku,0.0,PLTD,Solar,True,4.48500013,0.18388499000000003,-3.6560989308811838,128.1645920277121
81.71.04.2005,22,0.7764388209095252,18,0.49377471202996753,0.8181818181818182,230946.74509803922,lit_stable,Tawiri,Teluk Ambon,Kota Ambon,3340.7597504188975,0,Mikro Hidro Kelas A (PLTMH),Laha,Kota Ambon,65670.76475749536,PLTMH,30.0,Tahalupu,2014,13693.524119543934,GI 150 kV Sirimau (60 MVA),60.0,150 kV,Operasi,10807.428531873164,PLTD PT. Kertabumi Teknindo Unit 4 Poka Ambon qq PT. PLN (Persero) Unit Induk Wilayah Maluku dan Maluku Utara Unit Pelaksana Pembangkitan Maluku,0.0,PLTD,Solar,True,4.6085,0.18894801,-3.6769620135885797,128.0992662725367
81.71.04.2006,22,0.7097073276719386,18,0.4723454906087437,0.8181818181818182,179835.9294117647,lit_stable,Hative Besar,Teluk Ambon,Kota Ambon,7343.528944974601,0,Mikro Hidro Kelas A (PLTMH),Laha,Kota Ambon,66781.32388710575,PLTMH,30.0,Tahalupu,2014,10495.905084119879,GI 150 kV Sirimau (60 MVA),60.0,150 kV,Operasi,6838.680781123612,PLTD PT. Kertabumi Teknindo Unit 4 Poka Ambon qq PT. PLN (Persero) Unit Induk Wilayah Maluku dan Maluku Utara Unit Pelaksana Pembangkitan Maluku,0.0,PLTD,Solar,True,4.54349995,0.18628301,-3.660898867855049,128.1317088099424
81.71.04.2007,22,1.0482077818031832,18,0.5080682593309583,0.8181818181818182,289860.2313725491,lit_stable,Laha,Teluk Ambon,Kota Ambon,997.6301320445564,0,Mikro Hidro Kelas A (PLTMH),Laha,Kota Ambon,66102.91018464096,PLTMH,30.0,Tahalupu,2014,15436.525535572326,GI 150 kV Sirimau (60 MVA),60.0,150 kV,Operasi,13233.66805178398,PLTD PT. Kertabumi Teknindo Unit 4 Poka Ambon qq PT. PLN (Persero) Unit Induk Wilayah Maluku dan Maluku Utara Unit Pelaksana Pembangkitan Maluku,0.0,PLTD,Solar,True,4.627999780000001,0.189748,-3.6952957464002743,128.08315818167065
81.71.05.2001,22,0.434014592038247,17,0.5965248684999687,0.7727272727272727,11774.0,lit_stable,Hukurila,Leitimur Selatan,Kota Ambon,15220.198282859978,0,Mikro Hidro Kelas A (PLTMH),Tulehu,Maluku Tengah,80895.22326010038,PLTMH,30.0,Tahalupu,2014,4841.26373821697,GI 150 kV Sirimau,0.0,150 kV,Operasi,8366.464642696073,PLTD Hative Kecil,7.872,PLTD,"HSD, MFO",True,4.62150002,0.18948101,-3.725988265958038,128.24585561946782
81.71.05.2002,22,0.7635242334196397,17,0.6206115376991722,0.7727272727272727,18392.0,intermittent,Ema,Leitimur Selatan,Kota Ambon,16223.915802278536,0,Mikro Hidro Kelas A (PLTMH),Tulehu,Maluku Tengah,80242.29485332989,PLTMH,30.0,Tahalupu,2014,4820.821135876378,GI 150 kV Sirimau,0.0,150 kV,Operasi,8165.089075874907,PLTD Hative Kecil,7.872,PLTD,"HSD, MFO",True,4.614999770000001,0.189215,-3.7313563157549394,128.2326278640797
81.71.05.2003,22,0.5140127614061276,16,0.5551328436661774,0.7272727272727273,14389.0,intermittent,Kilang,Leitimur Selatan,Kota Ambon,16951.00231307615,0,Mikro Hidro Kelas A (PLTMH),Tulehu,Maluku Tengah,80308.65010775554,PLTMH,30.0,Tahalupu,2014,5321.374734401902,"GI 70 kV Sirimau 
",40.0,70 kV,Operasi,8539.28656347894,PLTD Hative Kecil,7.872,PLTD,"HSD, MFO",True,4.614999770000001,0.189215,-3.7367193805480152,128.22821476113415
81.71.05.2004,22,0.46882292461279346,17,0.48569521428799567,0.7727272727272727,9589.133333333333,lit_stable,Naku,Leitimur Selatan,Kota Ambon,16448.388448984246,0,Mikro Hidro Kelas A (PLTMH),Laha,Kota Ambon,79376.89169078112,PLTMH,30.0,Tahalupu,2014,5360.396068304961,"GI 70 kV Sirimau 
",40.0,70 kV,Operasi,8224.78624907524,PLTD Hative Kecil,7.872,PLTD,"HSD, MFO",True,4.614999770000001,0.189215,-3.7370126791595646,128.21605660411493
81.71.05.2005,22,0.7203681493458682,19,0.4735547490127064,0.8636363636363636,8538.0,lit_stable,Hatalai,Leitimur Selatan,Kota Ambon,15817.048370957118,0,Mikro Hidro Kelas A (PLTMH),Laha,Kota Ambon,78207.90765249537,PLTMH,30.0,Tahalupu,2014,4078.1783012359238,"GI 70 kV Sirimau 
",40.0,70 kV,Operasi,6835.071912676516,PLTD Hative Kecil,7.872,PLTD,"HSD, MFO",True,4.614999770000001,0.189215,-3.724788389190908,128.21341217078123
81.71.05.2006,22,0.592191419336844,18,0.45150384934679827,0.8181818181818182,96046.22352941176,lit_stable,Hutumury,Leitimur Selatan,Kota Ambon,8966.900230014911,0,Mikro Hidro Kelas A (PLTMH),Tulehu,Maluku Tengah,79713.78804137747,PLTMH,30.0,Tahalupu,2014,6204.781151799977,GI 150 kV Sirimau,0.0,150 kV,Operasi,8246.947616174184,PLTD Hative Kecil,7.872,PLTD,"HSD, MFO",True,4.51100016,0.18495101,-3.674217624440843,128.276410876237
81.71.05.2007,22,0.6386306810123807,19,0.4778214818469541,0.8636363636363636,23599.74117647059,lit_stable,Rutong,Leitimur Selatan,Kota Ambon,11921.304971272542,0,Mikro Hidro Kelas A (PLTMH),Tulehu,Maluku Tengah,80221.87626233487,PLTMH,30.0,Tahalupu,2014,4490.59440116992,GI 150 kV Sirimau,0.0,150 kV,Operasi,7611.060305254721,PLTD Hative Kecil,7.872,PLTD,"HSD, MFO",True,4.57600021,0.18761601000000003,-3.699167133184306,128.2617571685619
81.71.05.2008,22,0.5152401324325961,18,0.511966560852392,0.8181818181818182,15723.0,lit_stable,Leahari,Leitimur Selatan,Kota Ambon,13312.470558818093,0,Mikro Hidro Kelas A (PLTMH),Tulehu,Maluku Tengah,80691.40037210064,PLTMH,30.0,Tahalupu,2014,4531.17735241754,GI 150 kV Sirimau,0.0,150 kV,Operasi,7955.575491015185,PLTD Hative Kecil,7.872,PLTD,"HSD, MFO",True,4.614999770000001,0.189215,-3.7109965682117076,128.257037074474
81.72.01.2001,22,1.225750243757786,15,0.7707444575900967,0.6818181818181818,247955.4705882353,intermittent,Fiditan,Pulau Dullah Utara,Kota Tual,47749.32062146587,0,Mikro Hidro Kelas A (PLTMH),Langgiar Haar,Maluku Tenggara,46954.521319401676,PLTS Terpusat,30.0,Kaimer,2016,535498.0370477133,GI 150 kV PLTMG Sorong,0.0,150 kV,Operasi,4000.190169495984,PLTMG Langgur,23.836,PLTMG,Gas,True,4.43949986,0.182019,-5.590948523317376,132.76829693120973
81.72.01.2002,22,0.753842231640409,16,0.7978408495182299,0.7272727272727273,45524.97254901961,intermittent,Ngadi,Pulau Dullah Utara,Kota Tual,45993.08259635632,0,Mikro Hidro Kelas A (PLTMH),Langgiar Haar,Maluku Tenggara,47778.80952203274,PLTS Terpusat,30.0,Kaimer,2016,533893.0477660601,GI 150 kV PLTMG Sorong,0.0,150 kV,Operasi,2042.0191792391918,PLTMG Langgur,23.836,PLTMG,Gas,True,4.504499910000001,0.18468501,-5.573050058595345,132.7763344635328
81.72.01.2003,22,0.6845521654193032,15,0.6954376192712416,0.6818181818181818,64935.7450980392,intermittent,Dullah,Pulau Dullah Utara,Kota Tual,45261.16464593555,0,Mikro Hidro Kelas A (PLTMH),Langgiar Haar,Maluku Tenggara,48044.45427855891,PLTS Terpusat,30.0,Kaimer,2016,532982.9049753768,GI 150 kV PLTMG Sorong,0.0,150 kV,Operasi,1190.7507915097067,PLTMG Langgur,23.836,PLTMG,Gas,True,4.54349995,0.18628301,-5.5636072144829996,132.77873799612962
81.72.01.2004,22,0.745094666317318,16,0.6816989192659101,0.7272727272727273,31642.92156862745,intermittent,Labetawi,Pulau Dullah Utara,Kota Tual,43896.82085349217,0,Mikro Hidro Kelas A (PLTMH),Langgiar Haar,Maluku Tenggara,48781.80892490148,PLTS Terpusat,30.0,Kaimer,2016,531648.4328678692,GI 150 kV PLTMG Sorong,0.0,150 kV,Operasi,1591.4970403905454,PLTMG Langgur,23.836,PLTMG,Gas,True,4.56949997,0.18734901,-5.548826847170712,132.784995278223
81.72.01.2005,22,0.47964237503425866,17,0.6052489089305535,0.7727272727272727,46260.7137254902,intermittent,Tamedan,Pulau Dullah Utara,Kota Tual,42205.04491033742,0,Mikro Hidro Kelas A (PLTMH),Langgiar Haar,Maluku Tenggara,49933.555898083585,PLTS Terpusat,30.0,Kaimer,2016,530351.7929434762,GI 150 kV PLTMG Sorong,0.0,150 kV,Operasi,3471.0740105806262,PLTMG Langgur,23.836,PLTMG,Gas,True,4.5954999899999995,0.18841501000000002,-5.53328437604613,132.79446603290947
81.72.01.2006,22,0.39045694589891083,15,0.7140365128546574,0.6818181818181818,37075.909803921575,intermittent,Ohoitahit,Pulau Dullah Utara,Kota Tual,43405.73725473576,0,Mikro Hidro Kelas A (PLTMH),Langgiar Haar,Maluku Tenggara,50827.54985612113,PLTS Terpusat,30.0,Kaimer,2016,534980.349724685,GI 150 kV PLTMG Sorong,0.0,150 kV,Operasi,4096.02040518722,PLTMG Langgur,23.836,PLTMG,Gas,True,4.57600021,0.18761601000000003,-5.574078202935201,132.80387220783714
81.72.01.2007,22,0.9472088776069088,14,0.7141202247062886,0.6363636363636364,146323.87450980395,intermittent,Ohoitel,Pulau Dullah Utara,Kota Tual,48472.553071378985,0,Mikro Hidro Kelas A (PLTMH),Langgiar Haar,Maluku Tenggara,50125.05980027461,PLTS Terpusat,30.0,Kaimer,2016,541290.8891713532,GI 150 kV PLTMG Sorong,0.0,150 kV,Operasi,6892.345616396471,PLTD Langgur Caterpillar Unit 4,0.0,PLTD,HSD B30,True,4.6085,0.18894801,-5.637959228305544,132.79210655845222
81.72.01.2008,22,0.2510026510187274,4,0.6492988586382837,0.18181818181818182,48000.192156862744,intermittent,Dullah Laut,Pulau Dullah Utara,Kota Tual,48501.41983844605,0,Mikro Hidro Kelas A (PLTMH),Langgiar Haar,Maluku Tenggara,42631.59876306986,PLTS Terpusat,30.0,Kaimer,2016,526148.4194276378,GI 150 kV PLTMG Sorong,0.0,150 kV,Operasi,6668.12089632928,PLTMG Langgur,23.836,PLTMG,Gas,False,,,-5.516218028147639,132.72630189695965
81.72.02.1003,22,8.405606742410672,17,0.6940179388821973,0.7727272727272727,193683.6549019608,intermittent,Ketsoblak,Pulau Dullah Selatan,Kota Tual,52547.006298916334,0,Mikro Hidro Kelas A (PLTMH),Langgiar Haar,Maluku Tenggara,45417.410372121456,PLTS Terpusat,30.0,Kaimer,2016,540046.2401115984,GI 150 kV PLTMG Sorong,0.0,150 kV,Operasi,3279.456237502869,PLTD Langgur Caterpillar Unit 4,0.0,PLTD,HSD B30,True,4.5954999899999995,0.18841501000000002,-5.640483968745509,132.74854181388852
81.72.02.1004,22,7.961807798817541,15,0.7453985767503394,0.6818181818181818,154161.36078431376,intermittent,Masrum,Pulau Dullah Selatan,Kota Tual,51921.336470477756,0,Mikro Hidro Kelas A (PLTMH),Langgiar Haar,Maluku Tenggara,45021.10389966633,PLTS Terpusat,30.0,Kaimer,2016,538672.3966669742,GI 150 kV PLTMG Sorong,0.0,150 kV,Operasi,4555.205787758365,PLTD Langgur Caterpillar Unit 4,0.0,PLTD,HSD B30,True,4.55649996,0.18681601000000003,-5.627996988307163,132.74697808862177
81.72.02.1005,22,7.989817358217911,16,0.743933649220339,0.7272727272727273,250943.9686274509,intermittent,Lodar El,Pulau Dullah Selatan,Kota Tual,51751.20748970696,0,Mikro Hidro Kelas A (PLTMH),Langgiar Haar,Maluku Tenggara,45627.012114432226,PLTS Terpusat,30.0,Kaimer,2016,539317.2590093216,GI 150 kV PLTMG Sorong,0.0,150 kV,Operasi,4235.6180218939135,PLTD Langgur Caterpillar Unit 4,0.0,PLTD,HSD B30,True,4.5954999899999995,0.18841501000000002,-5.632526282285933,132.7518167984164
81.72.02.2001,22,2.1237930244225973,16,0.7184992841155317,0.7272727272727273,394322.51764705894,intermittent,Tual,Pulau Dullah Selatan,Kota Tual,52312.61499160418,0,Mikro Hidro Kelas A (PLTMH),Langgiar Haar,Maluku Tenggara,42920.98563301319,PLTS Terpusat,30.0,Kaimer,2016,535965.2549221165,GI 150 kV PLTMG Sorong,0.0,150 kV,Operasi,6731.970991594459,PLTD Langgur Caterpillar Unit 4,0.0,PLTD,HSD B30,False,,,-5.607750409827439,132.73042190538013
81.72.02.2002,22,1.2832023500327967,16,0.6910203409293243,0.7272727272727273,304443.1294117647,intermittent,Taar,Pulau Dullah Selatan,Kota Tual,51283.28726394497,0,Mikro Hidro Kelas A (PLTMH),Langgiar Haar,Maluku Tenggara,48436.126519665944,PLTS Terpusat,30.0,Kaimer,2016,542470.2813769379,GI 150 kV PLTMG Sorong,0.0,150 kV,Operasi,4211.861669220786,PLTD Langgur Caterpillar Unit 4,0.0,PLTD,HSD B30,True,4.62150002,0.18948101,-5.655302311716111,132.77345986900826
81.72.03.2001,22,0.2402144377823946,4,0.6192986362631516,0.18181818181818182,15366.431372549021,intermittent,Tam Ngurhir,Tayando Tam,Kota Tual,91726.28445054215,0,Mikro Hidro Kelas A (PLTMH),Langgiar Haar,Maluku Tenggara,1279.5676743038523,PLTS Terpusat,30.0,Kaimer,2016,496490.74888541555,GI 150 kV PLTMG Ambon Peaker,0.0,150 kV,Operasi,2423.328543595978,PLTS Kur,0.1,PLTS,Surya,True,4.66699982,0.191347,-5.563574913420556,132.33398031110715
81.72.03.2002,22,0.24278133841293764,3,0.6570750549199887,0.13636363636363635,7565.498039215687,dark_settled,Tayando Langgiar,Tayando Tam,Kota Tual,88650.09919567323,0,Mikro Hidro Kelas A (PLTMH),Langgiar Haar,Maluku Tenggara,2163.0504133999843,PLTS Terpusat,30.0,Kaimer,2016,498879.11044812435,GI 150 kV PLTMG Ambon Peaker,0.0,150 kV,Operasi,4956.126198481287,PLTS Kur,0.1,PLTS,Surya,True,4.66699982,0.191347,-5.557565101503215,132.36111446621575
81.72.03.2003,22,0.21759994752080594,5,0.534699881327497,0.22727272727272727,8687.517647058823,intermittent,Tayando Yamtel,Tayando Tam,Kota Tual,112322.5178125133,0,Mikro Hidro Kelas A (PLTMH),Langgiar Haar,Maluku Tenggara,25198.014954794973,PLTS Terpusat,30.0,Kaimer,2016,491896.8164670523,GI 150 kV PLTMG Ambon Peaker,0.0,150 kV,Operasi,24956.39982414368,PLTS Kur,0.1,PLTS,Surya,True,4.627999780000001,0.189748,-5.737697725797164,132.19368566381968
81.72.03.2004,22,0.25551613501624304,7,0.5828423241526145,0.3181818181818182,54011.819607843136,intermittent,Tayando Ohoiel,Tayando Tam,Kota Tual,97383.96109536556,0,Mikro Hidro Kelas A (PLTMH),Langgiar Haar,Maluku Tenggara,7672.231811107752,PLTS Terpusat,30.0,Kaimer,2016,495305.52253594814,GI 150 kV PLTMG Ambon Peaker,0.0,150 kV,Operasi,7773.257495546371,PLTS Kur,0.1,PLTS,Surya,True,4.66050005,0.19108,-5.616163785830815,132.2949663465063
81.72.03.2005,22,0.2460198273370778,5,0.620098576181691,0.22727272727272727,5143.5568627450975,intermittent,Tayando Yamru,Tayando Tam,Kota Tual,92410.8257772095,0,Mikro Hidro Kelas A (PLTMH),Langgiar Haar,Maluku Tenggara,4425.953995161492,PLTS Terpusat,30.0,Kaimer,2016,493867.4939013478,GI 150 kV PLTMG Ambon Peaker,0.0,150 kV,Operasi,1662.6250086305363,PLTS Kur,0.1,PLTS,Surya,True,4.66699982,0.191347,-5.535535035223871,132.3215470101845
81.72.04.2001,22,0.2725865861144966,9,0.6129813908131955,0.4090909090909091,7975.64705882353,intermittent,Tubyal,Pulau-Pulau Kur,Kota Tual,125596.99228088323,0,Mikro Hidro Kelas A (PLTMH),Langgiar Haar,Maluku Tenggara,45958.82465055643,PLTS Terpusat,30.0,Kaimer,2016,452420.39975381317,GI 150 kV PLTMG Ambon Peaker,0.0,150 kV,Operasi,1772.0735261026514,PLTD Kur,0.6,PLTD,HSD,True,4.66699982,0.191347,-5.327633571942611,132.00689955494855
81.72.04.2002,22,0.21058181801528641,7,0.5180772628102233,0.3181818181818182,5715.254901960784,intermittent,Kaimear,Pulau-Pulau Kur,Kota Tual,126528.50239037226,0,Mikro Hidro Kelas A (PLTMH),Langgiar Haar,Maluku Tenggara,57761.15522389266,PLTS Terpusat,30.0,Kaimer,2016,445852.54518571304,GI 150 kV PLTMG Ambon Peaker,0.0,150 kV,Operasi,16712.255154947496,PLTD Kur,0.6,PLTD,HSD,True,4.686500069999999,0.192147,-5.163474566899397,132.01736662990345
81.72.04.2004,22,0.2942479677046561,11,0.6428868831745252,0.5,16959.607843137255,intermittent,Lokwirin,Pulau-Pulau Kur,Kota Tual,125314.5373561829,0,Mikro Hidro Kelas A (PLTMH),Langgiar Haar,Maluku Tenggara,46776.525211994536,PLTS Terpusat,30.0,Kaimer,2016,451947.625956134,GI 150 kV PLTMG Ambon Peaker,0.0,150 kV,Operasi,1068.344682605372,PLTD Kur,0.6,PLTD,HSD,True,4.673500059999999,0.19161300000000003,-5.310780733351964,132.01028816644418
81.72.04.2005,22,0.29421479191299604,12,0.5938517427864871,0.5454545454545454,1560.686274509804,data_gap,Finualen,Pulau-Pulau Kur,Kota Tual,124969.44944845876,0,Mikro Hidro Kelas A (PLTMH),Langgiar Haar,Maluku Tenggara,45902.3390163098,PLTS Terpusat,30.0,Kaimer,2016,452667.52746907476,GI 150 kV PLTMG Ambon Peaker,0.0,150 kV,Operasi,1569.6952332647913,PLTD Kur,0.6,PLTD,HSD,True,4.66699982,0.191347,-5.320334472424791,132.01290405926386
81.72.04.2012,22,0.34148824255787047,14,0.685917546399627,0.6363636363636364,22829.560784313726,intermittent,Sermaf,Pulau-Pulau Kur,Kota Tual,128097.6818756864,0,Mikro Hidro Kelas A (PLTMH),Langgiar Haar,Maluku Tenggara,48428.09840438402,PLTS Terpusat,30.0,Kaimer,2016,449857.5054179026,GI 150 kV PLTMG Ambon Peaker,0.0,150 kV,Operasi,1995.3545318892993,PLTD Kur,0.6,PLTD,HSD,True,4.66699982,0.191347,-5.320598697834005,131.98460454890107
81.72.05.2001,22,0.2712377579017785,8,0.6034011734158488,0.36363636363636365,2987.2156862745096,intermittent,Kanara,Kur Selatan,Kota Tual,126864.75198531745,0,Mikro Hidro Kelas A (PLTMH),Langgiar Haar,Maluku Tenggara,46704.357443081746,PLTS Terpusat,30.0,Kaimer,2016,451497.9779516283,GI 150 kV PLTMG Ambon Peaker,0.0,150 kV,Operasi,2276.987260833731,PLTD Kur,0.6,PLTD,HSD,True,4.66699982,0.191347,-5.332567565128555,131.99524477927633
81.72.05.2002,22,0.2547381603662541,7,0.5827346416454053,0.3181818181818182,12299.41568627451,intermittent,Warkar,Kur Selatan,Kota Tual,127744.13984681034,0,Mikro Hidro Kelas A (PLTMH),Langgiar Haar,Maluku Tenggara,46880.71651698516,PLTS Terpusat,30.0,Kaimer,2016,451145.8430022536,GI 150 kV PLTMG Ambon Peaker,0.0,150 kV,Operasi,3607.8690049282764,PLTD Kur,0.6,PLTD,HSD,True,4.66699982,0.191347,-5.342222560961431,131.98698064000348
81.72.05.2003,22,0.26027847139555893,8,0.5800234996968658,0.36363636363636365,6609.490196078432,intermittent,Yapas,Kur Selatan,Kota Tual,127565.74143982574,0,Mikro Hidro Kelas A (PLTMH),Langgiar Haar,Maluku Tenggara,46130.72124274828,PLTS Terpusat,30.0,Kaimer,2016,451800.43903723574,GI 150 kV PLTMG Ambon Peaker,0.0,150 kV,Operasi,4654.87444681312,PLTD Kur,0.6,PLTD,HSD,True,4.66699982,0.191347,-5.3528308703835625,131.98833937538
81.72.05.2004,22,0.26506528704437404,6,0.5708928899298675,0.2727272727272727,9014.976470588235,intermittent,Rumoin,Kur Selatan,Kota Tual,127629.51852516721,0,Mikro Hidro Kelas A (PLTMH),Langgiar Haar,Maluku Tenggara,45567.782260323955,PLTS Terpusat,30.0,Kaimer,2016,452278.2745996782,GI 150 kV PLTMG Ambon Peaker,0.0,150 kV,Operasi,5874.813169656593,PLTD Kur,0.6,PLTD,HSD,True,4.673500059999999,0.19161300000000003,-5.36402646237122,131.98760285045495
81.72.05.2005,22,0.2598673943731785,6,0.5918449460557844,0.2727272727272727,5213.917647058824,intermittent,Hirit,Kur Selatan,Kota Tual,128889.17323030879,0,Mikro Hidro Kelas A (PLTMH),Langgiar Haar,Maluku Tenggara,46087.3764143657,PLTS Terpusat,30.0,Kaimer,2016,451689.5464084144,GI 150 kV PLTMG Ambon Peaker,0.0,150 kV,Operasi,7431.296985780459,PLTD Kur,0.6,PLTD,HSD,True,4.673500059999999,0.19161300000000003,-5.375014404297088,131.97617374723293
81.72.05.2006,22,0.23170304121252483,3,0.4057655794211346,0.13636363636363635,6328.666666666666,dark_settled,Tiflen,Kur Selatan,Kota Tual,136348.81068822867,0,Mikro Hidro Kelas A (PLTMH),Langgiar Haar,Maluku Tenggara,45729.01895530012,PLTS Terpusat,30.0,Kaimer,2016,461728.95491894265,GI 150 kV PLTMG Ambon Peaker,0.0,150 kV,Operasi,36753.66548033145,PLTD Kur,0.6,PLTD,HSD,False,,,-5.6372941311844125,131.93731759291416
81.72.05.2007,22,0.22398633516309457,3,0.5517572664947372,0.13636363636363635,4614.505882352942,dark_settled,Niela,Kur Selatan,Kota Tual,128210.80910156047,0,Mikro Hidro Kelas A (PLTMH),Langgiar Haar,Maluku Tenggara,37973.14258347545,PLTS Terpusat,30.0,Kaimer,2016,465189.9363952386,GI 150 kV PLTMG Ambon Peaker,0.0,150 kV,Operasi,30447.20972272074,PLTD Kur,0.6,PLTD,HSD,True,4.64750004,0.190547,-5.586686912353719,132.00202717041856
