kode_desa,name,kecamatan,kabupaten,l1_class,tech,pop_2017,hh_2017,pop_2026,hh_2026,growth_pct,density,lit_fraction,demand_kw,size_kw,capex_low_usd,capex_high_usd,capex_mid_usd,dist_grid_m,hydro_kw,wind50,feedstock,slope_deg
81.01.01.1009,Hollo,Amahai,Maluku Tengah,intermittent,solar_battery,1722,494,2058,590,2.0,155.0866616428033,0.7727272727272727,155.76000000000002,155.8,292125.0,506350.0,399238.0,6016.6052590933705,12.73126728339089,0.9950831874757188,0.6223870904260556,2.1585659318629893
81.01.01.2021,Nua Nea,Amahai,Maluku Tengah,intermittent,solar_biomass_hybrid,496,126,593,151,2.0,19.19715118161217,0.1818181818181818,39.864,39.9,122368.0,222710.0,172539.0,8865.415284794899,10.260528111641037,1.3732418511459128,0.9550797876524482,21.337504904975383
81.01.06.2011,Roho,Seram Utara,Maluku Tengah,dark_settled,micro_hydro,531,134,598,151,1.3333333333333333,3.510213665179619,0.0909090909090909,39.864,39.9,127158.0,264488.0,195823.0,8107.23648103193,34.860913378501614,0.5240232646960642,0.995168095416565,6.981167107563547
81.01.06.2021,Rumahsokat,Seram Utara,Maluku Tengah,intermittent,solar_battery,674,184,724,198,0.8,8044.444444444444,0.5454545454545454,52.272000000000006,52.3,98062.0,169975.0,134018.0,,,,0.6227741330834116,2.775506588388668
81.01.06.2022,Sawai,Seram Utara,Maluku Tengah,intermittent,micro_hydro,3750,975,4101,1066,1.0,80.7919621749409,0.3636363636363636,281.424,281.4,901422.0,1874958.0,1388190.0,23252.057744960985,43.27273271155816,0.509060538049246,0.9717472790452552,7.507135289928468
81.01.06.2044,Besi,Seram Utara,Maluku Tengah,intermittent,solar_biomass_hybrid,919,243,1035,274,1.3333333333333333,26.778783958602848,0.5909090909090909,72.336,72.3,182395.0,331958.0,257176.0,34520.7871660323,0.9173574633886394,0.53071703783062,0.7959120946672815,5.90990020288262
81.01.06.2045,Malaku,Seram Utara,Maluku Tengah,intermittent,solar_biomass_hybrid,1482,429,1670,483,1.3333333333333333,90.5639913232104,0.5,127.512,127.5,318986.0,580554.0,449770.0,6474.452732663975,2.627273720688329,,0.9687507311418576,5.073933720139439
81.01.06.2052,Oping,Seram Utara,Maluku Tengah,intermittent,solar_biomass_hybrid,190,54,208,59,1.0,1.9348837209302325,0.5909090909090909,15.576000000000002,15.6,39000.0,70980.0,54990.0,32074.205888454977,0.2691376290069439,,0.7974011543566161,2.318790701262029
81.01.09.2006,Pulau Hatta,Banda,Maluku Tengah,intermittent,solar_biomass_hybrid,685,206,795,239,1.6666666666666667,202.8061224489796,0.1818181818181818,63.096,63.1,168171.0,306072.0,237122.0,15359.586813900623,0.70308595952042,,0.944932111243412,11.606327082027684
81.01.09.2009,Pulau Ay,Banda,Maluku Tengah,intermittent,solar_biomass_hybrid,1550,476,1695,521,1.0,498.5294117647059,0.3636363636363636,137.544,137.5,348326.0,633954.0,491140.0,12936.702871578214,0.4656851904074486,,0.9273957158962796,6.331242510348301
81.01.09.2010,Pulau Rhun,Banda,Maluku Tengah,intermittent,solar_biomass_hybrid,1578,491,1726,537,1.0,476.7955801104972,0.6818181818181818,141.768,141.8,382727.0,696564.0,539646.0,22936.427554969738,0.5051550840844115,,0.9321336268785296,12.9625993969778
81.01.09.2016,Uring Tutra,Banda,Maluku Tengah,intermittent,solar_biomass_hybrid,349,100,430,123,2.3333333333333335,179.16666666666669,0.4545454545454545,32.472,32.5,90472.0,164659.0,127566.0,5289.081433127118,0.7078844930907028,,0.953590954274354,15.67519971401178
81.01.11.2020,Salamahu,Tehoru,Maluku Tengah,intermittent,micro_hydro,444,131,515,152,1.6666666666666667,13.114336643748407,0.2272727272727272,40.128,40.1,144726.0,301031.0,222878.0,35543.17810776071,61.02499144454977,1.7587817494009723,0.9941156316830932,17.746122824158736
81.01.12.2006,Kulur,Saparua,Maluku Tengah,intermittent,solar_biomass_hybrid,1094,340,1196,372,1.0,39.615766810202054,0.3181818181818182,98.20800000000001,98.2,246468.0,448571.0,347520.0,6698.056082271183,5.654292177636267,,0.7990904381907292,5.39412111507283
81.01.13.2001,Aboru,Pulau Haruku,Maluku Tengah,intermittent,solar_biomass_hybrid,2024,674,2214,737,1.0,71.35030615533354,0.4545454545454545,194.568,194.6,509003.0,926385.0,717694.0,5676.39934564597,11.477119496702038,,0.9795970017238153,9.625457273001077
81.01.13.2002,Wassu,Pulau Haruku,Maluku Tengah,intermittent,solar_biomass_hybrid,769,231,841,253,1.0,76.52411282984531,0.3636363636363636,66.792,66.8,188552.0,343164.0,265858.0,6056.630545319732,4.297137184296522,,0.9904168236462648,16.452627019039834
81.01.13.2005,Sameth,Pulau Haruku,Maluku Tengah,intermittent,solar_biomass_hybrid,574,178,628,195,1.0,248.2213438735178,0.3636363636363636,51.480000000000004,51.5,132557.0,241253.0,186905.0,5994.81681069155,1.2162335350717932,,0.934650827405832,7.956779665589033
81.01.13.2011,Hulaliu,Pulau Haruku,Maluku Tengah,intermittent,solar_biomass_hybrid,1706,564,1866,617,1.0,80.1890846583584,0.2272727272727272,162.88800000000003,162.9,413170.0,751969.0,582570.0,5125.736361733795,10.563846137900956,,0.9678690266145415,6.453644068592645
81.01.15.2006,Asilulu,Leihitu,Maluku Tengah,intermittent,wind_solar_hybrid,5714,1568,6249,1715,1.0,376.2191450933173,0.5454545454545454,452.76,452.8,1381413.0,2873339.0,2127376.0,7350.197301773606,14.034658255075346,5.233645165275681,0.9780123311068204,21.016473858133327
81.01.15.2007,Ureng,Leihitu,Maluku Tengah,intermittent,wind_solar_hybrid,4594,1233,5024,1349,1.0,332.2751322751323,0.5454545454545454,356.136,356.1,1098195.0,2284245.0,1691220.0,7075.36046784897,15.563815620929224,5.233645165275681,0.9810484787143948,21.679011568569557
81.01.16.2002,Titawaai,Nusa Laut,Maluku Tengah,intermittent,solar_biomass_hybrid,1847,597,1984,641,0.8,332.8859060402685,0.5454545454545454,169.224,169.2,458591.0,834635.0,646613.0,11460.776001759215,3.8719421206900417,,0.9115792826296708,13.413873077877444
81.01.16.2003,Abubu,Nusa Laut,Maluku Tengah,intermittent,solar_biomass_hybrid,735,243,790,261,0.8,209.54907161803715,0.3636363636363636,68.90400000000001,68.9,183499.0,333967.0,258733.0,11968.566326266902,4.302157911877824,,0.7752866404777876,11.530402800540696
81.01.16.2004,Akoon,Nusa Laut,Maluku Tengah,intermittent,solar_biomass_hybrid,602,210,658,230,1.0,186.9318181818182,0.1818181818181818,60.72,60.7,162268.0,295328.0,228798.0,12325.610766433649,3.011510538314477,,0.9000156776671631,11.931161582088205
81.01.16.2005,Nalahia,Nusa Laut,Maluku Tengah,intermittent,solar_biomass_hybrid,487,182,523,196,0.8,237.72727272727272,0.3181818181818182,51.744,51.7,147354.0,268185.0,207770.0,10963.576992421313,7.186302249693803,,0.9372353991328743,17.003544269673128
81.01.16.2006,Sila,Nusa Laut,Maluku Tengah,intermittent,solar_biomass_hybrid,301,104,329,114,1.0,144.2982456140351,0.3636363636363636,30.096,30.1,82537.0,150218.0,116378.0,9563.055866196746,5.731406909940569,,0.9370776671216487,14.684273176646098
81.01.16.2007,Leinitu,Nusa Laut,Maluku Tengah,intermittent,solar_biomass_hybrid,280,106,306,116,1.0,88.69565217391303,0.3636363636363636,30.624000000000002,30.6,81291.0,147949.0,114620.0,9152.522512605472,2.981480645432633,,0.9152013903087302,11.262617616541222
81.01.20.2002,Horale,Seram Utara Barat,Maluku Tengah,intermittent,micro_hydro,1620,458,1825,516,1.3333333333333333,35.27251642829532,0.1818181818181818,136.22400000000002,136.2,448583.0,933053.0,690818.0,19975.32659268366,49.40546143911099,0.6896965615069238,0.9865482075143,10.394024067539949
81.01.20.2003,Wailulu,Seram Utara Barat,Maluku Tengah,intermittent,micro_hydro,594,157,669,177,1.3333333333333333,42.638623326959845,0.1818181818181818,46.728,46.7,149569.0,311103.0,230336.0,31473.114439152665,34.93491099546932,0.911991962133098,0.7247716491588757,7.488237458970743
81.01.20.2004,Paa,Seram Utara Barat,Maluku Tengah,intermittent,solar_biomass_hybrid,410,105,505,129,2.3333333333333335,50.5,0.1818181818181818,34.056000000000004,34.1,86109.0,156719.0,121414.0,35415.135831352185,12.89273906177281,0.911991962133098,0.8839001542510828,6.007872394053552
81.01.20.2005,Karlutu Kara,Seram Utara Barat,Maluku Tengah,intermittent,solar_biomass_hybrid,567,163,620,178,1.0,30.407062285434037,0.2272727272727272,46.992000000000004,47.0,117500.0,213850.0,165675.0,38874.41244210322,12.43836084521752,0.911991962133098,0.7127159777428518,4.710976395034164
81.01.20.2007,Labuan,Seram Utara Barat,Maluku Tengah,intermittent,solar_biomass_hybrid,1044,321,1176,362,1.3333333333333333,244.4906444906445,0.5,95.56800000000001,95.6,239000.0,434980.0,336990.0,45389.4446020355,0.810530476690254,,0.7700049293460401,2.1091610725375247
81.01.20.2008,Gale-gale,Seram Utara Barat,Maluku Tengah,intermittent,micro_hydro,1881,535,2183,621,1.6666666666666667,20.705681494830692,0.1818181818181818,163.94400000000002,163.9,539787.0,1122756.0,831272.0,19446.87903744133,37.4661601668268,0.825960619831507,0.9458467656722862,10.38845853718513
81.01.20.2009,Latea,Seram Utara Barat,Maluku Tengah,dark_settled,micro_hydro,1360,383,1578,444,1.6666666666666667,12.349350446079198,0.1363636363636363,117.216,117.2,388226.0,807510.0,597868.0,19421.35818781413,34.24577532087256,0.8671346274351577,0.9153190097489838,11.000256815159792
81.01.20.2010,Lisabata Timur,Seram Utara Barat,Maluku Tengah,dark_settled,micro_hydro,811,218,914,246,1.3333333333333333,7.635756056808688,0.1363636363636363,64.944,64.9,222563.0,462930.0,342746.0,22052.33917262237,45.26587798088914,0.9036269231515008,0.9135602142216472,14.738138136598709
81.01.20.2011,Rumahwey,Seram Utara Barat,Maluku Tengah,intermittent,micro_hydro,423,112,506,134,2.0,4.472730487050296,0.1818181818181818,35.376,35.4,126602.0,263332.0,194967.0,24037.60532673232,51.6827928118829,0.9630577454850942,0.9882057879548628,17.221117577033088
81.01.20.2012,Warasiwa,Seram Utara Barat,Maluku Tengah,dark_settled,micro_hydro,716,203,807,229,1.3333333333333333,5.446446649119255,0.1363636363636363,60.455999999999996,60.5,208588.0,433863.0,321226.0,29986.65445817105,48.39954169051655,1.058281947274973,0.985486390299137,15.16380097659906
81.01.20.2013,Herlau Pauni,Seram Utara Barat,Maluku Tengah,intermittent,solar_biomass_hybrid,27,9,30,10,1.3333333333333333,3000.0,0.2727272727272727,2.64,2.6,6500.0,11830.0,9165.0,,0.1892567545521647,,0.8581785228817401,4.7793550592662
81.01.21.2002,Tananahu,Teluk Elpaputih,Maluku Tengah,intermittent,micro_hydro,3446,943,3882,1062,1.3333333333333333,38.0513624779455,0.1818181818181818,280.368,280.4,946849.0,1969445.0,1458147.0,6772.75899283298,42.2971319049506,0.769590067479258,0.969854605530046,13.056899508839752
81.01.21.2003,Liang,Teluk Elpaputih,Maluku Tengah,intermittent,micro_hydro,2478,717,2710,784,1.0,36.7557303675573,0.2272727272727272,206.976,207.0,743273.0,1546007.0,1144640.0,11056.17907764138,47.882331495283005,0.7910920425108675,0.9742486374392542,17.45103361000139
81.01.21.2004,Sahulauw,Teluk Elpaputih,Maluku Tengah,intermittent,micro_hydro,1722,494,1883,540,1.0,25.968831885257202,0.2727272727272727,142.56,142.6,492278.0,1023939.0,758108.0,12043.663725689952,51.35461706382655,0.8354163717533556,0.958983731830646,15.23460521689839
81.01.22.2001,Larike,Leihitu Barat,Maluku Tengah,intermittent,wind_solar_hybrid,4998,1374,5466,1503,1.0,298.0370774263904,0.2272727272727272,396.7920000000001,396.8,1185715.0,2466288.0,1826002.0,8974.522750194017,8.166689476496241,5.233645165275681,0.9876601404016768,19.76388293248281
81.01.22.2002,Wakasihu,Leihitu Barat,Maluku Tengah,intermittent,wind_solar_hybrid,3231,882,3534,965,1.0,110.23081721771678,0.3181818181818182,254.76000000000002,254.8,722754.0,1503328.0,1113041.0,6490.626209677307,29.057619862152904,5.233645165275681,0.99322834455918,16.73105850037193
81.01.23.2001,Ulahahan,Telutih,Maluku Tengah,intermittent,micro_hydro,826,201,958,233,1.6666666666666667,26.18201694452036,0.2727272727272727,61.51200000000001,61.5,202226.0,420631.0,311428.0,5995.676541267049,47.02120580898476,0.9868045356114068,0.9551068523559632,10.2235291343939
81.01.24.2010,Namto,Seram Utara Timur Seti,Maluku Tengah,intermittent,solar_biomass_hybrid,512,159,594,185,1.6666666666666667,182.76923076923077,0.6363636363636364,48.84,48.8,122000.0,222040.0,172020.0,6971.7696058819965,5.467011980357967,,0.7910245274434381,1.2852096145047454
81.01.25.2009,Way Asih,Seram Utara Timur Kobi,Maluku Tengah,intermittent,solar_biomass_hybrid,627,208,728,241,1.6666666666666667,112.17257318952234,0.6363636363636364,63.62400000000001,63.6,159000.0,289380.0,224190.0,5386.655934459709,5.362762100528826,0.9263144648640916,0.7536589195979899,1.2248837033831117
81.02.01.2018,Ngabub,Kei Kecil,Maluku Tenggara,intermittent,solar_biomass_hybrid,605,152,702,176,1.6666666666666667,75.0,0.3636363636363636,46.464000000000006,46.5,116250.0,211575.0,163912.0,5965.098867579648,1.508422216611098,,0.9481584080052012,2.5029260350784948
81.02.03.2025,Harangur,Kei Besar,Maluku Tenggara,intermittent,solar_biomass_hybrid,187,45,205,49,1.0,29.285714285714285,0.4090909090909091,12.936,12.9,34027.0,61930.0,47978.0,5118.301695875303,3.2770189927565005,,0.9542212055172788,10.510978701581443
81.02.04.2005,Tamangil Nuhuten,Kei Besar Selatan,Maluku Tenggara,intermittent,solar_biomass_hybrid,507,136,545,146,0.8,80.74074074074075,0.2272727272727272,38.544000000000004,38.5,103731.0,188790.0,146260.0,5069.202341098647,6.139050346240211,,0.976135512098431,12.772009377961558
81.02.04.2006,Tamangil Nuhuyanat,Kei Besar Selatan,Maluku Tenggara,intermittent,solar_biomass_hybrid,219,73,247,82,1.3333333333333333,27.752808988764045,0.1818181818181818,21.647999999999996,21.6,61675.0,112248.0,86962.0,8014.987971762653,12.546224258163493,,0.9741942072476176,17.10619653360039
81.02.04.2012,Kilwat,Kei Besar Selatan,Maluku Tenggara,intermittent,solar_biomass_hybrid,741,182,860,211,1.6666666666666667,70.37643207855973,0.2272727272727272,55.70400000000001,55.7,155739.0,283445.0,219592.0,12436.11350312066,5.6923999062472825,,0.9815280907109228,15.920594130709963
81.02.04.2013,Sather,Kei Besar Selatan,Maluku Tenggara,intermittent,solar_biomass_hybrid,1101,292,1204,319,1.0,89.71684053651266,0.2272727272727272,84.216,84.2,227918.0,414810.0,321364.0,9561.116059984835,4.77195408805898,,0.991179161967185,13.274364672919756
81.02.04.2014,Tutrean,Kei Besar Selatan,Maluku Tenggara,intermittent,solar_biomass_hybrid,493,137,530,147,0.8,64.32038834951456,0.2272727272727272,38.808,38.8,108632.0,197709.0,153170.0,7455.997559641164,15.89440790461949,,0.9873317888302856,15.9956535558444
81.02.04.2016,Soindat,Kei Besar Selatan,Maluku Tenggara,intermittent,solar_biomass_hybrid,259,65,278,70,0.8,63.470319634703195,0.2272727272727272,18.480000000000004,18.5,49296.0,89718.0,69507.0,12672.36270639773,9.34006672082975,,0.9896315060826534,11.584944273786355
81.02.13.2001,Wain,Kei Kecil Timur,Maluku Tenggara,intermittent,wind_solar_hybrid,1367,379,1540,427,1.3333333333333333,182.03309692671394,0.4545454545454545,112.72800000000001,112.7,281750.0,586040.0,433895.0,7237.2563430487935,11.420823594300568,6.351731602777939,0.8702855819422423,2.3979631166323725
81.02.13.2002,Rewav,Kei Kecil Timur,Maluku Tenggara,intermittent,solar_biomass_hybrid,785,211,911,245,1.6666666666666667,241.6445623342175,0.4545454545454545,64.68,64.7,161750.0,294385.0,228068.0,8961.341779241264,2.099221034846721,,0.7763382275657185,2.39590142487848
81.02.13.2003,Rumaat,Kei Kecil Timur,Maluku Tenggara,intermittent,solar_biomass_hybrid,832,243,937,274,1.3333333333333333,209.1517857142857,0.4545454545454545,72.336,72.3,180750.0,328965.0,254858.0,10450.468657254083,1.48612802925359,,0.9161745964316056,3.1525476911028374
81.02.13.2004,Rat,Kei Kecil Timur,Maluku Tenggara,intermittent,wind_solar_hybrid,276,81,340,100,2.3333333333333335,82.7250608272506,0.4090909090909091,26.400000000000002,26.4,66000.0,137280.0,101640.0,11170.180402946722,0.6553098458492439,6.3489897615047,0.9718805768581488,2.774099013753884
81.02.13.2005,Abean,Kei Kecil Timur,Maluku Tenggara,intermittent,wind_solar_hybrid,535,166,621,193,1.6666666666666667,73.92857142857143,0.5909090909090909,50.952000000000005,51.0,127500.0,265200.0,196350.0,10198.752979837782,0.3096699761014577,6.3489897615047,0.9139568811800938,2.6034708552881383
81.02.13.2006,Mastur,Kei Kecil Timur,Maluku Tenggara,intermittent,wind_solar_hybrid,550,158,620,178,1.3333333333333333,54.72197705207414,0.5,46.992000000000004,47.0,117500.0,244400.0,180950.0,6687.110519032118,1.9458679347489387,6.3489897615047,0.9372542272906016,3.841212841898754
81.02.13.2014,Semawi,Kei Kecil Timur,Maluku Tenggara,intermittent,solar_biomass_hybrid,462,119,536,138,1.6666666666666667,237.16814159292036,0.1818181818181818,36.432,36.4,91000.0,165620.0,128310.0,8508.672747372237,12.285492499097522,,0.8677510688405111,2.5755859965955445
81.02.13.2015,Iso,Kei Kecil Timur,Maluku Tenggara,intermittent,solar_biomass_hybrid,151,48,175,56,1.6666666666666667,49.01960784313726,0.4090909090909091,14.784,14.8,37000.0,67340.0,52170.0,7780.653802460948,0.1922241640356515,,0.7736622175341797,2.399576837809008
81.02.13.2016,Disuk,Kei Kecil Timur,Maluku Tenggara,intermittent,solar_biomass_hybrid,383,121,431,136,1.3333333333333333,133.85093167701862,0.6363636363636364,35.904,35.9,90244.0,164243.0,127244.0,7587.744271191537,0.2228641726645669,,0.8685365089313694,5.549957605157649
81.02.13.2017,Wain Baru,Kei Kecil Timur,Maluku Tenggara,intermittent,solar_battery,343,82,369,88,0.8,98.4,0.6363636363636364,23.232000000000003,23.2,43500.0,75400.0,59450.0,7339.440799543246,0.3056371886670634,,0.6449448123620308,3.8119347017399727
81.02.13.2019,Watngon,Kei Kecil Timur,Maluku Tenggara,intermittent,wind_solar_hybrid,212,71,246,82,1.6666666666666667,55.15695067264574,0.4090909090909091,21.647999999999996,21.6,54000.0,112320.0,83160.0,10343.203469700526,0.2885137743030848,6.3489897615047,0.8657470717640765,2.431124617673584
81.02.13.2020,Yafavun,Kei Kecil Timur,Maluku Tenggara,intermittent,wind_solar_hybrid,524,166,608,193,1.6666666666666667,165.66757493188013,0.5,50.952000000000005,51.0,127500.0,265200.0,196350.0,9496.219716616186,0.4207292628067527,6.3489897615047,0.8858442767035467,3.5635138476193395
81.02.13.2021,Mastur Baru,Kei Kecil Timur,Maluku Tenggara,intermittent,wind_solar_hybrid,574,148,628,162,1.0,127.12550607287449,0.3181818181818182,42.768,42.8,107000.0,222560.0,164780.0,6326.376258372561,1.5284667394515532,6.3489897615047,0.9311674917491748,3.566576639304158
81.02.13.2022,Ohoilus,Kei Kecil Timur,Maluku Tenggara,intermittent,wind_solar_hybrid,496,134,576,155,1.6666666666666667,171.42857142857144,0.5,40.92,40.9,102250.0,212680.0,157465.0,7064.421459857842,2.445047011804808,6.3489897615047,0.9865620704365552,3.138861463686494
81.02.13.2023,Tenbuk,Kei Kecil Timur,Maluku Tenggara,intermittent,wind_solar_hybrid,261,71,294,80,1.3333333333333333,124.57627118644068,0.3181818181818182,21.12,21.1,52750.0,109720.0,81235.0,7732.298287863706,0.3243580567524534,6.3489897615047,0.9112731885206912,2.776597849887922
81.02.13.2024,Denwet,Kei Kecil Timur,Maluku Tenggara,intermittent,wind_solar_hybrid,478,131,571,157,2.0,302.1164021164021,0.4090909090909091,41.448,41.4,103500.0,215280.0,159390.0,8435.26757133406,1.7163938031808603,6.3489897615047,0.7625738918674758,2.9201251155001757
81.02.18.2001,Hoat,Kei Besar Selatan Barat,Maluku Tenggara,intermittent,solar_biomass_hybrid,296,82,354,98,2.0,120.81911262798634,0.2727272727272727,25.872,25.9,70929.0,129091.0,100010.0,12779.04031632462,6.268681213145691,,0.9886403263132312,14.542972993694836
81.02.18.2002,Ngafan,Kei Besar Selatan Barat,Maluku Tenggara,intermittent,solar_biomass_hybrid,404,109,455,123,1.3333333333333333,55.487804878048784,0.4545454545454545,32.472,32.5,93857.0,170820.0,132338.0,14827.930370166298,2.013221339913965,,0.9639518974580544,17.758134325418016
81.02.18.2004,Rerean,Kei Besar Selatan Barat,Maluku Tenggara,intermittent,solar_biomass_hybrid,184,50,201,55,1.0,67.67676767676767,0.3181818181818182,14.52,14.5,39348.0,71614.0,55481.0,12514.78221694249,2.417770652141326,,0.9856527084758576,13.546548421021926
81.02.18.2006,Hoko,Kei Besar Selatan Barat,Maluku Tenggara,intermittent,solar_biomass_hybrid,356,98,389,107,1.0,153.1496062992126,0.1818181818181818,28.247999999999998,28.2,80450.0,146419.0,113434.0,10378.85082150235,11.643111908276191,,0.9780004917399396,17.05674454531692
81.02.18.2007,Weduar Fer,Kei Besar Selatan Barat,Maluku Tenggara,intermittent,solar_biomass_hybrid,249,56,281,63,1.3333333333333333,64.8960739030023,0.2727272727272727,16.632,16.6,44404.0,80816.0,62610.0,11591.78791213849,0.2729075362365872,,0.9070127001656544,11.998668429505235
81.02.18.2010,Watkidat,Kei Besar Selatan Barat,Maluku Tenggara,intermittent,solar_biomass_hybrid,358,79,403,89,1.3333333333333333,190.0943396226415,0.4090909090909091,23.496000000000002,23.5,65291.0,118829.0,92060.0,11168.7254756306,0.5927032405426054,,0.8010693887471139,15.566691206893816
81.02.18.2013,Rahangiar,Kei Besar Selatan Barat,Maluku Tenggara,intermittent,solar_biomass_hybrid,522,146,588,164,1.3333333333333333,203.46020761245674,0.5,43.29599999999999,43.3,132525.0,241195.0,186860.0,11969.673985221987,0.7886540908147668,,0.9081201384829822,21.212259746785943
81.02.19.2011,Garara,Kei Kecil Timur Selatan,Maluku Tenggara,intermittent,wind_solar_hybrid,283,73,359,93,2.6666666666666665,202.82485875706215,0.3181818181818182,24.552000000000003,24.6,61500.0,127920.0,94710.0,5623.423512416613,1.3040467003157072,6.3489897615047,0.8972260341109586,3.728934770944556
81.03.01.2009,Latdalam,Tanimbar Selatan,Kepulauan Tanimbar,intermittent,wind_solar_hybrid,3266,877,3790,1018,1.6666666666666667,59.09870575393732,0.1818181818181818,268.752,268.8,672000.0,1397760.0,1034880.0,9411.059650751344,13.478809460541592,6.618725567475897,0.7879264103341314,3.755221600963485
81.03.01.2011,Matakus,Tanimbar Selatan,Kepulauan Tanimbar,intermittent,wind_solar_hybrid,547,134,654,160,2.0,132.65720081135905,0.3181818181818182,42.24,42.2,105500.0,219440.0,162470.0,9628.843454207,0.1275873191539608,6.9785827286711735,0.5264591566245465,2.3039408671284733
81.03.02.2005,Fursuy,Selaru,Kepulauan Tanimbar,intermittent,solar_battery,1149,270,1414,332,2.3333333333333335,47.54539340954943,0.3636363636363636,87.64800000000001,87.6,164250.0,284700.0,224475.0,7319.981422876017,0.8632560064967076,,0.2425180990090814,1.995487981708203
81.03.02.2006,Werain,Selaru,Kepulauan Tanimbar,intermittent,solar_battery,828,260,1049,329,2.6666666666666665,56.82556879739978,0.2727272727272727,86.856,86.9,162938.0,282425.0,222682.0,7744.33098708339,2.266958265043149,,0.428169784413301,2.2059414372240727
81.03.02.2007,Eliasa,Selaru,Kepulauan Tanimbar,intermittent,solar_battery,762,181,911,216,2.0,112.0541205412054,0.2727272727272727,57.02400000000001,57.0,106875.0,185250.0,146062.0,12274.45671086403,2.3990529151744857,,0.4378934550106734,1.7159863896764616
81.03.03.2004,Amdasa,Wertamrian,Kepulauan Tanimbar,intermittent,solar_biomass_hybrid,848,260,1013,311,2.0,16.008217446270542,0.2272727272727272,82.10400000000001,82.1,207414.0,377494.0,292454.0,12705.967908821429,25.40817452009314,3.93927571524885,0.9460769309886332,6.054350412440591
81.03.03.2005,Sangliat Krawain,Wertamrian,Kepulauan Tanimbar,intermittent,solar_biomass_hybrid,920,272,1099,325,2.0,28.769633507853403,0.3181818181818182,85.80000000000001,85.8,216987.0,394916.0,305952.0,18416.99428262522,29.757663349104785,3.8966897143168033,0.96484073204952,6.159325908376291
81.03.03.2006,Arui Bab,Wertamrian,Kepulauan Tanimbar,intermittent,micro_hydro,2161,600,2508,696,1.6666666666666667,33.17021557994974,0.2727272727272727,183.744,183.7,583050.0,1212743.0,897896.0,20092.189931662502,30.44622488870753,4.035986049343812,0.9792349993981704,6.565523308069907
81.03.03.2007,Arui Das,Wertamrian,Kepulauan Tanimbar,intermittent,solar_biomass_hybrid,1034,298,1131,326,1.0,21.855072463768117,0.1818181818181818,86.06400000000001,86.1,219225.0,398989.0,309107.0,22871.45267918612,28.67421544075068,4.058811456142657,0.9939413392786272,6.8466007114352125
81.03.03.2008,Sangliat Dol,Wertamrian,Kepulauan Tanimbar,intermittent,solar_biomass_hybrid,895,260,1101,320,2.3333333333333335,32.738626226583406,0.1818181818181818,84.48,84.5,213734.0,388996.0,301365.0,16787.486138769407,13.585018784584536,3.84936936399616,0.9891124987679232,6.175788696546878
81.03.03.2009,Atubul Da,Wertamrian,Kepulauan Tanimbar,dark_settled,solar_biomass_hybrid,1404,354,1629,411,1.6666666666666667,26.16867469879518,0.1363636363636363,108.504,108.5,272035.0,495104.0,383570.0,7507.084676740365,21.85958948919321,4.113329028195263,0.9898658712152842,5.289417940220917
81.03.04.2006,Wermatang,Wermaktian,Kepulauan Tanimbar,intermittent,solar_biomass_hybrid,919,237,1165,300,2.6666666666666665,6.072768974145121,0.1818181818181818,79.2,79.2,198000.0,360360.0,279180.0,9106.571213449384,13.599200036538477,4.739820721199013,0.7911806531978817,3.508149085255328
81.03.04.2007,Otemer,Wermaktian,Kepulauan Tanimbar,dark_settled,wind_solar_hybrid,1441,397,1722,474,2.0,8.77094687515917,0.1363636363636363,125.136,125.1,312750.0,650520.0,481635.0,8678.703627630684,15.60043765620932,5.555646749025795,0.7432839086828391,4.095505281080869
81.03.04.2009,Marantutul,Wermaktian,Kepulauan Tanimbar,dark_settled,wind_solar_hybrid,699,174,860,214,2.3333333333333335,17.655512215150893,0.1363636363636363,56.495999999999995,56.5,141250.0,293800.0,217525.0,14733.347487502628,8.346006340743822,5.629302712149189,0.4750342885524078,3.703275195333253
81.03.05.2007,Lamdesar Barat,Tanimbar Utara,Kepulauan Tanimbar,intermittent,solar_biomass_hybrid,913,286,1059,332,1.6666666666666667,34.48388147183328,0.3636363636363636,87.64800000000001,87.6,219000.0,398580.0,308790.0,23177.875778962145,2.2557264228994605,,0.7733424402247172,3.4797316557768907
81.03.05.2008,Lamdesar Timur,Tanimbar Utara,Kepulauan Tanimbar,intermittent,solar_battery,1722,541,1940,609,1.3333333333333333,76.10827775598274,0.2272727272727272,160.776,160.8,301500.0,522600.0,412050.0,19277.293290942067,3.302549822603579,,0.601744990573692,2.6772915151658943
81.03.06.2001,Romean,Fordata,Kepulauan Tanimbar,intermittent,solar_biomass_hybrid,1668,471,1879,531,1.3333333333333333,341.016333938294,0.5454545454545454,140.184,140.2,360887.0,656815.0,508851.0,21209.21139615697,1.1046280197420306,,0.9306335509595338,7.963593040352994
81.03.06.2002,Rumngeur,Fordata,Kepulauan Tanimbar,intermittent,solar_biomass_hybrid,314,91,386,112,2.3333333333333335,51.88172043010752,0.3181818181818182,29.568,29.6,77105.0,140331.0,108718.0,21388.687594146584,1.910429406461624,,0.9902160818367304,9.195995291628458
81.03.06.2003,Awear,Fordata,Kepulauan Tanimbar,intermittent,solar_biomass_hybrid,337,95,391,110,1.6666666666666667,71.0909090909091,0.1818181818181818,29.04,29.0,73729.0,134187.0,103958.0,21538.28540428068,2.104560705094485,,0.9620028409090908,6.695477248619481
81.03.06.2004,Sofyanin,Fordata,Kepulauan Tanimbar,intermittent,solar_biomass_hybrid,993,298,1152,346,1.6666666666666667,287.28179551122196,0.4545454545454545,91.34400000000001,91.3,237764.0,432730.0,335247.0,27089.499183551277,2.631190466460776,,0.8964035925110563,9.168201506842893
81.03.06.2005,Walerang,Fordata,Kepulauan Tanimbar,intermittent,solar_biomass_hybrid,787,231,887,260,1.3333333333333333,163.35174953959486,0.2272727272727272,68.64,68.6,184165.0,335181.0,259673.0,27777.28957428622,1.0771818697424718,,0.9517432830710152,12.385064995941685
81.03.06.2006,Adodo Fordata,Fordata,Kepulauan Tanimbar,intermittent,solar_biomass_hybrid,901,297,1077,355,2.0,253.41176470588235,0.2727272727272727,93.72000000000001,93.7,246617.0,448842.0,347730.0,31346.893362819865,0.4433918084537413,,0.9416419775400986,10.279189280316908
81.03.07.2008,Watmasa,Wuar Labobar,Kepulauan Tanimbar,intermittent,wind_solar_hybrid,1064,268,1272,320,2.0,17.757922658104146,0.1818181818181818,84.48,84.5,211250.0,439400.0,325325.0,11320.77539857584,10.04326151375074,6.408856337872097,0.7827986094257029,3.292545650946433
81.03.07.2009,Awear Rumngeur,Wuar Labobar,Kepulauan Tanimbar,intermittent,solar_biomass_hybrid,803,224,960,268,2.0,12.168842692356446,0.1818181818181818,70.752,70.8,177000.0,322140.0,249570.0,19536.557041783875,9.850909199384285,4.987679457308984,0.7048256835529204,3.1722782180809648
81.03.07.2010,Karatat,Wuar Labobar,Kepulauan Tanimbar,intermittent,solar_biomass_hybrid,808,205,966,245,2.0,17.76061776061776,0.1818181818181818,64.68,64.7,161750.0,294385.0,228068.0,22114.181813162904,12.039578994910542,4.96134493600665,0.9133368926855312,3.7970993229333
81.03.07.2011,Wunlah,Wuar Labobar,Kepulauan Tanimbar,intermittent,solar_biomass_hybrid,928,250,1045,282,1.3333333333333333,18.76122082585278,0.1818181818181818,74.448,74.4,186000.0,338520.0,262260.0,22944.80567851905,14.6842457888642,4.974154984939395,0.9073664399392456,4.5740492717399
81.03.07.2012,Kiloon,Wuar Labobar,Kepulauan Tanimbar,dark_settled,solar_biomass_hybrid,948,243,1133,290,2.0,16.762834738866694,0.1363636363636363,76.56,76.6,192188.0,349782.0,270985.0,26510.63925047357,13.569816163517324,3.92608647082232,0.9800233177735956,5.359121277007504
81.03.07.2014,Teineman,Wuar Labobar,Kepulauan Tanimbar,dark_settled,solar_biomass_hybrid,723,170,864,203,2.0,86.65997993981945,0.0454545454545454,53.592000000000006,53.6,137505.0,250259.0,193882.0,27846.088556115024,0.5328544197886351,,0.922558383180774,7.615819461858575
81.03.08.2008,Alusi Batjas,Kormomolin,Kepulauan Tanimbar,dark_settled,solar_biomass_hybrid,624,199,724,231,1.6666666666666667,14.611503531786076,0.1363636363636363,60.98400000000001,61.0,154552.0,281284.0,217918.0,28001.711393011323,25.982418645146065,4.037701077778908,0.9977408993899524,6.34531296828766
81.03.08.2009,Lorwembun,Kormomolin,Kepulauan Tanimbar,intermittent,solar_biomass_hybrid,1064,319,1272,381,2.0,24.960753532182103,0.1818181818181818,100.584,100.6,255674.0,465327.0,360500.0,25265.55811617616,26.874659140734884,3.9240545246967264,0.9973886031070326,6.659703397738932
81.03.09.2001,Arma,Nirunmas,Kepulauan Tanimbar,intermittent,solar_biomass_hybrid,2327,674,2781,805,2.0,14.784688995215312,0.2272727272727272,212.52,212.5,540379.0,983491.0,761935.0,29785.483378547844,18.12493069189204,4.170585974647644,0.913895219548822,6.7184767765483535
81.03.09.2002,Watmuri,Nirunmas,Kepulauan Tanimbar,intermittent,solar_biomass_hybrid,2289,665,2656,772,1.6666666666666667,90.8344733242134,0.1818181818181818,203.80800000000002,203.8,514247.0,935930.0,725088.0,22603.28470529781,20.59094292178544,4.1995451810507625,0.9715050074532958,5.931770840228346
81.03.18.2003,Wulmasa,Molu Maru,Kepulauan Tanimbar,intermittent,solar_biomass_hybrid,620,170,741,203,2.0,87.17647058823529,0.3181818181818182,53.592000000000006,53.6,135148.0,245969.0,190558.0,47531.73581934496,1.137608380580885,,0.9179362642069692,5.856460310206546
81.03.18.2004,Tutunametal,Molu Maru,Kepulauan Tanimbar,intermittent,solar_biomass_hybrid,660,175,812,215,2.3333333333333335,42.138038401660616,0.2727272727272727,56.760000000000005,56.8,142000.0,258440.0,200220.0,40965.69898059533,2.1313562179511405,,0.95417278916612,4.211433196604463
81.03.18.2005,Nurkat,Molu Maru,Kepulauan Tanimbar,dark_settled,solar_biomass_hybrid,898,245,1073,293,2.0,44.9895178197065,0.1363636363636363,77.352,77.4,196001.0,356722.0,276362.0,35813.89212215701,2.713208667023517,,0.8943368220868246,6.292634894711958
81.04.02.2007,Tanjung Karang,Air Buaya,Buru,intermittent,micro_hydro,1652,413,2033,508,2.3333333333333335,13.74391563007031,0.1818181818181818,134.112,134.1,496993.0,1033746.0,765370.0,12044.245831775852,40.830558021051054,0.6461273450573779,0.9411059144653472,19.298250439812914
81.04.02.2008,Bara,Air Buaya,Buru,dark_settled,micro_hydro,2206,550,2560,638,1.6666666666666667,8.588874723210091,0.1363636363636363,168.432,168.4,634744.0,1320268.0,977506.0,19598.09111040856,48.22164035071182,0.7963705098990571,0.9838752067727232,20.308240996399192
81.04.02.2019,Kampung Baru,Air Buaya,Buru,intermittent,micro_hydro,609,164,686,185,1.3333333333333333,1.8399806882493361,0.1818181818181818,48.84,48.8,184182.0,383099.0,283640.0,31184.52218098347,42.78798345632666,1.4424697735581782,0.9930984364565766,20.38756741904826
81.04.06.2004,Samalagi,Waplau,Buru,intermittent,solar_battery,478,142,555,165,1.6666666666666667,23.860705073086844,0.1818181818181818,43.56,43.6,86017.0,149096.0,117556.0,7584.858147981412,22.733586800686705,2.3721147702966263,0.6786259504107626,10.219597755520088
81.04.06.2005,Namsina,Waplau,Buru,intermittent,solar_biomass_hybrid,1411,375,1637,435,1.6666666666666667,101.17428924598269,0.3636363636363636,114.84,114.8,302389.0,550349.0,426369.0,9395.76272183371,26.95178690134389,2.3721147702966263,0.8180085838192764,10.36218578983474
81.04.06.2006,Hatawano,Waplau,Buru,intermittent,solar_biomass_hybrid,1307,362,1562,433,2.0,48.61500155617802,0.1818181818181818,114.312,114.3,304968.0,555042.0,430005.0,12319.10570262712,29.256814887100408,2.075228480769609,0.8211682833761718,11.725442700169504
81.04.06.2007,Waelihang,Waplau,Buru,intermittent,solar_biomass_hybrid,1178,324,1327,365,1.3333333333333333,48.69724770642202,0.4545454545454545,96.36,96.4,262901.0,478479.0,370690.0,15461.220715066453,9.670030481608272,2.176522038293024,0.9796808765565737,14.087372116721175
81.04.06.2008,Waprea,Waplau,Buru,intermittent,solar_biomass_hybrid,1054,275,1223,319,1.6666666666666667,11.142492711370261,0.1818181818181818,84.216,84.2,227452.0,413963.0,320708.0,15469.364654454948,20.885291093309664,2.176522038293024,0.7978586160480665,13.05321215930694
81.04.06.2009,Waepotih,Waplau,Buru,intermittent,solar_biomass_hybrid,1634,451,1841,508,1.3333333333333333,15.706850951284022,0.2272727272727272,134.112,134.1,360910.0,656855.0,508882.0,11951.386279423825,29.336554336880603,2.0650636756806096,0.9036570080686578,12.653849217565083
81.04.06.2010,Skikilale,Waplau,Buru,intermittent,solar_biomass_hybrid,395,102,445,115,1.3333333333333333,717.741935483871,0.2727272727272727,30.36,30.4,83319.0,151641.0,117480.0,13673.769052230991,0.49731661690594,2.176522038293024,0.7838991724420271,14.63022848696322
81.04.10.2006,Namlea Ilath,Batabual,Buru,intermittent,solar_biomass_hybrid,1875,472,2241,564,2.0,52.80395852968898,0.2727272727272727,148.896,148.9,443945.0,807981.0,625963.0,24195.579243686232,15.953719045373733,2.513221143513545,0.9718946437335542,19.63000050401911
81.04.13.2004,Waedanga,Fena Leisela,Buru,intermittent,micro_hydro,321,92,351,101,1.0,13.791748526522595,0.1818181818181818,26.664,26.7,101227.0,210552.0,155890.0,16310.893698691068,39.22109054924001,0.9119406599377434,0.9805642388288732,20.660216336326798
81.04.13.2005,Lemanpoli,Fena Leisela,Buru,intermittent,micro_hydro,240,65,262,71,1.0,6.663275686673448,0.1818181818181818,18.744,18.7,71544.0,148811.0,110178.0,23439.56761813238,38.8725876060625,0.7136522555043202,0.9897463219133484,21.21380454076418
81.04.13.2006,Waelana-lana,Fena Leisela,Buru,intermittent,micro_hydro,844,248,907,266,0.8,18.223829616234678,0.1818181818181818,70.224,70.2,246221.0,512139.0,379180.0,7042.114162309498,31.963352982525265,1.106034899897519,0.7614610725192182,16.118680676179423
81.04.13.2007,Waereman,Fena Leisela,Buru,intermittent,micro_hydro,683,190,747,208,1.0,10.911481156879931,0.2272727272727272,54.912000000000006,54.9,194445.0,404445.0,299445.0,19372.497400470853,39.195535771443865,0.5003489259506403,0.9132812362297712,16.668802697385374
81.04.13.2008,Waemite,Fena Leisela,Buru,intermittent,micro_hydro,430,163,470,178,1.0,9.152872444011685,0.1818181818181818,46.992000000000004,47.0,164573.0,342313.0,253443.0,22467.39189358658,46.39406201218051,0.6963589948500539,0.956695398999724,16.024986035139335
81.04.13.2009,Wasi,Fena Leisela,Buru,intermittent,micro_hydro,580,172,634,188,1.0,8.29300196206671,0.1818181818181818,49.632,49.6,177878.0,369986.0,273932.0,14920.069075535475,37.91802457642674,0.5607080989887344,0.8735894284455077,17.380016589052286
81.04.13.2011,Wamana Baru,Fena Leisela,Buru,intermittent,micro_hydro,995,256,1155,297,1.6666666666666667,17.758302583025827,0.1818181818181818,78.408,78.4,273035.0,567912.0,420474.0,6158.646920438368,31.75539907098676,0.7677161784946643,0.7431540570928992,15.721344535002546
81.04.13.2012,Raheriat,Fena Leisela,Buru,dark_settled,solar_biomass_hybrid,291,70,358,86,2.3333333333333335,11.00861008610086,0.1363636363636363,22.703999999999997,22.7,61922.0,112699.0,87310.0,12126.26957657424,25.72103060484636,1.4996202445137714,0.9471584656869556,14.114495632957054
81.04.13.2013,Waenibe,Fena Leisela,Buru,intermittent,micro_hydro,1137,337,1244,369,1.0,26.706741090596825,0.1818181818181818,97.416,97.4,345520.0,718682.0,532101.0,6492.805477507393,33.82251507601538,1.3092177418822122,0.9215654036512152,16.758962903107765
81.04.14.2005,Seith,Teluk Kaiely,Buru,intermittent,solar_biomass_hybrid,977,268,1168,320,2.0,13.045906400089356,0.3181818181818182,84.48,84.5,218284.0,397276.0,307780.0,5499.5028866253,26.84182723939533,3.0291570289948244,0.7456022650521034,8.329577267024177
81.05.02.2005,Keffing,Seram Timur,Seram Bagian Timur,intermittent,solar_battery,564,172,635,194,1.3333333333333333,3342.1052631578946,0.6818181818181818,51.216,51.2,96000.0,166400.0,131200.0,,,,0.5312298776561494,1.799514185280159
81.05.02.2006,Urung,Seram Timur,Seram Bagian Timur,intermittent,solar_battery,1425,415,1559,454,1.0,19.43647924198978,0.2272727272727272,119.85600000000001,119.9,230312.0,399207.0,314760.0,5993.93446666086,21.245499325649437,3.582030023727613,0.6191895316075109,7.446130306100786
81.05.02.2046,Kwawor Kecil Mata Ata,Seram Timur,Seram Bagian Timur,intermittent,solar_battery,422,111,519,137,2.3333333333333335,752.1739130434784,0.6363636363636364,36.168,36.2,67875.0,117650.0,92762.0,9015.0062881287,0.14012991298993,3.582030023727613,0.0250819055803211,1.1069434573317591
81.05.02.2047,Kwawor Kecil Mata Wawa,Seram Timur,Seram Bagian Timur,intermittent,solar_battery,540,154,627,179,1.6666666666666667,1140.0,0.5,47.256,47.3,88688.0,153725.0,121206.0,9779.713211541532,0.0708179937296878,3.582030023727613,0.2604749951728132,1.3984469618657376
81.05.02.2048,Kwawor Besar Ena,Seram Timur,Seram Bagian Timur,intermittent,solar_battery,175,43,209,51,2.0,271.42857142857144,0.4545454545454545,13.463999999999999,13.5,25312.0,43875.0,34594.0,10152.61715027214,0.136395645828004,3.582030023727613,0.6782711156338708,2.6919650160676256
81.05.02.2049,Kwawor Besar Witau,Seram Timur,Seram Bagian Timur,intermittent,solar_battery,431,131,486,148,1.3333333333333333,1056.5217391304348,0.4090909090909091,39.07200000000001,39.1,73312.0,127075.0,100194.0,10641.171538827386,0.1872751066487,3.582030023727613,0.3393367072860413,2.4716776706139183
81.05.02.2050,Guli-Guli,Seram Timur,Seram Bagian Timur,intermittent,solar_biomass_hybrid,632,170,733,197,1.6666666666666667,1409.6153846153845,0.2727272727272727,52.007999999999996,52.0,130000.0,236600.0,183300.0,11186.172113931556,9.928967178258604,3.582030023727613,0.9146806368654844,4.284508114627881
81.05.02.2051,Manggis,Seram Timur,Seram Bagian Timur,intermittent,solar_biomass_hybrid,257,69,326,87,2.6666666666666665,592.7272727272726,0.4090909090909091,22.968,23.0,58235.0,105988.0,82112.0,12243.816803671762,11.237754116789969,3.582030023727613,0.9807770803225702,6.278498472503826
81.05.02.2052,Ainena,Seram Timur,Seram Bagian Timur,intermittent,solar_biomass_hybrid,469,120,612,157,3.0,4080.0,0.2272727272727272,41.448,41.4,110407.0,200941.0,155674.0,17315.371778964203,10.486644000992596,3.582030023727613,0.9844096072395376,11.67346706387302
81.05.02.2053,Mugusinis,Seram Timur,Seram Bagian Timur,intermittent,solar_biomass_hybrid,229,62,274,74,2.0,1096.0,0.2272727272727272,19.536000000000005,19.5,52169.0,94947.0,73558.0,19992.10561892181,1.5774243387191602,,0.9877987478864872,12.012383926677945
81.05.02.2054,Akatfadedo,Seram Timur,Seram Bagian Timur,intermittent,solar_biomass_hybrid,111,28,137,34,2.3333333333333335,304.44444444444446,0.1818181818181818,8.976,9.0,22625.0,41178.0,31902.0,21410.52013978759,3.410259274611183,,0.9974960781947628,5.555867121778855
81.05.03.2001,Batuasa,Werinama,Seram Bagian Timur,dark_settled,micro_hydro,752,225,847,253,1.3333333333333333,2.7345515593723766,0.1363636363636363,66.792,66.8,219937.0,457469.0,338703.0,17597.064135016244,36.995758897028736,1.3938202961055473,0.996429485892158,10.35900292349401
81.05.03.2002,Hatuimeten,Werinama,Seram Bagian Timur,dark_settled,micro_hydro,308,96,368,115,2.0,1.883027170854014,0.1363636363636363,30.36,30.4,102172.0,212517.0,157344.0,18369.14821148833,40.77321243269288,1.4765770709086763,0.9972835784010876,12.54933767270206
81.05.03.2003,Werinama,Werinama,Seram Bagian Timur,dark_settled,micro_hydro,2020,647,2344,751,1.6666666666666667,7.398756352387866,0.1363636363636363,198.26399999999998,198.3,658919.0,1370552.0,1014736.0,21931.264911650676,40.81368805311972,1.383948571331499,0.9819479362027576,11.330896843475289
81.05.03.2004,Bemo,Werinama,Seram Bagian Timur,intermittent,solar_biomass_hybrid,740,242,859,281,1.6666666666666667,9.568898295644425,0.1818181818181818,74.184,74.2,199710.0,363472.0,281591.0,23379.7006904494,24.90379394341228,1.3238539250766648,0.9968078503887444,12.660220743295664
81.05.03.2015,Tum,Werinama,Seram Bagian Timur,dark_settled,solar_biomass_hybrid,525,157,609,182,1.6666666666666667,28.9586305278174,0.1363636363636363,48.048,48.0,120000.0,218400.0,169200.0,41751.649777284256,17.90893012895557,,0.9922012603233004,3.720292438527211
81.05.03.2016,Gusalaut,Werinama,Seram Bagian Timur,dark_settled,solar_biomass_hybrid,441,116,497,131,1.3333333333333333,17.389783065080476,0.1363636363636363,34.584,34.6,87626.0,159479.0,123552.0,37958.90996936688,19.17612728021002,1.229666177791872,0.9910790006927048,6.301234689368995
81.05.03.2018,Tobo,Werinama,Seram Bagian Timur,dark_settled,micro_hydro,272,78,306,88,1.3333333333333333,7.923355774210254,0.0909090909090909,23.232000000000003,23.2,73950.0,153816.0,113883.0,38980.5420390257,32.47701595004534,1.488801999675739,0.9964127914189465,6.999951266732988
81.05.03.2021,Bemo Perak,Werinama,Seram Bagian Timur,dark_settled,solar_biomass_hybrid,324,122,376,142,1.6666666666666667,7.752577319587629,0.1363636363636363,37.488,37.5,93849.0,170805.0,132327.0,22559.687541123545,28.09183382026472,1.2540096314247011,0.8961524438077072,5.105716886763636
81.05.04.2003,Amarsekaru,Pulau Gorom,Seram Bagian Timur,intermittent,solar_biomass_hybrid,7298,1834,8469,2128,1.6666666666666667,177.32412060301507,0.2272727272727272,561.792,561.8,1455936.0,2649803.0,2052870.0,12442.676764994138,3.603598299721018,,0.9148300383183068,8.662224936383366
81.05.04.2006,Mida,Pulau Gorom,Seram Bagian Timur,intermittent,solar_biomass_hybrid,415,137,446,147,0.8,52.65643447461629,0.4545454545454545,38.808,38.8,97239.0,176975.0,137107.0,7178.189204109905,0.8228680499976574,,0.982905151161282,5.246647756862273
81.05.04.2032,Ilili,Pulau Gorom,Seram Bagian Timur,intermittent,solar_biomass_hybrid,294,88,341,102,1.6666666666666667,231.97278911564626,0.3636363636363636,26.927999999999997,26.9,67693.0,123201.0,95447.0,8238.629930091533,0.6556622236433749,,0.9527143501206669,5.658366807916528
81.05.04.2048,Arewang,Pulau Gorom,Seram Bagian Timur,intermittent,solar_biomass_hybrid,111,31,119,33,0.8,94.44444444444444,0.5454545454545454,8.712,8.7,21982.0,40007.0,30994.0,5124.360636947794,6.741159681841208,,0.9692577618430086,6.067013723617594
81.05.04.2052,Sikaro Kataloka,Pulau Gorom,Seram Bagian Timur,intermittent,solar_biomass_hybrid,389,116,425,127,1.0,357.14285714285717,0.6363636363636364,33.528,33.5,84825.0,154381.0,119603.0,5564.981539165247,0.6314305223738839,,0.8029293770342896,6.283088636700618
81.05.05.2001,Ilili,Wakate,Seram Bagian Timur,intermittent,solar_biomass_hybrid,545,155,614,175,1.3333333333333333,393.5897435897436,0.1818181818181818,46.2,46.2,128399.0,233685.0,181042.0,43176.03695627935,0.2693614329960421,,0.848929359480374,15.583789898011396
81.05.05.2002,Effa,Wakate,Seram Bagian Timur,intermittent,solar_biomass_hybrid,482,125,576,149,2.0,261.8181818181818,0.2727272727272727,39.336,39.3,108514.0,197495.0,153004.0,50295.3944126597,0.5713799820826202,,0.9625328356145446,15.223160069525097
81.05.05.2004,Utta,Wakate,Seram Bagian Timur,intermittent,solar_biomass_hybrid,585,176,640,192,1.0,137.63440860215053,0.2727272727272727,50.688,50.7,132375.0,240922.0,186648.0,53860.42599917402,0.9823481497581822,,0.9091068901565428,9.437576635423012
81.05.05.2005,Kelangan,Wakate,Seram Bagian Timur,intermittent,solar_biomass_hybrid,375,103,410,113,1.0,170.12448132780082,0.3636363636363636,29.832000000000004,29.8,80493.0,146497.0,113495.0,64100.072299588704,1.7620372072158568,,0.947622225571032,13.044124551138468
81.05.05.2006,Amarlaut,Wakate,Seram Bagian Timur,intermittent,solar_biomass_hybrid,913,278,1029,313,1.3333333333333333,145.95744680851064,0.3181818181818182,82.632,82.6,221212.0,402605.0,311908.0,58100.88272430764,1.0794200717034683,,0.9591238142785824,12.124253424289885
81.05.05.2008,Tamher Timur,Wakate,Seram Bagian Timur,intermittent,solar_biomass_hybrid,689,194,754,212,1.0,155.78512396694217,0.5909090909090909,55.967999999999996,56.0,150589.0,274072.0,212330.0,64864.326811815445,1.0572223243295142,,0.9666306727856264,12.563518701516816
81.05.05.2010,Wunin Eldedora,Wakate,Seram Bagian Timur,intermittent,solar_biomass_hybrid,265,78,285,84,0.8,159.21787709497207,0.2272727272727272,22.176000000000002,22.2,60827.0,110706.0,85766.0,66355.94031551546,1.0572223243295142,,0.9940818905851906,14.598559574692004
81.05.05.2021,Tanah Baru,Wakate,Seram Bagian Timur,intermittent,solar_biomass_hybrid,927,258,1108,308,2.0,1108.0,0.5909090909090909,81.31200000000001,81.3,221810.0,403695.0,312752.0,62829.07368109926,1.363037885567857,,0.8920088274580407,14.131700995421085
81.05.05.2022,Guliar,Wakate,Seram Bagian Timur,intermittent,solar_biomass_hybrid,558,178,610,195,1.0,253.11203319502073,0.2727272727272727,51.480000000000004,51.5,149821.0,272675.0,211248.0,60607.39531608333,0.6738451800327231,,0.9659343274111676,18.183075766965867
81.05.05.2023,Karlomin,Wakate,Seram Bagian Timur,dark_settled,solar_biomass_hybrid,376,123,411,135,1.0,135.64356435643566,0.1363636363636363,35.64,35.6,94307.0,171639.0,132973.0,62783.55211234668,1.037860181252985,,0.9202769460132156,10.963349283385757
81.05.05.2024,Otademan,Wakate,Seram Bagian Timur,intermittent,solar_biomass_hybrid,369,95,416,107,1.3333333333333333,236.36363636363637,0.2727272727272727,28.247999999999998,28.2,76064.0,138437.0,107250.0,65652.64970138296,1.4096297657726855,,0.9795044645497016,12.892556417910557
81.05.06.2001,Danama,Tutuk Tolu,Seram Bagian Timur,intermittent,solar_biomass_hybrid,1032,296,1129,324,1.0,42.55559743686393,0.2272727272727272,85.536,85.5,221404.0,402955.0,312180.0,27253.92080107466,10.082281117479845,2.531598592854177,0.9843199954550712,8.580827007369518
81.05.06.2002,Kilmoy,Tutuk Tolu,Seram Bagian Timur,intermittent,solar_biomass_hybrid,499,140,614,172,2.3333333333333335,19.51684678957406,0.1818181818181818,45.407999999999994,45.4,116702.0,212398.0,164550.0,27107.03591493821,29.789982667330577,2.630059299555296,0.9973901278790734,7.821097099426856
81.05.06.2003,Kilbat,Tutuk Tolu,Seram Bagian Timur,intermittent,solar_biomass_hybrid,854,256,991,297,1.6666666666666667,39.84720546843587,0.1818181818181818,78.408,78.4,199895.0,363809.0,281852.0,32455.433987431134,6.38792370194595,2.45863477471283,0.9808359530829006,6.987385183301404
81.05.06.2004,Sesar,Tutuk Tolu,Seram Bagian Timur,intermittent,micro_hydro,457,132,562,162,2.3333333333333335,27.849355797819623,0.2272727272727272,42.768,42.8,135832.0,282531.0,209182.0,33389.10378869879,32.62435012882995,2.4909186051640293,0.995562812463178,6.556955690696729
81.05.06.2005,Airkasar,Tutuk Tolu,Seram Bagian Timur,intermittent,solar_biomass_hybrid,205,72,252,89,2.3333333333333335,11.892402076451155,0.1818181818181818,23.496000000000002,23.5,58750.0,106925.0,82838.0,34671.12922248856,22.86539491707659,2.5012536613292715,0.99626358266259,4.871479580462848
81.05.06.2006,Waras-Waras,Tutuk Tolu,Seram Bagian Timur,intermittent,solar_biomass_hybrid,942,286,1159,352,2.3333333333333335,48.96493451626531,0.1818181818181818,92.92800000000001,92.9,232250.0,422695.0,327472.0,36189.76502669643,21.72664917545529,2.43333014008413,0.990282342826888,4.82342740200284
81.05.06.2007,Gah,Tutuk Tolu,Seram Bagian Timur,intermittent,solar_biomass_hybrid,958,250,1112,290,1.6666666666666667,4.846371758553062,0.1818181818181818,76.56,76.6,192208.0,349819.0,271014.0,33932.31740584852,23.19763712212897,1.7513287503928117,0.980372286790244,5.369790903392438
81.05.06.2008,Walang Tenga,Tutuk Tolu,Seram Bagian Timur,intermittent,solar_biomass_hybrid,580,162,714,199,2.3333333333333335,191.93548387096774,0.4090909090909091,52.536,52.5,132700.0,241514.0,187107.0,26328.65591630866,10.605168567989695,2.531598592854177,0.9581289803089086,6.104664856692517
81.05.06.2010,Taruy,Tutuk Tolu,Seram Bagian Timur,intermittent,solar_biomass_hybrid,555,165,663,197,2.0,25.53929121725732,0.5,52.007999999999996,52.0,135479.0,246572.0,191026.0,28533.592439438813,3.032953595083109,,0.9812191276319692,9.214854249509738
81.05.06.2011,Kufar,Tutuk Tolu,Seram Bagian Timur,intermittent,solar_biomass_hybrid,706,164,948,220,3.3333333333333335,39.565943238731215,0.1818181818181818,58.08,58.1,145250.0,264355.0,204802.0,41797.232967625976,14.081408344152356,2.3090236671656115,0.8000968169068897,3.3550979615020404
81.05.07.2001,Dihil,Siwalalat,Seram Bagian Timur,intermittent,micro_hydro,449,124,491,136,1.0,40.01629991850041,0.1818181818181818,35.904,35.9,117371.0,244132.0,180752.0,7966.63919102654,42.0119696869404,1.0235149862018085,0.8762445260491332,9.620504942596222
81.05.07.2002,Liliama,Siwalalat,Seram Bagian Timur,intermittent,micro_hydro,377,114,425,128,1.3333333333333333,8.155824218000383,0.1818181818181818,33.792,33.8,116495.0,242310.0,179402.0,9958.298988783175,58.70217859139934,0.9508759094040928,0.98813121828971,15.145574865693648
81.05.07.2003,Naiwel Ahinulin,Siwalalat,Seram Bagian Timur,intermittent,micro_hydro,379,113,453,135,2.0,16.230741669652453,0.1818181818181818,35.64,35.6,120684.0,251024.0,185854.0,19728.688580972637,41.35940140174509,1.082083696859364,0.9934094923186028,13.480440835354033
81.05.07.2004,Polin,Siwalalat,Seram Bagian Timur,intermittent,micro_hydro,767,215,890,249,1.6666666666666667,12.72883295194508,0.1818181818181818,65.73599999999999,65.7,226499.0,471118.0,348808.0,10954.128887661493,34.53003814714542,1.071061411135375,0.9939442934541458,15.159552282010132
81.05.07.2005,Tunsai,Siwalalat,Seram Bagian Timur,intermittent,solar_biomass_hybrid,752,218,899,261,2.0,89900.0,0.1818181818181818,68.90400000000001,68.9,187673.0,341565.0,264619.0,13443.703634857287,22.404164940592956,1.1023228103662508,0.9977882956606362,13.953868083178882
81.05.07.2006,Lapela,Siwalalat,Seram Bagian Timur,intermittent,micro_hydro,381,101,469,124,2.3333333333333335,5.0576943815377975,0.1818181818181818,32.736,32.7,110290.0,229404.0,169847.0,14937.448483174763,50.50928264205554,1.1172400223267926,0.9958730982356984,12.929207535261238
81.05.07.2007,Nayet,Siwalalat,Seram Bagian Timur,intermittent,micro_hydro,229,53,258,60,1.3333333333333333,17.408906882591094,0.1818181818181818,15.84,15.8,53126.0,110503.0,81814.0,15941.02073856941,48.82803424050902,1.0364760082702555,0.9978236865642508,12.597671442405831
81.05.07.2008,Elnusa,Siwalalat,Seram Bagian Timur,intermittent,micro_hydro,696,214,808,248,1.6666666666666667,14.255469301340861,0.1818181818181818,65.472,65.5,222541.0,462886.0,342714.0,16498.84089394616,47.50530186085842,1.1332951485212486,0.9929593099467364,13.722518054713662
81.05.07.2009,Atiahu,Siwalalat,Seram Bagian Timur,dark_settled,micro_hydro,1384,426,1559,480,1.3333333333333333,6.174012910379787,0.1363636363636363,126.72,126.7,417000.0,867359.0,642180.0,19822.665517107554,39.558497007298136,1.2372133516215624,0.9803128264813552,10.319532679615646
81.05.07.2010,Sabuai,Siwalalat,Seram Bagian Timur,intermittent,micro_hydro,308,91,357,106,1.6666666666666667,72.41379310344828,0.2272727272727272,27.983999999999998,28.0,91744.0,190828.0,141286.0,17952.499042612424,46.54656621261751,1.040971701966301,0.988029189457332,9.8503360603886
81.05.07.2011,Abulate,Siwalalat,Seram Bagian Timur,intermittent,micro_hydro,234,72,264,81,1.3333333333333333,8.483290488431876,0.1818181818181818,21.384,21.4,72430.0,150654.0,111542.0,19083.64075998733,45.2103518292924,1.0464161509933458,0.9954749244873288,13.306543336047598
81.05.07.2012,Adabai,Siwalalat,Seram Bagian Timur,intermittent,solar_biomass_hybrid,332,85,385,99,1.6666666666666667,22.79455298993487,0.2272727272727272,26.136000000000003,26.1,65250.0,118755.0,92002.0,21135.95541000572,16.934156795091038,1.2540096314247011,0.865159754956806,3.2687472598675447
81.05.08.2001,Selor,Kilmury,Seram Bagian Timur,intermittent,micro_hydro,468,137,543,159,1.6666666666666667,4.192402717726992,0.1818181818181818,41.976,42.0,136561.0,284047.0,210304.0,30904.675673755257,32.91296020222333,1.3090805700688812,0.9920158986306749,9.046453287930396
81.05.08.2002,Nekan,Kilmury,Seram Bagian Timur,intermittent,solar_biomass_hybrid,281,67,307,73,1.0,3.915816326530612,0.1818181818181818,19.272000000000002,19.3,49054.0,89278.0,69166.0,37374.31301375318,29.767427915504623,2.311687788560408,0.995815524561207,6.665816014337452
81.05.08.2003,Afang Kota,Kilmury,Seram Bagian Timur,intermittent,micro_hydro,255,74,296,86,1.6666666666666667,4.968944099378882,0.1818181818181818,22.703999999999997,22.7,72968.0,151773.0,112370.0,36868.98672156586,30.704214865863,2.8378299782429823,0.9957908608311848,7.861998305080568
81.05.08.2004,Afang Defol,Kilmury,Seram Bagian Timur,intermittent,micro_hydro,406,124,457,140,1.3333333333333333,6.590712431496971,0.1818181818181818,36.96000000000001,37.0,118917.0,247348.0,183132.0,33665.50741323566,30.402863839659133,2.69308378897176,0.995350385599035,7.847274185739103
81.05.08.2005,Kumelang,Kilmury,Seram Bagian Timur,intermittent,micro_hydro,334,80,388,93,1.6666666666666667,6.467744624104017,0.1818181818181818,24.552000000000003,24.6,79435.0,165225.0,122330.0,31662.245985706304,31.15618871423109,2.9458760669457567,0.9982659562145256,8.33010603704088
81.05.08.2006,Undur,Kilmury,Seram Bagian Timur,dark_settled,solar_biomass_hybrid,403,118,496,145,2.3333333333333335,14.01525854761232,0.1363636363636363,38.28,38.3,97488.0,177428.0,137458.0,29577.343889580417,26.66888538320997,3.0284610735916497,0.932456229528694,6.815243698993636
81.05.08.2007,Kamar,Kilmury,Seram Bagian Timur,intermittent,solar_biomass_hybrid,675,180,831,222,2.3333333333333335,37.97989031078611,0.1818181818181818,58.608,58.6,147764.0,268930.0,208347.0,27779.378438645817,22.044706473451427,3.040144215163425,0.9781175908281922,5.862535426936385
81.05.08.2008,Gunak,Kilmury,Seram Bagian Timur,intermittent,solar_biomass_hybrid,592,171,687,198,1.6666666666666667,22.7709645343056,0.2272727272727272,52.272000000000006,52.3,132169.0,240548.0,186358.0,25348.194737249043,23.069107935048443,3.042185302834117,0.9877872831129824,6.085643818335766
81.05.08.2009,Sumbawa,Kilmury,Seram Bagian Timur,intermittent,solar_biomass_hybrid,279,71,305,78,1.0,13.946044810242341,0.2272727272727272,20.592,20.6,51589.0,93892.0,72740.0,22510.706164650852,20.493142121260394,3.042185302834117,0.991757660919148,5.172475961522279
81.05.08.2010,Kilmury,Kilmury,Seram Bagian Timur,intermittent,micro_hydro,1125,318,1230,348,1.0,27.32119058196357,0.1818181818181818,91.872,91.9,297045.0,617853.0,457449.0,38884.40183736918,30.65116328843089,1.687833866583095,0.9955030994270402,8.432332197863264
81.05.08.2012,Mising,Kilmury,Seram Bagian Timur,intermittent,micro_hydro,519,147,602,171,1.6666666666666667,4.805619861100024,0.1818181818181818,45.144000000000005,45.1,149351.0,310649.0,230000.0,29379.34212961124,35.10159087946494,1.302077667430405,0.9924089208352757,10.969415266389978
81.05.08.2013,Bitorik,Kilmury,Seram Bagian Timur,intermittent,solar_biomass_hybrid,229,63,250,69,1.0,31.766200762388817,0.2272727272727272,18.216,18.2,45624.0,83036.0,64330.0,24243.873528945413,17.987749614359245,3.042185302834117,0.9631462614144632,5.2726409250167805
81.05.08.2014,Taa,Kilmury,Seram Bagian Timur,intermittent,solar_biomass_hybrid,296,77,375,98,2.6666666666666665,6.929046563192905,0.1818181818181818,25.872,25.9,66441.0,120923.0,93682.0,30627.17187961941,28.89751692938912,2.994282645686651,0.9875424077483932,7.611771165421687
81.05.09.2001,Pulau Panjang,Pulau Panjang,Seram Bagian Timur,intermittent,solar_battery,905,252,1020,284,1.3333333333333333,87.03071672354949,0.2272727272727272,74.976,75.0,140625.0,243750.0,192188.0,15461.746892027595,1.0993869479307792,,0.5922590214846919,3.438162826463591
81.05.09.2002,Argam,Pulau Panjang,Seram Bagian Timur,intermittent,solar_battery,419,105,516,129,2.3333333333333335,99.04030710172745,0.1818181818181818,34.056000000000004,34.1,63938.0,110825.0,87382.0,16952.115299425026,0.6508520251987948,,0.6797007119228518,3.163121448404133
81.05.09.2003,Lalasa,Pulau Panjang,Seram Bagian Timur,intermittent,solar_biomass_hybrid,810,215,886,235,1.0,187.71186440677968,0.2272727272727272,62.040000000000006,62.0,155000.0,282100.0,218550.0,16544.90862253778,0.3656199428703915,,0.7606785351598934,4.202535408641837
81.05.09.2004,Magat,Pulau Panjang,Seram Bagian Timur,intermittent,solar_biomass_hybrid,112,37,142,47,2.6666666666666665,144.89795918367346,0.4545454545454545,12.408,12.4,31000.0,56420.0,43710.0,18443.137354701208,0.060993976890183,,0.8987307219871709,2.024180067555871
81.05.09.2006,Perik Basaranggi,Pulau Panjang,Seram Bagian Timur,intermittent,solar_biomass_hybrid,148,43,193,56,3.0,92.78846153846153,0.5909090909090909,14.784,14.8,37000.0,67340.0,52170.0,17420.686360796753,0.398687892228434,,0.9101481272302518,2.205008377442109
81.05.10.2001,Teor,Teor,Seram Bagian Timur,intermittent,solar_biomass_hybrid,460,126,494,135,0.8,158.33333333333331,0.1818181818181818,35.64,35.6,93355.0,169906.0,131630.0,87443.6149898,1.190080673107723,,0.9799872011169932,9.893087592021788
81.05.10.2002,Kartutin Kartenga,Teor,Seram Bagian Timur,intermittent,solar_biomass_hybrid,176,46,204,53,1.6666666666666667,136.0,0.3636363636363636,13.991999999999999,14.0,40398.0,73525.0,56962.0,90134.74428295188,1.190080673107723,,0.9265086206896552,17.71176071815854
81.05.10.2004,Duryar Rumoy,Teor,Seram Bagian Timur,intermittent,solar_biomass_hybrid,525,158,646,194,2.3333333333333335,209.06148867313917,0.2727272727272727,51.216,51.2,146471.0,266577.0,206524.0,87226.8105483486,1.983467788512872,,0.9405375139977604,17.215085362412584
81.05.10.2005,Lapang Kampung Jawa,Teor,Seram Bagian Timur,intermittent,solar_biomass_hybrid,216,59,251,68,1.6666666666666667,67.83783783783784,0.3636363636363636,17.952,18.0,46822.0,85215.0,66018.0,90552.814306935,1.5867742308102974,,0.9638003959683228,9.048172999533508
81.05.10.2007,Kampung Baru,Teor,Seram Bagian Timur,intermittent,solar_biomass_hybrid,165,44,180,48,1.0,90.45226130653266,0.2272727272727272,12.672,12.7,33381.0,60754.0,47068.0,91908.11973786648,0.787936853498714,,0.9957940821998672,10.137663456086434
81.05.10.2009,Kiliwouw,Teor,Seram Bagian Timur,intermittent,solar_biomass_hybrid,677,176,763,198,1.3333333333333333,146.44913627639156,0.2272727272727272,52.272000000000006,52.3,145072.0,264031.0,204552.0,92390.98109985492,0.978474589373094,,0.9578040988077612,15.476881193927277
81.05.11.2004,Amarwatu,Gorom Timur,Seram Bagian Timur,intermittent,solar_biomass_hybrid,819,232,950,269,1.6666666666666667,719.6969696969696,0.5,71.01599999999999,71.0,179005.0,325790.0,252398.0,8861.5669484155,0.451859388558229,,0.9480707686733896,5.848019586983057
81.05.11.2005,Aran,Gorom Timur,Seram Bagian Timur,intermittent,solar_biomass_hybrid,472,115,548,133,1.6666666666666667,928.8135593220339,0.7272727272727273,35.112,35.1,90500.0,164710.0,127605.0,5564.759723586456,3.0721100296148163,,0.9089766857461958,8.134151237982516
81.05.11.2008,Tunas Ilur,Gorom Timur,Seram Bagian Timur,intermittent,solar_biomass_hybrid,273,83,299,91,1.0,711.9047619047619,0.6363636363636364,24.024,24.0,60000.0,109200.0,84600.0,10651.48345302193,0.1882557178333459,,0.9410699359152968,4.878029021486034
81.05.11.2009,Sagey,Gorom Timur,Seram Bagian Timur,intermittent,solar_biomass_hybrid,571,166,643,187,1.3333333333333333,3215.0,0.6363636363636364,49.368,49.4,124821.0,227174.0,175998.0,10581.512598631634,0.2345514938166363,,0.9370034052213396,6.06955277644321
81.05.11.2012,Basarin,Gorom Timur,Seram Bagian Timur,intermittent,solar_biomass_hybrid,344,101,399,117,1.6666666666666667,1900.0,0.5909090909090909,30.888,30.9,77250.0,140595.0,108922.0,9177.41456647786,,,0.7346615349784923,3.622445854723834
81.05.11.2013,Goha,Gorom Timur,Seram Bagian Timur,intermittent,solar_battery,169,42,202,50,2.0,1010.0,0.6363636363636364,13.200000000000001,13.2,24750.0,42900.0,33825.0,8805.504122954857,0.0772579671469864,,0.66921454928835,2.005917595230252
81.05.12.2001,Hote,Bula Barat,Seram Bagian Timur,intermittent,micro_hydro,369,112,428,130,1.6666666666666667,1.1738569978881543,0.1818181818181818,34.32,34.3,110297.0,229418.0,169858.0,5828.72443029991,40.295007059588585,2.1342804740956143,0.9452728212327896,7.901059239715926
81.05.12.2002,Banggoi,Bula Barat,Seram Bagian Timur,intermittent,micro_hydro,442,130,544,160,2.3333333333333335,2.924573947637224,0.2272727272727272,42.24,42.2,135859.0,282586.0,209222.0,12449.41169543766,38.95140824545483,2.032262044484164,0.9320068126156278,8.020840918331581
81.05.12.2003,Waematakabo,Bula Barat,Seram Bagian Timur,intermittent,solar_battery,724,251,840,291,1.6666666666666667,54.263565891472865,0.4545454545454545,76.82400000000001,76.8,144000.0,249600.0,196800.0,11836.789379409434,11.240085691833627,2.064444934047516,0.6880007157075443,2.358114671392911
81.05.12.2004,Waiketam Baru,Bula Barat,Seram Bagian Timur,intermittent,solar_biomass_hybrid,1253,386,1454,448,1.6666666666666667,104.83056957462149,0.5909090909090909,118.272,118.3,295750.0,538265.0,417008.0,16501.123717416944,13.2516272478296,2.177802107332645,0.8647117104449988,3.4256698402116403
81.05.12.2005,Waisamet,Bula Barat,Seram Bagian Timur,intermittent,solar_battery,855,264,992,306,1.6666666666666667,131.73970783532536,0.5909090909090909,80.784,80.8,151500.0,262600.0,207050.0,10469.483337001402,10.721653192224714,2.002697530713341,0.498771159528346,2.3855146139959458
81.05.12.2006,Aki Jaya,Bula Barat,Seram Bagian Timur,intermittent,solar_battery,805,227,962,271,2.0,146.87022900763358,0.5909090909090909,71.54400000000001,71.5,134062.0,232375.0,183218.0,11496.889222606043,9.302806058133548,,0.5871802777151937,2.027285378073067
81.05.12.2009,Sumber Agung,Bula Barat,Seram Bagian Timur,intermittent,solar_battery,776,224,927,268,2.0,115.15527950310558,0.4090909090909091,70.752,70.8,132750.0,230100.0,181425.0,13952.28740487111,9.566848650419358,2.8652309719187152,0.6734139153291651,2.7369286512294675
81.05.12.2011,Jembatan Basah,Bula Barat,Seram Bagian Timur,intermittent,solar_biomass_hybrid,663,199,725,218,1.0,143.56435643564356,0.5,57.55200000000001,57.6,144000.0,262080.0,203040.0,5199.005665148866,10.71635999410806,2.5897852177160625,0.7459105611350844,2.3348682933129847
81.05.12.2012,Dreamland Hills,Bula Barat,Seram Bagian Timur,intermittent,solar_biomass_hybrid,474,140,583,172,2.3333333333333335,3.7343069433768896,0.5909090909090909,45.407999999999994,45.4,113500.0,206570.0,160035.0,18451.98953661569,16.53331568771346,2.4971051725544817,0.8131984099507383,3.2984233332750823
81.05.12.2013,Banggoi Pancorang,Bula Barat,Seram Bagian Timur,intermittent,solar_battery,191,57,264,79,3.6666666666666665,2.574605032182563,0.2727272727272727,20.856,20.9,39188.0,67925.0,53556.0,12126.88694982146,11.163452840031438,,0.66316529423579,2.373854531828646
81.05.13.2005,Kelaba,Kian Darat,Seram Bagian Timur,dark_settled,solar_biomass_hybrid,634,163,736,189,1.6666666666666667,168.0365296803653,0.1363636363636363,49.895999999999994,49.9,125062.0,227613.0,176338.0,23018.54160101156,19.37018646165457,,0.9844714141795744,5.250104749921185
81.05.13.2006,Kilga Kilwouw,Kian Darat,Seram Bagian Timur,intermittent,solar_biomass_hybrid,814,209,945,243,1.6666666666666667,250.0,0.1818181818181818,64.152,64.2,160500.0,292110.0,226305.0,24245.68730723054,19.4874479059505,,0.9685468542514688,4.93531020905626
81.05.13.2007,Kilga Watubau,Kian Darat,Seram Bagian Timur,intermittent,solar_biomass_hybrid,968,261,1091,294,1.3333333333333333,340.9375,0.2727272727272727,77.616,77.6,194000.0,353080.0,273540.0,25987.50912397627,16.403593400287498,2.531598592854177,0.9752587542609232,4.898098164468471
81.05.13.2009,Kileser,Kian Darat,Seram Bagian Timur,intermittent,solar_biomass_hybrid,379,101,440,117,1.6666666666666667,161.17216117216117,0.2727272727272727,30.888,30.9,78988.0,143757.0,111372.0,27709.281879566097,7.717849652751213,2.531598592854177,1.0,7.249323093316457
81.05.14.2002,Kuwaos,Siritaun Wida Timur,Seram Bagian Timur,intermittent,solar_biomass_hybrid,885,266,997,300,1.3333333333333333,57.497116493656286,0.2272727272727272,79.2,79.2,210780.0,383620.0,297200.0,11967.672491967684,14.76553810104745,3.582030023727613,0.983971318904087,11.45461713986824
81.05.14.2003,Salagor Air,Siritaun Wida Timur,Seram Bagian Timur,intermittent,solar_biomass_hybrid,645,174,794,214,2.3333333333333335,83.40336134453781,0.1818181818181818,56.495999999999995,56.5,147261.0,268014.0,207638.0,19818.970193510308,4.149411311370676,,0.9872397709605248,9.255353754592337
81.05.14.2004,Salagor Kota,Siritaun Wida Timur,Seram Bagian Timur,intermittent,solar_biomass_hybrid,656,189,831,240,2.6666666666666665,70.3640982218459,0.1818181818181818,63.36,63.4,167480.0,304814.0,236147.0,18706.031014421525,2.5461096876520104,,0.996450412692982,10.665710907067773
81.05.14.2005,Aruan Gaur,Siritaun Wida Timur,Seram Bagian Timur,intermittent,solar_biomass_hybrid,540,144,608,162,1.3333333333333333,55.12239347234814,0.1818181818181818,42.768,42.8,107000.0,194740.0,150870.0,21382.96216836549,16.207535955401973,,0.962393363074274,3.713821789525392
81.05.14.2006,Keta Rumadan,Siritaun Wida Timur,Seram Bagian Timur,dark_settled,micro_hydro,359,104,429,124,2.0,70.44334975369458,0.0909090909090909,32.736,32.7,103892.0,216094.0,159993.0,16487.780889381385,32.84268134340152,3.582030023727613,0.996874507330916,6.6675979529443055
81.05.14.2007,Lian Tasik,Siritaun Wida Timur,Seram Bagian Timur,intermittent,solar_biomass_hybrid,667,181,751,204,1.3333333333333333,48.482892188508714,0.2272727272727272,53.855999999999995,53.9,137321.0,249925.0,193623.0,14775.510462840191,22.807858250310694,3.582030023727613,0.9904259484244388,6.908338024301796
81.05.14.2008,Keta,Siritaun Wida Timur,Seram Bagian Timur,intermittent,solar_biomass_hybrid,363,108,421,125,1.6666666666666667,65.88419405320815,0.3636363636363636,33.0,33.0,82681.0,150480.0,116580.0,16053.67504654308,0.3702697644123335,3.582030023727613,0.9962705246295556,5.219513387207295
81.05.14.2009,Air Nanang,Siritaun Wida Timur,Seram Bagian Timur,intermittent,solar_biomass_hybrid,637,180,697,197,1.0,56.620633631194146,0.2727272727272727,52.007999999999996,52.0,130462.0,237441.0,183952.0,10249.931304647853,3.6559008250437097,3.582030023727613,0.8185746600772046,5.355402818994459
81.05.15.2002,Bellis,Teluk Waru,Seram Bagian Timur,dark_settled,micro_hydro,679,180,788,209,1.6666666666666667,20.47285009093271,0.1363636363636363,55.176,55.2,174801.0,363586.0,269194.0,27605.48938164292,30.781131002230875,1.5464069461916732,0.9707786765366304,6.333751715153472
81.05.15.2003,Dawang,Teluk Waru,Seram Bagian Timur,dark_settled,micro_hydro,597,168,673,189,1.3333333333333333,3.124709815210326,0.1363636363636363,49.895999999999994,49.9,161556.0,336036.0,248796.0,8823.346463360713,39.56857823909773,1.6906125440906326,0.9780657269819248,8.603047432724932
81.05.15.2004,Solang,Teluk Waru,Seram Bagian Timur,dark_settled,micro_hydro,427,109,526,134,2.3333333333333335,13.039167079821516,0.1363636363636363,35.376,35.4,115827.0,240920.0,178374.0,18663.26080791819,41.806255129515975,1.3932318315159222,0.9913393120578567,9.70225216918585
81.05.15.2005,Karay,Teluk Waru,Seram Bagian Timur,intermittent,solar_biomass_hybrid,787,184,887,207,1.3333333333333333,17.57827982560444,0.1818181818181818,54.648,54.6,136500.0,248430.0,192465.0,32759.132940534684,13.189573944571023,2.098324192757941,0.8570184975405041,2.9418079156139543
81.05.15.2007,Nama Andan,Teluk Waru,Seram Bagian Timur,intermittent,solar_battery,376,95,424,107,1.3333333333333333,22.17573221757322,0.1818181818181818,28.247999999999998,28.2,52875.0,91650.0,72262.0,32272.77398040994,0.611729684966179,,0.3419582526361089,2.499668799359396
81.05.15.2009,Kampung Baru,Teluk Waru,Seram Bagian Timur,intermittent,solar_biomass_hybrid,286,69,313,75,1.0,3.400325909831613,0.1818181818181818,19.8,19.8,49500.0,90090.0,69795.0,22909.34610419676,13.885415739111576,1.7825586955956496,0.9397707706489036,2.708561315923729
81.05.15.2010,Boinfia,Teluk Waru,Seram Bagian Timur,intermittent,solar_biomass_hybrid,220,57,296,77,3.3333333333333335,4.270668013273697,0.2727272727272727,20.328000000000003,20.3,50750.0,92365.0,71558.0,26290.017514971343,13.568675703405257,1.5647037831988375,0.993160432758073,2.6795605303559875
81.06.03.2001,Murnaten,Taniwel,Seram Bagian Barat,intermittent,micro_hydro,2055,471,2385,547,1.6666666666666667,22.495755517826826,0.1818181818181818,144.40800000000002,144.4,493760.0,1027021.0,760390.0,14024.067087956331,38.8251589168494,1.5209015470792353,0.9925456867347582,14.420543602856466
81.06.03.2002,Nikulukan,Taniwel,Seram Bagian Barat,intermittent,micro_hydro,668,164,775,190,1.6666666666666667,60.879811468970935,0.1818181818181818,50.160000000000004,50.2,173101.0,360051.0,266576.0,23506.64990752617,47.81745464613035,1.1907204035627112,0.989385076240739,15.171737692453965
81.06.03.2003,Niwelehu,Taniwel,Seram Bagian Barat,intermittent,micro_hydro,718,194,858,232,2.0,46.253369272237194,0.1818181818181818,61.248000000000005,61.2,210148.0,437108.0,323628.0,22299.90165337058,46.648504864192624,1.3009456568001685,0.9874622071485436,14.88143856571672
81.06.03.2004,Nuniali,Taniwel,Seram Bagian Barat,intermittent,micro_hydro,643,156,746,181,1.6666666666666667,65.1528384279476,0.2272727272727272,47.784000000000006,47.8,159388.0,331526.0,245457.0,25354.68684484192,49.33271388045125,1.1907204035627112,0.9727806764695148,11.70301085505734
81.06.03.2005,Lisabata,Taniwel,Seram Bagian Barat,intermittent,micro_hydro,1140,304,1362,363,2.0,117.0103092783505,0.2272727272727272,95.832,95.8,338865.0,704838.0,521852.0,27080.68568301955,57.47084945967445,1.1907204035627112,0.9871079645746624,16.59532464518883
81.06.03.2006,Wakolo,Taniwel,Seram Bagian Barat,intermittent,micro_hydro,349,96,393,108,1.3333333333333333,74.29111531190927,0.2727272727272727,28.512000000000004,28.5,97247.0,202273.0,149760.0,29038.508161577447,55.34564503397666,1.1907204035627112,0.9936734974556456,14.18934332299639
81.06.03.2007,Patahuwe,Taniwel,Seram Bagian Barat,dark_settled,micro_hydro,376,87,449,104,2.0,21.7644207464857,0.1363636363636363,27.456000000000003,27.5,97404.0,202600.0,150002.0,29466.65903451306,52.41686291782366,1.1512757429553746,0.9910062391439108,16.671205368426232
81.06.03.2008,Taniwel,Taniwel,Seram Bagian Barat,intermittent,micro_hydro,1782,499,2008,562,1.3333333333333333,18.319496396314204,0.2727272727272727,148.368,148.4,492837.0,1025100.0,758968.0,32120.56708714838,42.416224800938025,0.9113428536141688,0.9797186723810606,11.272065255433336
81.06.03.2009,Hulung,Taniwel,Seram Bagian Barat,intermittent,micro_hydro,837,224,971,260,1.6666666666666667,74.34915773353751,0.4090909090909091,68.64,68.6,231233.0,480965.0,356099.0,42284.86427678645,50.5006047800563,0.9220844229375934,0.9869395213374828,12.86389777763138
81.06.03.2010,Kasieh,Taniwel,Seram Bagian Barat,intermittent,micro_hydro,1180,296,1410,354,2.0,26.374859708193043,0.2272727272727272,93.456,93.5,319845.0,665277.0,492561.0,39530.85333990717,47.035884600301465,0.9109453482467904,0.9854566432467028,14.465558045331452
81.06.03.2011,Nukuhai,Taniwel,Seram Bagian Barat,intermittent,solar_biomass_hybrid,334,93,399,111,2.0,11.26164267569856,0.1818181818181818,29.304,29.3,86256.0,156986.0,121621.0,44107.290434093775,16.63010452345157,0.9356180196844824,0.9951081126918156,18.87766344399211
81.06.03.2012,Pasinalo,Taniwel,Seram Bagian Barat,intermittent,solar_biomass_hybrid,415,111,468,125,1.3333333333333333,64.19753086419753,0.3181818181818182,33.0,33.0,89046.0,162063.0,125554.0,48800.576756005146,25.277487764023945,0.9356180196844824,0.9841671460644412,12.934045413574257
81.06.03.2028,Uweth,Taniwel,Seram Bagian Barat,intermittent,solar_biomass_hybrid,700,177,812,205,1.6666666666666667,359.2920353982301,0.5909090909090909,54.12,54.1,135250.0,246155.0,190702.0,39144.70598425475,14.980390750663616,0.8838058532357728,0.9351574212893552,2.5896469447641306
81.06.03.2029,Laturake,Taniwel,Seram Bagian Barat,intermittent,micro_hydro,598,160,736,197,2.3333333333333335,16.528183247249046,0.2272727272727272,52.007999999999996,52.0,192814.0,401054.0,296934.0,34173.72819757708,50.94994525620669,0.9073562259971564,0.9993752387227038,19.32745060666307
81.06.03.2030,Buria,Taniwel,Seram Bagian Barat,intermittent,micro_hydro,1819,428,2111,497,1.6666666666666667,30.98488184353442,0.1818181818181818,131.208,131.2,481379.0,1001269.0,741324.0,30540.929777462163,48.78249339548479,1.0075036909526067,0.9990601463123578,18.70481526468357
81.06.03.2032,Rumahsoal,Taniwel,Seram Bagian Barat,intermittent,micro_hydro,318,82,391,101,2.3333333333333335,4.55021529151635,0.1818181818181818,26.664,26.7,95805.0,199275.0,147540.0,13872.300201300432,43.81552055934074,1.6591608660696864,0.9983868599121132,17.411304629129898
81.06.03.2034,Niniari,Taniwel,Seram Bagian Barat,dark_settled,micro_hydro,563,120,735,157,3.0,7.059162504802151,0.1363636363636363,41.448,41.4,144850.0,301288.0,223069.0,12676.871400310094,45.490729892132975,1.6307570287763875,0.9985951063995728,15.980754637532456
81.06.04.2002,Allang Asaude,Huamual Belakang,Seram Bagian Barat,intermittent,micro_hydro,1177,313,1366,363,1.6666666666666667,79.51105937136205,0.5,95.832,95.8,309747.0,644275.0,477011.0,11464.043012284104,32.19250246852655,,0.8224125194933108,8.464679335942627
81.06.04.2003,Sole,Huamual Belakang,Seram Bagian Barat,intermittent,solar_biomass_hybrid,2928,734,3499,877,2.0,80.34443168771527,0.2272727272727272,231.52800000000002,231.5,664227.0,1208894.0,936560.0,21231.845892432437,14.468087099463206,4.2989227705741095,0.9086145883446934,17.384647781279156
81.06.04.2004,Tonu Jaya,Huamual Belakang,Seram Bagian Barat,intermittent,solar_biomass_hybrid,2102,520,2512,621,2.0,113.61374943464496,0.3181818181818182,163.94400000000002,163.9,485022.0,882740.0,683881.0,26107.10473612739,9.992040020922891,4.098784994717515,0.949771595066086,19.18508183645999
81.06.04.2005,Tahalupu,Huamual Belakang,Seram Bagian Barat,intermittent,micro_hydro,7555,1818,9029,2173,2.0,107.4753005594572,0.2727272727272727,573.672,573.7,2024841.0,4211669.0,3118255.0,15339.427160914453,36.02883841375896,4.5142096873784165,0.9359119880845638,16.471069480308508
81.06.05.2001,Tihulale,Amalatu,Seram Bagian Barat,intermittent,micro_hydro,1979,542,2230,611,1.3333333333333333,56.65650406504065,0.1818181818181818,161.304,161.3,593939.0,1235394.0,914666.0,6988.159272342396,35.98841996574487,1.8961506363329104,0.9919147015573662,18.915261238332757
81.06.05.2002,Rumahkay,Amalatu,Seram Bagian Barat,dark_settled,micro_hydro,2348,662,2568,724,1.0,61.77531873947558,0.1363636363636363,191.13600000000002,191.1,726679.0,1511493.0,1119086.0,8286.412879301273,54.89541098194055,1.7061233085275402,0.9964737791566224,20.84179760960525
81.06.05.2003,Latu,Amalatu,Seram Bagian Barat,intermittent,micro_hydro,4187,1159,5004,1385,2.0,77.19839555692688,0.2727272727272727,365.64,365.6,1211037.0,2518957.0,1864997.0,7729.318201457034,44.61109959724688,1.5413297014679856,0.9757557900939678,10.998859125707844
81.06.05.2004,Tomalehu,Amalatu,Seram Bagian Barat,intermittent,solar_biomass_hybrid,808,215,938,249,1.6666666666666667,84.05017921146953,0.2727272727272727,65.73599999999999,65.7,181105.0,329611.0,255358.0,9017.218036900294,7.392029590863592,1.5446328922677997,0.9869351087600894,15.13092622704723
81.06.05.2005,Hualoy,Amalatu,Seram Bagian Barat,intermittent,micro_hydro,2180,584,2530,678,1.6666666666666667,41.61184210526316,0.1818181818181818,178.99200000000002,179.0,639995.0,1331190.0,985592.0,9970.336278963963,47.92886424862702,1.432162343282058,0.9891644648332324,17.206264952831187
81.06.05.2006,Seriholo,Amalatu,Seram Bagian Barat,dark_settled,solar_biomass_hybrid,863,215,1062,265,2.3333333333333335,51.30434782608696,0.1363636363636363,69.96,70.0,196737.0,358061.0,277399.0,14652.286227326436,28.06945796957332,1.480291305992664,0.9901159688305766,16.210536838135088
81.06.05.2007,Tala,Amalatu,Seram Bagian Barat,intermittent,micro_hydro,556,146,626,164,1.3333333333333333,11.330316742081449,0.1818181818181818,43.29599999999999,43.3,147720.0,307257.0,227488.0,16438.552903540505,44.52490836177835,1.347446396553989,0.9643097297252105,14.169439150380072
81.06.06.2002,Rambatu,Inamosol,Seram Bagian Barat,intermittent,micro_hydro,1010,257,1207,307,2.0,11.581270389560546,0.2272727272727272,81.048,81.0,282462.0,587521.0,434992.0,14154.233907209533,48.27563497356034,1.6928882254437665,0.9980262737790472,15.79499405215195
81.06.06.2005,Hukuanakota,Inamosol,Seram Bagian Barat,intermittent,micro_hydro,879,214,1020,248,1.6666666666666667,20.735921935352714,0.2272727272727272,65.472,65.5,226663.0,471458.0,349060.0,18282.08122041908,43.7701269141638,1.3731205116880465,0.9959425369363504,15.367944738780274
81.06.08.2005,Kulur,Huamual,Seram Bagian Barat,intermittent,solar_battery,918,249,1097,298,2.0,1354.3209876543208,0.5909090909090909,78.672,78.7,150878.0,261522.0,206200.0,,,,0.4111486486486486,7.246910692046346
81.06.10.2001,Sohuwe,Taniwel Timur,Seram Bagian Barat,intermittent,micro_hydro,652,169,757,196,1.6666666666666667,21.63475278651043,0.2727272727272727,51.744,51.7,197247.0,410275.0,303761.0,45341.75980470432,52.55752722676116,0.8989386791037113,0.990975586586872,21.04369059069392
81.06.10.2003,Lumahlatal,Taniwel Timur,Seram Bagian Barat,intermittent,micro_hydro,426,111,509,133,2.0,13.794037940379404,0.2272727272727272,35.112,35.1,131217.0,272931.0,202074.0,43806.18867737183,47.52191563947653,0.92859772745617,0.9813052067668524,19.814016285760594
81.06.10.2005,Seakasale,Taniwel Timur,Seram Bagian Barat,intermittent,micro_hydro,383,107,419,117,1.0,8.474919093851133,0.2272727272727272,30.888,30.9,116197.0,241689.0,178943.0,38347.733191643805,50.658389555798166,0.907796869471512,0.9772059298361232,20.166480773863977
81.06.10.2006,Makububui,Taniwel Timur,Seram Bagian Barat,intermittent,micro_hydro,721,194,887,239,2.3333333333333335,30.06779661016949,0.3181818181818182,63.096,63.1,234006.0,486732.0,360369.0,37175.504582570895,50.2603481036512,0.9111175298310952,0.9973591076432222,19.33579577135398
81.06.10.2007,Sukaraja,Taniwel Timur,Seram Bagian Barat,intermittent,solar_biomass_hybrid,514,148,614,177,2.0,164.6112600536193,0.3181818181818182,46.728,46.7,124557.0,226694.0,175626.0,45438.90025352727,9.346147420114312,1.0105294664166562,0.9650382999016422,11.68714400637771
81.06.10.2008,Uwen Pantai,Taniwel Timur,Seram Bagian Barat,intermittent,micro_hydro,461,137,602,179,3.0,16.778149386845037,0.2727272727272727,47.256,47.3,174855.0,363699.0,269277.0,35978.950525793545,49.68377067090468,0.9188343522452976,0.9957306998425768,19.14772296669443
81.06.10.2009,Tounussa,Taniwel Timur,Seram Bagian Barat,intermittent,solar_biomass_hybrid,360,100,394,109,1.0,505.12820512820514,0.5,28.776000000000003,28.8,73139.0,133113.0,103126.0,47604.0877940448,2.9477407565950555,1.0105294664166562,0.9055365193868352,6.581788339309161
81.06.10.2010,Musihuwey,Taniwel Timur,Seram Bagian Barat,intermittent,solar_biomass_hybrid,495,137,592,164,2.0,543.1192660550458,0.5454545454545454,43.29599999999999,43.3,111725.0,203339.0,157532.0,47645.84139152388,1.7883389065608033,1.0105294664166562,0.918130245570407,8.209849128694856
81.06.10.2011,Solea,Taniwel Timur,Seram Bagian Barat,intermittent,solar_biomass_hybrid,595,168,754,213,2.6666666666666665,876.7441860465117,0.5,56.232,56.2,140500.0,255710.0,198105.0,48021.8486781668,0.4561833484400931,1.0105294664166562,0.9429725307245064,4.08538868343529
81.06.10.2012,Waraloin,Taniwel Timur,Seram Bagian Barat,intermittent,micro_hydro,326,102,350,110,0.8,7.534983853606027,0.3181818181818182,29.04,29.0,106893.0,222338.0,164616.0,32426.208285120232,57.66391843758172,0.9375551939726254,0.995220145436587,18.97548677916372
81.06.10.2013,Walakone,Taniwel Timur,Seram Bagian Barat,intermittent,solar_biomass_hybrid,596,143,712,171,2.0,127.82764811490125,0.3181818181818182,45.144000000000005,45.1,112750.0,205205.0,158978.0,46616.9718802203,9.74561089602271,1.0855851816925577,0.9768545371955696,2.1747384290810388
81.06.10.2014,Hatunuru,Taniwel Timur,Seram Bagian Barat,intermittent,micro_hydro,447,114,534,136,2.0,30.289279636982418,0.1818181818181818,35.904,35.9,118384.0,246239.0,182312.0,52034.72240169899,34.50447683363636,1.0105294664166562,0.9410853611880776,10.52360874242012
81.06.10.2015,Lumahpelu,Taniwel Timur,Seram Bagian Barat,intermittent,solar_biomass_hybrid,598,170,758,215,2.6666666666666665,388.71794871794873,0.4090909090909091,56.760000000000005,56.8,146017.0,265750.0,205884.0,47551.774666212514,2.818248882875583,1.0105294664166562,0.92806822395254,7.828523613500705
81.06.11.2002,Sanahu,Elpaputih,Seram Bagian Barat,dark_settled,micro_hydro,1093,285,1231,321,1.3333333333333333,17.173549107142854,0.1363636363636363,84.74400000000001,84.7,297469.0,618735.0,458102.0,17426.906806986,52.5737449078141,0.955536454608963,0.9729539745642,16.192472515789056
81.06.11.2003,Wasia,Elpaputih,Seram Bagian Barat,intermittent,micro_hydro,303,85,362,102,2.0,3.5919825362175035,0.1818181818181818,26.927999999999997,26.9,100885.0,209841.0,155363.0,21201.075847922788,38.68095023494874,0.9560656203965504,0.9963063994171568,20.00602010328066
81.06.11.2004,Sumeith Pasinaro,Elpaputih,Seram Bagian Barat,intermittent,micro_hydro,264,62,316,74,2.0,5.5939104266241815,0.2272727272727272,19.536000000000005,19.5,68361.0,142192.0,105276.0,19972.622971442062,49.72774599770066,1.3461892262156376,0.9576025056947608,16.091357780798422
81.06.11.2006,Abio Ahiolo,Elpaputih,Seram Bagian Barat,intermittent,micro_hydro,1071,231,1280,276,2.0,17.2972972972973,0.2272727272727272,72.864,72.9,256541.0,533606.0,395074.0,24418.57725495591,47.31222856215599,1.0275590674296142,0.9936966345622495,16.305338953997424
81.06.11.2007,Huku Kecil,Elpaputih,Seram Bagian Barat,intermittent,micro_hydro,394,86,457,100,1.6666666666666667,10.645236431399953,0.2272727272727272,26.400000000000002,26.4,97496.0,202793.0,150144.0,27858.00840871436,51.11523255670601,1.0443700794220834,0.9970350233506444,19.08873565262593
81.06.11.2008,Elpaputih,Elpaputih,Seram Bagian Barat,intermittent,micro_hydro,1974,557,2224,628,1.3333333333333333,7.925590677452692,0.2272727272727272,165.792,165.8,590991.0,1229261.0,910126.0,13672.844960449893,49.93413399035224,0.8417649767665804,0.9777081969933265,17.03170770632038
81.07.01.2003,Kobraur,Pulau-Pulau Aru,Kepulauan Aru,dark_settled,solar_biomass_hybrid,191,50,228,60,2.0,18.357487922705314,0.1363636363636363,15.84,15.8,39500.0,71890.0,55695.0,16964.185719019202,17.959093766392574,2.376690047026376,0.923505128449398,2.868812381896741
81.07.01.2004,Lau-Lau,Pulau-Pulau Aru,Kepulauan Aru,dark_settled,solar_biomass_hybrid,467,132,592,167,2.6666666666666665,10.464910730068942,0.1363636363636363,44.088,44.1,110250.0,200655.0,155452.0,10234.624101548625,15.879906622338748,2.3968928814233035,0.8325951700352554,2.606097586500905
81.07.01.2005,Gorar,Pulau-Pulau Aru,Kepulauan Aru,dark_settled,solar_biomass_hybrid,361,107,514,152,4.0,8.067807251608853,0.0909090909090909,40.128,40.1,100250.0,182455.0,141352.0,10003.036046933452,19.07593895420577,2.4196785082001298,0.9544286012451704,2.756621774104488
81.07.01.2006,Tungu,Pulau-Pulau Aru,Kepulauan Aru,intermittent,solar_battery,292,84,329,95,1.3333333333333333,8.984161660294921,0.2272727272727272,25.080000000000002,25.1,47062.0,81575.0,64318.0,8551.621585991747,16.201164027759447,2.448660827210768,0.5002575333576672,2.681198882143991
81.07.01.2007,Tunguwatu,Pulau-Pulau Aru,Kepulauan Aru,intermittent,solar_biomass_hybrid,609,170,795,222,3.0,5.369807497467072,0.1818181818181818,58.608,58.6,146500.0,266630.0,206565.0,16672.76473727063,18.060035591097243,2.387903278134872,0.9536318497654958,3.223761639422981
81.07.02.2001,Jerol,Aru Selatan,Kepulauan Aru,intermittent,solar_battery,683,170,841,209,2.3333333333333335,21.4049376431662,0.3181818181818182,55.176,55.2,103500.0,179400.0,141450.0,21641.638196137093,12.138025509267788,2.850542064180681,0.6150070289398416,2.832836231593041
81.07.02.2003,Kabalukin,Aru Selatan,Kepulauan Aru,intermittent,solar_battery,521,121,700,163,3.3333333333333335,16.05504587155963,0.4545454545454545,43.032000000000004,43.0,80625.0,139750.0,110188.0,17222.122424733254,9.11106516859763,3.2859833990033605,0.5555480033984705,2.1012767496030325
81.07.02.2004,Kalar-Kalar,Aru Selatan,Kepulauan Aru,intermittent,solar_battery,1234,294,1519,362,2.3333333333333335,26.198689203173508,0.4545454545454545,95.56800000000001,95.6,179250.0,310700.0,244975.0,14709.891043104297,9.637324389238987,3.24886179335438,0.5577163041078677,2.2594142888270663
81.07.02.2006,Ngaiguli,Aru Selatan,Kepulauan Aru,intermittent,solar_biomass_hybrid,221,64,264,76,2.0,9.047292666209733,0.5,20.064,20.1,50250.0,91455.0,70852.0,13853.976791430685,10.80164006943764,4.134293116308809,0.7233941949116898,2.539423415088084
81.07.02.2008,Ngaibor,Aru Selatan,Kepulauan Aru,intermittent,wind_solar_hybrid,472,130,564,155,2.0,6.270150083379655,0.5,40.92,40.9,102250.0,212680.0,157465.0,15595.51889666548,14.760827504471289,5.751238160037229,0.82161227480657,3.009307602208644
81.07.02.2026,Lor-lor,Aru Selatan,Kepulauan Aru,intermittent,solar_biomass_hybrid,776,216,900,251,1.6666666666666667,7.16674629718108,0.1818181818181818,66.26400000000001,66.3,165750.0,301665.0,233708.0,28123.85790597771,11.826391284751825,2.764639348962568,0.8085959281339493,2.5746314794477483
81.07.02.2027,Gaimar,Aru Selatan,Kepulauan Aru,intermittent,solar_battery,186,49,257,68,3.6666666666666665,7.10926694329184,0.3636363636363636,17.952,18.0,33750.0,58500.0,46125.0,23862.29444515971,11.134066224306752,3.4956588101684445,0.4496143151356147,2.6794537487214747
81.07.02.2029,Doka Barat,Aru Selatan,Kepulauan Aru,intermittent,solar_biomass_hybrid,406,117,515,148,2.6666666666666665,4.676291655316445,0.2727272727272727,39.07200000000001,39.1,97750.0,177905.0,137828.0,29343.818274680954,9.021481500562215,2.9807247161303776,0.9281642991943932,2.159729590864936
81.07.02.2031,Jelia,Aru Selatan,Kepulauan Aru,intermittent,solar_biomass_hybrid,281,72,346,89,2.3333333333333335,4.9414453013424735,0.2727272727272727,23.496000000000002,23.5,58750.0,106925.0,82838.0,29722.204216713137,9.460826632214244,4.218398385797226,0.7819220728217757,2.361206853555226
81.07.03.2003,Gardakau,Aru Tengah,Kepulauan Aru,dark_settled,solar_battery,959,255,1288,343,3.3333333333333335,6.4156206415620645,0.1363636363636363,90.552,90.6,169875.0,294450.0,232162.0,30846.92311692124,18.267428144033563,2.613988517661724,0.6889534943312616,4.125971582951468
81.07.03.2006,Lorang,Aru Tengah,Kepulauan Aru,dark_settled,solar_biomass_hybrid,243,64,274,72,1.3333333333333333,1.2530869843592793,0.1363636363636363,19.008000000000003,19.0,47500.0,86450.0,66975.0,50157.22219431614,12.802076415327786,2.7439514576551165,0.7835457028182334,2.476137550322681
81.07.03.2008,Manjau,Aru Tengah,Kepulauan Aru,dark_settled,solar_battery,312,97,407,127,3.0,23.580533024333718,0.1363636363636363,33.528,33.5,62812.0,108875.0,85844.0,59131.988785153335,9.923841971268256,3.005723646949167,0.6838866920797828,3.024839990095032
81.07.03.2009,Kwarbola,Aru Tengah,Kepulauan Aru,intermittent,solar_battery,201,56,226,63,1.3333333333333333,5.65,0.2272727272727272,16.632,16.6,31125.0,53950.0,42538.0,62305.80474625237,11.086125382081226,3.995809225732815,0.4966043320888129,2.6388665755103085
81.07.03.2030,Kobasel Timur,Aru Tengah,Kepulauan Aru,intermittent,solar_battery,244,111,283,129,1.6666666666666667,11.733001658374793,0.1818181818181818,34.056000000000004,34.1,63938.0,110825.0,87382.0,69179.8323079512,4.5131723984091785,4.152468708414104,0.5308763056550913,2.827416833520684
81.07.03.2031,Fatlabata,Aru Tengah,Kepulauan Aru,intermittent,solar_battery,359,102,442,126,2.3333333333333335,8.552631578947368,0.1818181818181818,33.264,33.3,62437.0,108225.0,85331.0,58480.51070148285,10.70804081130406,3.2859928578507454,0.5981381755416425,2.627325529654794
81.07.03.2033,Wakua,Aru Tengah,Kepulauan Aru,intermittent,solar_biomass_hybrid,1395,397,1572,447,1.3333333333333333,8.182386008744535,0.2272727272727272,118.00800000000001,118.0,295000.0,536900.0,415950.0,28428.054741311444,19.155119530472767,2.244352429539865,0.8355558169982442,4.294276442065415
81.07.03.2037,Tanah Miring,Aru Tengah,Kepulauan Aru,intermittent,solar_biomass_hybrid,384,115,459,137,2.0,303.97350993377484,0.3636363636363636,36.168,36.2,90500.0,164710.0,127605.0,25012.456470476867,0.3142649484054874,2.9087759667654813,0.9223924001550988,4.136830524959425
81.07.03.2043,Maijuring,Aru Tengah,Kepulauan Aru,dark_settled,solar_biomass_hybrid,783,239,964,294,2.3333333333333335,15.26040842171917,0.1363636363636363,77.616,77.6,194000.0,353080.0,273540.0,22501.899694109165,5.978099517165109,3.9371481903153978,0.8618917213528521,2.4264574152054093
81.07.03.2045,Selibata-bata,Aru Tengah,Kepulauan Aru,dark_settled,solar_biomass_hybrid,883,270,1087,332,2.3333333333333335,7.928519328956966,0.1363636363636363,87.64800000000001,87.6,219000.0,398580.0,308790.0,23194.876833985345,20.571933527589124,2.232554575592147,0.9750922211156546,3.858779424952529
81.07.04.2001,Marlasi,Aru Utara,Kepulauan Aru,intermittent,wind_solar_hybrid,1611,439,1925,525,2.0,30.844415958980935,0.2272727272727272,138.60000000000002,138.6,346500.0,720720.0,533610.0,36022.02013092131,18.71075326723816,5.112485261647075,0.7814420664130822,2.7820757778490357
81.07.04.2002,Kolamar,Aru Utara,Kepulauan Aru,intermittent,wind_solar_hybrid,700,187,837,223,2.0,66.11374407582939,0.2727272727272727,58.87200000000001,58.9,147250.0,306280.0,226765.0,43764.7633290756,4.499850305693782,5.112485261647075,0.8897140475489582,2.493350401157389
81.07.04.2004,Tasinwaha,Aru Utara,Kepulauan Aru,intermittent,wind_solar_hybrid,424,95,537,120,2.6666666666666665,50.612629594721966,0.2727272727272727,31.68,31.7,79250.0,164840.0,122045.0,44722.03583141369,26.4289532171274,5.112485261647075,0.3951396377389156,2.6728972145467327
81.07.04.2005,Foket,Aru Utara,Kepulauan Aru,intermittent,wind_solar_hybrid,525,144,685,188,3.0,44.2792501616031,0.2272727272727272,49.632,49.6,124000.0,257920.0,190960.0,40952.97552071156,15.216052116577645,5.112485261647075,0.8021663943425305,2.885769478161884
81.07.04.2006,Kaibolafin,Aru Utara,Kepulauan Aru,dark_settled,solar_battery,280,74,355,94,2.6666666666666665,27.69110764430577,0.1363636363636363,24.816,24.8,46500.0,80600.0,63550.0,42961.20376826922,25.511914080101203,,0.152914555745508,2.745990331041667
81.07.04.2007,Wahangula-Ngula,Aru Utara,Kepulauan Aru,intermittent,wind_solar_hybrid,184,55,262,78,4.0,10.620186461289014,0.2272727272727272,20.592,20.6,51500.0,107120.0,79310.0,37104.89022815928,9.9936600628203,5.112485261647075,0.8117036666110276,2.9201028397160944
81.07.04.2008,Wahayum,Aru Utara,Kepulauan Aru,dark_settled,solar_biomass_hybrid,375,99,489,129,3.0,18.17843866171004,0.1363636363636363,34.056000000000004,34.1,85250.0,155155.0,120202.0,33119.644346765715,29.318041559887263,,0.7646194908956595,3.325976024369794
81.07.04.2009,Warialau,Aru Utara,Kepulauan Aru,dark_settled,solar_battery,720,211,835,245,1.6666666666666667,11.385328606490319,0.0909090909090909,64.68,64.7,127158.0,220406.0,173782.0,40080.8357681698,8.53373353609117,,0.4378000550517053,9.81817078541193
81.07.04.2010,Jerwatu,Aru Utara,Kepulauan Aru,dark_settled,solar_biomass_hybrid,344,94,449,123,3.0,67.21556886227545,0.0909090909090909,32.472,32.5,81250.0,147875.0,114562.0,32353.845069017683,0.920551282310882,,0.7033781014440238,4.406528250804708
81.07.04.2013,Selmona,Aru Utara,Kepulauan Aru,intermittent,solar_biomass_hybrid,453,121,558,149,2.3333333333333335,76.02179836512262,0.2727272727272727,39.336,39.3,98250.0,178815.0,138532.0,47798.15733471062,2.293705886878522,,0.7004429550435418,2.1550997077164835
81.07.05.2001,Kabalsiang,Aru Utara Timur Batuley,Kepulauan Aru,intermittent,solar_battery,784,219,937,262,2.0,263.2022471910112,0.2272727272727272,69.168,69.2,129750.0,224900.0,177325.0,59727.57166083349,0.9268211906370376,,0.4167583494568586,2.701653427593815
81.07.05.2002,Benjuring,Aru Utara Timur Batuley,Kepulauan Aru,intermittent,solar_battery,708,193,798,217,1.3333333333333333,199.5,0.1818181818181818,57.288000000000004,57.3,107438.0,186225.0,146832.0,59012.60864703512,0.5937545348571347,,0.4002650185222799,2.564392660844985
81.07.05.2003,Batuley,Aru Utara Timur Batuley,Kepulauan Aru,intermittent,solar_battery,291,87,358,107,2.3333333333333335,53.3532041728763,0.2272727272727272,28.247999999999998,28.2,52875.0,91650.0,72262.0,56666.24440142915,0.2735885448944095,,0.1157443266551831,2.479818800173189
81.07.05.2004,Kumul,Aru Utara Timur Batuley,Kepulauan Aru,intermittent,solar_battery,844,224,1039,276,2.3333333333333335,16.254693366708384,0.1818181818181818,72.864,72.9,136688.0,236925.0,186806.0,45260.95245214135,16.337353601398096,2.782987294004078,0.4919145855591031,3.1069439967563977
81.07.05.2006,Sewer,Aru Utara Timur Batuley,Kepulauan Aru,dark_settled,solar_battery,462,133,536,154,1.6666666666666667,36.02150537634408,0.0909090909090909,40.656000000000006,40.7,76312.0,132275.0,104294.0,53283.18741697516,3.044023423390758,2.5973247473232037,0.319020729476235,2.817762052815866
81.07.05.2008,Kompane,Aru Utara Timur Batuley,Kepulauan Aru,dark_settled,solar_battery,451,132,588,172,3.0,5.967725565817517,0.1363636363636363,45.407999999999994,45.4,85125.0,147550.0,116338.0,44963.44739045679,19.80848577560271,3.567655818287033,0.6129319367832543,2.376614916179247
81.07.05.2009,Kobamar,Aru Utara Timur Batuley,Kepulauan Aru,intermittent,solar_biomass_hybrid,280,83,335,99,2.0,1.029312357893443,0.2272727272727272,26.136000000000003,26.1,65250.0,118755.0,92002.0,28548.17881286388,17.02851054780433,2.584996970498107,0.9121638228559747,3.052395223228925
81.07.06.2006,Leiting,Sir-Sir,Kepulauan Aru,intermittent,solar_biomass_hybrid,666,175,773,203,1.6666666666666667,69.57695769576958,0.2272727272727272,53.592000000000006,53.6,134000.0,243880.0,188940.0,44669.46176919977,4.0462932915076575,4.578624764452926,0.7737206475593211,2.6442566079825016
81.07.06.2007,Bardefan,Sir-Sir,Kepulauan Aru,dark_settled,solar_biomass_hybrid,229,69,266,80,1.6666666666666667,2.4177422286856936,0.0909090909090909,21.12,21.1,52750.0,96005.0,74378.0,38394.87136059808,25.491173837723547,3.716813407107827,0.8160599620265843,2.9755955769337703
81.07.06.2008,Mohongsel,Sir-Sir,Kepulauan Aru,intermittent,solar_battery,281,78,336,93,2.0,17.92956243329776,0.2272727272727272,24.552000000000003,24.6,46125.0,79950.0,63038.0,45914.19394098082,1.3729112377909922,4.225247504270257,0.4859014088882679,2.6860144600655658
81.07.06.2009,Kolaha,Sir-Sir,Kepulauan Aru,dark_settled,solar_biomass_hybrid,498,141,595,169,2.0,17.186597342576547,0.1363636363636363,44.616,44.6,111500.0,202930.0,157215.0,30749.1171367163,34.72893346451896,3.9737956368125102,0.7901517934006193,3.567812202077869
81.07.06.2010,Goda-Goda,Sir-Sir,Kepulauan Aru,dark_settled,solar_biomass_hybrid,599,167,695,194,1.6666666666666667,69500.0,0.1363636363636363,51.216,51.2,128000.0,232960.0,180480.0,9792.206438668458,21.673817726900783,3.381028175171078,0.9230730050332612,3.010157181160152
81.07.07.2001,Koijabi,Aru Tengah Timur,Kepulauan Aru,intermittent,solar_battery,978,249,1135,289,1.6666666666666667,43.907156673114116,0.1818181818181818,76.296,76.3,143062.0,247975.0,195518.0,58461.47166082975,9.69653833972508,3.220526326948073,0.5041901396798082,2.8552057812617235
81.07.07.2004,Warjukur,Aru Tengah Timur,Kepulauan Aru,dark_settled,solar_biomass_hybrid,477,112,570,134,2.0,14.264264264264265,0.1363636363636363,35.376,35.4,88500.0,161070.0,124785.0,60786.34597339171,9.58953959075849,4.15598700359267,0.8167643704077029,2.313464587690006
81.07.07.2008,Kaiwabar,Aru Tengah Timur,Kepulauan Aru,intermittent,solar_battery,205,53,252,65,2.3333333333333335,13.695652173913045,0.1818181818181818,17.16,17.2,32250.0,55900.0,44075.0,66737.07094765153,10.883255851852102,4.876317329629753,0.6751222072888781,2.6247841908422385
81.07.07.2009,Ponom,Aru Tengah Timur,Kepulauan Aru,intermittent,solar_battery,245,62,268,68,1.0,20.88854247856586,0.2272727272727272,17.952,18.0,33750.0,58500.0,46125.0,68789.17295848599,10.58827987826444,4.108786724471623,0.2015245520758099,2.5772134371915496
81.07.07.2010,Lola,Aru Tengah Timur,Kepulauan Aru,intermittent,solar_biomass_hybrid,246,73,340,101,3.6666666666666665,93.15068493150685,0.2272727272727272,26.664,26.7,66750.0,121485.0,94118.0,78970.91253489318,0.5949190911981602,,0.7233175818803975,3.2504775114876208
81.07.07.2011,Mariri,Aru Tengah Timur,Kepulauan Aru,dark_settled,solar_battery,387,118,463,141,2.0,96.65970772442589,0.1363636363636363,37.224,37.2,69750.0,120900.0,95325.0,77812.8356257822,0.2593753526517872,,0.4523835767429043,2.9163463910538074
81.07.07.2012,Dosinamalau,Aru Tengah Timur,Kepulauan Aru,dark_settled,solar_biomass_hybrid,797,211,925,245,1.6666666666666667,3.780447931992807,0.1363636363636363,64.68,64.7,161750.0,294385.0,228068.0,32698.72352368093,12.38130252113778,2.3776516440324085,0.8579484784853931,2.5109393746669832
81.07.07.2013,Karawai,Aru Tengah Timur,Kepulauan Aru,dark_settled,solar_battery,301,86,360,103,2.0,2.8114017961733695,0.0909090909090909,27.192000000000004,27.2,51000.0,88400.0,69700.0,43158.64229792221,11.383272888221788,2.5873510591241518,0.1550357740407922,2.6091728858470837
81.07.08.2006,Jambu Air,Aru Tengah Selatan,Kepulauan Aru,intermittent,solar_battery,490,144,552,162,1.3333333333333333,13.789657756682487,0.2727272727272727,42.768,42.8,80250.0,139100.0,109675.0,89964.93233477142,3.125355812230012,,0.5303216967779955,2.9777185265739337
81.07.08.2007,Warabal,Aru Tengah Selatan,Kepulauan Aru,intermittent,wind_solar_hybrid,402,133,466,154,1.6666666666666667,2.5235568071049497,0.1818181818181818,40.656000000000006,40.7,101750.0,211640.0,156695.0,81244.58653340771,9.376246666372293,5.803881845332261,0.358081907698052,3.006428267312748
81.07.09.2002,Dosimar,Aru Selatan Timur,Kepulauan Aru,intermittent,wind_solar_hybrid,149,45,168,51,1.3333333333333333,2.7109891883169275,0.5,13.463999999999999,13.5,33750.0,70200.0,51975.0,19188.375271160272,19.694942278480845,6.125464014987757,0.8181370614096046,3.5835878723059342
81.07.09.2003,Batugoyang,Aru Selatan Timur,Kepulauan Aru,intermittent,wind_solar_hybrid,536,154,641,184,2.0,7.870825147347741,0.4090909090909091,48.576,48.6,121500.0,252720.0,187110.0,27808.809881043093,15.306176745088845,5.738044212423992,0.7709689888591817,3.5581243387542294
81.07.09.2004,Salarem,Aru Selatan Timur,Kepulauan Aru,intermittent,wind_solar_hybrid,460,122,550,146,2.0,5.670103092783505,0.3636363636363636,38.544000000000004,38.5,96250.0,200200.0,148225.0,30714.105612792144,13.4370682375184,5.68782159712783,0.8678538196202669,3.438859960825708
81.07.09.2005,Siya,Aru Selatan Timur,Kepulauan Aru,intermittent,wind_solar_hybrid,324,91,376,106,1.6666666666666667,13.1239092495637,0.3636363636363636,27.983999999999998,28.0,70000.0,145600.0,107800.0,41338.57037131001,8.57098105254313,5.6248892484720825,0.5504375450414012,2.2588261060862447
81.07.09.2006,Beltubur,Aru Selatan Timur,Kepulauan Aru,intermittent,wind_solar_hybrid,654,157,878,211,3.3333333333333335,17.128365197034725,0.2727272727272727,55.70400000000001,55.7,139250.0,289640.0,214445.0,35760.892655464086,8.753443726972648,5.622288238883678,0.915128800353205,2.2798709041296434
81.07.09.2009,Gomar Sungai,Aru Selatan Timur,Kepulauan Aru,intermittent,solar_biomass_hybrid,398,100,490,123,2.3333333333333335,4.108325647690115,0.1818181818181818,32.472,32.5,81250.0,147875.0,114562.0,44545.23462833875,8.377991512217617,3.00562949260509,0.7912181742640941,2.104918133172704
81.07.10.2001,Tabarfane,Aru Selatan Utara,Kepulauan Aru,intermittent,solar_biomass_hybrid,816,259,919,292,1.3333333333333333,18.402082498998798,0.2272727272727272,77.08800000000001,77.1,192750.0,350805.0,271778.0,40701.7184956606,8.642248963377689,3.1246492343470416,0.7321060961899506,2.532977655574558
81.07.10.2002,Rebi,Aru Selatan Utara,Kepulauan Aru,intermittent,solar_biomass_hybrid,585,177,720,218,2.3333333333333335,5.708396099262666,0.4090909090909091,57.55200000000001,57.6,144000.0,262080.0,203040.0,25664.86191852345,10.810163280914988,2.690362606146701,0.7270250975464693,2.0269827067873263
81.07.10.2003,Lutur,Aru Selatan Utara,Kepulauan Aru,intermittent,solar_biomass_hybrid,532,160,655,197,2.3333333333333335,5.1909969884292275,0.2272727272727272,52.007999999999996,52.0,130000.0,236600.0,183300.0,31283.822377997945,13.337886583303453,2.58302404223575,0.8872852144353806,2.482047528052563
81.07.10.2004,Hokmar,Aru Selatan Utara,Kepulauan Aru,intermittent,solar_biomass_hybrid,323,85,386,102,2.0,8.532272325375773,0.2727272727272727,26.927999999999997,26.9,67250.0,122395.0,94822.0,42446.72991563956,10.274342757939184,2.802163140994994,0.7635754936098046,2.2991761922133374
81.07.10.2005,Juring,Aru Selatan Utara,Kepulauan Aru,intermittent,solar_biomass_hybrid,543,150,630,174,1.6666666666666667,3.390012914334912,0.1818181818181818,45.936,45.9,114750.0,208845.0,161798.0,39651.581039174846,12.680536311751885,2.578835770674383,0.7998219337706973,2.669709925247917
81.07.10.2006,Erersin,Aru Selatan Utara,Kepulauan Aru,intermittent,solar_biomass_hybrid,339,86,405,103,2.0,3.3440673767649245,0.1818181818181818,27.192000000000004,27.2,68000.0,123760.0,95880.0,42739.34852758638,9.017566144210562,2.657054605774088,0.8904408031928981,2.192586949812617
81.07.10.2007,Maekor,Aru Selatan Utara,Kepulauan Aru,dark_settled,solar_biomass_hybrid,661,191,790,228,2.0,5.423216860026087,0.1363636363636363,60.192,60.2,150500.0,273910.0,212205.0,29337.34534071931,9.638958788386912,3.3120846990488766,0.7956841595502688,2.720909032393856
81.08.01.2001,Klis,Moa,Maluku Barat Daya,intermittent,wind_solar_hybrid,2609,685,3211,843,2.3333333333333335,59.276352224478494,0.5454545454545454,222.55200000000002,222.6,556500.0,1157520.0,857010.0,10425.016864494752,2.527987881433292,6.444968487799802,0.0545615290307915,0.9870428905721318
81.08.01.2005,Werwaru,Moa,Maluku Barat Daya,intermittent,wind_solar_hybrid,923,260,1103,311,2.0,26.520798268814616,0.4090909090909091,82.10400000000001,82.1,205250.0,426920.0,316085.0,6446.136181611044,2.9078899758342627,6.433645158398845,0.1768270870671214,1.146309340353443
81.08.01.2006,Tounwawan,Moa,Maluku Barat Daya,intermittent,wind_solar_hybrid,2829,757,3482,932,2.3333333333333335,48.753850462055446,0.3181818181818182,246.04800000000003,246.0,615000.0,1279200.0,947100.0,12902.086994455589,6.466444235703341,6.458265645157669,0.1125612273736541,2.460050906871013
81.08.01.2007,Moain,Moa,Maluku Barat Daya,intermittent,wind_solar_hybrid,448,120,551,148,2.3333333333333335,15.271618625277162,0.3636363636363636,39.07200000000001,39.1,97750.0,203320.0,150535.0,25014.010802073502,2.9156907944134,6.468636927478753,0.2640089538510978,1.0853686388875778
81.08.02.2003,Kuaimelu,Damer,Maluku Barat Daya,intermittent,solar_biomass_hybrid,338,99,428,125,2.6666666666666665,14.401076716016151,0.1818181818181818,33.0,33.0,90666.0,165012.0,127839.0,136330.638110991,7.814830887463011,,0.9828960056844136,14.897804566786704
81.08.02.2004,Kumur,Damer,Maluku Barat Daya,intermittent,solar_biomass_hybrid,519,133,658,169,2.6666666666666665,44.13145539906103,0.1818181818181818,44.616,44.6,119747.0,217940.0,168844.0,134513.52941340138,8.21270348906177,,0.994577958093386,12.39655847554165
81.08.02.2005,Bebar Timur,Damer,Maluku Barat Daya,intermittent,solar_biomass_hybrid,1005,282,1132,318,1.3333333333333333,45.15357000398883,0.2272727272727272,83.952,84.0,231625.0,421557.0,326591.0,129100.90522763094,26.46152605820335,,0.9607752449152054,15.148713604315342
81.08.02.2007,Kehli,Damer,Maluku Barat Daya,intermittent,solar_biomass_hybrid,1088,308,1263,357,1.6666666666666667,131.97492163009403,0.3181818181818182,94.24800000000002,94.2,269417.0,490339.0,379878.0,130065.57161888336,4.6727338745381255,,0.978548970553433,17.20112227853615
81.08.03.2001,Luang Barat,Mdona Hyera,Maluku Barat Daya,intermittent,solar_battery,871,274,1011,318,1.6666666666666667,282.4022346368715,0.4545454545454545,83.952,84.0,168249.0,291632.0,229940.0,61725.64598677259,0.5960318129372559,,0.1827834967982492,11.824820093763917
81.08.03.2002,Luang Timur,Mdona Hyera,Maluku Barat Daya,intermittent,solar_battery,1179,320,1368,371,1.6666666666666667,174.48979591836735,0.3636363636363636,97.94400000000002,97.9,185004.0,320673.0,252838.0,94741.0619991076,0.3284537223688707,,0.6383681228660403,5.785142312644438
81.08.03.2004,Rumkisar,Mdona Hyera,Maluku Barat Daya,intermittent,solar_biomass_hybrid,281,81,336,97,2.0,22.134387351778656,0.1818181818181818,25.608,25.6,65115.0,118510.0,91812.0,85813.8305645206,4.898348176854038,,0.9315544092847932,6.742513092630953
81.08.03.2005,Lelang,Mdona Hyera,Maluku Barat Daya,intermittent,solar_biomass_hybrid,468,133,527,150,1.3333333333333333,30.92723004694836,0.3636363636363636,39.6,39.6,102176.0,185960.0,144068.0,80965.62445385773,16.436606913170483,,0.9754174480264872,8.207987263987798
81.08.03.2006,Mahaleta,Mdona Hyera,Maluku Barat Daya,intermittent,solar_biomass_hybrid,417,118,498,141,2.0,38.396299151888975,0.5454545454545454,37.224,37.2,99865.0,181754.0,140810.0,79608.67587965836,1.603949601420522,,0.8260682754561506,12.381496629091451
81.08.03.2008,Rotnama,Mdona Hyera,Maluku Barat Daya,intermittent,solar_biomass_hybrid,199,62,283,88,4.0,34.85221674876848,0.5,23.232000000000003,23.2,62360.0,113495.0,87928.0,76971.49817180708,2.893332059439004,,0.923062627764356,12.517241850366974
81.08.03.2009,Batugajah,Mdona Hyera,Maluku Barat Daya,intermittent,solar_biomass_hybrid,324,104,411,132,2.6666666666666665,36.663693131132916,0.2727272727272727,34.848,34.8,95275.0,173400.0,134338.0,77982.75988740235,1.8371641211717091,,0.9487650864421882,14.511122878660116
81.08.03.2010,Pupliora,Mdona Hyera,Maluku Barat Daya,intermittent,solar_biomass_hybrid,513,145,650,184,2.6666666666666665,51.58730158730159,0.5,48.576,48.6,129757.0,236159.0,182958.0,73639.85792545535,1.6074100156476816,,0.9538468504599144,11.796243963656472
81.08.03.2011,Regoha,Mdona Hyera,Maluku Barat Daya,intermittent,solar_biomass_hybrid,417,114,513,140,2.3333333333333335,39.19022154316272,0.2727272727272727,36.96000000000001,37.0,98129.0,178595.0,138362.0,74685.71542114831,3.199853650866285,,0.946641155173355,11.085289750783993
81.08.04.2003,Tela,Babar Barat,Maluku Barat Daya,intermittent,wind_solar_hybrid,1435,414,1715,495,2.0,61.7572920417717,0.4545454545454545,130.68,130.7,345198.0,718011.0,531604.0,13400.85604774934,25.376431681895617,7.207541935361739,0.9734107188539268,10.64585021402963
81.08.04.2004,Yaltubung,Babar Barat,Maluku Barat Daya,intermittent,wind_solar_hybrid,445,123,532,147,2.0,72.6775956284153,0.1818181818181818,38.808,38.8,98973.0,205864.0,152418.0,10879.41769035687,18.275605281804104,7.211070319115395,0.9694686692419402,7.034064801029658
81.08.04.2005,Wanuwui,Babar Barat,Maluku Barat Daya,intermittent,wind_solar_hybrid,523,143,663,181,2.6666666666666665,6.270096463022508,0.2272727272727272,47.784000000000006,47.8,122853.0,255535.0,189194.0,8256.062978578228,24.877608051310062,7.211070319115395,0.9827048823864566,7.806033179618723
81.08.04.2015,Lewah,Babar Barat,Maluku Barat Daya,intermittent,solar_biomass_hybrid,297,74,376,94,2.6666666666666665,78.49686847599165,0.2272727272727272,24.816,24.8,87216.0,158732.0,122974.0,35199.06706860283,0.5513943023670409,,0.8510096644928105,30.33508094502748
81.08.04.2016,Hertuti,Babar Barat,Maluku Barat Daya,intermittent,solar_biomass_hybrid,265,69,317,82,2.0,12.397340633554947,0.1818181818181818,21.647999999999996,21.6,68454.0,124587.0,96520.0,34367.322310772186,0.7460927072853201,,0.8985726623515318,23.383589343923365
81.08.04.2017,Sinairusi,Babar Barat,Maluku Barat Daya,intermittent,solar_biomass_hybrid,367,99,465,125,2.6666666666666665,82.88770053475935,0.1818181818181818,33.0,33.0,107963.0,196493.0,152228.0,35147.099249751394,0.9194367555026752,,0.8770471346057853,25.43226191422166
81.08.05.2002,Yatoke,Pulau-Pulau Babar Timur,Maluku Barat Daya,intermittent,wind_solar_hybrid,646,192,728,216,1.3333333333333333,41.41069397042094,0.4090909090909091,57.02400000000001,57.0,150945.0,313965.0,232455.0,5272.954990147839,10.47356407394873,7.156776339008704,0.98440096477187,10.926231134396938
81.08.05.2004,Nakarhamto,Pulau-Pulau Babar Timur,Maluku Barat Daya,intermittent,wind_solar_hybrid,460,129,566,159,2.3333333333333335,58.71369294605809,0.2727272727272727,41.976,42.0,111911.0,232774.0,172342.0,7324.104301039138,15.967341219595518,7.183447669324993,0.9931410491703524,11.58158166042705
81.08.05.2005,Emplawas,Pulau-Pulau Babar Timur,Maluku Barat Daya,intermittent,wind_solar_hybrid,357,104,427,124,2.0,9.831913423900529,0.3636363636363636,32.736,32.7,84846.0,176480.0,130663.0,15182.255190579395,25.30516477932572,7.187037380129764,0.9900381085776132,8.787532899264136
81.08.05.2007,Ahanari,Pulau-Pulau Babar Timur,Maluku Barat Daya,intermittent,wind_solar_hybrid,831,231,964,268,1.6666666666666667,42.82541092847623,0.3181818181818182,70.752,70.8,181328.0,377162.0,279245.0,7153.201555946819,25.130153993035822,7.143963591996922,0.9586484111774516,7.445212995447974
81.08.05.2008,Wakpapapi,Pulau-Pulau Babar Timur,Maluku Barat Daya,intermittent,wind_solar_hybrid,679,204,743,223,1.0,25.059021922428332,0.3181818181818182,58.87200000000001,58.9,150264.0,312549.0,231406.0,5272.508287392729,14.322462201670035,7.166548544598967,0.9848625682273692,7.046964212062419
81.08.05.2009,Analutur,Pulau-Pulau Babar Timur,Maluku Barat Daya,intermittent,wind_solar_hybrid,291,80,328,90,1.3333333333333333,20.707070707070706,0.3636363636363636,23.759999999999998,23.8,60618.0,126085.0,93352.0,10462.876942134511,7.85812474045732,7.160134789912544,0.9744570291260144,6.878965965365215
81.08.05.2010,Manuweri,Pulau-Pulau Babar Timur,Maluku Barat Daya,intermittent,wind_solar_hybrid,417,115,498,137,2.0,25.897035881435258,0.3636363636363636,36.168,36.2,93239.0,193937.0,143588.0,11310.08405141182,9.105449991991842,7.148515723249983,0.9749415641922792,8.026216233125824
81.08.05.2011,Tutuwawang,Pulau-Pulau Babar Timur,Maluku Barat Daya,intermittent,wind_solar_hybrid,388,111,464,133,2.0,6.600284495021337,0.2727272727272727,35.112,35.1,90119.0,187447.0,138783.0,12249.343962025068,24.824027305054123,7.156220938554024,0.9869377912961014,7.699297294914906
81.08.06.2004,Masapun,Wetar Selatan,Maluku Barat Daya,intermittent,solar_biomass_hybrid,483,128,630,167,3.0,3.9727582292849033,0.3636363636363636,44.088,44.1,138244.0,251605.0,194924.0,24330.033732123145,17.186649382671856,3.4290290662517617,0.9952845289613534,22.69591645674224
81.08.06.2023,Hiay,Wetar Selatan,Maluku Barat Daya,intermittent,solar_biomass_hybrid,350,96,470,129,3.3333333333333335,2.1919597052513757,0.3636363636363636,34.056000000000004,34.1,106549.0,193920.0,150234.0,6468.220509730632,13.826181357865174,3.85204348594828,0.9171791104124928,22.492263826301297
81.08.09.2001,Latalola Besar,Pulau Masela,Maluku Barat Daya,intermittent,solar_battery,366,112,450,138,2.3333333333333335,96.98275862068967,0.4545454545454545,36.432,36.4,68250.0,118300.0,93275.0,24838.775850157654,0.5759155533116675,,0.5043945341321607,3.3665676888643588
81.08.09.2002,Serili,Pulau Masela,Maluku Barat Daya,intermittent,solar_biomass_hybrid,298,83,346,96,1.6666666666666667,40.99526066350711,0.2727272727272727,25.344,25.3,63250.0,115115.0,89182.0,22277.01349555748,0.8842211193156045,,0.8700420764382669,4.394461072358455
81.08.09.2003,Latalola Kecil,Pulau Masela,Maluku Barat Daya,intermittent,solar_biomass_hybrid,189,54,219,63,1.6666666666666667,34.7068145800317,0.5,16.632,16.6,41500.0,75530.0,58515.0,25956.75550314407,0.6010437530137203,,0.851344660043945,3.5123426931191637
81.08.09.2004,Telalora,Pulau Masela,Maluku Barat Daya,intermittent,solar_biomass_hybrid,170,58,203,69,2.0,203.0,0.4090909090909091,18.216,18.2,46206.0,84096.0,65151.0,32759.250066536548,0.5706680382912883,,0.9119753900241704,6.552451739184636
81.08.09.2005,Marsela,Pulau Masela,Maluku Barat Daya,intermittent,solar_biomass_hybrid,169,62,196,72,1.6666666666666667,83.40425531914893,0.5909090909090909,19.008000000000003,19.0,47927.0,87227.0,67577.0,27768.57914982328,1.3857331527774972,,0.8460117878192536,5.898282105213381
81.08.09.2006,Babiotang,Pulau Masela,Maluku Barat Daya,intermittent,solar_biomass_hybrid,239,71,303,90,2.6666666666666665,66.44736842105264,0.3181818181818182,23.759999999999998,23.8,59500.0,108290.0,83895.0,30283.64637834668,0.2886351405609331,,0.933215808761676,4.934336980288885
81.08.09.2007,Iblatmuntah,Pulau Masela,Maluku Barat Daya,intermittent,solar_biomass_hybrid,110,36,139,46,2.6666666666666665,48.09688581314879,0.3636363636363636,12.144,12.1,30341.0,55220.0,42780.0,32964.99102741422,0.3023146065234008,,0.9301005303054948,5.29994785740191
81.08.09.2008,Ilbutung,Pulau Masela,Maluku Barat Daya,intermittent,solar_biomass_hybrid,161,54,192,65,2.0,43.146067415730336,0.4545454545454545,17.16,17.2,43934.0,79961.0,61948.0,28268.64152643349,0.4034034076391388,,0.9771911052726368,7.173225001696941
81.08.09.2009,Lawawang,Pulau Masela,Maluku Barat Daya,intermittent,solar_biomass_hybrid,237,73,300,93,2.6666666666666665,63.55932203389831,0.2272727272727272,24.552000000000003,24.6,61500.0,111930.0,86715.0,29899.7847055376,0.7575989683306878,,0.9494643323752282,3.716880545418755
81.08.09.2010,Nura,Pulau Masela,Maluku Barat Daya,intermittent,solar_biomass_hybrid,499,156,596,186,2.0,102.22984562607203,0.3181818181818182,49.104000000000006,49.1,122750.0,223405.0,173078.0,26818.42775383188,0.6702647209067619,,0.8552186226428129,4.618057464522305
81.08.09.2011,Bululora,Pulau Masela,Maluku Barat Daya,intermittent,solar_biomass_hybrid,189,60,240,76,2.6666666666666665,101.26582278481013,0.4090909090909091,20.064,20.1,50250.0,91455.0,70852.0,26795.496216715223,0.4608984386539069,,0.8780025994448102,4.014153846243389
81.08.10.2001,Watuwei,Dawelor Dawera,Maluku Barat Daya,intermittent,solar_battery,433,123,533,151,2.3333333333333335,110.81081081081082,0.2727272727272727,39.864,39.9,80014.0,138691.0,109352.0,23714.049366224863,0.6006033248928427,,0.4944639691475134,11.95292743038092
81.08.10.2002,Ilmarang,Dawelor Dawera,Maluku Barat Daya,intermittent,solar_battery,232,73,269,85,1.6666666666666667,37.10344827586207,0.3181818181818182,22.44,22.4,43559.0,75502.0,59530.0,23195.366968022947,1.5298112497434202,,0.6737670757119705,8.7115761593334
81.08.10.2003,Letmasa,Dawelor Dawera,Maluku Barat Daya,intermittent,solar_biomass_hybrid,154,45,179,52,1.6666666666666667,33.77358490566038,0.2727272727272727,13.728000000000002,13.7,36660.0,66721.0,51690.0,24207.830324414143,0.3824031994922705,,0.7586064994020139,12.036353258704851
81.08.10.2004,Welora,Dawelor Dawera,Maluku Barat Daya,intermittent,solar_battery,179,66,202,74,1.3333333333333333,45.291479820627806,0.2272727272727272,19.536000000000005,19.5,39726.0,68859.0,54292.0,24511.580048073705,0.95730151638283,,0.6474270207837851,13.6528899482397
81.08.10.2005,Wiratan,Dawelor Dawera,Maluku Barat Daya,intermittent,solar_biomass_hybrid,219,67,270,82,2.3333333333333335,60.26785714285714,0.3181818181818182,21.647999999999996,21.6,58798.0,107012.0,82905.0,27244.606957157597,0.6277712572063303,,0.8159598395635033,13.884347909094965
81.08.10.2006,Nurnyaman,Dawelor Dawera,Maluku Barat Daya,intermittent,solar_battery,179,52,220,64,2.3333333333333335,65.8682634730539,0.2272727272727272,16.896,16.9,33814.0,58611.0,46212.0,26292.7629568718,0.8370283429417738,,0.6691359169293528,11.710172359234823
81.08.11.2003,Pota Besar,Pulau Wetang,Maluku Barat Daya,intermittent,wind_solar_hybrid,199,52,245,64,2.3333333333333335,67.4931129476584,0.2727272727272727,16.896,16.9,45316.0,94257.0,69786.0,7842.424937877952,0.5985178896293328,7.1930301274327135,0.9129541661317244,12.256876940264656
81.08.11.2004,Pota Kecil,Pulau Wetang,Maluku Barat Daya,intermittent,solar_battery,230,70,247,75,0.8,42.58620689655172,0.1818181818181818,19.8,19.8,38752.0,67170.0,52961.0,9145.809012875789,1.6119465241453654,,0.6952653591853082,9.382206667059885
81.08.11.2005,Wasarili,Pulau Wetang,Maluku Barat Daya,intermittent,solar_battery,286,87,362,110,2.6666666666666665,50.347705146036155,0.1818181818181818,29.04,29.0,55023.0,95374.0,75198.0,7323.563167526447,1.639690011859551,,0.6257544927585791,6.192511507319266
81.08.11.2006,Rumahlewang Kecil,Pulau Wetang,Maluku Barat Daya,intermittent,solar_battery,231,77,276,92,2.0,187.75510204081633,0.3636363636363636,24.288,24.3,46696.0,80939.0,63818.0,6944.457110710671,0.3951500380801556,,0.3903862273518603,7.486754256496403
81.08.11.2007,Rumahlewang Besar,Pulau Wetang,Maluku Barat Daya,intermittent,solar_battery,382,114,457,136,2.0,64.822695035461,0.3636363636363636,35.904,35.9,67312.0,116675.0,91994.0,6617.796135232635,1.2456908783622955,,0.4246091720587541,4.803590331725921
81.08.11.2008,Nusiata,Pulau Wetang,Maluku Barat Daya,intermittent,solar_battery,252,64,284,72,1.3333333333333333,68.59903381642512,0.1818181818181818,19.008000000000003,19.0,37416.0,64854.0,51135.0,7506.45477967962,0.3901793962286727,,0.5719816678522696,10.02629188586915
81.08.12.2001,Ketty,Pulau Lakor,Maluku Barat Daya,intermittent,solar_battery,477,131,587,161,2.3333333333333335,36.14532019704434,0.2272727272727272,42.504000000000005,42.5,79688.0,138125.0,108906.0,37327.62988307053,1.9407793665838071,,0.397310234784591,1.1690019236104
81.08.12.2002,Letoda,Pulau Lakor,Maluku Barat Daya,intermittent,wind_solar_hybrid,1044,296,1211,343,1.6666666666666667,22.417623102554607,0.2272727272727272,90.552,90.6,226500.0,471120.0,348810.0,29584.18868247024,2.5585101558830883,6.468636927478753,0.2333662704962523,1.2543360822823002
81.08.12.2003,Sera,Pulau Lakor,Maluku Barat Daya,intermittent,solar_battery,401,113,452,127,1.3333333333333333,31.54221912072575,0.3181818181818182,33.528,33.5,62812.0,108875.0,85844.0,36951.767343981664,2.6179493681973534,,0.2944922893232691,1.0087347798116166
81.08.12.2004,Yamluli,Pulau Lakor,Maluku Barat Daya,intermittent,solar_battery,361,97,431,116,2.0,38.1078691423519,0.3181818181818182,30.624000000000002,30.6,57375.0,99450.0,78412.0,40657.33789397678,1.3847422795505715,,0.3683825000211297,0.9683602003990752
81.08.12.2005,Lolotuara,Pulau Lakor,Maluku Barat Daya,intermittent,solar_battery,459,126,549,151,2.0,25.091407678244973,0.2727272727272727,39.864,39.9,74812.0,129675.0,102244.0,40529.48933068673,0.6602022185470947,,0.4938980129725449,1.1888009658459144
81.08.14.2002,Karbubu,Wetar Barat,Maluku Barat Daya,intermittent,wind_solar_hybrid,435,106,584,142,3.3333333333333335,7.475678443420379,0.2727272727272727,37.488,37.5,114362.0,237873.0,176118.0,6654.05646955299,8.009828009517108,5.257837784859801,0.925301877109816,20.99302587334996
81.08.15.2001,Moning,Wetar Timur,Maluku Barat Daya,intermittent,solar_biomass_hybrid,294,77,341,89,1.6666666666666667,4.4774159663865545,0.2727272727272727,23.496000000000002,23.5,71299.0,129764.0,100532.0,20826.331108418977,16.86744386201549,3.637140226957605,0.9733328866056612,20.679706338782516
81.08.15.2002,Arwala,Wetar Timur,Maluku Barat Daya,intermittent,solar_biomass_hybrid,336,93,390,108,1.6666666666666667,6.1504494559217795,0.1818181818181818,28.512000000000004,28.5,82152.0,149517.0,115834.0,34857.0540332226,14.696409742195604,4.25859571959503,0.980206683115272,17.65057508196985
81.08.15.2003,Ilway,Wetar Timur,Maluku Barat Daya,intermittent,solar_biomass_hybrid,207,61,270,80,3.0,9.093971034018187,0.2272727272727272,21.12,21.1,57029.0,103793.0,80411.0,45668.31569042152,3.4079275239198417,4.564378110773619,0.9831034933572566,13.112218830502252
81.08.15.2004,Kahilin,Wetar Timur,Maluku Barat Daya,intermittent,solar_biomass_hybrid,492,123,661,165,3.3333333333333335,6.4867517173699705,0.2727272727272727,43.56,43.6,127558.0,232156.0,179857.0,33795.40183220197,14.998475621781672,4.251684248620084,0.9890975129997072,18.512927860715862
81.08.16.2001,Hila,Kepulauan Roma,Maluku Barat Daya,intermittent,solar_biomass_hybrid,1418,379,1695,453,2.0,29.249352890422777,0.4545454545454545,119.592,119.6,330476.0,601466.0,465971.0,49846.345431485744,6.304522232111196,,0.9809059436522763,15.263482119721417
81.08.16.2002,Jerusu,Kepulauan Roma,Maluku Barat Daya,intermittent,solar_biomass_hybrid,2310,624,2761,746,2.0,32.247138519037605,0.2727272727272727,196.94400000000002,196.9,540048.0,982887.0,761468.0,50386.41693685288,19.28715263563801,,0.9777430442287462,14.71005752430387
81.08.16.2003,Solath,Kepulauan Roma,Maluku Barat Daya,intermittent,solar_biomass_hybrid,556,165,645,191,1.6666666666666667,12.82816229116945,0.2727272727272727,50.42400000000001,50.4,143815.0,261744.0,202780.0,60551.92374885788,4.718405907316961,,0.9671296774456984,17.069591676561757
81.09.01.2001,Wamkana,Namrole,Buru Selatan,dark_settled,micro_hydro,1022,239,1186,277,1.6666666666666667,12.88150320408385,0.1363636363636363,73.128,73.1,277405.0,577002.0,427204.0,8239.799331977083,46.471243485402205,0.9329370109448266,0.9953460090273392,20.717911204052
81.09.01.2007,Oki Baru,Namrole,Buru Selatan,dark_settled,micro_hydro,1606,391,1919,467,2.0,115.6024096385542,0.0909090909090909,123.28800000000001,123.3,451499.0,939117.0,695308.0,9352.64014530122,41.6478577715811,0.7792699404627135,0.9891160034650986,18.58864963810429
81.09.01.2008,Oki Lama,Namrole,Buru Selatan,intermittent,micro_hydro,1888,451,2324,555,2.3333333333333335,102.37885462555066,0.1818181818181818,146.52,146.5,533335.0,1109337.0,821336.0,9919.248333417205,40.3024831706948,0.792470613229735,0.9830580045452088,18.24818821550253
81.09.01.2011,Tikbary,Namrole,Buru Selatan,dark_settled,micro_hydro,508,128,589,149,1.6666666666666667,56.36363636363637,0.1363636363636363,39.336,39.3,137384.0,285758.0,211571.0,6697.107262654526,40.53274822297498,0.7812709433764078,0.9905216348339662,15.93236725652626
81.09.01.2017,Batu Tulis,Namrole,Buru Selatan,intermittent,solar_biomass_hybrid,248,82,305,101,2.3333333333333335,29.69814995131451,0.2727272727272727,26.664,26.7,71870.0,130804.0,101337.0,9613.815200175475,0.3682706591205582,,0.923567241477434,12.670639155582816
81.09.02.2001,Waetawa,Waesama,Buru Selatan,intermittent,solar_biomass_hybrid,1382,313,1604,363,1.6666666666666667,64.31435445068163,0.2727272727272727,95.832,95.8,279834.0,509297.0,394566.0,24393.45056055006,15.57705987117733,2.5019042629610784,0.9957747630930724,18.420377577255323
81.09.02.2002,Waesili,Waesama,Buru Selatan,dark_settled,micro_hydro,1540,415,1787,482,1.6666666666666667,70.21611001964637,0.1363636363636363,127.24800000000002,127.2,484816.0,1008416.0,746616.0,20143.210840984982,40.43737622925864,2.2567024414750927,0.995628398083584,20.98309508226087
81.09.02.2003,Lena,Waesama,Buru Selatan,dark_settled,micro_hydro,1754,421,2035,489,1.6666666666666667,41.01168883514712,0.1363636363636363,129.096,129.1,479888.0,998168.0,739028.0,11834.169766506648,43.4145144072176,1.6874523358916396,0.9952061710593084,19.47492043578277
81.09.02.2004,Simi,Waesama,Buru Selatan,dark_settled,micro_hydro,1723,386,1999,448,1.6666666666666667,19.07988928128281,0.1363636363636363,118.272,118.3,439067.0,913259.0,676163.0,12915.611437810445,41.77561423014781,1.4608763337654134,0.992354558404718,19.38353036665909
81.09.02.2005,Waelikut,Waesama,Buru Selatan,dark_settled,micro_hydro,1441,382,1773,470,2.3333333333333335,8.653001464128844,0.1363636363636363,124.08000000000001,124.1,457808.0,952241.0,705024.0,11363.217443658948,43.81824866372184,1.1493952551659692,0.9956843107976924,19.02439901271681
81.09.02.2006,Wamsisi,Waesama,Buru Selatan,dark_settled,micro_hydro,2750,685,3287,819,2.0,77.45051837888785,0.1363636363636363,216.216,216.2,785779.0,1634421.0,1210100.0,19818.92145936554,37.07450618049044,0.9981144294403682,0.9791312894634076,18.152024142044723
81.09.02.2007,Pohon Batu,Waesama,Buru Selatan,dark_settled,micro_hydro,1290,307,1542,367,2.0,30.294695481335953,0.0909090909090909,96.888,96.9,367001.0,763361.0,565181.0,10963.550035230375,43.48347837140653,0.9491090089004708,0.9959951006767664,20.59865309639209
81.09.02.2008,Waeteba,Waesama,Buru Selatan,dark_settled,micro_hydro,896,204,1009,230,1.3333333333333333,19.33320559494156,0.1363636363636363,60.72,60.7,219640.0,456851.0,338246.0,14471.793292254766,39.5056724905194,1.2525901278338274,0.9949954090821278,17.89521136300641
81.09.02.2009,Hote,Waesama,Buru Selatan,dark_settled,micro_hydro,856,197,1023,235,2.0,24.704177734846656,0.0909090909090909,62.040000000000006,62.0,220410.0,458453.0,339432.0,15583.552988648,37.6008801005552,0.9698777946744752,0.988521690147366,16.879985571684895
81.09.02.2010,Waemasing,Waesama,Buru Selatan,intermittent,micro_hydro,1117,282,1375,347,2.3333333333333335,30.21313996923753,0.1818181818181818,91.608,91.6,311344.0,647595.0,479470.0,19517.093622082284,39.79571325908493,1.3980371624466594,0.9853881488683006,13.76642361925608
81.09.02.2011,Batu Kasa,Waesama,Buru Selatan,intermittent,solar_biomass_hybrid,892,197,1098,242,2.3333333333333335,18.187841643200265,0.2272727272727272,63.888000000000005,63.9,171726.0,312541.0,242134.0,23403.15174087136,9.030222417816582,1.3980371624466594,0.980754202153728,12.49670529858401
81.09.03.2003,Ulima,Ambalau,Buru Selatan,intermittent,solar_biomass_hybrid,1137,295,1359,353,2.0,40.88447653429603,0.4545454545454545,93.192,93.2,255684.0,465346.0,360515.0,5124.9131364589975,4.680564572177486,,0.9662037500536332,14.73582715280218
81.09.04.2001,Balpetu,Kepala Madan,Buru Selatan,intermittent,solar_biomass_hybrid,1030,249,1231,298,2.0,21.706929994709927,0.1818181818181818,78.672,78.7,212747.0,387200.0,299974.0,35547.284217644534,29.31205086726056,1.4936971119232167,0.9809009710083324,13.130859937867791
81.09.04.2002,Waekeka,Kepala Madan,Buru Selatan,dark_settled,micro_hydro,741,196,860,227,1.6666666666666667,22.945570971184633,0.0909090909090909,59.928000000000004,59.9,218367.0,454203.0,336285.0,39614.46341477599,35.70469778480763,1.5494500095104815,0.9857397859088928,18.32833045723024
81.09.04.2003,Biloro,Kepala Madan,Buru Selatan,dark_settled,solar_biomass_hybrid,823,214,927,241,1.3333333333333333,18.116083642759428,0.1363636363636363,63.62400000000001,63.6,182351.0,331879.0,257115.0,41520.36912073248,16.577615879494044,1.765620645879905,0.9514823529411766,17.34318201101781
81.09.04.2004,Nanali,Kepala Madan,Buru Selatan,intermittent,solar_biomass_hybrid,1386,305,1656,365,2.0,142.2680412371134,0.1818181818181818,96.36,96.4,299822.0,545676.0,422749.0,43741.88217865402,29.144934510526568,1.923915886807116,0.915967521798817,22.20371638248254
81.09.04.2005,Pasir Putih,Kepala Madan,Buru Selatan,intermittent,solar_battery,2401,590,2869,705,2.0,979.1808873720136,0.5,186.12,186.1,371255.0,643508.0,507382.0,50081.96682190108,0.7521752641906858,2.0012279288052794,0.6055248314002399,11.39577816386476
81.09.04.2006,Fogi,Kepala Madan,Buru Selatan,intermittent,micro_hydro,618,140,806,183,3.0,12.1203007518797,0.1818181818181818,48.312000000000005,48.3,170289.0,354202.0,262246.0,38738.80776168615,37.12378397496762,1.6980423096981367,0.9604469697357838,16.410499540869207
81.09.04.2007,Waepandan,Kepala Madan,Buru Selatan,intermittent,micro_hydro,1559,402,1863,480,2.0,24.806924101198405,0.2272727272727272,126.72,126.7,443181.0,921817.0,682499.0,35271.68782952908,36.957403341600646,1.8460044042864008,0.9800099887775964,15.966036400813108
81.09.04.2008,Walbele,Kepala Madan,Buru Selatan,intermittent,micro_hydro,703,182,865,224,2.3333333333333335,4.713382737576286,0.1818181818181818,59.136,59.1,207915.0,432462.0,320188.0,31111.06370730515,40.37804517219744,1.4355859643894984,0.9776432842164194,16.288204425068844
81.09.04.2009,Air Ternate,Kepala Madan,Buru Selatan,dark_settled,micro_hydro,914,212,1000,232,1.0,15.95405232929164,0.1363636363636363,61.248000000000005,61.2,227371.0,472931.0,350151.0,40409.81837684995,41.94386744287025,1.7083921287134327,0.9757007941788084,19.4433194708178
81.09.04.2010,Sekat,Kepala Madan,Buru Selatan,intermittent,solar_battery,907,252,1116,310,2.3333333333333335,23.979372582724537,0.3636363636363636,81.84,81.8,162023.0,280840.0,221432.0,51222.530327239794,28.276815116695577,1.817996475584493,0.6127041986543098,10.638473681164491
81.09.04.2011,Waeha,Kepala Madan,Buru Selatan,intermittent,micro_hydro,233,58,304,76,3.0,4.65828991725406,0.1818181818181818,20.064,20.1,72693.0,151201.0,111947.0,46115.22305866036,31.863904612172963,1.7930609918849276,0.9479230912866596,17.864839794028065
81.09.04.2012,Bala-bala,Kepala Madan,Buru Selatan,intermittent,solar_biomass_hybrid,365,84,505,116,3.6666666666666665,9.67432950191571,0.1818181818181818,30.624000000000002,30.6,84484.0,153761.0,119122.0,47406.31179874021,9.331276882542111,1.7066213627322904,0.9261073253833052,15.218186746304504
81.09.04.2013,Batu Layar,Kepala Madan,Buru Selatan,intermittent,solar_biomass_hybrid,289,71,366,90,2.6666666666666665,8.885651857246906,0.2272727272727272,23.759999999999998,23.8,64584.0,117543.0,91064.0,52552.30492581296,18.215825543624955,2.1440295683348127,0.9877080271205734,13.544778957337352
81.09.04.2014,Siopot,Kepala Madan,Buru Selatan,intermittent,micro_hydro,363,76,488,102,3.3333333333333335,13.399231191652937,0.2727272727272727,26.927999999999997,26.9,90873.0,189015.0,139944.0,52721.48023487438,34.685260315875595,1.817996475584493,0.9340569329098458,13.10121193513642
81.09.04.2015,Emguhen,Kepala Madan,Buru Selatan,intermittent,micro_hydro,217,52,283,68,3.0,10.876249039200616,0.2272727272727272,17.952,18.0,65281.0,135784.0,100532.0,29579.156476996177,39.2803249165282,1.1816322485980852,0.9003305437731669,18.02737098715229
81.09.05.2001,Waemulang,Leksula,Buru Selatan,intermittent,micro_hydro,1380,340,1483,365,0.8,5.164548145568519,0.2272727272727272,96.36,96.4,339581.0,706328.0,522954.0,29645.872980326032,37.76034739130135,1.119715908139716,0.8892835180503196,16.361979863005885
81.09.05.2002,Waeturen,Leksula,Buru Selatan,intermittent,micro_hydro,945,216,1129,258,2.0,6.748356246264196,0.1818181818181818,68.11200000000001,68.1,238152.0,495355.0,366754.0,31277.062650307336,41.48304193491373,1.3276004050553831,0.9586803302484312,15.953377045868612
81.09.05.2003,Waehaka,Leksula,Buru Selatan,intermittent,micro_hydro,425,116,508,139,2.0,4.015810276679842,0.1818181818181818,36.696000000000005,36.7,128634.0,267559.0,198096.0,31686.405380501907,46.67957687647278,1.0984058555014389,0.967022807733454,16.0803159653819
81.09.05.2004,Waemala,Leksula,Buru Selatan,intermittent,solar_biomass_hybrid,645,178,727,201,1.3333333333333333,14.061895551257253,0.3636363636363636,53.06400000000001,53.1,132750.0,241605.0,187178.0,40966.73576818148,12.207810481864684,1.7848438660991444,0.7452244168815089,2.4248178265993534
81.09.05.2005,Erwiri,Leksula,Buru Selatan,intermittent,micro_hydro,1378,314,1599,364,1.6666666666666667,12.391506509609425,0.2727272727272727,96.096,96.1,333701.0,694098.0,513900.0,36801.797983845165,34.34115566207812,1.7848438660991444,0.6769220395668416,15.558948462760114
81.09.05.2006,Tifu,Leksula,Buru Selatan,intermittent,solar_battery,374,95,434,110,1.6666666666666667,17.38085702843412,0.1818181818181818,29.04,29.0,62035.0,107528.0,84782.0,30137.31256292812,18.92553631000925,1.635796223937387,0.6916197506254097,17.044124869522268
81.09.05.2007,Mepa,Leksula,Buru Selatan,intermittent,micro_hydro,550,138,620,155,1.3333333333333333,14.014466546112114,0.2272727272727272,40.92,40.9,151048.0,314179.0,232614.0,27828.26098366551,50.94230702762035,1.2563624225167789,0.828343491690546,19.089594163570897
81.09.05.2008,Leksula,Leksula,Buru Selatan,intermittent,micro_hydro,3360,892,3785,1005,1.3333333333333333,55.78481945467944,0.5,265.32,265.3,903231.0,1878720.0,1390976.0,19692.743928602227,46.64195562624884,,0.9287313876801744,13.94605780114644
81.09.05.2009,Nalbessy,Leksula,Buru Selatan,intermittent,solar_biomass_hybrid,1210,338,1404,392,1.6666666666666667,201.72413793103448,0.4545454545454545,103.488,103.5,298436.0,543154.0,420795.0,17809.685005636682,4.22763744320756,,0.9563895089285712,17.668806474835726
81.09.05.2010,Kase,Leksula,Buru Selatan,dark_settled,micro_hydro,487,114,599,140,2.3333333333333335,13.653977661271941,0.1363636363636363,36.96000000000001,37.0,142792.0,297006.0,219899.0,12691.193181690996,47.68676210029603,1.0332312673858728,0.9959866144740348,21.747681934161456
81.09.05.2015,Neath,Leksula,Buru Selatan,intermittent,solar_biomass_hybrid,626,136,748,163,2.0,265.24822695035465,0.4090909090909091,43.032000000000004,43.0,122451.0,222860.0,172656.0,18364.73575693032,6.355432254381494,1.036134241568237,0.977726207183122,16.953745364587437
81.09.05.2016,Liang,Leksula,Buru Selatan,intermittent,micro_hydro,671,149,779,173,1.6666666666666667,184.5971563981043,0.2272727272727272,45.672000000000004,45.7,171380.0,356470.0,263925.0,17983.12781513897,45.01811796136455,1.006701434715367,0.9979348764578312,20.001764702811528
81.09.05.2018,Slealale,Leksula,Buru Selatan,intermittent,solar_biomass_hybrid,639,146,741,169,1.6666666666666667,230.12422360248445,0.2727272727272727,44.616,44.6,121897.0,221853.0,171875.0,45865.05989176292,6.290520690473218,1.7836534680502576,0.9895324494068388,14.324801307137598
81.09.05.2023,Walunhelat,Leksula,Buru Selatan,intermittent,solar_battery,226,52,255,59,1.3333333333333333,19.259818731117825,0.2727272727272727,15.576000000000002,15.6,29652.0,51396.0,40524.0,59496.81430179686,2.536048777146068,,0.2858480428144318,6.373691324192522
81.09.05.2024,Wahaolon,Leksula,Buru Selatan,intermittent,micro_hydro,308,58,357,67,1.6666666666666667,13.446327683615818,0.1818181818181818,17.688,17.7,62329.0,129644.0,95986.0,22539.061267330988,51.56019755326238,1.2272901862412784,0.9575910379852288,16.34227782965315
81.09.05.2025,Waewali,Leksula,Buru Selatan,intermittent,micro_hydro,270,59,295,65,1.0,22.957198443579767,0.1818181818181818,17.16,17.2,57038.0,118638.0,87838.0,40763.876833923074,38.3789013316729,1.6558691764973927,0.6780462477331389,11.116417143543575
81.09.05.2029,Grahwaen,Leksula,Buru Selatan,intermittent,solar_biomass_hybrid,332,72,397,86,2.0,31.28447596532703,0.1818181818181818,22.703999999999997,22.7,61569.0,112056.0,86812.0,55438.953790267136,6.689652440630981,1.7836534680502576,0.9007637819788392,13.49213224259271
81.09.05.2030,Terkuri,Leksula,Buru Selatan,intermittent,solar_biomass_hybrid,200,48,239,57,2.0,21.806569343065693,0.2272727272727272,15.048,15.0,40705.0,74083.0,57394.0,52773.00963605235,17.104849630235616,1.7836534680502576,0.8744846541456711,13.545960301373064
81.09.06.2001,Nusarua,Fena Fafan,Buru Selatan,intermittent,micro_hydro,418,92,471,104,1.3333333333333333,7.495225970719287,0.2272727272727272,27.456000000000003,27.5,94550.0,196664.0,145607.0,30659.220133896917,43.44050623661353,1.5908254419891767,0.5508417256650704,15.010972223460628
81.09.06.2002,Mangeswaen,Fena Fafan,Buru Selatan,intermittent,micro_hydro,871,189,1072,233,2.3333333333333335,29.744728079911212,0.2272727272727272,61.51200000000001,61.5,207835.0,432297.0,320066.0,33458.90451056154,45.46876217181332,1.035618439010516,0.6337681149309965,13.14194652074806
81.09.06.2003,Waekatin,Fena Fafan,Buru Selatan,intermittent,micro_hydro,662,158,815,194,2.3333333333333335,7.31269627635711,0.2272727272727272,51.216,51.2,167852.0,349132.0,258492.0,31959.462377655072,40.48091691979248,0.8123315358970067,0.4120563533889882,9.907541683941409
81.09.06.2004,Fakal,Fena Fafan,Buru Selatan,intermittent,micro_hydro,380,81,454,97,2.0,8.158131176999103,0.2272727272727272,25.608,25.6,90054.0,187312.0,138683.0,25873.503969432702,45.466154667815466,0.8874353433577182,0.8602038821559949,16.283599782913104
81.09.06.2005,Uneth,Fena Fafan,Buru Selatan,intermittent,micro_hydro,489,105,535,115,1.0,10.251005939835219,0.2272727272727272,30.36,30.4,101162.0,210418.0,155790.0,36243.823913530425,45.82068460528603,0.9065580806090068,0.5112710131695694,11.486605783610742
81.09.06.2006,Waeraman,Fena Fafan,Buru Selatan,intermittent,micro_hydro,512,107,649,136,2.6666666666666665,14.050660316085734,0.2272727272727272,35.904,35.9,123482.0,256843.0,190162.0,32459.21286784385,49.32423217831885,0.7944119249439978,0.8591025834136595,15.033955871874902
81.09.06.2007,Waelo,Fena Fafan,Buru Selatan,intermittent,micro_hydro,448,104,520,121,1.6666666666666667,10.671044531089679,0.2272727272727272,31.944000000000003,31.9,106796.0,222136.0,164466.0,26555.38896433029,37.257935671929744,0.4314618441123536,0.7943838309640063,12.13077323842528
81.09.06.2008,Siwatlahin,Fena Fafan,Buru Selatan,intermittent,micro_hydro,137,27,159,31,1.6666666666666667,5.731795241528479,0.2272727272727272,8.184,8.2,26883.0,55917.0,41400.0,25390.631837845234,38.01542772211649,0.5874602466117862,0.8536213931183357,9.910592366963824
81.09.06.2009,Trukat,Fena Fafan,Buru Selatan,intermittent,micro_hydro,146,31,202,43,3.6666666666666665,4.45916114790287,0.2272727272727272,11.351999999999999,11.4,38291.0,79646.0,58968.0,32330.946891822936,41.25123396821449,0.6057790075567224,0.8657962072594455,12.483828576925136
81.09.06.2010,Waeken,Fena Fafan,Buru Selatan,intermittent,micro_hydro,108,27,168,42,5.0,3.9876572513648227,0.1818181818181818,11.088000000000001,11.1,37926.0,78885.0,58406.0,30477.182304963822,44.20907040960083,1.368433244954354,0.7215380281148731,14.33517530070398
81.71.01.1013,Silale,Nusaniwe,Kota Ambon,intermittent,wind_solar_hybrid,3255,1094,3667,1233,1.3333333333333333,24446.666666666668,0.8181818181818182,325.512,325.5,813750.0,1692600.0,1253175.0,,0.0723000081146511,5.031851222760292,0.0,1.102279027629591
81.72.03.2001,Tam Ngurhir,Tayando Tam,Kota Tual,intermittent,solar_biomass_hybrid,2050,517,2379,600,1.6666666666666667,235.31157270029675,0.1818181818181818,158.4,158.4,396000.0,720720.0,558360.0,41358.2265093657,0.8506709040662179,,0.9582365934162472,2.527881740950319
81.72.03.2002,Tayando Langgiar,Tayando Tam,Kota Tual,dark_settled,solar_biomass_hybrid,922,249,1008,272,1.0,147.3684210526316,0.1363636363636363,71.808,71.8,179500.0,326690.0,253095.0,39466.16096060966,0.3442459653826722,,0.9549373627470552,2.3605651901945133
81.72.03.2003,Tayando Yamtel,Tayando Tam,Kota Tual,intermittent,solar_biomass_hybrid,2698,777,2951,850,1.0,178.41596130592504,0.2272727272727272,224.4,224.4,561000.0,1021020.0,791010.0,46004.61133272402,1.4641253159495493,,0.944849621994206,3.7433725638035584
81.72.03.2004,Tayando Ohoiel,Tayando Tam,Kota Tual,intermittent,solar_biomass_hybrid,1481,398,1668,448,1.3333333333333333,65.07998439328912,0.3181818181818182,118.272,118.3,295750.0,538265.0,417008.0,41371.7726979625,0.6441982712978639,,0.9142808299292796,2.57245180963064
81.72.03.2005,Tayando Yamru,Tayando Tam,Kota Tual,intermittent,solar_biomass_hybrid,686,194,773,219,1.3333333333333333,71.90697674418605,0.2272727272727272,57.816,57.8,144500.0,262990.0,203745.0,43395.25520578258,0.7750407247161968,,0.9386568805947502,3.2737438225449345
81.72.04.2001,Tubyal,Pulau-Pulau Kur,Kota Tual,intermittent,solar_biomass_hybrid,417,120,456,131,1.0,139.87730061349694,0.4090909090909091,34.584,34.6,86500.0,157430.0,121965.0,84778.13359974523,4.777954256783964,,0.9645086043748076,4.7455514042359725
81.72.04.2002,Kaimear,Pulau-Pulau Kur,Kota Tual,intermittent,solar_battery,677,192,740,210,1.0,182.71604938271605,0.3181818181818182,55.440000000000005,55.4,108518.0,188099.0,148308.0,91889.35147519132,0.5545774812044062,,0.676306566233565,9.470208929169525
81.72.04.2004,Lokwirin,Pulau-Pulau Kur,Kota Tual,intermittent,solar_biomass_hybrid,668,194,775,225,1.6666666666666667,250.80906148867314,0.5,59.400000000000006,59.4,150818.0,274489.0,212654.0,86732.4538253271,1.6470231383127905,,0.8623378733313481,6.560996959433739
81.72.05.2001,Kanara,Kur Selatan,Kota Tual,intermittent,solar_biomass_hybrid,453,124,495,136,1.0,60.51344743276284,0.3636363636363636,35.904,35.9,91917.0,167289.0,129603.0,85025.39198380683,3.5904792902178597,,0.979184355584307,7.414489358594875
81.72.05.2002,Warkar,Kur Selatan,Kota Tual,intermittent,solar_biomass_hybrid,510,120,592,139,1.6666666666666667,105.52584670231728,0.3181818181818182,36.696000000000005,36.7,95405.0,173638.0,134522.0,85277.72931996225,4.283500108036378,,0.9790180294819918,8.984032052915385
81.72.05.2003,Yapas,Kur Selatan,Kota Tual,intermittent,solar_biomass_hybrid,215,54,231,58,0.8,48.32635983263598,0.3636363636363636,15.312000000000001,15.3,40309.0,73363.0,56836.0,85078.56997046171,3.003917187344604,,0.99171642269017,10.384215445974815
81.72.05.2004,Rumoin,Kur Selatan,Kota Tual,intermittent,solar_biomass_hybrid,1165,306,1274,335,1.0,196.60493827160494,0.2727272727272727,88.44,88.4,231954.0,422156.0,327055.0,84687.6116765869,5.220819291082803,,0.938193651392015,9.956391070385129
81.72.05.2005,Hirit,Kur Selatan,Kota Tual,intermittent,solar_biomass_hybrid,374,101,409,110,1.0,207.61421319796955,0.2727272727272727,29.04,29.0,77349.0,140775.0,109062.0,86614.00560821558,1.6064059357177856,,0.8449814790020974,11.68784412240855
81.72.05.2006,Tiflen,Kur Selatan,Kota Tual,dark_settled,solar_biomass_hybrid,433,101,474,110,1.0,267.79661016949154,0.1363636363636363,29.04,29.0,76278.0,138825.0,107552.0,82956.07727888295,,,0.7628213579433091,10.210372986658708
81.72.05.2007,Niela,Kur Selatan,Kota Tual,dark_settled,solar_biomass_hybrid,607,156,664,171,1.0,68.3127572016461,0.1363636363636363,45.144000000000005,45.1,112750.0,205205.0,158978.0,76951.76473153086,0.2501942156904894,,0.8240319166755492,2.1698763855207543
