kode_desa,slope_deg,slope_deg_max,elev_m_mean,elev_m_max,rain_mm,catch_km2,wind50,feedstock,dist_grid_m,wdpa_overlap_frac,in_pa,treecover_pct_2000,forest_loss_pct,primary_forest_frac,high_forest,catch_eff,head_eff,Q_eff,hydro_kw,hydro_grade,tech,rationale,name,kecamatan,kabupaten,l1_class,esdm_hydro_dist_m,esdm_hydro_mw,esdm_hydro_class,esdm_hydro_desa,esdm_hydro_kab,esdm_offgrid_dist_m,esdm_offgrid_type,esdm_offgrid_kw,esdm_offgrid_desa,esdm_offgrid_year,esdm_substation_dist_m,esdm_substation_name,esdm_substation_mva,esdm_substation_kv,esdm_substation_status,esdm_powerplant_dist_m,esdm_powerplant_name,esdm_powerplant_mw,esdm_powerplant_type,esdm_powerplant_fuel,esdm_solar_zone,esdm_solar_kwh_m2,esdm_solar_pot_gwp,lat,lon
81.01.01.1009,2.1585659318629893,12.840074151538508,48.73414518323989,105.0,3474.6493990321737,371.7,0.9950831874757187,0.6223870904260556,6016.6052590933705,0.0,False,96.59274241148371,50.300108235757165,0.0,False,25.0,18.845958412216998,0.13772551207477857,12.73126728339089,marginal,solar_battery,uniform equatorial irradiance; no discriminating alternative,Hollo,Amahai,Maluku Tengah,intermittent,6296.6826200354935,0,Mikro Hidro Kelas A (PLTMH),Nuweletetu,Maluku Tengah,152794.70722373686,PLTMH,30.0,Tahalupu,2014,90238.51936126866,GI 150 kV PLTMG Ambon Peaker,0.0,150 kV,Operasi,17283.795275471537,PLTMG Seram Unit 2,11.918,PLTMG,Gas,True,4.25099993,0.17429100000000003,-3.2444118552572268,129.08936575076467
81.01.01.2001,20.157544348559195,59.33737397841955,790.792645507353,1762.0,5905.665928931654,134.60999999999999,0.8745642683582586,0.9956898973400595,25177.28424592295,0.4309154291437345,True,99.74350949757518,37.60155316606931,0.0,False,25.0,60.0,0.2340842976650358,68.89100880282004,moderate,resource_present_but_screened,"43% of village inside a protected area - non-viable without deep community and regulator engagement; flagged for policy pathway, not commercial deployment",Tamilouw,Amahai,Maluku Tengah,intermittent,2601.5528970287396,0,Mikro Hidro Kelas A (PLTMH),Tamilouw,Maluku Tengah,175974.73146282494,PLTMH,30.0,Tahalupu,2014,112124.09224422797,GI 150 kV PLTMG Ambon Peaker,0.0,150 kV,Operasi,25041.097579684192,PLTD Tehoru,1.7000000000000002,PLTD,HSD,True,2.78200006,0.11406200000000001,-3.242390875686588,129.29818883159496
81.01.01.2002,10.46175316907906,33.096883931335064,126.2263726650174,499.0,3912.402966305136,37.8,1.1260747917188518,0.886149139687671,1408.4018868916642,0.0,False,97.6929331795643,50.22709370338716,0.0,False,25.0,60.0,0.15507685527274925,45.6391185067701,moderate,grid_extension,1.4 km from a reliably-lit settlement,Sepa,Amahai,Maluku Tengah,intermittent,8734.62961886864,0,Mikro Hidro Kelas A (PLTMH),Nuweletetu,Maluku Tengah,151484.90523020033,PLTMH,30.0,Tahalupu,2014,88014.72423372493,GI 150 kV PLTMG Ambon Peaker,0.0,150 kV,Operasi,15115.70800218184,PLTMG Seram Unit 2,11.918,PLTMG,Gas,True,4.33549976,0.177755,-3.2679486865785714,129.07712059657797
81.01.01.2003,11.663395285119382,46.815370653097006,191.87226991373623,446.0,4508.3122169287235,7.9799999999999995,1.3639089817389516,0.9310969125615384,1408.297331886985,0.0,False,97.89288343314168,55.147075147075164,0.0,False,7.9799999999999995,60.0,0.057040099396073074,16.786901252264308,marginal,grid_extension,1.4 km from a reliably-lit settlement,Rutah,Amahai,Maluku Tengah,intermittent,15005.10220291418,0,Mikro Hidro Kelas A (PLTMH),Layeni,Maluku Tengah,143796.34841555904,PLTMH,30.0,Tahalupu,2014,77778.44037632202,GI 150 kV PLTMG Ambon Peaker,0.0,150 kV,Operasi,7303.830344500494,PLTMG Seram Unit 2,11.918,PLTMG,Gas,True,4.43949986,0.182019,-3.3377374348567836,129.003906835248
81.01.01.2004,2.052428229615737,12.257392280678484,9.401253794377721,35.0,3583.9964879632,5.46,,0.41850916496945023,0.0,0.0,False,49.67983706720977,89.62011771000536,0.0,False,5.46,17.91848005623001,0.03102584478735266,2.726865987049595,none,grid_extension,0.0 km from a reliably-lit settlement,Soahuku,Amahai,Maluku Tengah,intermittent,18701.66199874144,0,Mikro Hidro Kelas A (PLTMH),Layeni,Maluku Tengah,135424.6544373059,PLTMH,30.0,Tahalupu,2014,69499.38450171503,GI 150 kV PLTMG Ambon Peaker,0.0,150 kV,Operasi,4734.256611265758,PLTD BGP Masohi,2.6,PLTD,HSD,True,4.472000120000001,0.18335199000000002,-3.3445689974609953,128.92758644794057
81.01.01.2005,6.263780517808497,26.646043966443052,173.49942203400337,387.0,4204.3315751623395,4.83,1.3639089817389516,0.8064749256809525,0.0,0.0,False,89.85086411656458,53.38185256503164,0.0,False,4.83,54.880609142986344,0.032196412842519825,8.66693266392621,none,grid_extension,0.0 km from a reliably-lit settlement,Amahai,Amahai,Maluku Tengah,intermittent,13367.57109345973,0,Mikro Hidro Kelas A (PLTMH),Layeni,Maluku Tengah,140887.20479723788,PLTMH,30.0,Tahalupu,2014,75927.25971206122,GI 150 kV PLTMG Ambon Peaker,0.0,150 kV,Operasi,3847.648981814383,PLTMG Seram Unit 2,11.918,PLTMG,Gas,True,4.40700006,0.18068700000000001,-3.3169480883435707,128.9792070818221
81.01.01.2007,1.6795112182894656,6.6122172297722095,10.360830313824234,28.0,3924.5475823521615,29.189999999999998,1.3639089817389516,0.6697450828746038,497.9269995441099,0.0,False,91.5180737506065,94.9733527131783,0.0,False,25.0,14.660699610726587,0.15555823433346658,11.186306435863736,marginal,grid_extension,0.5 km from a reliably-lit settlement,Sehati,Amahai,Maluku Tengah,intermittent,9021.475935789707,0,Mikro Hidro Kelas A (PLTMH),Layeni,Maluku Tengah,140658.04787895636,PLTMH,30.0,Tahalupu,2014,77693.1496583755,GI 150 kV PLTMG Ambon Peaker,0.0,150 kV,Operasi,5083.633795304601,PLTMG Seram Unit 2,11.918,PLTMG,Gas,True,4.329,0.177489,-3.274170179462147,128.97935262950037
81.01.01.2021,21.337504904975386,60.47488764105568,209.1709347557544,756.0,2435.1645045356927,9.03,1.3732418511459128,0.9550797876524482,8865.415284794899,0.03640546108136123,False,73.35965781667603,39.841085345172566,0.0,False,9.03,60.0,0.0348641797881109,10.260528111641037,marginal,solar_biomass_hybrid,96% cropland/tree cover - sago/coconut residue,Nua Nea,Amahai,Maluku Tengah,intermittent,156155.73082272947,0,Mikro Hidro Kelas A (PLTMH),Wanuwui,Maluku Barat Daya,204598.82483750107,PLTS Terpusat,15.0,Wunlah,2012,339328.6501852167,GI 150 kV Sirimau,0.0,150 kV,Operasi,154918.27023275977,PLTD Tepa,1.1,PLTD,HSD,False,,,-6.480076798264099,129.46185936945267
81.01.01.2022,6.887506545380284,20.70286184898827,86.61110934093196,152.0,3979.8170408356896,11.549999999999999,1.3639089817389516,0.8978194897156345,3520.875579135111,0.0,False,97.77674251523895,72.24981604120677,0.0,False,11.549999999999999,60.0,0.07288002096279207,21.44859016934971,marginal,grid_extension,3.5 km from a reliably-lit settlement,Hatuhenu,Amahai,Maluku Tengah,intermittent,8627.11815872073,0,Mikro Hidro Kelas A (PLTMH),Layeni,Maluku Tengah,146942.66195435092,PLTMH,30.0,Tahalupu,2014,83268.5932256478,GI 150 kV PLTMG Ambon Peaker,0.0,150 kV,Operasi,10349.879122600589,PLTMG Seram Unit 2,11.918,PLTMG,Gas,True,4.33549976,0.177755,-3.2795988490384573,129.03580491773963
81.01.01.2023,14.820918773771632,67.21999360548335,421.7381968604557,1436.0,4659.304052634092,871.7099999999999,0.9209323493001931,0.9849142396661633,1795.3286520161148,0.21805176306627908,True,99.6253545351735,71.94232183145452,0.0,False,25.0,60.0,0.184681952872673,54.35189873042767,moderate,resource_present_but_screened,"22% of village inside a protected area - non-viable without deep community and regulator engagement; flagged for policy pathway, not commercial deployment",Nuweletetu,Amahai,Maluku Tengah,intermittent,2965.6766743060634,0,Mini Hidro (PLTM),Nuweletetu,Maluku Tengah,157085.55730081626,PLTMH,30.0,Tahalupu,2014,96708.29588341358,GI 150 kV PLTMG Ambon Peaker,0.0,150 kV,Operasi,24132.617252184016,PLTMG Seram Unit 2,11.918,PLTMG,Gas,True,3.84150004,0.157502,-3.185706745893658,129.12737717346303
81.01.02.2001,3.1680240678785947,13.677473798989878,20.448861999423794,106.0,3211.11665430069,370.44,0.8520550676345926,0.7209035064917299,3520.997284151182,0.0,False,92.0637526506601,44.40106200218648,0.0,False,25.0,27.67443373463079,0.12727980142934622,17.277354491177764,marginal,grid_extension,3.5 km from a reliably-lit settlement,Usliapan,Teon Nila Serua,Maluku Tengah,intermittent,5104.442118674803,0,Mikro Hidro Kelas A (PLTMH),Layeni,Maluku Tengah,139997.53784256033,PLTMH,30.0,Tahalupu,2014,80291.33617948553,GI 150 kV PLTMG Ambon Peaker,6000000.0,150 kV,Operasi,11181.634944823123,PLTMG Seram Unit 2,11.918,PLTMG,Gas,True,4.28999996,0.17589000000000002,-3.2091791042362225,128.97398964374304
81.01.02.2002,2.4286859022311806,9.32009979247414,16.97562282346638,32.0,3211.11665430069,5.88,0.8520550676345926,0.8442319834039864,4481.469095062466,0.0,False,95.98641091936746,42.30205278592376,0.0,False,5.88,21.206985770486153,0.029936209296182233,3.1139724301983485,none,grid_extension,4.5 km from a reliably-lit settlement,Kuralele,Teon Nila Serua,Maluku Tengah,intermittent,4937.311065782383,0,Mikro Hidro Kelas A (PLTMH),Layeni,Maluku Tengah,140301.76446823427,PLTMH,30.0,Tahalupu,2014,80230.32482637807,GI 150 kV PLTMG Ambon Peaker,6000000.0,150 kV,Operasi,10581.25349863413,PLTMG Seram Unit 2,11.918,PLTMG,Gas,True,4.30950022,0.17669,-3.215711617640967,128.97682267652667
81.01.02.2003,2.9823150937008585,16.3057980346349,31.94331196108778,106.0,3211.11665430069,1.26,0.8520550676345926,0.8658732974861476,3485.602010413696,0.0,False,95.02402008952949,52.76254744833404,0.0,False,1.26,26.049138339722514,0.006414901992039049,0.819638593536427,none,grid_extension,3.5 km from a reliably-lit settlement,Kokroman,Teon Nila Serua,Maluku Tengah,intermittent,3404.2785544424646,0,Mikro Hidro Kelas A (PLTMH),Layeni,Maluku Tengah,141773.44234440412,PLTMH,30.0,Tahalupu,2014,81739.09784147397,GI 150 kV PLTMG Ambon Peaker,0.0,150 kV,Operasi,11544.315149503356,PLTMG Seram Unit 2,11.918,PLTMG,Gas,True,4.27050018,0.17509100000000002,-3.2116557040697313,128.9900266731291
81.01.02.2004,1.8333981573473235,5.570509452047283,29.33169051809903,42.0,3358.165918870392,1.05,0.8520550676345926,0.9106386999244142,2226.859896805365,0.0,False,93.60813441439397,34.09648405560098,0.0,False,1.05,16.004880146876058,0.005590553993553259,0.43888049917825744,none,grid_extension,2.2 km from a reliably-lit settlement,Messa,Teon Nila Serua,Maluku Tengah,intermittent,2921.423573662387,0,Mikro Hidro Kelas A (PLTMH),Layeni,Maluku Tengah,142891.50410485317,PLTMH,30.0,Tahalupu,2014,82256.05723175587,GI 150 kV PLTMG Ambon Peaker,0.0,150 kV,Operasi,11132.043887943557,PLTMG Seram Unit 2,11.918,PLTMG,Gas,True,4.28999996,0.17589000000000002,-3.2214216727300715,129.00020318925493
81.01.02.2005,2.2076312648623304,7.737569099337937,37.54018941233608,50.0,3451.3522567979844,1.05,0.8520550676345926,0.7656874500399677,1574.6311075931403,0.0,False,87.4943792155883,42.02898550724638,0.0,False,1.05,19.274756463347998,0.005745687261602429,0.5432126747549534,none,grid_extension,1.6 km from a reliably-lit settlement,Ameth,Teon Nila Serua,Maluku Tengah,intermittent,1977.183035229979,0,Mikro Hidro Kelas A (PLTMH),Layeni,Maluku Tengah,143333.95980771375,PLTMH,30.0,Tahalupu,2014,83092.1856036513,GI 150 kV PLTMG Ambon Peaker,0.0,150 kV,Operasi,12212.769252682398,PLTMG Seram Unit 2,11.918,PLTMG,Gas,True,4.25099993,0.17429100000000003,-3.2123872925595176,129.0040946914911
81.01.02.2006,5.464655069818952,19.464744247629984,66.66904190842048,135.0,3632.7002995956004,78.11999999999999,0.8520550676345926,0.8721448844438437,1408.4018868916642,0.0,False,93.59535100867384,62.28027737461703,0.0,False,25.0,47.83324009512256,0.14399021354941974,33.783278026961376,moderate,grid_extension,1.4 km from a reliably-lit settlement,Waru,Teon Nila Serua,Maluku Tengah,intermittent,1466.2903340766475,0,Mikro Hidro Kelas A (PLTMH),Layeni,Maluku Tengah,143764.68793079292,PLTMH,30.0,Tahalupu,2014,84176.29643915276,GI 150 kV PLTMG Ambon Peaker,6000000.0,150 kV,Operasi,13785.803321191404,PLTMG Seram Unit 2,11.918,PLTMG,Gas,True,4.21850014,0.172959,-3.1980796820223762,129.0076969559328
81.01.02.2007,2.0671131877364415,6.535027365458354,44.895903370719665,57.0,3471.1012084364893,80.22,0.8520550676345926,0.6913017925359978,995.8862886896275,0.0,False,73.07084878980423,49.92175273865415,0.0,False,25.0,18.046796254520068,0.1375848715926437,12.178948942876746,marginal,grid_extension,1.0 km from a reliably-lit settlement,Bumey,Teon Nila Serua,Maluku Tengah,intermittent,973.8705925354632,0,Mikro Hidro Kelas A (PLTMH),Layeni,Maluku Tengah,144221.51306754554,PLTMH,30.0,Tahalupu,2014,84095.06433420733,GI 150 kV PLTMG Ambon Peaker,0.0,150 kV,Operasi,13094.137722450016,PLTMG Seram Unit 2,11.918,PLTMG,Gas,True,4.23799992,0.17375800000000002,-3.208054819200084,129.01202278803322
81.01.02.2008,1.9889673821970995,6.033640331162067,39.728133601741916,57.0,3471.1012084364893,0.63,0.8520550676345926,0.7913242009132417,497.94314434481373,0.0,False,95.07140501737561,43.03621169916435,0.0,False,0.63,17.363990233087605,0.0034671387641346213,0.29529749864043164,none,grid_extension,0.5 km from a reliably-lit settlement,Sifluru,Teon Nila Serua,Maluku Tengah,intermittent,1589.9429393492285,0,Mikro Hidro Kelas A (PLTMH),Layeni,Maluku Tengah,144326.80954414094,PLTMH,30.0,Tahalupu,2014,83784.58954582301,GI 150 kV PLTMG Ambon Peaker,0.0,150 kV,Operasi,12402.050380318073,PLTMG Seram Unit 2,11.918,PLTMG,Gas,True,4.27050018,0.17509100000000002,-3.216425313349797,129.01308805358644
81.01.02.2009,4.714295959711185,25.645589073338616,77.446840313606,265.0,3656.8406241717175,42.21,0.8520550676345926,0.863890707780225,0.0,0.0,False,90.26449104968958,25.97639043871499,0.0,False,25.0,41.23308450315907,0.14494706938783128,29.31529540051594,marginal,grid_extension,0.0 km from a reliably-lit settlement,Layeni,Teon Nila Serua,Maluku Tengah,intermittent,352.21623887777463,0,Mikro Hidro Kelas B (PLTMH),Layeni,Maluku Tengah,145841.03168681022,PLTMH,30.0,Tahalupu,2014,85923.95116661792,GI 150 kV PLTMG Ambon Peaker,0.0,150 kV,Operasi,14744.566481514199,PLTMG Seram Unit 2,11.918,PLTMG,Gas,True,4.19899988,0.172159,-3.200100182116831,129.0264530161016
81.01.02.2010,2.2738032111343935,9.20949701000089,37.24002044006252,54.0,3471.1012084364893,2.1,0.8520550676345926,0.9054926702542215,497.9420774547979,0.0,False,97.96804542671047,34.83884648006785,0.0,False,2.1,19.85309977849824,0.011557129213782073,1.125426937424812,none,grid_extension,0.5 km from a reliably-lit settlement,Wotay,Teon Nila Serua,Maluku Tengah,intermittent,2140.7215213185227,0,Mikro Hidro Kelas A (PLTMH),Layeni,Maluku Tengah,144709.8504648207,PLTMH,30.0,Tahalupu,2014,83827.36680636254,GI 150 kV PLTMG Ambon Peaker,0.0,150 kV,Operasi,12094.882976296934,PLTMG Seram Unit 2,11.918,PLTMG,Gas,True,4.27050018,0.17509100000000002,-3.22272030700415,129.01659047247222
81.01.02.2012,1.8936672707898696,7.511329172201761,48.04510769230767,60.0,3471.1012084364893,1.89,0.8520550676345926,0.7720124591658436,1574.6311075931403,0.0,False,96.11507876209289,35.306666666666665,0.0,False,1.89,16.531384200894994,0.010401416292403865,0.8434138129643834,none,grid_extension,1.6 km from a reliably-lit settlement,Lesluru,Teon Nila Serua,Maluku Tengah,intermittent,2231.1631976585068,0,Mikro Hidro Kelas B (PLTMH),Layeni,Maluku Tengah,147337.02361100115,PLTMH,30.0,Tahalupu,2014,86645.46700052368,GI 150 kV PLTMG Ambon Peaker,0.0,150 kV,Operasi,14651.468185381491,PLTMG Seram Unit 2,11.918,PLTMG,Gas,True,4.20550013,0.172426,-3.2131900593325358,129.040165809826
81.01.02.2016,6.785776033391353,26.50558846061434,79.25907900669115,177.0,3463.910296285178,287.7,0.8520550676345926,0.8630412184926608,2226.8789117282513,0.0,False,97.11192533396242,47.335861840409486,0.0,False,25.0,59.495501589809706,0.1372998436820292,40.067586648857805,moderate,grid_extension,2.2 km from a reliably-lit settlement,Nakupia,Teon Nila Serua,Maluku Tengah,intermittent,3167.309677327279,0,Mikro Hidro Kelas A (PLTMH),Nuweletetu,Maluku Tengah,142065.31645383453,PLTMH,30.0,Tahalupu,2014,83059.68786300997,GI 150 kV PLTMG Ambon Peaker,6000000.0,150 kV,Operasi,13810.022427333504,PLTMG Seram Unit 2,11.918,PLTMG,Gas,True,4.21199989,0.172692,-3.190410836828955,128.99216880938707
81.01.06.2001,4.9290919885324715,28.370676959796175,56.69054594563686,227.0,2838.107222318287,451.5,0.564333993793828,0.9283200258830869,0.0,0.003729301180934869,False,93.3087328650925,51.66809838082214,0.0,False,25.0,43.120873439185445,0.112494737059166,23.79352382117995,marginal,grid_extension,0.0 km from a reliably-lit settlement,Wahai,Seram Utara,Maluku Tengah,intermittent,10575.702289948027,0,Mikro Hidro Kelas A (PLTMH),Manusela,Maluku Tengah,192412.81227102093,PLTMH,30.0,Tahalupu,2014,141685.86765216358,GI 150 kV PLTMG Ambon Peaker,6000000.0,150 kV,Operasi,11958.947288194884,PLTD Wahai,1.0,PLTD,HSD,True,4.03649998,0.16549601000000003,-2.852393603693211,129.40434404000248
81.01.06.2002,3.818404506859719,25.214952867366293,14.03834039037489,73.0,2658.066415262014,28.56,,0.8561453849832616,2053.446375152027,0.0,False,89.50690083830045,49.15254237288135,0.0,False,25.0,33.37128497229251,0.10535841638373661,17.245713841805376,marginal,grid_extension,2.1 km from a reliably-lit settlement,Air Besar,Seram Utara,Maluku Tengah,intermittent,8193.575285229184,0,Mikro Hidro Kelas A (PLTMH),Manusela,Maluku Tengah,206173.5443194838,PLTMH,30.0,Tahalupu,2014,155440.81073734758,GI 150 kV PLTMG Ambon Peaker,6000000.0,150 kV,Operasi,3022.389641483447,PLTD Wahai,1.0,PLTD,HSD,True,4.35500002,0.17855500000000002,-2.8037763837174667,129.52027681652638
81.01.06.2003,3.076614160034146,21.89806736064151,22.073608141549762,86.0,2379.960967337098,511.34999999999997,0.9813381080164296,0.7130561220011422,4015.2776698037956,0.633572789441033,True,81.95933359369468,58.88840231580169,0.0,False,25.0,26.874358017550126,0.09433508400467314,12.435130597776322,marginal,resource_present_but_screened,"63% of village inside a protected area - non-viable without deep community and regulator engagement; flagged for policy pathway, not commercial deployment",Pasahari,Seram Utara,Maluku Tengah,intermittent,13979.633127743882,0,Mikro Hidro Kelas A (PLTMH),Manusela,Maluku Tengah,215917.56657541412,PLTMH,30.0,Tahalupu,2014,162844.473808509,GI 150 kV PLTMG Ambon Peaker,6000000.0,150 kV,Operasi,14435.743156669816,PLTD Wahai,1.0,PLTD,HSD,True,4.26399994,0.174824,-2.8370028790088857,129.61752374681114
81.01.06.2007,11.380204384471595,65.84328060075977,300.2867077808784,1707.0,4046.654226805691,388.5,0.6123630363012903,0.9916294554537636,5005.0940925221375,0.49885431246800355,True,98.40447221118296,66.2394393006877,0.0,False,25.0,60.0,0.16039820470278776,47.20519164403044,moderate,resource_present_but_screened,"50% of village inside a protected area - non-viable without deep community and regulator engagement; flagged for policy pathway, not commercial deployment",Manusela,Seram Utara,Maluku Tengah,dark_settled,1441.9495202721562,0,Mikro Hidro Kelas C (PLTMH),Manusela,Maluku Tengah,208180.8986683081,PLTMH,30.0,Tahalupu,2014,150872.29136298384,GI 150 kV PLTMG Ambon Peaker,0.0,150 kV,Operasi,22954.427280441945,PLTD Wahai,1.0,PLTD,HSD,True,3.4124999,0.13991299,-2.985570422721266,129.57213058822924
81.01.06.2010,14.134995562910966,69.6399785149381,639.9867235726591,2008.0,5683.505820691345,246.75,0.6344300443945967,0.9974494001719089,11656.450252971528,0.1803289698351985,True,99.47428207776515,85.84516144124544,0.0,False,25.0,60.0,0.2252784841407973,66.29945788263666,moderate,resource_present_but_screened,"18% of village inside a protected area - non-viable without deep community and regulator engagement; flagged for policy pathway, not commercial deployment",Kanikeh,Seram Utara,Maluku Tengah,intermittent,1284.3802358100543,0,Mikro Hidro Kelas C (PLTMH),Kanikeh,Maluku Tengah,210349.19683235933,PLTMH,30.0,Tahalupu,2014,148713.0762820803,GI 150 kV PLTMG Ambon Peaker,0.0,150 kV,Operasi,26001.460996213857,PLTD Tehoru,1.7000000000000002,PLTD,HSD,True,3.4254999199999996,0.14044601,-3.119362743339974,129.60454631053577
81.01.06.2011,6.981167107563547,43.40206985687482,98.2158562681034,333.0,2988.443803749716,399.63,0.5240232646960642,0.995168095416565,8107.23648103193,0.0,False,99.34444383485706,56.71313520374669,0.0,False,25.0,60.0,0.11845366421509214,34.860913378501614,moderate,micro_hydro,"~35 kW screening potential (capped catchment 25 km2, head 60 m); 24-h baseload",Roho,Seram Utara,Maluku Tengah,dark_settled,9085.437544883855,0,Mikro Hidro Kelas C (PLTMH),Kanikeh,Maluku Tengah,191536.04565408663,PLTMH,30.0,Tahalupu,2014,137793.20747726754,GI 150 kV PLTMG Ambon Peaker,6000000.0,150 kV,Operasi,17883.99221646846,PLTD Wahai,1.0,PLTD,HSD,True,3.6270000899999997,0.148707,-2.9321935112214956,129.41227078662806
81.01.06.2012,17.088550449480785,67.06744170717849,690.7519142416024,2066.0,5873.627234735738,400.46999999999997,0.49406340016465594,0.9966313141408084,19446.8398280254,0.596006462505226,True,99.78676547042758,38.28093059476299,0.0,False,25.0,60.0,0.23281437225455584,68.5172697545158,moderate,resource_present_but_screened,"60% of village inside a protected area - non-viable without deep community and regulator engagement; flagged for policy pathway, not commercial deployment",Huaulu,Seram Utara,Maluku Tengah,dark_settled,7130.051673243003,0,Mikro Hidro Kelas A (PLTMH),Nuweletetu,Maluku Tengah,171406.9745529439,PLTMH,30.0,Tahalupu,2014,116626.08460033553,GI 150 kV PLTMG Ambon Peaker,6000000.0,150 kV,Operasi,30661.57015316425,PLTD Pasanea,1.6,PLTD,HSD,True,2.9509999799999997,0.120991,-3.0193319655133997,129.24251840781108
81.01.06.2021,2.775506588388668,8.859554214851913,11.615985130111524,22.0,3089.593536928296,,,0.6227741330834116,,0.017322097378277154,False,65.33149171270719,64.04494382022472,0.0,False,,24.239827557503638,,,none,solar_battery,uniform equatorial irradiance; no discriminating alternative,Rumahsokat,Seram Utara,Maluku Tengah,intermittent,15118.642722185117,0,Mikro Hidro Kelas A (PLTMH),Manusela,Maluku Tengah,190172.3050008824,PLTMH,30.0,Tahalupu,2014,141327.4814746297,GI 150 kV PLTMG Ambon Peaker,6000000.0,150 kV,Operasi,13545.061457515536,PLTD Wahai,1.0,PLTD,HSD,True,4.27050018,0.17509100000000002,-2.814514717958859,129.37460530870385
81.01.06.2022,7.507135289928468,67.68643614280612,95.51123283707501,1619.0,3709.5450867596273,424.2,0.509060538049246,0.9717472790452552,23252.057744960985,0.08501127936962677,False,98.50924826150444,37.344221335202164,0.0,False,25.0,60.0,0.14703612881942968,43.272732711558156,moderate,micro_hydro,"~43 kW screening potential (capped catchment 25 km2, head 60 m); 24-h baseload",Sawai,Seram Utara,Maluku Tengah,intermittent,13900.144097764069,0,Mikro Hidro Kelas A (PLTMH),Nuweletetu,Maluku Tengah,173107.1118616318,PLTMH,30.0,Tahalupu,2014,121090.73441476468,GI 150 kV PLTMG Ambon Peaker,6000000.0,150 kV,Operasi,25691.23159087457,PLTD Pasanea,1.6,PLTD,HSD,True,3.5750000500000003,0.146575,-2.950436981633178,129.2469447441539
81.01.06.2044,5.90990020288262,14.215078565137565,21.664613470213098,74.0,2713.2220994234085,0.84,0.53071703783062,0.7959120946672815,34520.7871660323,0.06181566714049713,False,91.55622142829704,52.06579954093344,0.0,False,0.84,51.757293453138736,0.0036134997518957115,0.9173574633886394,none,solar_biomass_hybrid,80% cropland/tree cover - sago/coconut residue,Besi,Seram Utara,Maluku Tengah,intermittent,14032.190681764441,0,Mikro Hidro Kelas A (PLTMH),Nuweletetu,Maluku Tengah,169860.9628783057,PLTMH,30.0,Tahalupu,2014,118802.99717790287,GI 150 kV PLTMG Ambon Peaker,6000000.0,150 kV,Operasi,22272.619726187833,PLTD Pasanea,1.6,PLTD,HSD,True,3.65949988,0.150039,-2.940462804718534,129.2153210671637
81.01.06.2045,5.073933720139439,23.453456060484477,92.33831289765159,206.0,3019.762840845807,2.52,,0.9687507311418576,6474.4527326639745,0.0011655730556943992,False,96.89525280175943,63.33175338170417,0.0,False,2.52,44.39453743288483,0.012065262491963843,2.627273720688329,none,solar_biomass_hybrid,97% cropland/tree cover - sago/coconut residue,Malaku,Seram Utara,Maluku Tengah,intermittent,12698.829594574567,0,Mikro Hidro Kelas A (PLTMH),Manusela,Maluku Tengah,194260.454452901,PLTMH,30.0,Tahalupu,2014,145335.98126855193,GI 150 kV PLTMG Ambon Peaker,6000000.0,150 kV,Operasi,9550.244435373752,PLTD Wahai,1.0,PLTD,HSD,True,4.27699995,0.175357,-2.800854811692092,129.40911759775253
81.01.06.2050,2.2830481767509103,20.43667967531382,13.785202040698017,65.0,2294.5195268942607,188.79,1.1346352269659872,0.6982969022874973,3591.2442307645965,0.0,False,93.88232199604911,48.50351398533112,0.0,False,25.0,19.93390503631087,0.09094842112562869,8.892555016560992,none,grid_extension,3.6 km from a reliably-lit settlement,Siatele,Seram Utara,Maluku Tengah,intermittent,15081.377154228812,0,Mikro Hidro Kelas A (PLTMH),Maneo Rendah,Maluku Tengah,228251.1997289903,PLTMH,30.0,Tahalupu,2014,172678.3663585007,GI 150 kV PLTMG Ambon Peaker,0.0,150 kV,Operasi,24100.42950412817,PLTD Kobisonta,4.0,PLTD,HSD,True,4.26399994,0.174824,-2.8777455218320234,129.73836768365206
81.01.06.2052,2.318790701262029,6.816781413676645,10.568808714771135,29.0,2713.2220994234085,0.63,,0.7974011543566161,32074.205888454977,0.03311319590174052,False,85.52623485267887,40.57750759878421,0.0,False,0.63,20.246320981338098,0.0027101248139217837,0.2691376290069439,none,solar_biomass_hybrid,80% cropland/tree cover - sago/coconut residue,Oping,Seram Utara,Maluku Tengah,intermittent,15959.270257855196,0,Mikro Hidro Kelas A (PLTMH),Nuweletetu,Maluku Tengah,171522.3647434545,PLTMH,30.0,Tahalupu,2014,120896.74974698565,GI 150 kV PLTMG Ambon Peaker,6000000.0,150 kV,Operasi,22271.95173271226,PLTD Pasanea,1.6,PLTD,HSD,True,3.86100006,0.158301,-2.9250059206541086,129.227511243999
81.01.06.2053,4.823405890913262,22.78069368357103,22.672795007916555,131.0,3380.041191252982,1.05,0.53071703783062,0.5965216191563891,34260.973727861994,0.10832023914459818,True,93.35530854733616,80.97644908054632,0.0,False,1.05,42.1918753569057,0.005626971161237366,1.1645081451013255,none,resource_present_but_screened,"11% of village inside a protected area - non-viable without deep community and regulator engagement; flagged for policy pathway, not commercial deployment",Olong,Seram Utara,Maluku Tengah,intermittent,14349.72913451433,0,Mikro Hidro Kelas A (PLTMH),Nuweletetu,Maluku Tengah,167073.6517195063,PLTMH,30.0,Tahalupu,2014,116657.09438217148,GI 70 kV Waai,0.0,70 kV,Operasi,19859.82372272319,PLTD Pasanea,1.6,PLTD,HSD,True,3.34100008,0.136981,-2.9367100849136922,129.18900394453263
81.01.09.2001,18.720266942574785,40.224043610958596,148.90661371036916,611.0,3066.9084605882176,0.84,,0.8569284516770235,0.0,0.8621958319948599,True,83.23455464276577,35.51190683121854,0.0,False,0.84,60.0,0.004084543231377003,1.202081072994252,none,resource_present_but_screened,"86% of village inside a protected area - non-viable without deep community and regulator engagement; flagged for policy pathway, not commercial deployment",Nusantara,Banda,Maluku Tengah,intermittent,120214.9279858092,0,Mikro Hidro Kelas A (PLTMH),Mising,Seram Bagian Timur,279991.38820709265,PLTMH,30.0,Tahalupu,2014,202438.08589000747,GI 150 kV PLTMG Ambon Peaker,0.0,150 kV,Operasi,2476.5991609204384,PLTD Banda,3.4,PLTD,HSD,True,4.64750004,0.190547,-4.5204487264140365,129.88004079748822
81.01.09.2002,1.9719876157515968,9.315842208049766,14.165994293023719,31.0,3543.4197763681414,0.21,,0.5005461827891734,0.0,0.0,False,39.01727073704694,,,False,0.21,17.215636634622186,0.0011797915922078096,0.09962478476133699,none,grid_extension,0.0 km from a reliably-lit settlement,Dwiwarna,Banda,Maluku Tengah,intermittent,119503.34385578176,0,Mikro Hidro Kelas A (PLTMH),Mising,Seram Bagian Timur,282513.8092922007,PLTMH,30.0,Tahalupu,2014,204944.41982697244,GI 150 kV PLTMG Ambon Peaker,0.0,150 kV,Operasi,397.8908288852544,PLTS Banda,0.1,PLTS,Surya,True,4.64099979,0.190281,-4.5270599651429,129.90256752147084
81.01.09.2003,10.940487554348893,45.949420200698704,36.940655634025504,160.0,3316.1575091351333,0.21,,0.7748762698619432,0.0,0.022284485567211833,False,70.86809176225233,25.0,0.0,False,0.21,60.0,0.001104123980400777,0.3249436874319487,none,grid_extension,0.0 km from a reliably-lit settlement,Merdeka,Banda,Maluku Tengah,intermittent,118185.82636383368,0,Mikro Hidro Kelas A (PLTMH),Mising,Seram Bagian Timur,281329.47342214594,PLTMH,30.0,Tahalupu,2014,203730.06407851653,GI 150 kV PLTMG Ambon Peaker,0.0,150 kV,Operasi,794.7901383286091,PLTD Banda,3.4,PLTD,HSD,True,4.64750004,0.190547,-4.511207042588357,129.89953392337898
81.01.09.2004,18.543965590920486,45.2161341233222,86.08903179059865,227.0,3365.9848500220032,0.42,,0.9501230149854618,995.1429859572945,0.004752851711026615,False,95.31879194630872,31.182795698924732,0.0,False,0.42,60.0,0.002241428267708716,0.6596523391866751,none,grid_extension,1.0 km from a reliably-lit settlement,Rajawali,Banda,Maluku Tengah,intermittent,117947.32192079123,0,Mikro Hidro Kelas A (PLTMH),Mising,Seram Bagian Timur,281390.4931179763,PLTMH,30.0,Tahalupu,2014,203785.98737160818,GI 150 kV PLTMG Ambon Peaker,0.0,150 kV,Operasi,918.6872732957843,PLTD Banda,3.4,PLTD,HSD,True,4.64750004,0.190547,-4.509647713859816,129.9010870530467
81.01.09.2005,7.214484078874071,32.307008905550155,29.79076653879803,101.0,3541.511638315607,0.21,,0.655193888565972,0.0,0.03267322622161331,False,32.201351743583366,75.0,0.0,False,0.21,60.0,0.001179156272270227,0.34702569092912783,none,grid_extension,0.0 km from a reliably-lit settlement,Kampung Baru,Banda,Maluku Tengah,intermittent,118728.39859669431,0,Mikro Hidro Kelas A (PLTMH),Mising,Seram Bagian Timur,282440.1301313218,PLTMH,30.0,Tahalupu,2014,204853.04495416372,GI 150 kV PLTMG Ambon Peaker,0.0,150 kV,Operasi,488.4156901615802,PLTD Banda,3.4,PLTD,HSD,True,4.64750004,0.190547,-4.520709090522468,129.90555648321447
81.01.09.2006,11.606327082027684,30.12976999228729,63.277480844701955,153.0,2391.7413738746195,0.63,,0.9449321112434119,15359.586813900625,0.0,False,85.56623014664491,73.01482390709094,0.0,False,0.63,60.0,0.0023890110755026162,0.70308595952042,none,solar_biomass_hybrid,94% cropland/tree cover - sago/coconut residue,Pulau Hatta,Banda,Maluku Tengah,intermittent,117675.76319846987,0,Mikro Hidro Kelas A (PLTMH),Undur,Seram Bagian Timur,277415.1661223675,PLTS Terpusat,30.0,Kaimer,2016,221664.38446637767,GI 150 kV PLTMG Ambon Peaker,0.0,150 kV,Operasi,16426.10234695346,PLTS Banda,0.1,PLTS,Surya,True,4.64750004,0.190547,-4.592454784462521,130.0393512020281
81.01.09.2007,23.781869460718415,44.73523716227921,251.0618436100466,488.0,3544.2066809075563,0.84,,0.9663609221914442,2679.4559586555997,0.008881798779830558,False,98.68606844516303,7.6203740549144445,0.0,False,0.84,60.0,0.004720214377159988,1.3891590911981844,none,grid_extension,2.7 km from a reliably-lit settlement,Selamon,Banda,Maluku Tengah,intermittent,118853.28842346037,0,Mikro Hidro Kelas A (PLTMH),Mising,Seram Bagian Timur,286552.2946077816,PLTMH,30.0,Tahalupu,2014,208967.33297317577,GI 150 kV PLTMG Ambon Peaker,0.0,150 kV,Operasi,3695.32439895489,PLTS Banda,0.1,PLTS,Surya,True,4.64750004,0.190547,-4.540568059230628,129.93687734878833
81.01.09.2008,14.798279455042866,44.595575101693036,131.91807672252244,506.0,3248.6579039787994,0.84,,0.9546018029971244,1990.2378626686811,0.004815504067737528,False,95.61785022477248,19.051321928460357,0.0,False,0.84,60.0,0.004326599187186377,1.273318140788951,none,grid_extension,2.0 km from a reliably-lit settlement,Lonthoir,Banda,Maluku Tengah,intermittent,122237.19408223397,0,Mikro Hidro Kelas A (PLTMH),Mising,Seram Bagian Timur,284272.7535025285,PLTMH,30.0,Tahalupu,2014,206771.5534746669,GI 150 kV PLTMG Ambon Peaker,0.0,150 kV,Operasi,1408.7595980996539,PLTD Lonthoir,1.24,PLTD,HSD,True,4.64099979,0.190281,-4.556359833757854,129.9034643578921
81.01.09.2009,6.331242510348301,30.9608180686724,40.435586967638244,108.0,2569.991608376056,0.42,,0.9273957158962796,12936.702871578214,0.023697056469341504,False,90.30687019458409,7.852651722252607,0.0,False,0.42,55.47649595575088,0.0017113718853341315,0.46568519040744866,none,solar_biomass_hybrid,93% cropland/tree cover - sago/coconut residue,Pulau Ay,Banda,Maluku Tengah,intermittent,125932.27015552022,0,Mikro Hidro Kelas A (PLTMH),Osong,Seram Bagian Timur,270311.0827760649,PLTMH,30.0,Tahalupu,2014,192961.87121646042,GI 150 kV PLTMG Ambon Peaker,0.0,150 kV,Operasi,13671.031768332527,PLTD Lonthoir,1.24,PLTD,HSD,True,4.66699982,0.191347,-4.526307472518613,129.77406683910942
81.01.09.2010,12.9625993969778,40.22138817504583,74.80678842177812,174.0,2577.637126302283,0.42,,0.9321336268785297,22936.427554969738,0.02651450693439973,False,0.0,,,False,0.42,60.0,0.0017164630787781564,0.5051550840844115,none,solar_biomass_hybrid,93% cropland/tree cover - sago/coconut residue,Pulau Rhun,Banda,Maluku Tengah,intermittent,133702.55309359738,0,Mikro Hidro Kelas A (PLTMH),Osong,Seram Bagian Timur,263632.3178395791,PLTMH,30.0,Tahalupu,2014,186637.17120014998,GI 150 kV PLTMG Ambon Peaker,0.0,150 kV,Operasi,23590.276089687188,PLTD Lonthoir,1.24,PLTD,HSD,True,4.65399981,0.19081399999999998,-4.555496369770048,129.6831383578036
81.01.09.2011,9.769789156541327,38.38706945418942,44.60492845786962,132.0,3527.340309901571,0.21,,0.8944629884154724,995.1429859572945,0.01266817244426986,False,67.45236692201922,100.0,0.0,False,0.21,60.0,0.0011744378885707287,0.34563707060636545,none,grid_extension,1.0 km from a reliably-lit settlement,Tanah Rata,Banda,Maluku Tengah,intermittent,118013.86558597838,0,Mikro Hidro Kelas A (PLTMH),Mising,Seram Bagian Timur,281881.94817251107,PLTMH,30.0,Tahalupu,2014,204279.0796815369,GI 150 kV PLTMG Ambon Peaker,0.0,150 kV,Operasi,644.3148422988636,PLTD Banda,3.4,PLTD,HSD,True,4.64750004,0.190547,-4.5125150647413,129.90454095986823
81.01.09.2012,17.047864742699502,42.54260909963029,77.88630301762466,250.0,3571.390965749258,1.68,,0.9118796215570408,4693.952390776349,0.0,False,89.20533436662468,69.40894568690095,0.0,False,1.68,60.0,0.009512837427794829,2.799628055000018,none,grid_extension,4.7 km from a reliably-lit settlement,Waer,Banda,Maluku Tengah,intermittent,118818.96544201566,0,Mikro Hidro Kelas A (PLTMH),Mising,Seram Bagian Timur,288167.0496037052,PLTMH,30.0,Tahalupu,2014,210580.2321402361,GI 150 kV PLTMG Ambon Peaker,0.0,150 kV,Operasi,5305.869403712123,PLTS Banda,0.1,PLTS,Surya,True,4.64750004,0.190547,-4.547418127768487,129.94973663620945
81.01.09.2013,18.93094329278219,38.744320921478476,183.0123196332761,387.0,3592.7909744730773,1.05,,0.946246584150458,2051.490231971627,0.011221504131699945,False,98.18988522007523,62.92134831460674,0.0,False,1.05,60.0,0.005981149358188628,1.7602522561149134,none,grid_extension,2.1 km from a reliably-lit settlement,Boiyauw,Banda,Maluku Tengah,intermittent,121133.95439439292,0,Mikro Hidro Kelas A (PLTMH),Mising,Seram Bagian Timur,285193.6600761846,PLTMH,30.0,Tahalupu,2014,207663.30279313293,GI 150 kV PLTMG Ambon Peaker,0.0,150 kV,Operasi,2307.7899675237513,PLTD Lonthoir,1.24,PLTD,HSD,True,4.64099979,0.190281,-4.5520788379160555,129.91575274512672
81.01.09.2014,20.33758275294234,40.256106527541284,169.80290935672508,465.0,3543.4197763681414,0.63,,0.968246231609351,3980.523960485604,0.00669783899911538,False,96.4348893461858,0.0,0.0,True,0.63,60.0,0.003539374776623429,1.0416379967602751,none,resource_present_but_screened,"96% intact canopy, 0.0% loss since 2015 - non-viable without deep community and regulator engagement; flagged for policy pathway, not commercial deployment",Dender,Banda,Maluku Tengah,intermittent,117406.66955148101,0,Mikro Hidro Kelas A (PLTMH),Mising,Seram Bagian Timur,286904.3194354914,PLTMH,30.0,Tahalupu,2014,209288.6816914215,GI 150 kV PLTMG Ambon Peaker,0.0,150 kV,Operasi,4466.135190697169,PLTS Banda,0.1,PLTS,Surya,True,4.64750004,0.190547,-4.530906661554731,129.9462339277605
81.01.09.2016,15.67519971401178,30.492772901265084,60.88781567562126,133.0,3612.097369724512,0.42,,0.9535909542743539,5289.081433127118,0.0,False,91.39150943396226,59.87460815047022,0.0,False,0.42,60.0,0.002405315980600417,0.7078844930907028,none,solar_biomass_hybrid,95% cropland/tree cover - sago/coconut residue,Uring Tutra,Banda,Maluku Tengah,intermittent,120439.13590805231,0,Mikro Hidro Kelas A (PLTMH),Mising,Seram Bagian Timur,288436.0069101998,PLTMH,30.0,Tahalupu,2014,210885.89222893922,GI 150 kV PLTMG Ambon Peaker,0.0,150 kV,Operasi,5632.158671687173,PLTS Banda,0.1,PLTS,Surya,True,4.64750004,0.190547,-4.561128557983058,129.94440756199072
81.01.09.2017,19.876892122514395,39.35377274270868,276.0878628847513,506.0,3574.554984423907,1.26,,0.9781160799238819,2487.7973283358515,0.006300144003291505,False,98.90465905584693,10.526315789473685,0.0,False,1.26,60.0,0.007140948884408491,2.1015812566814187,none,grid_extension,2.5 km from a reliably-lit settlement,Walling Spanciby,Banda,Maluku Tengah,intermittent,120364.32168736309,0,Mikro Hidro Kelas A (PLTMH),Mising,Seram Bagian Timur,285978.6334475948,PLTMH,30.0,Tahalupu,2014,208428.85008357244,GI 150 kV PLTMG Ambon Peaker,0.0,150 kV,Operasi,3238.000525352639,PLTS Banda,0.1,PLTS,Surya,True,4.64099979,0.190281,-4.549689744266855,129.92543812876002
81.01.09.2018,20.71487875315275,40.10407032601787,67.8992776886035,210.0,3543.4197763681414,0.21,,0.9114810410886509,3980.5360191813365,0.024577167019027474,False,94.53326286582546,0.0,0.0,True,0.21,60.0,0.0011797915922078096,0.3472126655867584,none,resource_present_but_screened,"95% intact canopy, 0.0% loss since 2015 - non-viable without deep community and regulator engagement; flagged for policy pathway, not commercial deployment",Combir Kasestoren,Banda,Maluku Tengah,intermittent,116337.87840394658,0,Mikro Hidro Kelas A (PLTMH),Mising,Seram Bagian Timur,285884.486084445,PLTMH,30.0,Tahalupu,2014,208248.32066459802,GI 150 kV PLTMG Ambon Peaker,0.0,150 kV,Operasi,4248.880935580747,PLTS Banda,0.1,PLTS,Surya,True,4.64750004,0.190547,-4.518034040279817,129.94308597876667
81.01.11.2011,20.17732600073292,71.3321379455693,1139.9992873337608,2070.0,6074.059413224304,24.15,0.8077481087115286,0.9948592272460957,14336.461850492435,0.753802248432114,True,99.66847533307362,28.269617706237426,0.0,False,24.15,60.0,0.23257314629212159,68.44627695377139,moderate,resource_present_but_screened,"75% of village inside a protected area - non-viable without deep community and regulator engagement; flagged for policy pathway, not commercial deployment",Telutih Baru,Tehoru,Maluku Tengah,intermittent,5934.671131571911,0,Mikro Hidro Kelas A (PLTMH),Mosso,Maluku Tengah,213926.4243645566,PLTMH,30.0,Tahalupu,2014,148638.90436466687,GI 150 kV PLTMG Ambon Peaker,0.0,150 kV,Operasi,17730.631733992108,PLTD Tehoru,1.7000000000000002,PLTD,HSD,True,3.61400008,0.148174,-3.2453564760300795,129.64003175608204
81.01.11.2012,21.694596598023097,64.14695863148754,791.6231456792652,2097.0,6082.836307173864,27.3,0.8599223325791396,0.9738232112796774,15824.228975095437,0.5709587135160364,True,99.22379254171621,30.00645136806954,0.0,False,25.0,60.0,0.2411068424647175,70.95774373736636,moderate,resource_present_but_screened,"57% of village inside a protected area - non-viable without deep community and regulator engagement; flagged for policy pathway, not commercial deployment",Mosso,Tehoru,Maluku Tengah,intermittent,2343.2076823459665,0,Mikro Hidro Kelas A (PLTMH),Mosso,Maluku Tengah,211930.13808424384,PLTMH,30.0,Tahalupu,2014,145996.15724268582,GI 150 kV PLTMG Ambon Peaker,0.0,150 kV,Operasi,14481.52477842587,PLTD Tehoru,1.7000000000000002,PLTD,HSD,True,4.03000021,0.16523001,-3.272057282083492,129.62166444322668
81.01.11.2013,20.185954783123503,74.36630514818313,655.9989026249723,2200.0,5899.348457358826,32.129999999999995,0.8589836331409331,0.978537882341011,18590.51164656987,0.4268796060231055,True,99.04421155375836,47.8968708409422,0.0,False,25.0,60.0,0.23383389052823858,68.81731398246062,moderate,resource_present_but_screened,"43% of village inside a protected area - non-viable without deep community and regulator engagement; flagged for policy pathway, not commercial deployment",Hatumete,Tehoru,Maluku Tengah,intermittent,2673.3022038334893,0,Mikro Hidro Kelas A (PLTMH),Mosso,Maluku Tengah,209238.75807377236,PLTMH,30.0,Tahalupu,2014,143380.80761684183,GI 150 kV PLTMG Ambon Peaker,0.0,150 kV,Operasi,12179.297366113104,PLTD Tehoru,1.7000000000000002,PLTD,HSD,True,4.0625,0.16656201,-3.2715144217730727,129.59742685073041
81.01.11.2014,21.85868495338981,74.68835511008791,731.9572929509054,2272.0,5973.587371684327,59.849999999999994,0.8554766829846396,0.9791225963660762,21007.24008377826,0.5078450414499993,True,99.0054595986171,39.13667687595715,0.0,False,25.0,60.0,0.23677651619119133,69.68332871506762,moderate,resource_present_but_screened,"51% of village inside a protected area - non-viable without deep community and regulator engagement; flagged for policy pathway, not commercial deployment",Hatu,Tehoru,Maluku Tengah,intermittent,2520.4202537666793,0,Mikro Hidro Kelas C (PLTMH),Hatu,Maluku Tengah,205319.85245017384,PLTMH,30.0,Tahalupu,2014,139740.7964890213,GI 150 kV PLTMG Ambon Peaker,0.0,150 kV,Operasi,9718.928880241414,PLTD Tehoru,1.7000000000000002,PLTD,HSD,True,4.114500049999999,0.168694,-3.2647228032314337,129.56225365308285
81.01.11.2016,22.631205541721393,75.16936236580199,1296.568667815313,2987.0,6538.2673620205305,60.69,0.7967843661469216,0.9360305284857481,25471.871727395202,0.7402801843515189,True,95.47894509042985,40.30048760316341,0.0,False,25.0,60.0,0.25915887247988534,76.27045617083026,moderate,resource_present_but_screened,"74% of village inside a protected area - non-viable without deep community and regulator engagement; flagged for policy pathway, not commercial deployment",Yaputih,Tehoru,Maluku Tengah,dark_settled,3508.245967280251,0,Mikro Hidro Kelas A (PLTMH),Yaputih,Maluku Tengah,198544.6142673312,PLTMH,30.0,Tahalupu,2014,134263.30829496743,GI 150 kV PLTMG Ambon Peaker,0.0,150 kV,Operasi,11663.214396460738,PLTD Tehoru,1.7000000000000002,PLTD,HSD,True,4.03000021,0.16523001,-3.2264258276647073,129.50152497202117
81.01.11.2018,22.568272174785555,71.62538005107358,729.9511079351263,2546.0,5853.8289023138805,378.0,0.9906325227112799,0.9864502590669852,25524.091953730695,0.4959600935161544,True,99.28225844107797,44.873017248851546,0.0,False,25.0,60.0,0.23202962100115268,68.28631746063924,moderate,resource_present_but_screened,"50% of village inside a protected area - non-viable without deep community and regulator engagement; flagged for policy pathway, not commercial deployment",Tehoru,Tehoru,Maluku Tengah,intermittent,1961.230710670541,0,Mikro Hidro Kelas A (PLTMH),Tehoru,Maluku Tengah,193241.72682800057,PLTMH,30.0,Tahalupu,2014,128119.12971691725,GI 150 kV PLTMG Ambon Peaker,0.0,150 kV,Operasi,9716.555446487611,PLTD Tehoru,1.7000000000000002,PLTD,HSD,True,3.4189999099999997,0.14017899,-3.260918038068394,129.4535065300493
81.01.11.2019,20.87708072153314,63.01322082126579,618.1053474240729,2493.0,5621.343368053495,278.46,1.1515480372820326,0.9929255142210148,25837.580415936784,0.1896525389016163,True,99.47975790028448,44.39423956993734,0.0,False,25.0,60.0,0.22281453608786372,65.5743179706583,moderate,resource_present_but_screened,"19% of village inside a protected area - non-viable without deep community and regulator engagement; flagged for policy pathway, not commercial deployment",Haya,Tehoru,Maluku Tengah,intermittent,4064.2056000866946,0,Mikro Hidro Kelas A (PLTMH),Tamilouw,Maluku Tengah,188941.52487335182,PLTMH,30.0,Tahalupu,2014,121941.82029409724,GI 150 kV PLTMG Ambon Peaker,0.0,150 kV,Operasi,10355.654996972602,PLTD Tehoru,1.7000000000000002,PLTD,HSD,True,3.38649988,0.13884699,-3.328777021695906,129.41220552522475
81.01.11.2020,17.746122824158736,41.12361301426885,341.5204230326401,909.0,5231.353395026358,26.459999999999997,1.7587817494009725,0.9941156316830931,35543.17810776071,0.0,False,99.46620692272889,70.65087894186586,0.0,False,25.0,60.0,0.20735640993730808,61.02499144454977,moderate,micro_hydro,"~61 kW screening potential (capped catchment 25 km2, head 60 m); 24-h baseload",Salamahu,Tehoru,Maluku Tengah,intermittent,5839.568319317729,0,Mikro Hidro Kelas A (PLTMH),Haya,Maluku Tengah,192502.49237979975,PLTMH,30.0,Tahalupu,2014,123442.15694874583,GI 150 kV PLTMG Ambon Peaker,0.0,150 kV,Operasi,10900.698185242722,PLTD Tehoru,1.7000000000000002,PLTD,HSD,True,4.465499879999999,0.18308599,-3.4029743945844553,129.4385262723573
81.01.12.2001,12.616953412497516,54.38434992077334,151.81337656187392,274.0,3286.731314539628,0.84,,0.9166269395097819,3484.9054192689364,0.013681010289990643,False,90.15833033465275,77.14669684538126,0.0,False,0.84,60.0,0.004377305784204223,1.288241092291303,none,grid_extension,3.5 km from a reliably-lit settlement,Booi,Saparua,Maluku Tengah,intermittent,23858.563897186952,0,Mikro Hidro Kelas A (PLTMH),Rumahkay,Seram Bagian Barat,112715.2297857553,PLTMH,30.0,Tahalupu,2014,35923.328418744255,GI 150 kV PLTMG Ambon Peaker,0.0,150 kV,Operasi,3203.328653127874,PLTD Saparua,2.2,PLTD,HSD,True,4.64099979,0.190281,-3.6113007551116154,128.65382420750296
81.01.12.2002,4.968323748605827,26.325816208126312,44.80531964374924,231.0,3693.1381630304477,1.47,,0.7180137499800612,0.0,0.008103408855260567,False,78.6149879044049,85.77286802242867,0.0,False,1.47,43.465801916677094,0.008607485254399352,1.8351137766807042,none,grid_extension,0.0 km from a reliably-lit settlement,Paperu,Saparua,Maluku Tengah,intermittent,21162.149825141798,0,Mikro Hidro Kelas A (PLTMH),Rumahkay,Seram Bagian Barat,111222.14539620992,PLTMH,30.0,Tahalupu,2014,34954.68385521676,GI 150 kV PLTMG Ambon Peaker,0.0,150 kV,Operasi,599.3289039872986,PLTD Saparua,2.2,PLTD,HSD,True,4.63450003,0.190014,-3.5875574521253064,128.6487449030766
81.01.12.2003,8.867307702809661,31.317179458130788,120.5554106103977,240.0,3712.8617914002025,1.68,,0.9233957295781099,497.8531566887971,0.0009044593279523729,False,88.60008319435806,66.12614037863209,0.0,False,1.68,60.0,0.00988966230586051,2.910527616614748,none,grid_extension,0.5 km from a reliably-lit settlement,Tiouw,Saparua,Maluku Tengah,intermittent,17688.15719277165,0,Mikro Hidro Kelas A (PLTMH),Rumahkay,Seram Bagian Barat,109515.42375421368,PLTMH,30.0,Tahalupu,2014,34157.880951726846,GI 150 kV PLTMG Ambon Peaker,0.0,150 kV,Operasi,3012.5899007547955,PLTD Saparua,2.2,PLTD,HSD,True,4.563000199999999,0.18708301,-3.5565029048687866,128.64378572630093
81.01.12.2004,8.95677038395625,56.138638292100296,70.32931702313331,288.0,3437.3348268347145,3.15,,0.7286662832362606,1795.0222404611034,0.016952310488128244,False,73.17125198123931,85.88488012195685,0.0,False,3.15,60.0,0.017167054643152827,5.0522641814798765,none,grid_extension,1.8 km from a reliably-lit settlement,Haria,Saparua,Maluku Tengah,intermittent,22368.650110003222,0,Mikro Hidro Kelas A (PLTMH),Rumahkay,Seram Bagian Barat,109822.33377461943,PLTMH,30.0,Tahalupu,2014,33059.87510090645,GI 150 kV PLTMG Ambon Peaker,0.0,150 kV,Operasi,3286.7051965393066,PLTD Saparua,2.2,PLTD,HSD,True,4.63450003,0.190014,-3.6026912608115063,128.62919100322338
81.01.12.2005,5.633008961651489,40.68387813965289,53.45669336365196,312.0,3699.212452533263,10.709999999999999,,0.6601900891198482,2681.027636467032,0.037207151835301815,False,87.31737704010297,60.166252427995595,0.0,False,10.709999999999999,49.31627201109079,0.06281482332355284,15.19467423999618,marginal,grid_extension,2.7 km from a reliably-lit settlement,Porto,Saparua,Maluku Tengah,intermittent,15441.95445751676,0,Mikro Hidro Kelas A (PLTMH),Rumahkay,Seram Bagian Barat,104923.731819495,PLTMH,30.0,Tahalupu,2014,29839.797459298756,GI 150 kV PLTMG Ambon Peaker,0.0,150 kV,Operasi,6787.479649855214,PLTD Saparua,2.2,PLTD,HSD,True,4.55649996,0.18681601000000003,-3.5425097553533926,128.60485879098965
81.01.12.2006,5.39412111507283,31.309693777989864,71.31518715855812,162.0,3666.6775968322822,4.2,,0.7990904381907292,6698.056082271183,0.003598764068142878,False,95.8508561265481,66.56306321340365,0.0,False,4.2,47.21215472427159,0.024416612612087118,5.654292177636267,none,solar_biomass_hybrid,80% cropland/tree cover - sago/coconut residue,Kulur,Saparua,Maluku Tengah,intermittent,12473.851674093346,0,Mikro Hidro Kelas A (PLTMH),Rumahkay,Seram Bagian Barat,102046.94533476571,PLTMH,30.0,Tahalupu,2014,28082.615192742112,GI 150 kV PLTMG Ambon Peaker,0.0,150 kV,Operasi,10340.842030736712,PLTD Saparua,2.2,PLTD,HSD,True,4.4460001,0.18228599,-3.515224427954853,128.58675986383395
81.01.12.2012,3.867202856245742,17.590128766621472,67.50396080032668,125.0,3770.609377055512,1.05,,0.9012366129624693,0.0,0.0052792302262938805,False,90.19631848821801,64.74242142458621,0.0,False,1.05,33.79905228572784,0.006277175047419279,1.0406573942466846,none,grid_extension,0.0 km from a reliably-lit settlement,Saparua,Saparua,Maluku Tengah,intermittent,19123.651125317414,0,Mikro Hidro Kelas A (PLTMH),Rumahkay,Seram Bagian Barat,112157.41959421911,PLTMH,30.0,Tahalupu,2014,36765.426632817354,GI 150 kV PLTMG Ambon Peaker,0.0,150 kV,Operasi,2927.230228093193,PLTD Saparua,2.2,PLTD,HSD,True,4.5500001899999996,0.18655001,-3.5618498641074385,128.66713250143124
81.01.13.2001,9.625457273001077,43.093815644289506,128.35996435623687,470.0,3904.2596686028774,6.3,,0.9795970017238153,5676.39934564597,0.007706163768892557,False,96.23394818224665,70.13683876489313,0.0,False,6.3,60.0,0.038998027511729656,11.477119496702038,marginal,solar_biomass_hybrid,98% cropland/tree cover - sago/coconut residue,Aboru,Pulau Haruku,Maluku Tengah,intermittent,22550.805370248185,0,Mikro Hidro Kelas A (PLTMH),Rumahkay,Seram Bagian Barat,98833.69552512305,PLTMH,30.0,Tahalupu,2014,21591.347219061216,GI 150 kV PLTMG Ambon Peaker,0.0,150 kV,Operasi,9255.826810117862,PLTD Haruku,2.5,PLTD,HSD,True,4.56949997,0.18734901,-3.5927938662402767,128.52576362099958
81.01.13.2002,16.452627019039834,38.25711079588077,315.5389461769576,557.0,4385.370232641623,2.1,,0.9904168236462648,6056.630545319732,0.0,False,98.93412611699269,57.40426334653843,0.0,False,2.1,60.0,0.014601213674130215,4.297137184296522,none,solar_biomass_hybrid,99% cropland/tree cover - sago/coconut residue,Wassu,Pulau Haruku,Maluku Tengah,intermittent,22851.069183739026,0,Mikro Hidro Kelas A (PLTMH),Tulehu,Maluku Tengah,95135.5215803975,PLTMH,30.0,Tahalupu,2014,17567.169644603717,GI 150 kV PLTMG Ambon Peaker,0.0,150 kV,Operasi,8769.541730370254,PLTD Haruku,2.5,PLTD,HSD,True,4.54349995,0.18628301,-3.5972405688130937,128.48701028989186
81.01.13.2003,14.251114580708736,40.27373470374017,212.6949796247383,446.0,4307.571763554353,10.08,,0.992770141233993,4903.273200437132,0.0,False,98.74090390591196,76.64094598657182,0.0,False,10.08,60.0,0.06884247110703305,20.26033924679983,marginal,grid_extension,4.9 km from a reliably-lit settlement,Oma,Pulau Haruku,Maluku Tengah,intermittent,19766.4813733976,0,Mikro Hidro Kelas A (PLTMH),Tulehu,Maluku Tengah,92494.69230254831,PLTMH,30.0,Tahalupu,2014,14766.90938644672,GI 150 kV PLTMG Ambon Peaker,0.0,150 kV,Operasi,9654.426803629385,PLTD Haruku,2.5,PLTD,HSD,True,4.5500001899999996,0.18655001,-3.6001555015491253,128.459128845369
81.01.13.2004,12.062131024817907,35.54952322725932,152.08601812356255,369.0,4131.833815215941,14.49,,0.9947728342692403,3982.7776739356163,0.0,False,99.7165763981908,51.79004854368934,0.0,False,14.49,60.0,0.09492369352879089,27.93604300552316,marginal,grid_extension,4.0 km from a reliably-lit settlement,Haruku,Pulau Haruku,Maluku Tengah,intermittent,17330.990356181155,0,Mikro Hidro Kelas A (PLTMH),Tulehu,Maluku Tengah,90099.48298657413,PLTMH,30.0,Tahalupu,2014,12339.619435414184,GI 150 kV PLTMG Ambon Peaker,0.0,150 kV,Operasi,10286.108569767444,PLTD Haruku,2.5,PLTD,HSD,True,4.54349995,0.18628301,-3.595568224486623,128.43728824738147
81.01.13.2005,7.956779665589033,37.612995400386026,110.01179376014579,219.0,4137.354795293008,0.63,,0.934650827405832,5994.81681069155,0.0,False,95.0069661712945,64.22748447204968,0.0,False,0.63,60.0,0.004132631787535824,1.2162335350717932,none,solar_biomass_hybrid,93% cropland/tree cover - sago/coconut residue,Sameth,Pulau Haruku,Maluku Tengah,intermittent,15545.739207164559,0,Mikro Hidro Kelas A (PLTMH),Tulehu,Maluku Tengah,89648.23440967553,PLTMH,30.0,Tahalupu,2014,12217.359205266695,GI 150 kV PLTMG Ambon Peaker,0.0,150 kV,Operasi,11945.898764530328,PLTD LMVPP Waai,60.0,PLTD,HFO,True,4.56949997,0.18734901,-3.6228607707594547,128.4181364997884
81.01.13.2006,13.091241642682977,43.270360409430616,187.6155665937843,428.0,4147.667406952277,15.75,,0.980333097447449,497.8555262322595,0.0,False,98.15902117504456,44.65973083898065,0.0,False,15.75,60.0,0.10357331567018385,30.48162680173511,moderate,grid_extension,0.5 km from a reliably-lit settlement,Rohomoni,Pulau Haruku,Maluku Tengah,intermittent,17997.638795435985,0,Mikro Hidro Kelas A (PLTMH),Tulehu,Maluku Tengah,89477.81922851612,PLTMH,30.0,Tahalupu,2014,12044.315597482528,GI 150 kV PLTMG Ambon Peaker,0.0,150 kV,Operasi,7979.486507732903,PLTD Haruku,2.5,PLTD,HSD,True,4.54349995,0.18628301,-3.5732214583595137,128.44199937798228
81.01.13.2007,13.803474321855713,46.817689621895184,231.15120463496717,397.0,4258.6437890023135,13.02,,0.9672347338196771,0.0,0.0,False,96.88103202292318,49.11906033101976,0.0,False,13.02,60.0,0.08791150135212158,25.872354847929387,marginal,grid_extension,0.0 km from a reliably-lit settlement,Kabauw,Pulau Haruku,Maluku Tengah,intermittent,20031.284587306163,0,Mikro Hidro Kelas A (PLTMH),Kairatu,Seram Bagian Barat,90259.0904092867,PLTMH,30.0,Tahalupu,2014,13522.057911522255,GI 150 kV PLTMG Ambon Peaker,0.0,150 kV,Operasi,5351.303856832898,PLTD Haruku,2.5,PLTD,HSD,True,4.472000120000001,0.18335199000000002,-3.5555770507831306,128.45777657723931
81.01.13.2008,6.290211078442924,24.582975880558536,104.40836655529908,274.0,3960.5643594423004,1.26,,0.8568706028440616,497.857880072215,0.0,False,86.44160656652195,83.95117346719871,0.0,False,1.26,55.11404989592775,0.007912086334502313,2.1389092286062814,none,grid_extension,0.5 km from a reliably-lit settlement,Kailolo,Pulau Haruku,Maluku Tengah,intermittent,18008.03912388937,0,Mikro Hidro Kelas A (PLTMH),Kairatu,Seram Bagian Barat,87104.17508698645,PLTMH,30.0,Tahalupu,2014,10964.235478523704,GI 150 kV PLTMG Ambon Peaker,0.0,150 kV,Operasi,6408.871203328274,PLTD Haruku,2.5,PLTD,HSD,True,4.45900011,0.18281899000000001,-3.5384352369493177,128.43423854791402
81.01.13.2009,7.02492338712557,46.817689621895184,96.94739197848706,409.0,3963.4471911651012,17.64,,0.902292916506137,0.0,0.0023831748953164274,False,85.13674014144577,71.56100874867445,0.0,False,17.64,60.0,0.1108498358259646,32.62310668358138,moderate,grid_extension,0.0 km from a reliably-lit settlement,Pelauw,Pulau Haruku,Maluku Tengah,intermittent,18521.654400362106,0,Mikro Hidro Kelas A (PLTMH),Kairatu,Seram Bagian Barat,92427.05051124812,PLTMH,30.0,Tahalupu,2014,16849.868495568142,GI 150 kV PLTMG Ambon Peaker,0.0,150 kV,Operasi,1923.0024628017782,PLTD Haruku,2.5,PLTD,HSD,True,4.28350019,0.175624,-3.5356439904715065,128.48726080878436
81.01.13.2010,5.606242309221686,23.55330090181884,45.37126136943948,127.0,3948.0405622541903,16.8,,0.9467657283075456,497.8649258333027,0.0,False,83.6265384746514,80.08338678640153,0.0,False,16.8,49.08042736888014,0.1051608977769381,25.316381555424407,marginal,grid_extension,0.5 km from a reliably-lit settlement,Kariu,Pulau Haruku,Maluku Tengah,intermittent,17644.781747487927,0,Mikro Hidro Kelas A (PLTMH),Kairatu,Seram Bagian Barat,91948.58204467186,PLTMH,30.0,Tahalupu,2014,16777.210040785652,GI 150 kV PLTMG Ambon Peaker,0.0,150 kV,Operasi,1097.1231337079432,PLTD Haruku,2.5,PLTD,HSD,True,4.29650021,0.176157,-3.5278767054899363,128.4856751900549
81.01.13.2011,6.453644068592645,32.10780930189226,109.54066988923779,359.0,3943.736331235193,6.09,,0.9678690266145417,5125.736361733795,0.004804105818888592,False,96.77139966912176,76.26310012746073,0.0,False,6.09,56.55805865869354,0.03807926537484514,10.563846137900955,marginal,solar_biomass_hybrid,97% cropland/tree cover - sago/coconut residue,Hulaliu,Pulau Haruku,Maluku Tengah,intermittent,18816.6571803836,0,Mikro Hidro Kelas A (PLTMH),Rumahkay,Seram Bagian Barat,99210.05599163772,PLTMH,30.0,Tahalupu,2014,22913.850151362527,GI 150 kV PLTMG Ambon Peaker,0.0,150 kV,Operasi,7760.118320600337,PLTD Haruku,2.5,PLTD,HSD,True,4.49800014,0.18441799,-3.5630436176148548,128.54211004445867
81.01.14.2001,20.346192616865796,63.56834291640388,340.81369916969106,1023.0,5114.169183491149,8.82,4.280025535967054,0.9809021041608003,0.0,0.0,False,97.94385243508856,74.28818079514099,0.0,False,8.82,60.0,0.07151663527142303,21.0473457603798,marginal,grid_extension,0.0 km from a reliably-lit settlement,Liang,Salahutu,Maluku Tengah,intermittent,7655.0822751297865,0,Mikro Hidro Kelas A (PLTMH),Tulehu,Maluku Tengah,70947.93252213826,PLTMH,30.0,Tahalupu,2014,6759.029281338875,GI 70 kV Waai,0.0,70 kV,Operasi,6803.420305378145,PLTMG Ambon Peaker,39.12,PLTMG,Gas,True,4.20550013,0.172426,-3.520344523340018,128.2820169389638
81.01.14.2002,11.649139889333641,52.22358066668886,179.17948509941277,756.0,4314.209062914236,19.32,4.262196451047849,0.9395635899297691,0.0,0.0010123738288428893,False,92.39794585544708,46.47492108032271,0.0,False,19.32,60.0,0.13215138111285996,38.89215146151469,moderate,grid_extension,0.0 km from a reliably-lit settlement,Waai,Salahutu,Maluku Tengah,intermittent,4633.367547739463,0,Mikro Hidro Kelas A (PLTMH),Tulehu,Maluku Tengah,74899.55412671577,PLTMH,30.0,Tahalupu,2014,3834.403534821271,GI 70 kV Waai,0.0,70 kV,Operasi,3919.528917166285,PLTMG Ambon Peaker,39.12,PLTMG,Gas,True,4.3874998100000004,0.17988700000000002,-3.5578092972880975,128.30231775458722
81.01.15.2006,21.016473858133327,53.1897964406922,348.8129674386387,881.0,4340.252020050572,6.93,5.233645165275681,0.9780123311068203,7350.197301773606,0.0,False,98.38941498603644,30.567021507712372,0.0,False,6.93,60.0,0.04768827133902598,14.034658255075346,marginal,wind_solar_hybrid,mean 50 m wind 5.2 m/s (ERA5 coarse - met mast required),Asilulu,Leihitu,Maluku Tengah,intermittent,8807.190522626877,0,Mikro Hidro Kelas A (PLTMH),Hatu,Maluku Tengah,57848.99742410547,PLTMH,30.0,Tahalupu,2014,30085.876495198478,GI 150 kV Sirimau (60 MVA),60.0,150 kV,Operasi,6601.785470262566,PLTS Pulau Tiga,0.1,PLTS,Surya,True,4.27050018,0.17509100000000002,-3.6923834914979214,127.95100653036687
81.01.15.2007,21.679011568569553,59.838051344549825,368.8227903163742,792.0,4072.6633834605495,8.19,5.233645165275681,0.9810484787143947,7075.36046784897,0.0,False,98.27350723051146,26.5791632485644,0.0,False,8.19,60.0,0.052884184916511125,15.563815620929223,marginal,wind_solar_hybrid,mean 50 m wind 5.2 m/s (ERA5 coarse - met mast required),Ureng,Leihitu,Maluku Tengah,intermittent,7403.308622946083,0,Mikro Hidro Kelas A (PLTMH),Hatu,Maluku Tengah,57368.25578798604,PLTMH,30.0,Tahalupu,2014,27831.788208988066,GI 150 kV Sirimau (60 MVA),60.0,150 kV,Operasi,7675.694398081958,PLTS Pulau Tiga,0.1,PLTS,Surya,True,4.21850014,0.172959,-3.676259980957376,127.97160475174321
81.01.15.2008,19.782387856433534,59.838051344549825,278.45926361946346,736.0,4168.767400531212,14.7,5.159939738568578,0.9593482473569308,4589.847219679539,0.0,False,98.94430706161378,31.758329763656356,0.0,False,14.7,60.0,0.09716019911816466,28.594246600475863,marginal,grid_extension,4.6 km from a reliably-lit settlement,Negeri Lima,Leihitu,Maluku Tengah,intermittent,7557.440939803422,0,Mikro Hidro Kelas A (PLTMH),Hatu,Maluku Tengah,56480.010299912195,PLTMH,30.0,Tahalupu,2014,25622.805933072108,GI 150 kV Sirimau (60 MVA),60.0,150 kV,Operasi,9710.568396918321,PLTS Pulau Tiga,0.1,PLTS,Surya,True,4.21199989,0.172692,-3.653045258845086,127.99398133407404
81.01.15.2009,19.933418653015163,57.62453080064551,322.07289089559634,821.0,4552.587665109906,15.75,5.039450521128573,0.9852408826357852,0.0,0.0,False,98.84087885603154,40.85365853658539,0.0,False,15.75,60.0,0.11368476618068402,33.4574266869753,moderate,grid_extension,0.0 km from a reliably-lit settlement,Seith,Leihitu,Maluku Tengah,intermittent,7392.650091955516,0,Mikro Hidro Kelas A (PLTMH),Laha,Kota Ambon,57970.27963730516,PLTMH,30.0,Tahalupu,2014,21497.77948494473,GI 150 kV Sirimau (60 MVA),60.0,150 kV,Operasi,14276.219691532304,PLTS Pulau Tiga,0.1,PLTS,Surya,True,4.21199989,0.172692,-3.64043607283274,128.03450508371364
81.01.15.2010,18.132834643957608,54.218543870635514,365.4626446518873,885.0,4226.754791373634,20.58,4.937757944695524,0.9874645106703018,0.0,0.0,False,98.22630728401364,38.797797676669916,0.0,False,20.58,60.0,0.13791637114166255,40.588788026991296,moderate,grid_extension,0.0 km from a reliably-lit settlement,Kaitetu,Leihitu,Maluku Tengah,intermittent,7530.610207447693,0,Mikro Hidro Kelas A (PLTMH),Laha,Kota Ambon,59076.88594166213,PLTMH,30.0,Tahalupu,2014,18562.42341293852,GI 150 kV Sirimau (60 MVA),60.0,150 kV,Operasi,13952.347823563672,PLTD PT. Kertabumi Teknindo Unit 4 Poka Ambon qq PT. PLN (Persero) Unit Induk Wilayah Maluku dan Maluku Utara Unit Pelaksana Pembangkitan Maluku,0.0,PLTD,Solar,True,4.23150015,0.173492,-3.626434802477601,128.06689064491104
81.01.15.2011,12.368514194758907,44.96957637568681,273.67521470054845,598.0,4339.043422801604,21.419999999999998,4.929435852614535,0.9730005937628757,0.0,0.0,False,96.46166482073747,36.30699697987288,0.0,False,21.419999999999998,60.0,0.14735906601409554,43.36777312794832,moderate,grid_extension,0.0 km from a reliably-lit settlement,Hila,Leihitu,Maluku Tengah,intermittent,9641.188901348536,0,Mikro Hidro Kelas A (PLTMH),Laha,Kota Ambon,61101.07914486858,PLTMH,30.0,Tahalupu,2014,15274.568885220144,GI 150 kV Sirimau (60 MVA),60.0,150 kV,Operasi,9990.335376180605,PLTD PT. Kertabumi Teknindo Unit 4 Poka Ambon qq PT. PLN (Persero) Unit Induk Wilayah Maluku dan Maluku Utara Unit Pelaksana Pembangkitan Maluku,0.0,PLTD,Solar,True,4.34849977,0.178288,-3.613406781409467,128.10695756022645
81.01.15.2015,20.32043893016704,58.2430532014421,331.1077127752565,892.0,4963.676977780526,19.32,4.710422117075965,0.9934157568642517,497.8555262322595,0.0,False,99.18443894838163,49.3030607845955,0.0,False,19.32,60.0,0.15204566084906102,44.747037987878656,moderate,grid_extension,0.5 km from a reliably-lit settlement,Mamala,Leihitu,Maluku Tengah,intermittent,5584.433923248664,0,Mikro Hidro Kelas A (PLTMH),Tulehu,Maluku Tengah,67784.49969560008,PLTMH,30.0,Tahalupu,2014,7115.040857751203,"GI 70/20 kV Passo 
",40.0,70 kV,Operasi,9543.542195839223,PLTD Nagata Bisma Shakti,0.0,PLTD,HSD B30,True,4.23799992,0.17375800000000002,-3.5646560087824053,128.22321603387837
81.01.15.2016,22.225252613089427,57.60157107764544,310.69769478944266,768.0,5234.699758922712,5.25,4.757826640375705,0.9665199120870925,0.0,0.0,False,97.64673801577388,61.380350744861424,0.0,False,5.25,60.0,0.04357270061888674,12.823445792138369,marginal,grid_extension,0.0 km from a reliably-lit settlement,Morella,Leihitu,Maluku Tengah,intermittent,7231.996985785982,0,Mikro Hidro Kelas A (PLTMH),Tulehu,Maluku Tengah,66335.43669471543,PLTMH,30.0,Tahalupu,2014,9395.39402268203,"GI 70/20 kV Passo 
",40.0,70 kV,Operasi,12086.893947712091,PLTD Nagata Bisma Shakti,0.0,PLTD,HSD B30,True,4.17299986,0.17109300000000002,-3.5405194371035353,128.22309060625224
81.01.16.2001,14.450048375900966,38.08607564083887,119.19141083367442,312.0,4229.840753903109,0.63,,0.9463950344874051,11611.356509900124,0.008758484782132692,False,64.63701220488026,1.350780920219502,0.0,True,0.63,60.0,0.004225012168567603,1.2434210812094455,none,resource_present_but_screened,"65% intact canopy, 1.4% loss since 2015 - non-viable without deep community and regulator engagement; flagged for policy pathway, not commercial deployment",Ameth,Nusa Laut,Maluku Tengah,intermittent,34241.27674444553,0,Mikro Hidro Kelas A (PLTMH),Hualoy,Seram Bagian Barat,129227.73145070874,PLTMH,30.0,Tahalupu,2014,52435.18836305416,GI 150 kV PLTMG Ambon Peaker,0.0,150 kV,Operasi,3251.9172245800646,PLTD Nusalaut,1.36,PLTD,HSD,True,4.673500059999999,0.19161300000000003,-3.654612155552841,128.79671455740151
81.01.16.2002,13.413873077877444,43.82544627865531,118.84704650951126,291.0,4390.494050741196,1.89,,0.9115792826296708,11460.776001759217,0.010651053864168623,False,65.11059502181934,54.202988792029906,0.0,False,1.89,60.0,0.013156446213693652,3.8719421206900417,none,solar_biomass_hybrid,91% cropland/tree cover - sago/coconut residue,Titawaai,Nusa Laut,Maluku Tengah,intermittent,35750.57714622085,0,Mikro Hidro Kelas A (PLTMH),Hualoy,Seram Bagian Barat,127779.17154588609,PLTMH,30.0,Tahalupu,2014,50504.43981602201,GI 150 kV PLTMG Ambon Peaker,0.0,150 kV,Operasi,3662.5389988305055,PLTD Nusalaut,1.36,PLTD,HSD,True,4.67999983,0.19188,-3.681463088955659,128.7715871770166
81.01.16.2003,11.530402800540697,30.54577793308641,105.36579815090192,255.0,4390.494050741196,2.1,,0.7752866404777876,11968.566326266902,0.02460155226931552,False,40.562813428306754,63.0,0.0,False,2.1,60.0,0.014618273570770723,4.302157911877824,none,solar_biomass_hybrid,78% cropland/tree cover - sago/coconut residue,Abubu,Nusa Laut,Maluku Tengah,intermittent,36590.42018937244,0,Mikro Hidro Kelas A (PLTMH),Hualoy,Seram Bagian Barat,129453.17378165016,PLTMH,30.0,Tahalupu,2014,52228.03367664046,GI 150 kV PLTMG Ambon Peaker,0.0,150 kV,Operasi,4362.963924142693,PLTD Nusalaut,1.36,PLTD,HSD,True,4.686500069999999,0.192147,-3.6828643780285626,128.78738043646
81.01.16.2004,11.931161582088205,31.349477238460132,116.14483512016665,287.0,4390.494050741196,1.47,,0.9000156776671631,12325.610766433647,0.006537535960367171,False,28.69895060228688,81.71823063155203,0.0,False,1.47,60.0,0.010232791499539507,3.011510538314477,none,solar_biomass_hybrid,90% cropland/tree cover - sago/coconut residue,Akoon,Nusa Laut,Maluku Tengah,intermittent,36149.335357006894,0,Mikro Hidro Kelas A (PLTMH),Hualoy,Seram Bagian Barat,130263.11067358706,PLTMH,30.0,Tahalupu,2014,53221.62584543514,GI 150 kV PLTMG Ambon Peaker,0.0,150 kV,Operasi,4390.486381939705,PLTD Nusalaut,1.36,PLTD,HSD,True,4.67999983,0.19188,-3.6725078508194393,128.79958929217335
81.01.16.2005,17.003544269673128,38.393394228012646,91.23637678165667,255.0,4314.034398603223,3.57,,0.9372353991328745,10963.576992421313,0.009461871971435856,False,43.809766670916744,39.73561430793157,0.0,False,3.57,60.0,0.0244182883102066,7.186302249693803,none,solar_biomass_hybrid,94% cropland/tree cover - sago/coconut residue,Nalahia,Nusa Laut,Maluku Tengah,intermittent,33665.860550916346,0,Mikro Hidro Kelas A (PLTMH),Hualoy,Seram Bagian Barat,127911.15900496716,PLTMH,30.0,Tahalupu,2014,51039.78834596554,GI 150 kV PLTMG Ambon Peaker,0.0,150 kV,Operasi,1887.8604814570817,PLTD Nusalaut,1.36,PLTD,HSD,True,4.673500059999999,0.19161300000000003,-3.6555489685765243,128.78358617825134
81.01.16.2006,14.684273176646098,33.4951112691704,116.43077070055,242.0,4177.921282413146,2.94,,0.9370776671216487,9563.055866196746,0.026185862330440637,False,60.60350782605769,7.600950118764846,0.0,False,2.94,60.0,0.019474709174109987,5.731406909940569,none,solar_biomass_hybrid,94% cropland/tree cover - sago/coconut residue,Sila,Nusa Laut,Maluku Tengah,intermittent,32968.13824343828,0,Mikro Hidro Kelas A (PLTMH),Hualoy,Seram Bagian Barat,126930.4511397368,PLTMH,30.0,Tahalupu,2014,50064.791998579894,GI 150 kV PLTMG Ambon Peaker,0.0,150 kV,Operasi,911.4571984454983,PLTD Nusalaut,1.36,PLTD,HSD,True,4.673500059999999,0.19161300000000003,-3.652566054888541,128.77526380074994
81.01.16.2007,11.262617616541222,32.14670495976454,101.31142697381593,242.0,4346.7133419026595,1.47,,0.9152013903087302,9152.522512605472,0.020233085140822275,False,64.66768362833744,12.757475083056477,0.0,False,1.47,60.0,0.010130753127531884,2.9814806454326335,none,solar_biomass_hybrid,92% cropland/tree cover - sago/coconut residue,Leinitu,Nusa Laut,Maluku Tengah,intermittent,33495.903331501664,0,Mikro Hidro Kelas A (PLTMH),Hualoy,Seram Bagian Barat,126378.67757941147,PLTMH,30.0,Tahalupu,2014,49331.5800142692,GI 150 kV PLTMG Ambon Peaker,0.0,150 kV,Operasi,1463.9151161521675,PLTD Nusalaut,1.36,PLTD,HSD,True,4.673500059999999,0.19161300000000003,-3.6617562235205265,128.76617531133627
81.01.17.1001,5.4939613025065,25.92465936943836,46.30932095569848,165.0,4374.2028278444295,3.9899999999999998,1.3639089817389516,0.39949305111734557,0.0,0.0,False,31.646680315881838,46.83640798902275,0.0,False,3.9899999999999998,48.09133847158229,0.027671659822265465,6.527412912849876,none,grid_extension,0.0 km from a reliably-lit settlement,Namaelo,Kota Masohi,Maluku Tengah,intermittent,13181.298027930065,0,Mikro Hidro Kelas A (PLTMH),Layeni,Maluku Tengah,138650.84210149612,PLTMH,30.0,Tahalupu,2014,74331.10050724506,GI 150 kV PLTMG Ambon Peaker,0.0,150 kV,Operasi,1483.1177550721998,PLTMG Seram Unit 2,11.918,PLTMG,Gas,True,4.42649984,0.181486,-3.306053959086622,128.95972572730497
81.01.17.1002,4.332743620610911,17.022280808471322,13.79860710854948,71.0,3627.851348170348,0.84,,0.33109951369944246,0.0,0.0,False,31.349300450557255,37.34439834024896,0.0,False,0.84,37.88255869272093,0.0048316132871370696,0.8977811516291041,none,grid_extension,0.0 km from a reliably-lit settlement,Namasina,Kota Masohi,Maluku Tengah,intermittent,14424.485328369849,0,Mikro Hidro Kelas A (PLTMH),Layeni,Maluku Tengah,137126.25533908847,PLTMH,30.0,Tahalupu,2014,72705.37148814814,GI 150 kV PLTMG Ambon Peaker,0.0,150 kV,Operasi,471.80197191302454,PLTD BGP Masohi,2.6,PLTD,HSD,True,4.45249987,0.18255299,-3.3103751360829867,128.94569194801713
81.01.17.1003,1.3973542173092246,3.3441510751361565,3.001956505380389,9.0,3926.9924764223492,0.42,1.3639089817389516,0.0,0.0,0.0,False,0.0,0.0,0.0,False,0.42,12.196634218397518,0.0026150064055323868,0.15644142675755576,none,grid_extension,0.0 km from a reliably-lit settlement,Ampera,Kota Masohi,Maluku Tengah,intermittent,12996.814473058777,0,Mikro Hidro Kelas A (PLTMH),Layeni,Maluku Tengah,137878.2765895222,PLTMH,30.0,Tahalupu,2014,73903.34671092904,GI 150 kV PLTMG Ambon Peaker,0.0,150 kV,Operasi,1002.6616775148138,PLTMG Seram Unit 2,11.918,PLTMG,Gas,True,4.42649984,0.181486,-3.2998902758978574,128.953116078539
81.01.17.1004,1.5622945872084866,3.3441510751361565,9.33747531270573,19.0,3966.0225851916093,0.42,1.3639089817389516,0.0005081817257851408,0.0,0.0,False,0.0,,,False,0.42,13.636972077246426,0.002640996774766102,0.1766545524369256,none,grid_extension,0.0 km from a reliably-lit settlement,Lesane,Kota Masohi,Maluku Tengah,intermittent,12265.737519196186,0,Mikro Hidro Kelas A (PLTMH),Layeni,Maluku Tengah,138845.4686155243,PLTMH,30.0,Tahalupu,2014,74900.70585806416,GI 150 kV PLTMG Ambon Peaker,0.0,150 kV,Operasi,1950.5864910794355,PLTMG Seram Unit 2,11.918,PLTMG,Gas,True,4.40700006,0.18068700000000001,-3.2977928536728642,128.9619579447659
81.01.17.1005,3.8661866075594675,13.251954570504616,39.50106939163498,104.0,4179.551683063522,2.94,1.3639089817389516,0.2632968967794,0.0,0.0,False,12.828223558750185,0.6802721088435373,0.0,False,2.94,33.79014332922874,0.019482309024934606,3.2290106203223328,none,grid_extension,0.0 km from a reliably-lit settlement,Letwaru,Kota Masohi,Maluku Tengah,intermittent,12015.657949910028,0,Mikro Hidro Kelas A (PLTMH),Layeni,Maluku Tengah,139747.89182115148,PLTMH,30.0,Tahalupu,2014,75649.13277815953,GI 150 kV PLTMG Ambon Peaker,0.0,150 kV,Operasi,2710.4821410537847,PLTMG Seram Unit 2,11.918,PLTMG,Gas,True,4.39400005,0.180154,-3.299731281102142,128.96999294899388
81.01.20.2001,23.60195644220346,63.194377572661395,576.8830954132264,1567.0,6647.493771772142,62.37,0.6240178322163071,0.9565260788345712,24094.71610060492,0.8748027042401645,True,97.62852296980368,19.092646122189027,0.0,False,25.0,60.0,0.2634883058953316,77.5446084249961,moderate,resource_present_but_screened,"87% of village inside a protected area - non-viable without deep community and regulator engagement; flagged for policy pathway, not commercial deployment",Saleman,Seram Utara Barat,Maluku Tengah,intermittent,12113.09490696845,0,Mikro Hidro Kelas A (PLTMH),Huaulu,Maluku Tengah,159750.39948315205,PLTMH,30.0,Tahalupu,2014,108714.05218555123,GI 70 kV Waai,0.0,70 kV,Operasi,19976.632451183934,PLTD Pasanea,1.6,PLTD,HSD,True,2.94449997,0.120724,-2.9762908140982605,129.12939709318678
81.01.20.2002,10.394024067539947,45.860805440630855,135.47452400015897,669.0,4235.2718503399365,62.16,0.6896965615069238,0.9865482075143,19975.32659268366,0.024940655876996082,False,98.50154444539476,78.89280484364295,0.0,False,25.0,60.0,0.1678744867112164,49.40546143911099,moderate,micro_hydro,"~49 kW screening potential (capped catchment 25 km2, head 60 m); 24-h baseload",Horale,Seram Utara Barat,Maluku Tengah,intermittent,6183.625026295535,0,Mikro Hidro Kelas A (PLTMH),Gale-gale,Maluku Tengah,152697.15361466256,PLTMH,30.0,Tahalupu,2014,103423.5765978562,GI 70 kV Waai,0.0,70 kV,Operasi,17693.46403294656,PLTD Pasanea,1.6,PLTD,HSD,True,3.45149994,0.14151099,-2.968008746060795,129.06322715996416
81.01.20.2003,7.488237458970743,25.64013032217024,49.272627539405455,203.0,2994.7872324923424,72.03,0.9119919621330981,0.7247716491588757,31473.114439152665,0.032716234447609086,False,80.53761512581201,71.38692915381687,0.0,False,25.0,60.0,0.11870510022245778,34.93491099546932,moderate,micro_hydro,"~35 kW screening potential (capped catchment 25 km2, head 60 m); 24-h baseload",Wailulu,Seram Utara Barat,Maluku Tengah,intermittent,5223.682726481507,0,Mikro Hidro Kelas A (PLTMH),Gale-gale,Maluku Tengah,153305.9035025337,PLTMH,30.0,Tahalupu,2014,107290.64165525664,GI 70 kV Waai,0.0,70 kV,Operasi,10678.497645087167,PLTD Pasanea,1.6,PLTD,HSD,True,3.58800006,0.14710800000000002,-2.904485272550276,129.05492107336445
81.01.20.2004,6.007872394053552,27.37337334392037,39.49489472926959,151.0,2885.0695365379206,10.92,0.9119919621330981,0.8839001542510828,35415.135831352185,0.0021405922009018314,False,91.3470163503468,29.09112675740185,0.0,False,10.92,52.62157715209032,0.0499507853548232,12.89273906177281,marginal,solar_biomass_hybrid,88% cropland/tree cover - sago/coconut residue,Paa,Seram Utara Barat,Maluku Tengah,intermittent,7959.237935087531,0,Mikro Hidro Kelas A (PLTMH),Gale-gale,Maluku Tengah,153917.95617685353,PLTMH,30.0,Tahalupu,2014,109610.62659184878,GI 70 kV Waai,0.0,70 kV,Operasi,6978.250354270989,PLTD Pasanea,1.6,PLTD,HSD,True,3.81550002,0.15643600000000002,-2.8704481597101172,129.0518794884332
81.01.20.2005,4.710976395034164,24.090004250625427,78.21344628556703,225.0,3242.859014861992,11.969999999999999,0.9119919621330981,0.7127159777428518,38874.41244210322,0.004535742019310317,False,54.42207714209826,51.42399463557288,0.0,False,11.969999999999999,41.2039189694878,0.06154398529917879,12.43836084521752,marginal,solar_biomass_hybrid,71% cropland/tree cover - sago/coconut residue,Karlutu Kara,Seram Utara Barat,Maluku Tengah,intermittent,12101.872003042488,0,Mikro Hidro Kelas A (PLTMH),Gale-gale,Maluku Tengah,155185.5009093986,PLTMH,30.0,Tahalupu,2014,112771.43692512176,GI 70 kV Waai,0.0,70 kV,Operasi,2708.3870368956996,PLTD Pasanea,1.6,PLTD,HSD,True,4.02349997,0.16496301000000002,-2.830200619110291,129.05229252188323
81.01.20.2006,2.5502165117343347,13.92495853681636,6.703987591377953,24.0,2286.3639439453045,0.63,,0.6619923917803751,44958.3375180914,0.8290312054545141,True,63.369796675367496,42.17857760858281,0.0,False,0.63,22.2695454751791,0.002283753939443084,0.2494592856329239,none,resource_present_but_screened,"83% of village inside a protected area - non-viable without deep community and regulator engagement; flagged for policy pathway, not commercial deployment",Pasanea,Seram Utara Barat,Maluku Tengah,intermittent,19191.298445584445,0,Mikro Hidro Kelas A (PLTMH),Latea,Maluku Tengah,153390.13472027288,PLTMH,30.0,Tahalupu,2014,115817.01208342424,GI 70 kV Waai,0.0,70 kV,Operasi,8554.625860806374,PLTD Pasanea,1.6,PLTD,HSD,False,,,-2.7542090848673113,129.0099199934069
81.01.20.2007,2.1091610725375247,13.060529269999211,9.410165091199575,35.0,2994.6893818792814,1.89,,0.7700049293460401,45389.4446020355,0.004930763857500924,False,68.59208742451008,59.55766192733017,0.0,False,1.89,18.41422109577686,0.008973812360083464,0.810530476690254,none,solar_biomass_hybrid,77% cropland/tree cover - sago/coconut residue,Labuan,Seram Utara Barat,Maluku Tengah,intermittent,15359.945815199368,0,Mikro Hidro Kelas A (PLTMH),Gale-gale,Maluku Tengah,155484.40758854535,PLTMH,30.0,Tahalupu,2014,114782.9271333538,GI 70 kV Waai,0.0,70 kV,Operasi,2435.5516652650554,PLTD Pasanea,1.6,PLTD,HSD,True,4.146999839999999,0.170027,-2.798027791278439,129.0450588721923
81.01.20.2008,10.38845853718513,39.036801647730805,172.52368483316792,620.0,3211.7779871452253,48.089999999999996,0.825960619831507,0.9458467656722862,19446.87903744133,0.0013340633284349684,False,94.67774658620954,73.99876467484783,0.0,False,25.0,60.0,0.12730601483801154,37.466160166826796,moderate,micro_hydro,"~37 kW screening potential (capped catchment 25 km2, head 60 m); 24-h baseload",Gale-gale,Seram Utara Barat,Maluku Tengah,intermittent,2199.016606500149,0,Mikro Hidro Kelas A (PLTMH),Gale-gale,Maluku Tengah,149305.37215272358,PLTMH,30.0,Tahalupu,2014,103737.45192629355,GI 70 kV Waai,0.0,70 kV,Operasi,12649.102253671492,PLTD Pasanea,1.6,PLTD,HSD,True,3.5555000299999997,0.14577500999999998,-2.913822840519479,129.0201205002826
81.01.20.2009,11.000256815159792,48.21509737772168,209.74670754260896,831.0,2935.711234846176,84.84,0.8671346274351577,0.9153190097489838,19421.35818781413,0.0006378366702320463,False,89.9884346296038,38.40882185439589,0.0,False,25.0,60.0,0.11636349072671613,34.24577532087256,moderate,micro_hydro,"~34 kW screening potential (capped catchment 25 km2, head 60 m); 24-h baseload",Latea,Seram Utara Barat,Maluku Tengah,dark_settled,274.40792323514717,0,Mikro Hidro Kelas A (PLTMH),Latea,Maluku Tengah,143405.32087678043,PLTMH,30.0,Tahalupu,2014,98703.96499383969,GI 70 kV Waai,0.0,70 kV,Operasi,16749.239600965542,PLTD Pasanea,1.6,PLTD,HSD,True,3.6984999199999997,0.15163800000000002,-2.925144073650338,128.96819966048542
81.01.20.2010,14.738138136598709,42.04127451740122,361.4544570220567,949.0,3880.407007829615,75.39,0.9036269231515007,0.9135602142216471,22052.33917262237,0.0,False,92.38459863732633,71.24045817174061,0.0,False,25.0,60.0,0.1538086237882743,45.26587798088914,moderate,micro_hydro,"~45 kW screening potential (capped catchment 25 km2, head 60 m); 24-h baseload",Lisabata Timur,Seram Utara Barat,Maluku Tengah,dark_settled,7014.100526065625,0,Mikro Hidro Kelas A (PLTMH),Latea,Maluku Tengah,136885.05472873867,PLTMH,30.0,Tahalupu,2014,92088.7644760168,GI 70 kV Waai,0.0,70 kV,Operasi,23292.343361414805,PLTD Pasanea,1.6,PLTD,HSD,True,3.70499992,0.151905,-2.9564890373541153,128.9152748286585
81.01.20.2011,17.221117577033088,44.89432277082073,561.378659622295,1276.0,4430.495559947099,59.43,0.9630577454850942,0.9882057879548629,24037.605326732322,0.0,False,98.2230478876404,46.67133095254448,0.0,False,25.0,60.0,0.1756126157386439,51.6827928118829,moderate,micro_hydro,"~52 kW screening potential (capped catchment 25 km2, head 60 m); 24-h baseload",Rumahwey,Seram Utara Barat,Maluku Tengah,intermittent,6310.6818724037785,0,Mikro Hidro Kelas A (PLTMH),Rumahwey,Maluku Tengah,129756.19103005946,PLTMH,30.0,Tahalupu,2014,86539.0690620977,GI 70 kV Waai,0.0,70 kV,Operasi,29336.159362591723,PLTD Pasanea,1.6,PLTD,HSD,True,3.45799994,0.14177801,-2.965416612716576,128.85145546542788
81.01.20.2012,15.16380097659906,39.66609863826755,346.82615335414226,1268.0,4149.039610607217,157.71,1.058281947274973,0.985486390299137,29986.654458171055,0.0,False,98.16230414804974,37.080153717790225,0.0,False,25.0,60.0,0.16445647873094307,48.39954169051655,moderate,micro_hydro,"~48 kW screening potential (capped catchment 25 km2, head 60 m); 24-h baseload",Warasiwa,Seram Utara Barat,Maluku Tengah,dark_settled,1574.6854805933797,0,Mikro Hidro Kelas A (PLTMH),Warasiwa,Maluku Tengah,123881.63956440784,PLTMH,30.0,Tahalupu,2014,84824.37844152763,GI 70 kV Waai,0.0,70 kV,Operasi,33599.77084538783,PLTD Pasanea,1.6,PLTD,HSD,True,3.39299989,0.13911299,-2.935023009281631,128.78917117541786
81.01.20.2013,4.7793550592662,9.202451389659533,10.050642201834863,23.0,2772.069306063652,0.21,,0.8581785228817401,,0.06255666364460563,False,41.269841269841265,0.0,0.0,False,0.21,41.804747091648636,0.0009229682811284992,0.18925675455216473,none,solar_biomass_hybrid,86% cropland/tree cover - sago/coconut residue,Herlau Pauni,Seram Utara Barat,Maluku Tengah,intermittent,8457.600887270255,0,Mikro Hidro Kelas A (PLTMH),Gale-gale,Maluku Tengah,155703.54382498594,PLTMH,30.0,Tahalupu,2014,110517.60872505239,GI 70 kV Waai,0.0,70 kV,Operasi,7789.116605654561,PLTD Pasanea,1.6,PLTD,HSD,True,3.84800005,0.15776800000000002,-2.8786308379312424,129.0706756986526
81.01.21.2001,13.930388547824991,38.756425505961424,275.4108087610637,674.0,3731.7777672039074,379.05,0.7676798105521573,0.9613005449845416,4723.883201350347,0.0,False,98.810697228795,60.279180098534155,0.0,False,25.0,60.0,0.14791737090959173,43.532082258692846,moderate,grid_extension,4.7 km from a reliably-lit settlement,Waraka,Teluk Elpaputih,Maluku Tengah,dark_settled,2106.567060020037,0,Mikro Hidro Kelas C (PLTMH),Nuweletetu,Maluku Tengah,137982.278877014,PLTMH,30.0,Tahalupu,2014,83916.68109154931,GI 70 kV Waai,0.0,70 kV,Operasi,21865.610502958752,PLTMG Seram Unit 2,11.918,PLTMG,Gas,True,3.80250001,0.155903,-3.109275447567095,128.95009657595466
81.01.21.2002,13.056899508839752,36.15037093829619,294.27170122215455,759.0,3625.9119313748474,48.089999999999996,0.769590067479258,0.9698546055300461,6772.75899283298,0.0,False,99.28041960563596,59.66086355950368,0.0,False,25.0,60.0,0.14372114136918313,42.2971319049506,moderate,micro_hydro,"~42 kW screening potential (capped catchment 25 km2, head 60 m); 24-h baseload",Tananahu,Teluk Elpaputih,Maluku Tengah,intermittent,103.34850645211328,0,Mikro Hidro Kelas A (PLTMH),Tananahu,Maluku Tengah,132728.81209632993,PLTMH,30.0,Tahalupu,2014,78606.8131205408,GI 70 kV Waai,0.0,70 kV,Operasi,20364.52915155992,PLTD Mep Masohi,6.0,PLTD,HSD,True,3.97799993,0.16309801000000002,-3.1275805695039476,128.90426969028775
81.01.21.2003,17.45103361000139,40.105178955584336,413.68384754382004,854.0,4104.701885247012,28.56,0.7910920425108675,0.9742486374392542,11056.17907764138,0.0,False,99.74939419671519,49.40597128000277,0.0,False,25.0,60.0,0.16269905367068638,47.882331495283005,moderate,micro_hydro,"~48 kW screening potential (capped catchment 25 km2, head 60 m); 24-h baseload",Liang,Teluk Elpaputih,Maluku Tengah,intermittent,2404.836718627667,0,Mikro Hidro Kelas A (PLTMH),Liang,Maluku Tengah,127859.17106435471,PLTMH,30.0,Tahalupu,2014,75704.68882867393,GI 70 kV Waai,0.0,70 kV,Operasi,23624.80627771387,PLTD Mep Masohi,6.0,PLTD,HSD,True,3.9000000999999997,0.15989999,-3.112086733364893,128.85874660741084
81.01.21.2004,15.23460521689839,49.11925525985644,301.9595174387208,1064.0,4402.362769214636,323.4,0.8354163717533556,0.958983731830646,12043.663725689952,0.0,False,99.22355487454658,40.73521364970402,0.0,False,25.0,60.0,0.1744975095610824,51.35461706382655,moderate,micro_hydro,"~51 kW screening potential (capped catchment 25 km2, head 60 m); 24-h baseload",Sahulauw,Teluk Elpaputih,Maluku Tengah,intermittent,3409.1275396656224,0,Mikro Hidro Kelas C (PLTMH),Elpaputih,Seram Bagian Barat,124130.28666009418,PLTMH,30.0,Tahalupu,2014,70495.94295337798,GI 70 kV Waai,0.0,70 kV,Operasi,21806.86944528578,PLTD Mep Masohi,6.0,PLTD,HSD,True,4.0170002,0.16469701,-3.1488069954758116,128.82827434989827
81.01.22.2001,19.763882932482815,51.911885029359915,337.9271239395855,813.0,4630.208877504786,3.78,5.233645165275681,0.9876601404016769,8974.522750194017,0.0,False,99.33082075465742,43.81253291205898,0.0,False,3.78,60.0,0.02774953950559375,8.166689476496241,none,wind_solar_hybrid,mean 50 m wind 5.2 m/s (ERA5 coarse - met mast required),Larike,Leihitu Barat,Maluku Tengah,intermittent,9486.570156292799,0,Mikro Hidro Kelas A (PLTMH),Hatu,Maluku Tengah,60152.306036245944,PLTMH,30.0,Tahalupu,2014,31186.778352181624,GI 150 kV Sirimau (IBT 60 MVA),60.0,150 kV,Operasi,8416.664374930186,PLTS Pulau Tiga,0.1,PLTS,Surya,True,4.41349983,0.180953,-3.719489954980853,127.94274799979547
81.01.22.2002,16.73105850037193,48.35859111245296,307.25325364791127,881.0,4360.920514865802,14.28,5.233645165275681,0.9932283445591799,6490.626209677307,0.0,False,98.9880381506846,58.76097735826513,0.0,False,14.28,60.0,0.09873469202226606,29.057619862152904,marginal,wind_solar_hybrid,mean 50 m wind 5.2 m/s (ERA5 coarse - met mast required),Wakasihu,Leihitu Barat,Maluku Tengah,intermittent,7851.007740640962,0,Mikro Hidro Kelas A (PLTMH),Hatu,Maluku Tengah,63715.782839613996,PLTMH,30.0,Tahalupu,2014,29186.173169439815,GI 150 kV Sirimau (IBT 60 MVA),60.0,150 kV,Operasi,12059.66239556368,PLTS Pulau Tiga,0.1,PLTS,Surya,True,4.54349995,0.18628301,-3.7443733059860698,127.96504262280195
81.01.22.2003,15.763937923063759,45.898207692716284,251.42723091901306,766.0,4106.180679124344,10.5,5.233645165275681,0.9914400374292437,3484.666819618484,0.0,False,98.67888670109154,24.84183245674214,0.0,False,10.5,60.0,0.06835822097096274,20.117824431754336,marginal,grid_extension,3.5 km from a reliably-lit settlement,Allang,Leihitu Barat,Maluku Tengah,intermittent,4731.039394542495,0,Mikro Hidro Kelas A (PLTMH),Hatu,Maluku Tengah,65493.82949320105,PLTMH,30.0,Tahalupu,2014,25398.802260263514,GI 150 kV Sirimau (IBT 60 MVA),60.0,150 kV,Operasi,14509.94774147723,PLTS Pulau Tiga,0.1,PLTS,Surya,True,4.53700018,0.18601701,-3.744174204838362,128.00003791151215
81.01.22.2004,19.525671993057685,49.24338959779745,249.5390756940359,687.0,3826.4160605250677,17.43,5.233645165275681,0.9864435469936539,995.6190913195669,0.0,False,97.76116999001381,29.52792708576769,0.0,False,17.43,60.0,0.10574332815663359,31.12026147649727,moderate,grid_extension,1.0 km from a reliably-lit settlement,Liliboy,Leihitu Barat,Maluku Tengah,intermittent,1016.3966063428718,0,Mikro Hidro Kelas A (PLTMH),Hatu,Maluku Tengah,64082.63973753098,PLTMH,30.0,Tahalupu,2014,22596.46580118396,GI 150 kV Sirimau (IBT 60 MVA),60.0,150 kV,Operasi,14534.030687467437,PLTS Pulau Tiga,0.1,PLTS,Surya,True,4.53049994,0.18574999,-3.717340342066147,128.02049320256083
81.01.22.2005,18.442370491326226,50.964884637137445,285.39137787048827,710.0,3709.81115033354,22.68,5.233645165275681,0.9590075945751122,0.0,0.0,False,94.63815675689547,61.568485068530485,0.0,False,22.68,60.0,0.13340074341952798,39.25983878836709,moderate,grid_extension,0.0 km from a reliably-lit settlement,Hatu,Leihitu Barat,Maluku Tengah,intermittent,2314.507230203879,0,Mikro Hidro Kelas A (PLTMH),Hatu,Maluku Tengah,63528.88246769793,PLTMH,30.0,Tahalupu,2014,19975.675243784928,GI 150 kV Sirimau (60 MVA),60.0,150 kV,Operasi,15840.114832707848,PLTS Pulau Tiga,0.1,PLTS,Surya,True,4.48500013,0.18388499000000003,-3.6968906585501835,128.04228159651242
81.01.23.2001,10.223529134393901,47.250175112561045,225.310693788255,792.0,4030.8820832949873,121.17,0.9868045356114068,0.9551068523559633,5995.676541267049,0.0,False,92.95303905123527,59.22330097087381,0.0,False,25.0,60.0,0.1597730404654596,47.02120580898476,moderate,micro_hydro,"~47 kW screening potential (capped catchment 25 km2, head 60 m); 24-h baseload",Ulahahan,Telutih,Maluku Tengah,intermittent,966.0113927239864,0,Mikro Hidro Kelas C (PLTMH),Dihil,Seram Bagian Timur,239949.6271213853,PLTMH,30.0,Tahalupu,2014,173489.2123364898,GI 150 kV PLTMG Ambon Peaker,0.0,150 kV,Operasi,11273.491297094102,PLTD Laimu,1.8,PLTD,HSD,True,4.02349997,0.16496301000000002,-3.271872341528942,129.87411511508748
81.01.23.2002,12.769916111137286,57.10882166928665,317.2036929704228,1028.0,4105.809998175106,45.989999999999995,0.951254163934915,0.9936926112776797,4508.801545311127,0.0,False,98.17635542945172,25.83579962731558,0.0,False,25.0,60.0,0.16274297620874184,47.89525789823272,moderate,grid_extension,4.5 km from a reliably-lit settlement,Laha Kaba,Telutih,Maluku Tengah,intermittent,1553.407428597746,0,Mikro Hidro Kelas A (PLTMH),Laha Kaba,Maluku Tengah,237159.52288324005,PLTMH,30.0,Tahalupu,2014,170569.9434556406,GI 150 kV PLTMG Ambon Peaker,0.0,150 kV,Operasi,8457.688359411097,PLTD Laimu,1.8,PLTD,HSD,True,4.1079998,0.16842800000000002,-3.2797324288263834,129.8488150512057
81.01.23.2003,15.349524100377755,60.46869189322046,1111.3039352503251,1887.0,5970.192209833332,26.04,0.8178821662646453,0.9903440669620877,10082.164984825928,0.8181880488934689,True,99.51024684598812,22.54947077772665,0.0,False,25.0,60.0,0.2366419413461335,69.64372333816709,moderate,resource_present_but_screened,"82% of village inside a protected area - non-viable without deep community and regulator engagement; flagged for policy pathway, not commercial deployment",Lafa,Telutih,Maluku Tengah,intermittent,4773.050089941647,0,Mikro Hidro Kelas A (PLTMH),Tehua,Maluku Tengah,219033.52485362263,PLTMH,30.0,Tahalupu,2014,153781.81777470306,GI 150 kV PLTMG Ambon Peaker,0.0,150 kV,Operasi,14828.516177181922,PLTD Laimu,1.8,PLTD,HSD,True,3.4774999600000003,0.14257701,-3.238817229631477,129.68607154074235
81.01.23.2004,13.796775956151066,46.380006423098834,468.7924021935604,1113.0,4506.569845473919,23.73,0.7980304817114788,0.9892403706738953,2538.8836437005143,0.0,False,99.3860111400525,72.99783549783551,0.0,False,23.73,60.0,0.16955368853547706,49.8996505359909,moderate,grid_extension,2.5 km from a reliably-lit settlement,Yamalatu,Telutih,Maluku Tengah,intermittent,4175.176604987744,0,Mikro Hidro Kelas A (PLTMH),Laha Kaba,Maluku Tengah,233991.83945498383,PLTMH,30.0,Tahalupu,2014,167621.01557358896,GI 150 kV PLTMG Ambon Peaker,0.0,150 kV,Operasi,6918.948455125132,PLTD Laimu,1.8,PLTD,HSD,True,4.043000220000001,0.16576301000000002,-3.2722571229743025,129.8204310413416
81.01.23.2005,13.286779497311823,47.42338755512969,473.43673804411515,1431.0,4468.867281646997,16.38,0.7980304817114788,0.9888753049946245,0.0,0.0,False,98.27216674439659,22.971259509721055,0.0,False,16.38,60.0,0.11605791170943969,34.155843416088096,moderate,grid_extension,0.0 km from a reliably-lit settlement,Hunisi,Telutih,Maluku Tengah,intermittent,3747.233117986762,0,Mikro Hidro Kelas A (PLTMH),Laimu,Maluku Tengah,232370.55665796518,PLTMH,30.0,Tahalupu,2014,165965.5734672874,GI 150 kV PLTMG Ambon Peaker,0.0,150 kV,Operasi,5937.475749821413,PLTD Laimu,1.8,PLTD,HSD,True,4.03649998,0.16549601000000003,-3.2749737709332734,129.80576928692838
81.01.23.2006,14.502723122720694,66.27786261545458,485.8698867238883,1619.0,5223.691364043377,132.93,0.7994858553279002,0.9606704291787327,0.0,0.062410185272448716,False,95.48722318457685,45.31125003703595,0.0,False,25.0,60.0,0.20705270817650367,60.93561201634504,moderate,grid_extension,0.0 km from a reliably-lit settlement,Laimu,Telutih,Maluku Tengah,intermittent,856.8511363635176,0,Mikro Hidro Kelas A (PLTMH),Laimu,Maluku Tengah,229247.1596948674,PLTMH,30.0,Tahalupu,2014,163000.96738093699,GI 150 kV PLTMG Ambon Peaker,0.0,150 kV,Operasi,6193.549410499664,PLTD Laimu,1.8,PLTD,HSD,True,4.0170002,0.16469701,-3.2704749811399774,129.77771774320806
81.01.23.2007,18.411601349305162,69.13368528947227,598.8293514561127,1494.0,5483.813273570749,116.13,0.843117633807906,0.9960072531841916,3028.7050785979477,0.47496652999017747,True,98.9429465539586,49.09776589650568,0.0,False,25.0,60.0,0.21736322272841946,63.96999644897385,moderate,resource_present_but_screened,"47% of village inside a protected area - non-viable without deep community and regulator engagement; flagged for policy pathway, not commercial deployment",Maneoratu,Telutih,Maluku Tengah,intermittent,413.51873893428046,0,Mikro Hidro Kelas B (PLTMH),Maneoratu,Maluku Tengah,226157.13272085768,PLTMH,30.0,Tahalupu,2014,160290.9738736648,GI 150 kV PLTMG Ambon Peaker,0.0,150 kV,Operasi,8670.238146814829,PLTD Laimu,1.8,PLTD,HSD,True,3.82200003,0.156702,-3.25696802292257,129.75009227355147
81.01.23.2008,18.58310978957644,65.88748797719795,933.0853003315638,1753.0,5588.721335839113,42.629999999999995,0.833181444782861,0.9894482613669688,6298.236856454352,0.7537358750351613,True,99.22755067173202,19.908347654012417,0.0,False,25.0,60.0,0.22152148876835653,65.19377414452732,moderate,resource_present_but_screened,"75% of village inside a protected area - non-viable without deep community and regulator engagement; flagged for policy pathway, not commercial deployment",Tehua,Telutih,Maluku Tengah,intermittent,3146.879054463862,0,Mikro Hidro Kelas A (PLTMH),Tehua,Maluku Tengah,222630.98672042802,PLTMH,30.0,Tahalupu,2014,157001.99747245712,GI 150 kV PLTMG Ambon Peaker,0.0,150 kV,Operasi,11341.931596350816,PLTD Laimu,1.8,PLTD,HSD,True,3.7699999799999997,0.15456999999999999,-3.2503881097222926,129.71840018265402
81.01.23.2009,12.575439535306444,37.784488326211466,426.0176470872755,1118.0,4376.230897560626,28.77,0.7980304817114788,0.9903619925714492,3983.31959551327,0.0,False,98.9281662387293,57.52808988764049,0.0,False,25.0,60.0,0.17346171429321355,51.04978251649275,moderate,grid_extension,4.0 km from a reliably-lit settlement,Laha,Telutih,Maluku Tengah,intermittent,2961.5865849103584,0,Mikro Hidro Kelas A (PLTMH),Laha Kaba,Maluku Tengah,235370.99493814007,PLTMH,30.0,Tahalupu,2014,168849.35353605435,GI 150 kV PLTMG Ambon Peaker,0.0,150 kV,Operasi,7251.770030141216,PLTD Laimu,1.8,PLTD,HSD,True,4.114500049999999,0.168694,-3.2779449174453674,129.83273980852195
81.01.23.2010,17.18815916128693,63.18198742288543,1139.2495256579348,1886.0,5978.707765274298,23.099999999999998,0.8028497512517172,0.991323750075611,12317.898600715138,0.8258992553076282,True,99.5076996323845,21.422376409366873,0.0,False,23.099999999999998,60.0,0.21896903440169374,64.44258682441847,moderate,resource_present_but_screened,"83% of village inside a protected area - non-viable without deep community and regulator engagement; flagged for policy pathway, not commercial deployment",Wolu,Telutih,Maluku Tengah,intermittent,6956.685276565747,0,Mikro Hidro Kelas A (PLTMH),Tehua,Maluku Tengah,216135.09607199655,PLTMH,30.0,Tahalupu,2014,151089.4682997333,GI 150 kV PLTMG Ambon Peaker,0.0,150 kV,Operasi,17455.78898219117,PLTD Laimu,1.8,PLTD,HSD,True,3.4189999099999997,0.14017899,-3.233812759115542,129.65997628220236
81.01.24.2001,6.737027356229164,38.60037399404093,109.3723869037649,626.0,3159.0931576063504,295.46999999999997,1.2930455138608068,0.8197490567909599,704.2831461848282,0.0,False,91.74513752812251,57.05780125457021,0.0,False,25.0,59.064109343863336,0.12521773360628927,36.276761526159405,moderate,grid_extension,0.7 km from a reliably-lit settlement,Seti,Seram Utara Timur Seti,Maluku Tengah,intermittent,579.2716464325903,0,Mikro Hidro Kelas A (PLTMH),Seti,Maluku Tengah,247020.79304797266,PLTMH,30.0,Tahalupu,2014,185134.24241276205,GI 150 kV PLTMG Ambon Peaker,0.0,150 kV,Operasi,8492.511699996285,PLTD Kobisonta,4.0,PLTD,HSD,True,3.77649999,0.15483700000000003,-3.0662497293081024,129.93199101822196
81.01.24.2002,1.319204284334422,7.735977799496613,7.623888088488173,23.0,2527.7915530152873,215.25,1.252051544845392,0.3963645544054531,0.0,0.0,False,68.83018521493656,62.48005493728667,0.0,False,25.0,11.514263874921058,0.10019468040554001,5.658741486303838,none,grid_extension,0.0 km from a reliably-lit settlement,Kobisonta,Seram Utara Timur Seti,Maluku Tengah,intermittent,10770.340592396293,0,Mikro Hidro Kelas A (PLTMH),Seti,Maluku Tengah,246931.2692331705,PLTMH,30.0,Tahalupu,2014,187398.68962342647,GI 150 kV PLTMG Ambon Peaker,0.0,150 kV,Operasi,1954.5569082680709,PLTD Kobisonta,4.0,PLTD,HSD,True,3.9519999,0.16203199000000001,-2.972808955131314,129.92219612503933
81.01.24.2003,1.2102333774588616,8.84470177092043,6.994805575985519,30.0,2557.5560179261024,79.59,1.4377822911083982,0.3970774747291732,497.9925482625217,0.0,False,64.0965083966603,72.79617294080019,0.0,False,25.0,10.562849539328544,0.10137446164407748,5.252289624763818,none,grid_extension,0.5 km from a reliably-lit settlement,Wailoping,Seram Utara Timur Seti,Maluku Tengah,intermittent,9424.565677045231,0,Mikro Hidro Kelas A (PLTMH),Seti,Maluku Tengah,249511.7736680597,PLTMH,30.0,Tahalupu,2014,189482.04811242994,GI 150 kV PLTMG Ambon Peaker,0.0,150 kV,Operasi,2621.1994201884095,PLTD Kobisonta,4.0,PLTD,HSD,True,3.93249989,0.16123299000000002,-2.9869587522376007,129.94719321786496
81.01.24.2004,2.4341770730425187,9.073165029117327,23.943190327379472,41.0,2844.4529135227203,57.12,1.252051544845392,0.8375243448462886,2489.9377972903258,0.0,False,82.11076460364612,46.584038694074984,0.0,False,25.0,21.254991675550052,0.11274626274427323,11.754444397167036,marginal,grid_extension,2.5 km from a reliably-lit settlement,Tihuana,Seram Utara Timur Seti,Maluku Tengah,intermittent,5001.783258626343,0,Mikro Hidro Kelas A (PLTMH),Seti,Maluku Tengah,247651.14937470207,PLTMH,30.0,Tahalupu,2014,186756.75856697655,GI 150 kV PLTMG Ambon Peaker,0.0,150 kV,Operasi,4021.775760408786,PLTD Kobisonta,4.0,PLTD,HSD,True,3.78299999,0.15510300000000002,-3.0249605152485888,129.93421466638208
81.01.24.2005,1.295058885884962,7.050215867828702,16.740642146377745,41.0,2972.643129779995,53.129999999999995,1.7722731625531143,0.5276139217796914,0.0,0.0,False,21.984054653357354,69.54447117814756,0.0,False,25.0,11.303445815876113,0.1178273691091132,6.532750159937031,none,grid_extension,0.0 km from a reliably-lit settlement,Waitila,Seram Utara Timur Seti,Maluku Tengah,intermittent,6383.7900626241235,0,Mikro Hidro Kelas A (PLTMH),Seti,Maluku Tengah,252311.17332622528,PLTMH,30.0,Tahalupu,2014,190821.1663565413,GI 150 kV PLTMG Ambon Peaker,0.0,150 kV,Operasi,8216.867079548718,PLTD Kobisonta,4.0,PLTD,HSD,True,3.7960000000000003,0.15563600000000002,-3.040901528887885,129.97776572442834
81.01.24.2006,0.9670529129614497,3.528080723878263,9.034954208200844,17.0,2977.7148743391035,16.8,1.7722731625531143,0.376014705882353,497.9845473255169,0.0,False,5.386244631405541,87.1592116133601,0.0,False,16.8,8.439930144619886,0.07931508417189394,3.2834745409937405,none,grid_extension,0.5 km from a reliably-lit settlement,Waiputih,Seram Utara Timur Seti,Maluku Tengah,intermittent,6624.866786357359,0,Mikro Hidro Kelas A (PLTMH),Seti,Maluku Tengah,251705.66563513377,PLTMH,30.0,Tahalupu,2014,190541.69620711452,GI 150 kV PLTMG Ambon Peaker,0.0,150 kV,Operasi,6761.367262873231,PLTD Kobisonta,4.0,PLTD,HSD,True,3.81550002,0.15643600000000002,-3.0285049609000065,129.97120765252373
81.01.24.2007,2.3195437921134987,12.851393249462243,14.806761721535977,50.0,2505.331439142659,84.84,2.002697530713341,0.8821953493879604,4979.835432772854,0.0,False,63.94131065947739,29.10547396528706,0.0,False,25.0,20.25290371804111,0.0993044234819991,9.864950359664675,none,grid_extension,5.0 km from a reliably-lit settlement,Waimusal,Seram Utara Timur Seti,Maluku Tengah,intermittent,8662.680991081663,0,Mikro Hidro Kelas A (PLTMH),Aketernate,Maluku Tengah,263320.3545871006,PLTMH,30.0,Tahalupu,2014,201387.81302261588,GI 150 kV PLTMG Ambon Peaker,0.0,150 kV,Operasi,17955.656162206407,PLTD Kobisonta,4.0,PLTD,HSD,True,3.7634999799999997,0.15430400000000002,-3.0412367863144265,130.0772791018127
81.01.24.2008,1.2343925839483483,6.534514866191322,13.795537869981208,33.0,2657.029006116801,4.41,1.7201897743297532,0.8953941247891012,497.9825392270295,0.0,False,67.88794802655438,54.60609409535837,0.0,False,4.41,10.773774371558686,0.018577971075873754,0.9817596307420193,none,grid_extension,0.5 km from a reliably-lit settlement,Tanah Merah,Seram Utara Timur Seti,Maluku Tengah,intermittent,6857.008891539596,0,Mikro Hidro Kelas A (PLTMH),Aketernate,Maluku Tengah,258574.21168934891,PLTMH,30.0,Tahalupu,2014,196662.65177310343,GI 150 kV PLTMG Ambon Peaker,0.0,150 kV,Operasi,13914.675231390833,PLTD Kobisonta,4.0,PLTD,HSD,True,3.78299999,0.15510300000000002,-3.048146381319525,130.0349530078781
81.01.24.2009,7.222348447460944,35.91833919607663,152.71894348109754,837.0,3363.268554995758,240.66,1.6522696264930086,0.8751321904132836,0.0,0.0,False,95.12751659617035,30.640719395078758,0.0,False,25.0,60.0,0.13331068283056502,39.233333957035285,moderate,grid_extension,0.0 km from a reliably-lit settlement,Aketernate,Seram Utara Timur Seti,Maluku Tengah,intermittent,3194.6402523942934,0,Mikro Hidro Kelas B (PLTMH),Aketernate,Maluku Tengah,262345.5750459057,PLTMH,30.0,Tahalupu,2014,198855.19071243698,GI 150 kV PLTMG Ambon Peaker,0.0,150 kV,Operasi,21457.514781325008,PLTD Kobisonta,4.0,PLTD,HSD,True,3.77649999,0.15483700000000003,-3.1127530519804734,130.0731912915356
81.01.24.2010,1.2852096145047454,9.047263449098303,8.844999865876233,28.0,2506.763844930908,206.42999999999998,,0.7910245274434381,6971.7696058819965,0.0,False,50.58855644434153,65.53906723198062,0.0,False,25.0,11.217451114800332,0.09936120009397625,5.467011980357967,none,solar_biomass_hybrid,79% cropland/tree cover - sago/coconut residue,Namto,Seram Utara Timur Seti,Maluku Tengah,intermittent,8273.520022328968,0,Mikro Hidro Kelas A (PLTMH),Aketernate,Maluku Tengah,265324.52010827087,PLTMH,30.0,Tahalupu,2014,203453.68837550838,GI 150 kV PLTMG Ambon Peaker,0.0,150 kV,Operasi,19640.12769583958,PLTD Kobisonta,4.0,PLTD,HSD,True,3.75699997,0.154037,-3.0351973027870898,130.09489371006447
81.01.24.2011,1.0953262786446254,6.481237675204513,14.121943057426927,31.0,2915.4591235541593,2.73,1.5305998701392762,0.6298990030766554,2227.0590893597773,0.0,False,27.14552847296211,79.98025991116961,0.0,False,2.73,9.559689567834702,0.012619234220102193,0.5917193922757107,none,grid_extension,2.2 km from a reliably-lit settlement,Loping Mulyo,Seram Utara Timur Seti,Maluku Tengah,intermittent,5194.446448357911,0,Mikro Hidro Kelas A (PLTMH),Seti,Maluku Tengah,249489.02611134018,PLTMH,30.0,Tahalupu,2014,188411.2333647661,GI 150 kV PLTMG Ambon Peaker,0.0,150 kV,Operasi,5266.794991254972,PLTD Kobisonta,4.0,PLTD,HSD,True,3.80250001,0.155903,-3.028988196478294,129.95120727123268
81.01.24.2012,1.3628327356707306,10.318601696677845,12.544492808343607,37.0,2637.844629264563,2.73,1.252051544845392,0.6195748722594037,0.0,0.0,False,36.99680735978329,79.34216307827506,0.0,False,2.73,11.895202596241377,0.011417611361447644,0.6661715955184264,none,grid_extension,0.0 km from a reliably-lit settlement,Wonosari,Seram Utara Timur Seti,Maluku Tengah,intermittent,7975.545326802022,0,Mikro Hidro Kelas A (PLTMH),Seti,Maluku Tengah,246219.1012723087,PLTMH,30.0,Tahalupu,2014,186065.94819677036,GI 150 kV PLTMG Ambon Peaker,0.0,150 kV,Operasi,1068.4893905281576,PLTD Kobisonta,4.0,PLTD,HSD,True,3.85450006,0.158035,-2.998379959442042,129.918602842344
81.01.25.2001,1.6244668727968559,10.823352163327755,8.099079987261039,41.0,2345.692237023163,286.86,1.2687389097508392,0.35572776960105945,0.0,0.0,False,84.5316194388539,44.61482401094873,0.0,False,25.0,14.179947493083121,0.09297676611741991,6.4667797702543615,none,grid_extension,0.0 km from a reliably-lit settlement,Kobi,Seram Utara Timur Kobi,Maluku Tengah,intermittent,12419.282311917936,0,Mikro Hidro Kelas A (PLTMH),Maneo Rendah,Maluku Tengah,238060.71774318864,PLTMH,30.0,Tahalupu,2014,180454.3091890407,GI 150 kV PLTMG Ambon Peaker,0.0,150 kV,Operasi,12497.872259686,PLTD Kobisonta,4.0,PLTD,HSD,True,4.17299986,0.17109300000000002,-2.921479516876875,129.83485522944147
81.01.25.2002,2.1644320480267765,17.947457761861397,14.72871184520773,54.0,2427.13240161107,152.88,1.2403731574112953,0.5732568117897412,2490.0606324194196,0.0,False,67.70435541624929,30.120196893959623,0.0,False,25.0,18.89722285770756,0.09620482946517749,8.917310122228885,none,grid_extension,2.5 km from a reliably-lit settlement,Sariputih,Seram Utara Timur Kobi,Maluku Tengah,intermittent,12248.189526426659,0,Mikro Hidro Kelas A (PLTMH),Maneo Rendah,Maluku Tengah,230123.25736347266,PLTMH,30.0,Tahalupu,2014,173467.27740564456,GI 150 kV PLTMG Ambon Peaker,0.0,150 kV,Operasi,20277.405709471743,PLTD Kobisonta,4.0,PLTD,HSD,True,4.09499979,0.16789500000000002,-2.9085809807995617,129.7605932202858
81.01.25.2003,8.896847967319747,42.21714945910514,167.22239049884828,742.0,3416.5192721923495,188.37,0.8461280791110231,0.9453992100172499,498.01212648388395,0.0,False,95.98543706706089,75.52589301020514,0.0,False,25.0,60.0,0.13542139428717773,39.8545163387164,moderate,grid_extension,0.5 km from a reliably-lit settlement,Maneo Rendah,Seram Utara Timur Kobi,Maluku Tengah,intermittent,1019.1826189145365,0,Mikro Hidro Kelas C (PLTMH),Maneo Rendah,Maluku Tengah,230786.54053582327,PLTMH,30.0,Tahalupu,2014,170233.03050009432,GI 150 kV PLTMG Ambon Peaker,0.0,150 kV,Operasi,16683.22816483912,PLTD Kobisonta,4.0,PLTD,HSD,True,3.7699999799999997,0.15456999999999999,-3.043707613462357,129.78342081106575
81.01.25.2004,4.429723077248846,20.456047525948634,34.40925270266865,94.0,2537.6795728090497,165.26999999999998,1.0579290743232237,0.8351183254000352,0.0,0.0,False,72.22936640861177,24.063256262672514,0.0,False,25.0,38.733832178097785,0.10058661421902944,19.110395194335073,marginal,grid_extension,0.0 km from a reliably-lit settlement,Kobimukti,Seram Utara Timur Kobi,Maluku Tengah,intermittent,7737.097910846366,0,Mikro Hidro Kelas A (PLTMH),Maneo Rendah,Maluku Tengah,233751.51099391255,PLTMH,30.0,Tahalupu,2014,175585.75266200505,GI 150 kV PLTMG Ambon Peaker,0.0,150 kV,Operasi,14419.59459664572,PLTD Kobisonta,4.0,PLTD,HSD,True,3.97799993,0.16309801000000002,-2.9515812713914893,129.7999014675013
81.01.25.2005,1.1802248415810992,4.768398585411963,9.072485702329475,18.0,2485.8772157272792,268.8,1.0398423325637236,0.46878605748531865,1494.0072477233837,0.0,False,53.106245210398086,49.01025193587088,0.0,False,25.0,10.300861663718445,0.09853331175986489,4.978467157229942,none,grid_extension,1.5 km from a reliably-lit settlement,Leaway,Seram Utara Timur Kobi,Maluku Tengah,intermittent,10102.669431231865,0,Mikro Hidro Kelas A (PLTMH),Maneo Rendah,Maluku Tengah,237267.81485706402,PLTMH,30.0,Tahalupu,2014,179093.11929583017,GI 150 kV PLTMG Ambon Peaker,0.0,150 kV,Operasi,11560.827601246921,PLTD Kobisonta,4.0,PLTD,HSD,True,4.0689997700000005,0.166829,-2.9436698642606776,129.83078308286065
81.01.25.2006,1.3608883657776447,6.931307802890067,8.323192223500165,23.0,2424.645809688379,1.47,1.221834101435622,0.6576934089217211,0.0,0.0,False,36.690581573116056,42.70496768982229,0.0,False,1.47,11.878225178177187,0.005651048548075084,0.32924531515528505,none,grid_extension,0.0 km from a reliably-lit settlement,Samal,Seram Utara Timur Kobi,Maluku Tengah,intermittent,11262.401341115898,0,Mikro Hidro Kelas A (PLTMH),Maneo Rendah,Maluku Tengah,240195.04891009902,PLTMH,30.0,Tahalupu,2014,181558.86969859852,GI 150 kV PLTMG Ambon Peaker,0.0,150 kV,Operasi,8298.691389344873,PLTD Kobisonta,4.0,PLTD,HSD,True,4.004000189999999,0.16416401,-2.9536929554809648,129.85870932106087
81.01.25.2007,1.0838224543089985,15.003831556831122,11.815041103883845,47.0,2517.8726684722687,6.3,1.1914075337716885,0.3444859282363361,1991.9939131433107,0.0,False,33.21891394814684,36.358551591644186,0.0,False,6.3,9.459263448825734,0.025149983846041498,1.1669010839884153,none,grid_extension,2.0 km from a reliably-lit settlement,Morokai,Seram Utara Timur Kobi,Maluku Tengah,intermittent,8947.736034378977,0,Mikro Hidro Kelas A (PLTMH),Maneo Rendah,Maluku Tengah,240145.66468508006,PLTMH,30.0,Tahalupu,2014,180872.23483318774,GI 150 kV PLTMG Ambon Peaker,0.0,150 kV,Operasi,7101.508386902087,PLTD Kobisonta,4.0,PLTD,HSD,True,3.93249989,0.16123299000000002,-2.9773643197615343,129.86120372836103
81.01.25.2008,1.160192988614881,16.271130724636055,17.97889470449699,58.0,2572.8490479906777,248.85,0.9263144648640917,0.6705689450608767,1795.5626120383547,0.0,False,31.71566355863586,38.46849260028126,0.0,False,25.0,10.125977826316534,0.10198063514676395,5.065166154279111,none,grid_extension,1.8 km from a reliably-lit settlement,Waimusi,Seram Utara Timur Kobi,Maluku Tengah,intermittent,7529.944470747705,0,Mikro Hidro Kelas A (PLTMH),Maneo Rendah,Maluku Tengah,237256.29669035532,PLTMH,30.0,Tahalupu,2014,178027.59819645254,GI 150 kV PLTMG Ambon Peaker,0.0,150 kV,Operasi,9847.805864012978,PLTD Kobisonta,4.0,PLTD,HSD,True,3.88050008,0.15910099000000003,-2.981925559108144,129.8355425513027
81.01.25.2009,1.2248837033831115,13.538829636129725,26.45824322605266,57.0,2580.1069958838602,161.7,0.9263144648640917,0.7536589195979899,5386.655934459709,0.0,False,14.522951836068401,82.41530688312768,0.0,False,25.0,10.69075550300674,0.10226832016916619,5.362762100528826,none,solar_biomass_hybrid,75% cropland/tree cover - sago/coconut residue,Way Asih,Seram Utara Timur Kobi,Maluku Tengah,intermittent,5111.611572608066,0,Mikro Hidro Kelas A (PLTMH),Maneo Rendah,Maluku Tengah,234441.4585934214,PLTMH,30.0,Tahalupu,2014,175294.91552321948,GI 150 kV PLTMG Ambon Peaker,0.0,150 kV,Operasi,12610.916464042153,PLTD Kobisonta,4.0,PLTD,HSD,True,3.86750007,0.15856799,-2.985026730359442,129.81038428055632
81.01.25.2010,1.2916950217659051,7.931164039632978,10.03414298461864,26.0,2510.1070119023325,64.25999999999999,1.252051544845392,0.37536640466010723,3889.477137900414,0.0,False,36.816751776095295,60.63375267030619,0.0,False,25.0,11.274075599956483,0.09949371400551484,5.501936800018347,none,grid_extension,3.9 km from a reliably-lit settlement,Waitonipa,Seram Utara Timur Kobi,Maluku Tengah,intermittent,9765.714749835308,0,Mikro Hidro Kelas A (PLTMH),Maneo Rendah,Maluku Tengah,242224.52204155258,PLTMH,30.0,Tahalupu,2014,182731.10056657696,GI 150 kV PLTMG Ambon Peaker,0.0,150 kV,Operasi,4916.641672393547,PLTD Kobisonta,4.0,PLTD,HSD,True,3.89350009,0.15963399000000003,-2.9811969920054042,129.88050226177364
81.01.25.2011,1.80348058777655,13.582313879696072,22.114830972407276,62.0,2685.346516518488,50.19,1.252051544845392,0.6383851615100469,4591.273550171019,0.0,False,59.80686504131495,77.98904567628601,0.0,False,25.0,15.743536935591218,0.10643972430391013,8.219493570519466,none,grid_extension,4.6 km from a reliably-lit settlement,Marasahua,Seram Utara Timur Kobi,Maluku Tengah,intermittent,7043.773162332274,0,Mikro Hidro Kelas A (PLTMH),Maneo Rendah,Maluku Tengah,240731.05899955382,PLTMH,30.0,Tahalupu,2014,180710.4154518935,GI 150 kV PLTMG Ambon Peaker,0.0,150 kV,Operasi,6225.762031931463,PLTD Kobisonta,4.0,PLTD,HSD,True,3.83500004,0.157235,-3.00424349573125,129.8695252771521
81.01.26.2001,8.242977949603004,44.81381731984242,50.46397389792567,204.0,3690.590439589075,1.05,,0.9444026163474659,2489.2181566206687,0.018541067405485834,False,97.05863324373763,41.830065359477125,0.0,False,1.05,60.0,0.006143962394673593,1.8081681327524384,none,grid_extension,2.5 km from a reliably-lit settlement,Ouw,Saparua Timur,Maluku Tengah,intermittent,25774.361511920575,0,Mikro Hidro Kelas A (PLTMH),Hualoy,Seram Bagian Barat,120117.72310444951,PLTMH,30.0,Tahalupu,2014,43992.005654994835,GI 150 kV PLTMG Ambon Peaker,0.0,150 kV,Operasi,6785.988598364528,PLTD Nusalaut,1.36,PLTD,HSD,True,4.65399981,0.19081399999999998,-3.601695315486097,128.7290334808558
81.01.26.2002,8.436118549340891,30.497200076328912,92.18791122573427,177.0,3953.5831889299225,1.26,,0.9334605683376652,704.0605886569707,0.010118254097653144,False,92.21901464509389,78.54269110415736,0.0,False,1.26,60.0,0.007898139932223018,2.3244225820532343,none,grid_extension,0.7 km from a reliably-lit settlement,Ullath,Saparua Timur,Maluku Tengah,intermittent,24485.287672408525,0,Mikro Hidro Kelas A (PLTMH),Hualoy,Seram Bagian Barat,118530.66895424001,PLTMH,30.0,Tahalupu,2014,42529.949136857234,GI 150 kV PLTMG Ambon Peaker,0.0,150 kV,Operasi,7405.398994326169,PLTD Saparua,2.2,PLTD,HSD,True,4.64750004,0.190547,-3.593618061057653,128.71676265964416
81.01.26.2003,6.817186267007476,22.494894511120844,102.64755089636508,166.0,4042.56304362146,5.04,,0.966504215982053,0.0,0.005964860703869036,False,96.27105269265586,80.180859080633,0.0,False,5.04,59.773506778415616,0.03230358596501167,9.471057704842341,none,grid_extension,0.0 km from a reliably-lit settlement,Siri Sori Islam,Saparua Timur,Maluku Tengah,intermittent,22725.26708430588,0,Mikro Hidro Kelas A (PLTMH),Hualoy,Seram Bagian Barat,117120.99503972728,PLTMH,30.0,Tahalupu,2014,41440.23928271992,GI 150 kV PLTMG Ambon Peaker,0.0,150 kV,Operasi,6370.092726003477,PLTD Saparua,2.2,PLTD,HSD,True,4.627999780000001,0.189748,-3.57966651043673,128.70826953903278
81.01.26.2004,5.853908586653956,27.082986343059453,57.42072095565564,198.0,3766.871761335576,14.07,,0.8745687688430421,1113.2228690832758,0.00851781491928864,False,91.2770838752596,62.68087020884433,0.0,False,14.07,51.26348853543527,0.08403076750696277,21.129318956346946,marginal,grid_extension,1.1 km from a reliably-lit settlement,Siri Sori Amalatu,Saparua Timur,Maluku Tengah,intermittent,18437.29802911713,0,Mikro Hidro Kelas A (PLTMH),Rumahkay,Seram Bagian Barat,112326.86630696132,PLTMH,30.0,Tahalupu,2014,37261.23776747019,GI 150 kV PLTMG Ambon Peaker,0.0,150 kV,Operasi,4033.09752266583,PLTD Saparua,2.2,PLTD,HSD,True,4.51100016,0.18495101,-3.552937245736137,128.6718089228639
81.01.26.2005,2.6097937703129364,9.862579414373949,17.05025773195875,42.0,3788.4874747872354,2.73,,0.887706103557998,3485.0462425196024,0.010586601874349184,False,86.14253884661014,33.33333333333333,0.0,False,2.73,22.79051081167167,0.016398038442049012,1.8330949931402745,none,grid_extension,3.5 km from a reliably-lit settlement,Mahu,Saparua Timur,Maluku Tengah,intermittent,17080.285322039454,0,Mikro Hidro Kelas A (PLTMH),Hualoy,Seram Bagian Barat,113798.01739308983,PLTMH,30.0,Tahalupu,2014,39633.825052181106,GI 150 kV PLTMG Ambon Peaker,0.0,150 kV,Operasi,7353.3295446998945,PLTD Saparua,2.2,PLTD,HSD,True,4.4914999,0.18415201,-3.531311500852881,128.692728609975
81.01.26.2006,7.240755016324527,37.07358072616313,111.90839462871445,225.0,3974.509829751495,6.72,,0.969710440946774,2489.2539356702846,0.0061107773639312735,False,98.73528139568415,61.43055877579414,0.0,False,6.72,60.0,0.04234637565945276,12.462538356576948,marginal,grid_extension,2.5 km from a reliably-lit settlement,Tuhaha,Saparua Timur,Maluku Tengah,intermittent,20403.324798090496,0,Mikro Hidro Kelas A (PLTMH),Hualoy,Seram Bagian Barat,116902.80022894668,PLTMH,30.0,Tahalupu,2014,41986.771551200545,GI 150 kV PLTMG Ambon Peaker,0.0,150 kV,Operasi,7651.826692989398,PLTD Saparua,2.2,PLTD,HSD,True,4.602000240000001,0.18868200000000002,-3.555615493450786,128.71435768200905
81.01.26.2007,6.560545375515994,35.38324637841373,89.96408338012722,199.0,3882.9795414953946,2.31,,0.969814735252379,995.7391726752544,0.0057218553392591525,False,96.29396964479263,30.04866180048666,0.0,False,2.31,57.50308565821956,0.014221338693642761,4.0111660539533265,none,grid_extension,1.0 km from a reliably-lit settlement,Ihamahu,Saparua Timur,Maluku Tengah,intermittent,16952.64577781392,0,Mikro Hidro Kelas A (PLTMH),Hualoy,Seram Bagian Barat,115164.79894433104,PLTMH,30.0,Tahalupu,2014,41314.04043993539,GI 150 kV PLTMG Ambon Peaker,0.0,150 kV,Operasi,8974.155142723324,PLTD Saparua,2.2,PLTD,HSD,True,4.53049994,0.18574999,-3.5249684029275223,128.70751807504217
81.01.26.2008,5.581292592972414,23.106327411881146,25.44564504826276,106.0,3793.1687770199746,38.22,1.3732418511459128,0.8889571237159446,1574.3981985190405,0.006083947309667335,False,85.84112801898645,61.10100090991811,0.0,False,25.0,48.860611479446725,0.15035074109826765,36.03325396333401,moderate,grid_extension,1.6 km from a reliably-lit settlement,Iha,Saparua Timur,Maluku Tengah,intermittent,17353.650795134756,0,Mikro Hidro Kelas A (PLTMH),Layeni,Maluku Tengah,148029.73539356922,PLTMH,30.0,Tahalupu,2014,81006.89841941149,GI 150 kV PLTMG Ambon Peaker,0.0,150 kV,Operasi,11954.568159741424,PLTMG Seram Unit 2,11.918,PLTMG,Gas,False,,,-3.3584020552368132,129.04033422455072
81.01.26.2009,8.358789084578316,24.580808858284666,50.910023099892975,139.0,3527.3023705100445,0.42,,0.4452750156456436,0.0,0.013805334353374832,False,58.4901067566158,0.542740841248304,0.0,False,0.42,60.0,0.0023488505130869783,0.6912667060014978,none,grid_extension,0.0 km from a reliably-lit settlement,Nolloth,Saparua Timur,Maluku Tengah,intermittent,14011.180382864544,0,Mikro Hidro Kelas A (PLTMH),Hualoy,Seram Bagian Barat,113230.86899364847,PLTMH,30.0,Tahalupu,2014,40341.103476993085,GI 150 kV PLTMG Ambon Peaker,0.0,150 kV,Operasi,10382.192658070677,PLTD Saparua,2.2,PLTD,HSD,True,4.504499910000001,0.18468501,-3.5009646064008004,128.69628412261278
81.01.26.2010,10.85688652100352,36.840916741300546,103.09629218710857,226.0,3916.5188407463693,0.84,,0.9114079725460451,995.7438488386458,0.014345680830694447,False,88.97841345127007,67.36170212765956,0.0,False,0.84,60.0,0.005216063905103613,1.5350876072719932,none,grid_extension,1.0 km from a reliably-lit settlement,Itawaka,Saparua Timur,Maluku Tengah,intermittent,15663.164483630368,0,Mikro Hidro Kelas A (PLTMH),Hualoy,Seram Bagian Barat,115503.93118849523,PLTMH,30.0,Tahalupu,2014,42349.52092164456,GI 150 kV PLTMG Ambon Peaker,0.0,150 kV,Operasi,10915.0893689796,PLTD Saparua,2.2,PLTD,HSD,True,4.563000199999999,0.18708301,-3.5085238441589137,128.71543750845652
81.02.01.1013,1.8814965375675516,7.863632426861921,10.556347209168353,19.0,3914.2146434312153,0.42,6.18619865619142,0.2036752872487743,0.0,0.0,False,2.990941079583738,0.0,0.0,False,0.42,16.425059159718987,0.0026064975745831915,0.20999225600905655,none,grid_extension,0.0 km from a reliably-lit settlement,Ohoijang Watdek,Kei Kecil,Maluku Tenggara,intermittent,54164.04173249585,0,Mikro Hidro Kelas A (PLTMH),Langgiar Haar,Maluku Tenggara,44377.23969968241,PLTS Terpusat,30.0,Kaimer,2016,540632.9761606014,GI 150 kV PLTMG Sorong,0.0,150 kV,Operasi,2022.0309674538566,PLTD Langgur Caterpillar Unit 4,0.0,PLTD,HSD B30,True,4.63450003,0.190014,-5.649694473053047,132.73716909409904
81.02.01.2015,2.185058431032968,13.860733763265081,20.933168974421648,38.0,2785.21025395467,13.65,6.18619865619142,0.6849935062379474,0.0,0.0,False,66.78751100077498,68.50672328379333,0.0,False,13.65,19.077481580607056,0.06027733378754638,5.640454351419395,none,grid_extension,0.0 km from a reliably-lit settlement,Faan,Kei Kecil,Maluku Tenggara,intermittent,57291.17022079409,0,Mikro Hidro Kelas A (PLTMH),Langgiar Haar,Maluku Tenggara,44986.730025586214,PLTS Terpusat,30.0,Kaimer,2016,542245.8131827815,GI 150 kV PLTMG Ambon Peaker,0.0,150 kV,Operasi,2552.430430487556,PLTD Sewatama Langgur,4.0,PLTD,HSD,True,4.38100004,0.179621,-5.690430751828544,132.73212465036593
81.02.01.2016,2.83077747576059,17.517889217755403,44.20269797892654,76.0,2634.041475569226,1.89,6.18619865619142,0.908719259158475,497.11258470793115,0.0,False,88.55376477816544,47.38050942832864,0.0,False,1.89,24.723313408775944,0.007893103736722853,0.9571797378970551,none,grid_extension,0.5 km from a reliably-lit settlement,Sathean,Kei Kecil,Maluku Tenggara,intermittent,58919.15797179351,0,Mikro Hidro Kelas A (PLTMH),Langgiar Haar,Maluku Tenggara,46050.159753463144,PLTS Terpusat,30.0,Tanimbar Kei,2016,544250.8384093452,GI 150 kV PLTMG Ambon Peaker,0.0,150 kV,Operasi,5802.163679772372,PLTD Sewatama Langgur,4.0,PLTD,HSD,True,4.3874998100000004,0.17988700000000002,-5.720241528162146,132.73767834086448
81.02.01.2017,3.1474460367765613,17.82044961867335,33.40684836346859,88.0,2735.45038465581,75.39,6.18619865619142,0.8498969422117755,1491.3434117851596,0.0,False,95.77106559168821,50.698075054008115,0.0,False,25.0,27.49430997514286,0.1084257033491807,14.622245945546547,marginal,grid_extension,1.5 km from a reliably-lit settlement,Ibra,Kei Kecil,Maluku Tenggara,intermittent,58774.86152956617,0,Mikro Hidro Kelas A (PLTMH),Langgiar Haar,Maluku Tenggara,46136.64662104313,PLTS Terpusat,30.0,Tanimbar Kei,2016,548790.5098500579,GI 150 kV PLTMG Ambon Peaker,0.0,150 kV,Operasi,9819.630706634423,PLTD Sewatama Langgur,4.0,PLTD,HSD,True,4.36149979,0.178821,-5.750818977909513,132.76828288381347
81.02.01.2018,2.5029260350784948,12.760996988602626,50.00931550043012,85.0,2817.3330448437964,3.15,,0.9481584080052011,5965.098867579648,0.0,False,96.15476252973173,49.84906198886901,0.0,False,3.15,21.856054660198527,0.014070584556154803,1.508422216611098,none,solar_biomass_hybrid,95% cropland/tree cover - sago/coconut residue,Ngabub,Kei Kecil,Maluku Tenggara,intermittent,62657.25424998862,0,Mikro Hidro Kelas A (PLTMH),Langgiar Haar,Maluku Tenggara,42427.35181240445,PLTS Terpusat,30.0,Tanimbar Kei,2016,548910.6813559216,GI 150 kV PLTMG Ambon Peaker,0.0,150 kV,Operasi,13040.845071641686,PLTD Sewatama Langgur,4.0,PLTD,HSD,True,4.34200001,0.178022,-5.784338146595999,132.75269369410347
81.02.01.2048,3.822153440263826,21.067061078575062,28.981605216864125,65.0,2722.1533760655475,4.2,,0.9377007229223977,5377.502706589277,0.18149714351517168,True,93.89573004957623,93.87660297551375,0.0,False,4.2,33.40414646553809,0.01812697263361761,2.9700562195119518,none,resource_present_but_screened,"18% of village inside a protected area - non-viable without deep community and regulator engagement; flagged for policy pathway, not commercial deployment",Ohoidertawun,Kei Kecil,Maluku Tenggara,dark_settled,61955.4801706857,0,Mikro Hidro Kelas A (PLTMH),Langgiar Haar,Maluku Tenggara,32897.709948522635,PLTS Terpusat,30.0,Kaimer,2016,529346.1623706425,GI 150 kV PLTMG Ambon Peaker,0.0,150 kV,Operasi,12338.637378185922,PLTD Sewatama Langgur,4.0,PLTD,HSD,True,4.3744998,0.179354,-5.618463130149684,132.63756081679287
81.02.01.2049,2.735892764550314,26.64992081816476,27.637263288647215,78.0,2677.660271519054,6.51,6.18619865619142,0.8682005037200016,3144.207173517674,0.0,False,88.82991818115997,75.30669895076676,0.0,False,6.51,23.893330807738224,0.027637570344350965,3.2390344617573934,none,grid_extension,3.1 km from a reliably-lit settlement,Kelanit,Kei Kecil,Maluku Tenggara,intermittent,59658.577203069035,0,Mikro Hidro Kelas A (PLTMH),Langgiar Haar,Maluku Tenggara,37859.279478298144,PLTS Terpusat,30.0,Kaimer,2016,534720.5186869305,GI 150 kV PLTMG Ambon Peaker,0.0,150 kV,Operasi,7016.573119685569,PLTD Sewatama Langgur,4.0,PLTD,HSD,True,4.45249987,0.18255299,-5.648021196060112,132.67717875780787
81.02.01.2052,2.6759668739090996,13.860058791475097,20.15970295921286,54.0,4256.941153460252,1.05,6.18619865619142,0.8686263668755372,1111.6451069248674,0.0,False,85.92327648404276,71.85609508003641,0.0,False,1.05,23.3692105678412,0.0070868027193259535,0.8123316914283247,none,grid_extension,1.1 km from a reliably-lit settlement,Letman,Kei Kecil,Maluku Tenggara,intermittent,55961.07803219728,0,Mikro Hidro Kelas A (PLTMH),Langgiar Haar,Maluku Tenggara,40465.85357238218,PLTS Terpusat,30.0,Kaimer,2016,537419.9553445056,GI 150 kV PLTMG Sorong,0.0,150 kV,Operasi,5568.057473829738,PLTD Langgur,7.44,PLTD,HSD,False,,,-5.6295751765018665,132.70503571276964
81.02.01.2057,2.01817195695705,8.713228333741224,29.918047184621646,52.0,2785.278821330983,0.63,6.18619865619142,0.46848019084021236,0.0,0.0,False,31.43630702585625,56.5044814340589,0.0,False,0.63,17.619160132210375,0.0027820992792975006,0.24043452952121197,none,grid_extension,0.0 km from a reliably-lit settlement,Wearlilir,Kei Kecil,Maluku Tenggara,intermittent,56708.34603831173,0,Mikro Hidro Kelas A (PLTMH),Langgiar Haar,Maluku Tenggara,44193.72669186314,PLTS Terpusat,30.0,Kaimer,2016,541259.0382011257,GI 150 kV PLTMG Ambon Peaker,0.0,150 kV,Operasi,1396.8135713881122,PLTD Sewatama Langgur,4.0,PLTD,HSD,True,4.48500013,0.18388499000000003,-5.677200764664276,132.7286440450626
81.02.01.2067,1.7218600169087754,14.794076581728381,23.195599746139187,34.0,2673.065942800115,0.84,,0.8262351529485418,4276.632509931149,0.0,False,87.2472458513457,84.77789815817985,0.0,False,0.84,15.03058840920277,0.003560019330213243,0.26246255380448696,none,grid_extension,4.3 km from a reliably-lit settlement,Ohoider Atas,Kei Kecil,Maluku Tenggara,intermittent,58443.19485851141,0,Mikro Hidro Kelas A (PLTMH),Langgiar Haar,Maluku Tenggara,37854.16687955213,PLTS Terpusat,30.0,Kaimer,2016,534295.8380618928,GI 150 kV PLTMG Ambon Peaker,0.0,150 kV,Operasi,7441.392178766197,PLTD Langgur,7.44,PLTD,HSD,True,4.45249987,0.18255299,-5.632081069681932,132.68059455558446
81.02.01.2068,3.0255508859240416,18.762250279480128,29.86150592803162,59.0,2673.065942800115,1.26,,0.8678511106835137,3515.3702685492462,0.0,False,90.88305081122675,71.83569708322186,0.0,False,1.26,26.42748083863436,0.005340028995319865,0.6922108359324393,none,grid_extension,3.5 km from a reliably-lit settlement,Dudunwahan,Kei Kecil,Maluku Tenggara,intermittent,57379.6595784515,0,Mikro Hidro Kelas A (PLTMH),Langgiar Haar,Maluku Tenggara,38567.22006755963,PLTS Terpusat,30.0,Kaimer,2016,534772.0230799137,GI 150 kV PLTMG Ambon Peaker,0.0,150 kV,Operasi,7158.200443867806,PLTD Langgur,7.44,PLTD,HSD,True,4.48500013,0.18388499000000003,-5.626078739182619,132.68822953846995
81.02.01.2069,3.056192608226248,13.95568498997559,26.65631719121902,65.0,2689.2320319405326,4.83,6.18619865619142,0.8954596106364848,1491.4171480088996,0.11167313049653141,True,90.47928593278854,67.44494781035829,0.0,False,4.83,26.69563493510302,0.020593909681431974,2.696609561709469,none,resource_present_but_screened,"11% of village inside a protected area - non-viable without deep community and regulator engagement; flagged for policy pathway, not commercial deployment",Loon,Kei Kecil,Maluku Tenggara,intermittent,60674.07975455558,0,Mikro Hidro Kelas A (PLTMH),Langgiar Haar,Maluku Tenggara,38190.479397603616,PLTS Terpusat,30.0,Kaimer,2016,535371.3280205099,GI 150 kV PLTMG Ambon Peaker,0.0,150 kV,Operasi,6791.917069559058,PLTD Sewatama Langgur,4.0,PLTD,HSD,True,4.35500002,0.17855500000000002,-5.663751432504391,132.6760780310482
81.02.01.2071,2.450807122954718,14.178200117034423,24.83932764257972,52.0,3470.989416813186,0.84,,0.9249607195102126,3619.390392386541,0.0,False,96.34954928108476,65.01374913123622,0.0,False,0.84,21.40038029078419,0.004622702800169769,0.48523986767451405,none,grid_extension,3.6 km from a reliably-lit settlement,Sitniohoi,Kei Kecil,Maluku Tenggara,intermittent,55363.61299718609,0,Mikro Hidro Kelas A (PLTMH),Langgiar Haar,Maluku Tenggara,39365.78931423259,PLTS Terpusat,30.0,Kaimer,2016,534744.8035507089,GI 150 kV PLTMG Sorong,0.0,150 kV,Operasi,8090.073572498734,PLTD Langgur,7.44,PLTD,HSD,True,4.472000120000001,0.18335199000000002,-5.60647761993798,132.69825119927353
81.02.03.2001,10.702361385925453,29.695588200582517,214.34406254094435,389.0,5927.583588945288,2.94,,0.9948234723177094,3584.8663852366935,0.0,False,99.12249368155013,27.588668057538197,0.0,False,2.94,60.0,0.02763047905805928,8.131649986786845,none,grid_extension,3.6 km from a reliably-lit settlement,Werka,Kei Besar,Maluku Tenggara,intermittent,40090.20986840991,0,Mikro Hidro Kelas A (PLTMH),Langgiar Haar,Maluku Tenggara,67630.28848987972,PLTS Terpusat,30.0,Tanimbar Kei,2016,552911.341140619,GI 150 kV PLTMG Sorong,0.0,150 kV,Operasi,4164.715727851156,PLTS Elat,0.2,PLTS,Surya,True,4.5954999899999995,0.18841501000000002,-5.688598337694066,132.96399188010759
81.02.03.2002,7.8931734564024385,26.691856339807334,209.3980942905249,302.0,5964.359424073403,1.26,,0.9819221589432143,4007.9719290901976,0.0,False,81.19567271352985,50.954963452016045,0.0,False,1.26,60.0,0.011915101589187734,3.5066143976979505,none,grid_extension,4.0 km from a reliably-lit settlement,Waur,Kei Besar,Maluku Tenggara,intermittent,39486.44769543425,0,Mikro Hidro Kelas A (PLTMH),Langgiar Haar,Maluku Tenggara,69312.87567180992,PLTS Terpusat,30.0,Tanimbar Kei,2016,554227.0163626868,GI 150 kV PLTMG Sorong,0.0,150 kV,Operasi,3856.24539609923,PLTS Elat,0.2,PLTS,Surya,True,4.563000199999999,0.18708301,-5.69342480044713,132.98513566709727
81.02.03.2003,8.916238472440057,31.53796126558653,159.50297728829628,243.0,6061.310418398482,2.31,,0.9837361350551346,2049.7413251432486,0.0,False,96.6560405959274,23.353293413173652,0.0,False,2.31,60.0,0.022199434085648933,6.533293451406481,none,grid_extension,2.0 km from a reliably-lit settlement,Ohoinangan,Kei Besar,Maluku Tenggara,intermittent,37143.07006263204,0,Mikro Hidro Kelas A (PLTMH),Langgiar Haar,Maluku Tenggara,71353.70550328775,PLTS Terpusat,30.0,Tanimbar Kei,2016,552677.556357939,GI 150 kV PLTMG Sorong,0.0,150 kV,Operasi,2009.3262355480238,PLTS Elat,0.2,PLTS,Surya,True,4.563000199999999,0.18708301,-5.674824493674209,132.99513189382054
81.02.03.2004,8.391447798703618,19.922924257110665,85.85089433338344,175.0,6070.794059136603,1.47,,0.9702981784429747,2677.1757127381456,0.0,False,97.79345228427574,65.71506253398587,0.0,False,1.47,60.0,0.014149015834174923,4.16405535999768,none,grid_extension,2.7 km from a reliably-lit settlement,Ler Ohoilim,Kei Besar,Maluku Tenggara,intermittent,37749.875284089074,0,Mikro Hidro Kelas A (PLTMH),Langgiar Haar,Maluku Tenggara,69358.05922837756,PLTS Terpusat,30.0,Tanimbar Kei,2016,550761.6465920578,GI 150 kV PLTMG Sorong,0.0,150 kV,Operasi,2262.956382011358,PLTS Elat,0.2,PLTS,Surya,True,4.5500001899999996,0.18655001,-5.666560875255346,132.96787344050568
81.02.03.2005,7.733402225159531,16.34061918654559,47.11267157772008,146.0,6070.794059136603,2.31,,0.8267495094833223,1406.1215719133252,0.0,False,89.03804596948463,98.49699398797596,0.0,False,2.31,60.0,0.022234167739417734,6.543515565710639,none,grid_extension,1.4 km from a reliably-lit settlement,Rahareng,Kei Besar,Maluku Tenggara,intermittent,36146.319753402655,0,Mikro Hidro Kelas A (PLTMH),Langgiar Haar,Maluku Tenggara,71430.48447091827,PLTS Terpusat,30.0,Tanimbar Kei,2016,550821.85784204,GI 150 kV PLTMG Sorong,0.0,150 kV,Operasi,177.57560355370612,PLTS Elat,0.2,PLTS,Surya,True,4.54349995,0.18628301,-5.660304457107669,132.98628433957873
81.02.03.2006,8.679547629868127,15.843196252166713,33.06604430820676,101.0,5699.573486277861,0.21,6.118830757344969,0.7590154058008434,497.14280518780515,0.0,False,44.926413632842745,,,False,0.21,60.0,0.0018976890412835342,0.5584898848497442,none,grid_extension,0.5 km from a reliably-lit settlement,Elat,Kei Besar,Maluku Tenggara,intermittent,34989.87081907665,0,Mikro Hidro Kelas A (PLTMH),Langgiar Haar,Maluku Tenggara,72451.33923177847,PLTS Terpusat,30.0,Kaimer,2016,550304.2374887727,GI 150 kV PLTMG Sorong,0.0,150 kV,Operasi,312.6212189433937,PLTD Elat,1.6,PLTD,HSD,True,4.53700018,0.18601701,-5.652507593559071,132.99382084408853
81.02.03.2007,9.87050951340547,21.17965967302728,51.02220199261619,139.0,6008.264652147971,1.26,,0.827573276670208,0.0,0.0,False,79.50804281154159,73.4375,0.0,False,1.26,60.0,0.012002811805090123,3.5324275142380235,none,grid_extension,0.0 km from a reliably-lit settlement,Depur,Kei Besar,Maluku Tenggara,intermittent,34833.17442951742,0,Mikro Hidro Kelas A (PLTMH),Langgiar Haar,Maluku Tenggara,73093.85910096718,PLTS Terpusat,30.0,Tanimbar Kei,2016,550735.7504962111,GI 150 kV PLTMG Sorong,0.0,150 kV,Operasi,935.8739726496981,PLTD Elat,1.6,PLTD,HSD,True,4.53700018,0.18601701,-5.654217425421037,133.00030212918585
81.02.03.2008,15.432042498579637,56.59353757067508,178.95389238350887,379.0,5973.556690007448,0.84,,0.9874538672365856,1406.1215719133252,0.0,False,94.3461009469341,66.97788697788698,0.0,False,0.84,60.0,0.007955650081821183,2.3413478190799744,none,grid_extension,1.4 km from a reliably-lit settlement,Ohoilim,Kei Besar,Maluku Tenggara,intermittent,34664.162714248945,0,Mikro Hidro Kelas A (PLTMH),Langgiar Haar,Maluku Tenggara,74298.63528776384,PLTS Terpusat,30.0,Tanimbar Kei,2016,552057.3734669694,GI 150 kV PLTMG Sorong,0.0,150 kV,Operasi,2910.6293522791552,PLTD Elat,1.6,PLTD,HSD,True,4.563000199999999,0.18708301,-5.6604334475651745,133.01747449330216
81.02.03.2009,12.781922141061804,54.23694743707212,299.9498300813806,619.0,5090.948270126939,15.33,6.088528107487536,0.9976141353224356,4276.7129426406445,0.0002539239180460554,False,99.65559746697492,47.50580046403712,0.0,False,15.33,60.0,0.12373832601002976,36.416189344751764,moderate,grid_extension,4.3 km from a reliably-lit settlement,El Ralang,Kei Besar,Maluku Tenggara,intermittent,29136.69982005523,0,Mikro Hidro Kelas A (PLTMH),Langgiar Haar,Maluku Tenggara,77445.26423885555,PLTS Terpusat,30.0,Kaimer,2016,548563.0963239184,GI 150 kV PLTMG Sorong,0.0,150 kV,Operasi,7004.562001751076,PLTD Elat,1.6,PLTD,HSD,True,4.4914999,0.18415201,-5.617032059029165,133.0427189092497
81.02.03.2015,14.58081109767509,41.4652632769615,241.91184979501642,738.0,6244.77316814478,3.57,6.0116892453490465,0.9964593748036726,8809.592053906355,0.27989517001216135,True,98.29031447443997,13.236733894654412,0.0,False,3.57,60.0,0.0353466517793583,10.402519618665147,marginal,resource_present_but_screened,"28% of village inside a protected area - non-viable without deep community and regulator engagement; flagged for policy pathway, not commercial deployment",Reyamru,Kei Besar,Maluku Tenggara,intermittent,26386.07014082002,0,Mikro Hidro Kelas A (PLTMH),Langgiar Haar,Maluku Tenggara,81926.92874402979,PLTS Terpusat,30.0,Kaimer,2016,548929.2068004331,GI 150 kV PLTMG Sorong,0.0,150 kV,Operasi,11631.716254993367,PLTD Elat,1.6,PLTD,HSD,True,4.49800014,0.18441799,-5.60428004657402,133.08404579690915
81.02.03.2016,18.40075585080032,60.96644776907597,300.2666171444741,673.0,5544.441112544816,3.15,6.04188532513058,0.9949376868554538,3480.012836722014,0.12255496397319403,True,98.04565074992863,21.009258317224557,0.0,False,3.15,60.0,0.027690559209341978,8.149331575309343,none,resource_present_but_screened,"12% of village inside a protected area - non-viable without deep community and regulator engagement; flagged for policy pathway, not commercial deployment",Fako,Kei Besar,Maluku Tenggara,intermittent,29282.00755278411,0,Mikro Hidro Kelas A (PLTMH),Langgiar Haar,Maluku Tenggara,79213.95391556155,PLTS Terpusat,30.0,Kaimer,2016,549913.5761807754,GI 150 kV PLTMG Sorong,0.0,150 kV,Operasi,8090.047496952814,PLTD Elat,1.6,PLTD,HSD,True,4.53700018,0.18601701,-5.624022299437428,133.0582252892701
81.02.03.2017,15.334704440073263,31.53796126558653,95.54839589202946,226.0,5973.556690007448,3.57,,0.99382889200561,2534.8929464575026,0.0,False,89.62962962962962,0.0,0.0,True,3.57,60.0,0.033811512847740026,9.95072823108989,none,resource_present_but_screened,"90% intact canopy, 0.0% loss since 2015 - non-viable without deep community and regulator engagement; flagged for policy pathway, not commercial deployment",Yamtel,Kei Besar,Maluku Tenggara,intermittent,37036.91788565199,0,Mikro Hidro Kelas A (PLTMH),Langgiar Haar,Maluku Tenggara,72096.10615248015,PLTS Terpusat,30.0,Tanimbar Kei,2016,553460.2940825515,GI 150 kV PLTMG Sorong,0.0,150 kV,Operasi,3009.7227719732364,PLTS Elat,0.2,PLTS,Surya,True,4.58249998,0.18788201000000002,-5.678488422741684,133.00541914507644
81.02.03.2018,14.691227870471089,25.337333196482895,108.12593604810057,261.0,6012.690401841268,0.42,,0.9577825735095765,3479.9074520739773,0.0,False,87.10352274261032,33.33333333333333,0.0,False,0.42,60.0,0.004003884400008455,1.1783431789224883,none,grid_extension,3.5 km from a reliably-lit settlement,Waur Tahit,Kei Besar,Maluku Tenggara,intermittent,37911.03268725319,0,Mikro Hidro Kelas A (PLTMH),Langgiar Haar,Maluku Tenggara,71273.62850515763,PLTS Terpusat,30.0,Tanimbar Kei,2016,553958.6847681835,GI 150 kV PLTMG Sorong,0.0,150 kV,Operasi,3303.2238562774146,PLTS Elat,0.2,PLTS,Surya,True,4.56949997,0.18734901,-5.685029150791614,133.00075527233327
81.02.03.2020,17.08640761885591,37.998695577919996,145.1828944009531,315.0,4484.246922384203,0.84,,0.975894123207815,4583.098833963217,0.0,False,87.7656360818514,43.52941176470594,0.0,False,0.84,60.0,0.005972170558730863,1.7576097954344931,none,grid_extension,4.6 km from a reliably-lit settlement,Ohoiel,Kei Besar,Maluku Tenggara,intermittent,42748.348474790095,0,Mikro Hidro Kelas A (PLTMH),Langgiar Haar,Maluku Tenggara,66833.66575841645,PLTS Terpusat,30.0,Tanimbar Kei,2016,556811.2599545629,GI 150 kV PLTMG Sorong,0.0,150 kV,Operasi,7084.144599367532,PLTS Elat,0.2,PLTS,Surya,True,4.5954999899999995,0.18841501000000002,-5.721580726533784,132.97598042718528
81.02.03.2021,9.820722776172472,44.42660072116122,129.99488779593491,387.0,4483.201444987456,1.05,,0.9920506235445187,2049.584775021516,0.0,False,95.0196699368277,36.02390005431833,0.0,False,1.05,60.0,0.007463472725197914,2.196500023025746,none,grid_extension,2.0 km from a reliably-lit settlement,Ohoiwait,Kei Besar,Maluku Tenggara,intermittent,44895.84786560555,0,Mikro Hidro Kelas A (PLTMH),Langgiar Haar,Maluku Tenggara,64528.078021651694,PLTS Terpusat,30.0,Tanimbar Kei,2016,557627.0458937418,GI 150 kV PLTMG Sorong,0.0,150 kV,Operasi,9011.313103093145,PLTS Elat,0.2,PLTS,Surya,True,4.627999780000001,0.189748,-5.735267190382654,132.95984794394025
81.02.03.2022,9.675474912476773,23.28570194896499,220.67560375761,385.0,6070.794059136603,1.05,,1.0,3144.1358113160445,0.0,False,95.2480469721849,36.99382292381606,0.0,False,1.05,60.0,0.010106439881553516,2.9743252571411998,none,grid_extension,3.1 km from a reliably-lit settlement,Ohoiwang,Kei Besar,Maluku Tenggara,intermittent,38525.53198964601,0,Mikro Hidro Kelas A (PLTMH),Langgiar Haar,Maluku Tenggara,69879.24191728604,PLTS Terpusat,30.0,Tanimbar Kei,2016,553217.3144243993,GI 150 kV PLTMG Sorong,0.0,150 kV,Operasi,2783.8761782094416,PLTS Elat,0.2,PLTS,Surya,True,4.55649996,0.18681601000000003,-5.683761141366683,132.98506253070315
81.02.03.2023,10.140992627481753,25.22677848900289,161.62798860398865,315.0,6070.794059136603,0.63,,1.0,1792.4535340909117,0.0,False,97.146073740501,29.411764705882355,0.0,False,0.63,60.0,0.00606386392893211,1.78459515428472,none,grid_extension,1.8 km from a reliably-lit settlement,Fangamas,Kei Besar,Maluku Tenggara,intermittent,37296.36204381101,0,Mikro Hidro Kelas A (PLTMH),Langgiar Haar,Maluku Tenggara,70714.92109436166,PLTS Terpusat,30.0,Tanimbar Kei,2016,552051.00173435,GI 150 kV PLTMG Sorong,0.0,150 kV,Operasi,1476.5035985094908,PLTS Elat,0.2,PLTS,Surya,True,4.5500001899999996,0.18655001,-5.672057017485613,132.9864246974138
81.02.03.2024,10.16135463208183,25.414831899965982,181.31831013335923,288.0,6069.450113766747,0.21,,0.9840754762333991,2982.7891309980328,0.0,False,98.49741555475417,0.0,0.0,True,0.21,60.0,0.0020208405059154886,0.5947333608909283,none,resource_present_but_screened,"98% intact canopy, 0.0% loss since 2015 - non-viable without deep community and regulator engagement; flagged for policy pathway, not commercial deployment",Ohoinangan Atas,Kei Besar,Maluku Tenggara,intermittent,37889.23112125454,0,Mikro Hidro Kelas A (PLTMH),Langgiar Haar,Maluku Tenggara,70908.57047874208,PLTS Terpusat,30.0,Tanimbar Kei,2016,553449.3009302296,GI 150 kV PLTMG Sorong,0.0,150 kV,Operasi,2767.366618151842,PLTS Elat,0.2,PLTS,Surya,True,4.56949997,0.18734901,-5.6822446978296455,132.99511570138657
81.02.03.2025,10.510978701581443,28.150363366083983,104.49264826814905,265.0,5573.84328460695,1.26,,0.9542212055172787,5118.301695875303,0.0,False,97.13829326402426,27.339449541284427,0.0,False,1.26,60.0,0.01113496089961434,3.2770189927565005,none,solar_biomass_hybrid,95% cropland/tree cover - sago/coconut residue,Harangur,Kei Besar,Maluku Tenggara,intermittent,40223.57256852256,0,Mikro Hidro Kelas A (PLTMH),Langgiar Haar,Maluku Tenggara,66884.46131041978,PLTS Terpusat,30.0,Tanimbar Kei,2016,551897.6827279212,GI 150 kV PLTMG Sorong,0.0,150 kV,Operasi,4686.771603934111,PLTS Elat,0.2,PLTS,Surya,True,4.589000230000001,0.18814901,-5.683182934138695,132.95223446063582
81.02.03.2026,11.083658242673682,27.850235779557416,168.0334276927378,323.0,6070.794059136603,4.2,,0.9893465602760407,2812.2218973615863,0.0,False,99.3924377895077,44.32472598922536,0.0,False,4.2,60.0,0.040425759526214064,11.897301028564799,marginal,grid_extension,2.8 km from a reliably-lit settlement,Udar,Kei Besar,Maluku Tenggara,intermittent,38261.16894014947,0,Mikro Hidro Kelas A (PLTMH),Langgiar Haar,Maluku Tenggara,69177.65090857066,PLTS Terpusat,30.0,Tanimbar Kei,2016,551587.1736537503,GI 150 kV PLTMG Sorong,0.0,150 kV,Operasi,2417.4401417441914,PLTS Elat,0.2,PLTS,Surya,True,4.563000199999999,0.18708301,-5.673454585287386,132.9706496438008
81.02.03.2027,7.339554999479313,19.94937190794255,47.0647562582345,107.0,5501.56607791522,0.42,6.118830757344969,0.924279393584488,2485.7140259390258,0.0,False,92.65671738847703,42.182779456193344,0.0,False,0.42,60.0,0.0036635238342281728,1.0781750644133514,none,grid_extension,2.5 km from a reliably-lit settlement,Daftel,Kei Besar,Maluku Tenggara,intermittent,36081.24892355355,0,Mikro Hidro Kelas A (PLTMH),Langgiar Haar,Maluku Tenggara,70109.95534514933,PLTS Terpusat,30.0,Kaimer,2016,549412.2950429658,GI 150 kV PLTMG Sorong,0.0,150 kV,Operasi,1749.842758089987,PLTS Elat,0.2,PLTS,Surya,True,4.53700018,0.18601701,-5.651878949318853,132.97256146637466
81.02.03.2029,7.6537602323926714,14.04416417136155,85.00024430630575,172.0,6070.794059136603,1.68,,0.9914489789074813,1792.460333417451,0.0,False,97.43692833450598,61.160151324085746,0.0,False,1.68,60.0,0.016170303810485627,4.75892041142592,none,grid_extension,1.8 km from a reliably-lit settlement,Rahareng Atas,Kei Besar,Maluku Tenggara,intermittent,36916.57913227296,0,Mikro Hidro Kelas A (PLTMH),Langgiar Haar,Maluku Tenggara,70615.78062197735,PLTS Terpusat,30.0,Tanimbar Kei,2016,551113.8303443731,GI 150 kV PLTMG Sorong,0.0,150 kV,Operasi,977.5455821453553,PLTS Elat,0.2,PLTS,Surya,True,4.54349995,0.18628301,-5.665183422029448,132.98071574768238
81.02.03.2032,11.395294751935012,18.75337958949447,127.90059709804167,235.0,4859.748255008459,0.42,6.118830757344969,0.9748901203898339,1111.6576867453398,0.0,False,97.79572155677164,66.6086956521739,0.0,False,0.42,60.0,0.003236133731455404,0.9523941571673255,none,grid_extension,1.1 km from a reliably-lit settlement,Ngurdu,Kei Besar,Maluku Tenggara,intermittent,32718.30936929955,0,Mikro Hidro Kelas A (PLTMH),Langgiar Haar,Maluku Tenggara,74342.34900573759,PLTS Terpusat,30.0,Kaimer,2016,549644.0314915443,GI 150 kV PLTMG Sorong,0.0,150 kV,Operasi,2872.0767313832084,PLTD Elat,1.6,PLTD,HSD,True,4.51100016,0.18495101,-5.639041754235083,133.01262713598786
81.02.03.2033,10.144521894951005,24.260128252085273,201.40503395556374,397.0,4859.748255008459,3.78,6.118830757344969,0.9809517025217267,2109.230095022826,0.0,False,98.42955791272156,30.790378006872853,0.0,False,3.78,60.0,0.029125203583098638,8.57154741450593,none,grid_extension,2.1 km from a reliably-lit settlement,Soinrat,Kei Besar,Maluku Tenggara,intermittent,32010.503243884323,0,Mikro Hidro Kelas A (PLTMH),Langgiar Haar,Maluku Tenggara,75287.73556536937,PLTS Terpusat,30.0,Kaimer,2016,549695.0918130719,GI 150 kV PLTMG Sorong,0.0,150 kV,Operasi,3867.324904754447,PLTD Elat,1.6,PLTD,HSD,True,4.51100016,0.18495101,-5.636137944292815,133.02151766559373
81.02.03.2035,11.043976018365631,21.120758364661,208.20420917966092,405.0,4859.748255008459,0.84,6.118830757344969,0.9844777587903268,3515.4099378664223,0.0,False,97.21046431853779,52.48120300751879,0.0,False,0.84,60.0,0.006472267462910808,1.904788314334651,none,grid_extension,3.5 km from a reliably-lit settlement,Bombay,Kei Besar,Maluku Tenggara,intermittent,30385.484958198587,0,Mikro Hidro Kelas A (PLTMH),Langgiar Haar,Maluku Tenggara,75646.48538048881,PLTS Terpusat,30.0,Kaimer,2016,548421.9376222411,GI 150 kV PLTMG Sorong,0.0,150 kV,Operasi,5223.540888432613,PLTD Elat,1.6,PLTD,HSD,True,4.48500013,0.18388499000000003,-5.622129042609798,133.02603718049969
81.02.03.2036,13.335150777040283,37.986901355888385,255.35981374158314,690.0,5401.167642647099,17.22,6.081291480676982,0.9902062964249675,4896.47297169095,0.4626863202474894,True,99.1240694789082,63.3360858794385,0.0,False,17.22,60.0,0.14746338598170824,43.39847449441674,moderate,resource_present_but_screened,"46% of village inside a protected area - non-viable without deep community and regulator engagement; flagged for policy pathway, not commercial deployment",Watsin,Kei Besar,Maluku Tenggara,intermittent,27770.072452288874,0,Mikro Hidro Kelas A (PLTMH),Langgiar Haar,Maluku Tenggara,77346.96115457045,PLTS Terpusat,30.0,Kaimer,2016,547180.341067003,GI 150 kV PLTMG Sorong,0.0,150 kV,Operasi,7969.240327633356,PLTD Elat,1.6,PLTD,HSD,True,4.45249987,0.18255299,-5.603708865062665,133.04263682740077
81.02.03.2037,12.704973734687746,32.14906567414165,421.72309250713687,775.0,6626.303943941585,3.15,6.064782300338108,0.9945611319920407,5354.61342558919,0.6277462635654999,True,99.86481279098415,14.235938277750126,0.0,False,3.15,60.0,0.03309369835016488,9.739475424453525,none,resource_present_but_screened,"63% of village inside a protected area - non-viable without deep community and regulator engagement; flagged for policy pathway, not commercial deployment",Sirbante,Kei Besar,Maluku Tenggara,intermittent,26570.279969667936,0,Mikro Hidro Kelas A (PLTMH),Langgiar Haar,Maluku Tenggara,77834.55870926894,PLTS Terpusat,30.0,Kaimer,2016,546374.2855572894,GI 150 kV PLTMG Sorong,0.0,150 kV,Operasi,9117.714234430712,PLTD Elat,1.6,PLTD,HSD,True,4.41349983,0.180953,-5.5940278545001485,133.0474717241131
81.02.03.2039,14.809515779370054,35.87256387568815,194.32221540520945,333.0,5973.556690007448,0.42,,0.9970035131225459,2223.2566203657193,0.0,False,98.56115107913669,18.75,0.0,False,0.42,60.0,0.003977825040910592,1.1706739095399872,none,grid_extension,2.2 km from a reliably-lit settlement,Nabaheng,Kei Besar,Maluku Tenggara,intermittent,36211.48355532222,0,Mikro Hidro Kelas A (PLTMH),Langgiar Haar,Maluku Tenggara,72803.08920780443,PLTS Terpusat,30.0,Tanimbar Kei,2016,552900.1675110369,GI 150 kV PLTMG Sorong,0.0,150 kV,Operasi,2685.463629314799,PLTD Elat,1.6,PLTD,HSD,True,4.56949997,0.18734901,-5.671842554667173,133.00876308729295
81.02.03.2040,11.441549752999592,29.64265236399804,252.48833267358873,387.0,4998.93332717016,1.89,,0.9936088623775032,4689.893667171464,0.0,False,96.69047619047618,47.14666666666671,0.0,False,1.89,60.0,0.01497968034682839,4.4085199260715955,none,grid_extension,4.7 km from a reliably-lit settlement,Ngefuit Atas,Kei Besar,Maluku Tenggara,intermittent,40866.66774846538,0,Mikro Hidro Kelas A (PLTMH),Langgiar Haar,Maluku Tenggara,67880.14287978379,PLTS Terpusat,30.0,Tanimbar Kei,2016,554816.8966001974,GI 150 kV PLTMG Sorong,0.0,150 kV,Operasi,5026.131565820532,PLTS Elat,0.2,PLTS,Surya,True,4.589000230000001,0.18814901,-5.702598694191542,132.97561209448622
81.02.03.2041,9.467116299865314,27.414742793859727,125.10342040698514,387.0,4480.563669596165,4.2,,0.9844274980146205,4583.151574994547,0.0,False,99.20382814090816,65.57570488138124,0.0,False,4.2,60.0,0.029836325805910537,8.780830684679472,none,grid_extension,4.6 km from a reliably-lit settlement,Watuar,Kei Besar,Maluku Tenggara,intermittent,42811.91482354652,0,Mikro Hidro Kelas A (PLTMH),Langgiar Haar,Maluku Tenggara,65328.21131425608,PLTS Terpusat,30.0,Tanimbar Kei,2016,554841.9651347307,GI 150 kV PLTMG Sorong,0.0,150 kV,Operasi,6855.102944971557,PLTS Elat,0.2,PLTS,Surya,True,4.614999770000001,0.189215,-5.710866602924492,132.95362489619868
81.02.03.2042,8.952296511282338,21.042812448770416,86.42131877410817,197.0,4473.680099421809,5.25,,0.9393465538891652,497.09732447479536,0.0,False,95.90989326035707,68.5263157894737,0.0,False,5.25,60.0,0.03723810965557537,10.959175671635832,marginal,grid_extension,0.5 km from a reliably-lit settlement,Mataholat,Kei Besar,Maluku Tenggara,intermittent,46874.552399925604,0,Mikro Hidro Kelas A (PLTMH),Langgiar Haar,Maluku Tenggara,62345.736574840186,PLTS Terpusat,30.0,Tanimbar Kei,2016,558274.3707238466,GI 150 kV PLTMG Sorong,0.0,150 kV,Operasi,10910.732631098972,PLTS Elat,0.2,PLTS,Surya,True,4.627999780000001,0.189748,-5.747174220610252,132.94395688553422
81.02.04.2001,10.70910292211519,34.03888803311051,155.85936551795362,359.0,6201.7803293914285,5.04,,0.9886343106728019,3479.573786309898,0.0,False,93.5427991476835,15.452941917601118,0.0,False,5.04,60.0,0.04955760537184931,14.584803260935253,marginal,grid_extension,3.5 km from a reliably-lit settlement,Weduar,Kei Besar Selatan,Maluku Tenggara,intermittent,54219.28719085173,0,Mikro Hidro Kelas A (PLTMH),Langgiar Haar,Maluku Tenggara,58217.309270405414,PLTS Terpusat,30.0,Tanimbar Kei,2016,565379.0317052545,GI 150 kV PLTMG Sorong,0.0,150 kV,Operasi,18470.063424323576,PLTS Elat,0.2,PLTS,Surya,True,4.41349983,0.180953,-5.817393879808111,132.93719253387346
81.02.04.2003,8.537934488507481,31.31100559231404,74.7855765056301,207.0,4802.24703489393,1.89,,0.8546034330687294,0.0,0.0,False,96.85659619507693,61.61412227571571,0.0,False,1.89,60.0,0.014390295053192429,4.235063834154532,none,grid_extension,0.0 km from a reliably-lit settlement,Nerong,Kei Besar Selatan,Maluku Tenggara,intermittent,50293.179472557524,0,Mikro Hidro Kelas A (PLTMH),Langgiar Haar,Maluku Tenggara,60042.4267140906,PLTS Terpusat,30.0,Tanimbar Kei,2016,561262.9790938076,GI 150 kV PLTMG Sorong,0.0,150 kV,Operasi,14372.363764014235,PLTS Elat,0.2,PLTS,Surya,True,4.53049994,0.18574999,-5.778183061113828,132.93702530263678
81.02.04.2004,10.952330844736444,36.956799339455905,143.35820294641445,359.0,5577.951683275241,1.05,,0.8889778174680069,3143.834541606794,0.0,False,95.6774883932559,64.1773685485825,0.0,False,1.05,60.0,0.009285973597537737,2.7328620297553563,none,grid_extension,3.1 km from a reliably-lit settlement,Larat,Kei Besar Selatan,Maluku Tenggara,intermittent,53256.75879308913,0,Mikro Hidro Kelas A (PLTMH),Langgiar Haar,Maluku Tenggara,57467.289241312086,PLTS Terpusat,30.0,Tanimbar Kei,2016,563061.0761412639,GI 150 kV PLTMG Sorong,0.0,150 kV,Operasi,17311.093950519473,PLTS Elat,0.2,PLTS,Surya,True,4.45249987,0.18255299,-5.800563175826485,132.92214206316902
81.02.04.2005,12.772009377961558,37.83558961974307,188.94133137542832,436.0,6265.103367766331,2.1,,0.976135512098431,5069.202341098647,0.0,False,98.67419206690678,47.263530601922135,0.0,False,2.1,60.0,0.0208598380776086,6.139050346240211,none,solar_biomass_hybrid,98% cropland/tree cover - sago/coconut residue,Tamangil Nuhuten,Kei Besar Selatan,Maluku Tenggara,intermittent,55579.950846987194,0,Mikro Hidro Kelas A (PLTMH),Langgiar Haar,Maluku Tenggara,55972.55301248025,PLTS Terpusat,30.0,Tanimbar Kei,2016,565038.2311255679,GI 150 kV PLTMG Sorong,0.0,150 kV,Operasi,19657.04833858098,PLTS Elat,0.2,PLTS,Surya,True,4.34200001,0.178022,-5.821265443946956,132.9167743740172
81.02.04.2006,17.10619653360039,42.843137836533714,273.69603102392955,615.0,5819.925308207219,4.62,,0.9741942072476177,8014.987971762653,0.0,False,98.99366424837088,39.801347995743185,0.0,False,4.62,60.0,0.04263073142427282,12.546224258163493,marginal,solar_biomass_hybrid,97% cropland/tree cover - sago/coconut residue,Tamangil Nuhuyanat,Kei Besar Selatan,Maluku Tenggara,intermittent,58399.06217256973,0,Mikro Hidro Kelas A (PLTMH),Langgiar Haar,Maluku Tenggara,53806.44573956883,PLTS Terpusat,30.0,Tanimbar Kei,2016,566973.0781162763,GI 150 kV PLTMG Sorong,0.0,150 kV,Operasi,22469.506377149788,PLTS Elat,0.2,PLTS,Surya,True,4.3744998,0.179354,-5.843742441942746,132.90497500965242
81.02.04.2012,15.920594130709965,48.315384515931456,144.75004895997154,437.0,5809.281861508804,2.1,,0.9815280907109228,12436.11350312066,0.0,False,93.01593698479577,49.593353226844556,0.0,False,2.1,60.0,0.019342167537367592,5.6923999062472825,none,solar_biomass_hybrid,98% cropland/tree cover - sago/coconut residue,Kilwat,Kei Besar Selatan,Maluku Tenggara,intermittent,63824.42946961497,0,Mikro Hidro Kelas A (PLTMH),Langgiar Haar,Maluku Tenggara,52585.46741905724,PLTS Terpusat,30.0,Tanimbar Kei,2016,570526.2075089858,GI 150 kV PLTMG Ambon Peaker,0.0,150 kV,Operasi,28155.415254226285,PLTS Elat,0.2,PLTS,Surya,True,4.517499920000001,0.18521699,-5.900924462717178,132.9123553356219
81.02.04.2013,13.274364672919756,38.318473639045735,283.2621193934001,573.0,6087.420680267463,1.68,,0.991179161967185,9561.116059984837,0.0,False,94.75292959657361,44.815616265440475,0.0,False,1.68,60.0,0.016214590853071628,4.77195408805898,none,solar_biomass_hybrid,99% cropland/tree cover - sago/coconut residue,Sather,Kei Besar Selatan,Maluku Tenggara,intermittent,59327.266524450984,0,Mikro Hidro Kelas A (PLTMH),Langgiar Haar,Maluku Tenggara,56000.061049886484,PLTS Terpusat,30.0,Tanimbar Kei,2016,570392.7518605399,GI 150 kV PLTMG Sorong,0.0,150 kV,Operasi,23786.915880446326,PLTS Elat,0.2,PLTS,Surya,True,4.48500013,0.18388499000000003,-5.86621415915145,132.93421436604865
81.02.04.2014,15.9956535558444,41.06083403502432,266.2933645978847,615.0,6238.756740462937,5.46,,0.9873317888302855,7455.997559641164,0.0,False,90.27711036360724,30.122416215131476,0.0,False,5.46,60.0,0.05400750222432718,15.89440790461949,marginal,solar_biomass_hybrid,99% cropland/tree cover - sago/coconut residue,Tutrean,Kei Besar Selatan,Maluku Tenggara,intermittent,56901.760322174654,0,Mikro Hidro Kelas A (PLTMH),Langgiar Haar,Maluku Tenggara,57069.01972117622,PLTS Terpusat,30.0,Tanimbar Kei,2016,568087.5770744506,GI 150 kV PLTMG Sorong,0.0,150 kV,Operasi,21276.886042965038,PLTS Elat,0.2,PLTS,Surya,True,4.42000008,0.18122,-5.843468747819289,132.93646788724988
81.02.04.2015,13.954766244744372,31.16185813843551,123.06953404006043,282.0,4870.949944220291,1.47,,0.9913038932069289,1792.2891525225498,0.0,False,89.08601354118558,42.937010808796146,0.0,False,1.47,60.0,0.011352575497849807,3.341062969017198,none,grid_extension,1.8 km from a reliably-lit settlement,Ohoirenan,Kei Besar Selatan,Maluku Tenggara,intermittent,50534.41935127926,0,Mikro Hidro Kelas A (PLTMH),Langgiar Haar,Maluku Tenggara,60699.73675196533,PLTS Terpusat,30.0,Tanimbar Kei,2016,562415.7206531413,GI 150 kV PLTMG Sorong,0.0,150 kV,Operasi,14755.699753640509,PLTS Elat,0.2,PLTS,Surya,True,4.517499920000001,0.18521699,-5.7855418262546365,132.947309497986
81.02.04.2016,11.584944273786357,36.6436446502363,186.48163995705252,353.0,5295.470088796246,3.78,,0.9896315060826534,12672.36270639773,0.0,False,98.41801363002534,40.209742588641234,0.0,False,3.78,60.0,0.03173655018970353,9.34006672082975,none,solar_biomass_hybrid,99% cropland/tree cover - sago/coconut residue,Soindat,Kei Besar Selatan,Maluku Tenggara,intermittent,62660.05461795694,0,Mikro Hidro Kelas A (PLTMH),Langgiar Haar,Maluku Tenggara,50882.45565956975,PLTS Terpusat,30.0,Tanimbar Kei,2016,567190.1038256804,GI 150 kV PLTMG Ambon Peaker,0.0,150 kV,Operasi,26736.75034967718,PLTS Elat,0.2,PLTS,Surya,True,4.45900011,0.18281899000000001,-5.8789999701505415,132.8897383543456
81.02.05.2001,11.40732537948922,30.85872777132864,383.7412236485427,594.0,4773.721711656298,2.94,5.972788536103999,0.9973005714159278,19612.93379698713,0.7241070292576879,True,99.0872177289977,20.995772663222173,0.0,False,2.94,60.0,0.02225193720235527,6.548745118653157,none,resource_present_but_screened,"72% of village inside a protected area - non-viable without deep community and regulator engagement; flagged for policy pathway, not commercial deployment",Hollat,Kei Besar Utara Timur,Maluku Tenggara,intermittent,13536.91329187247,0,Mikro Hidro Kelas A (PLTMH),Langgiar Haar,Maluku Tenggara,85308.6824270727,PLTS Terpusat,30.0,Kaimer,2016,538503.1396571797,GI 150 kV Aimas (60 MVA No.1 dan 2),60.0,150 kV,Operasi,22409.38830726,PLTD Elat,1.6,PLTD,HSD,True,4.4460001,0.18228599,-5.492034984125307,133.111635865233
81.02.05.2002,14.110518474469265,42.646041883610096,251.05284040393306,519.0,2024.0298242237927,4.62,5.66569522307027,0.9928503544782233,40091.94910218883,0.2886978557930725,True,97.68549364848778,34.07964450521279,0.0,False,4.62,60.0,0.014825941444561647,4.363274567134493,none,resource_present_but_screened,"29% of village inside a protected area - non-viable without deep community and regulator engagement; flagged for policy pathway, not commercial deployment",Ohoiraut,Kei Besar Utara Timur,Maluku Tenggara,dark_settled,6385.681514930638,0,Mikro Hidro Kelas A (PLTMH),Ohoimajang,Maluku Tenggara,94904.09705875495,PLTS Terpusat,30.0,Kaimer,2016,522193.99613531766,GI 150 kV Aimas (60 MVA No.1 dan 2),60.0,150 kV,Operasi,42450.23533735595,PLTD Elat,1.6,PLTD,HSD,True,4.49800014,0.18441799,-5.312755583703453,133.16274872704662
81.02.05.2003,12.234923817911909,40.33740916994847,260.1342245390728,588.0,2022.0533321773098,2.73,5.66569522307027,0.993305605070311,38726.7682849586,0.4469446370208971,True,95.5849540922105,15.798319327731095,0.0,False,2.73,60.0,0.008752228559176903,2.5757808649657625,none,resource_present_but_screened,"45% of village inside a protected area - non-viable without deep community and regulator engagement; flagged for policy pathway, not commercial deployment",Haar Ohoimel,Kei Besar Utara Timur,Maluku Tenggara,intermittent,4589.980486793757,0,Mikro Hidro Kelas A (PLTMH),Ohoimajang,Maluku Tenggara,94928.29119261239,PLTS Terpusat,30.0,Kaimer,2016,524508.0296675302,GI 150 kV Aimas (60 MVA No.1 dan 2),60.0,150 kV,Operasi,40803.53029376874,PLTD Elat,1.6,PLTD,HSD,True,4.472000120000001,0.18335199000000002,-5.332715826271514,133.16900659807428
81.02.05.2005,10.957842808207008,33.87183104291178,380.37048394607416,550.0,2310.096723356041,1.68,5.852437803368967,0.9905476474300539,30250.357101456255,0.6407595433764343,True,96.42822056615161,28.337577300836674,0.0,False,1.68,60.0,0.006153225671039684,1.810894314986979,none,resource_present_but_screened,"64% of village inside a protected area - non-viable without deep community and regulator engagement; flagged for policy pathway, not commercial deployment",Banda Eli,Kei Besar Utara Timur,Maluku Tenggara,intermittent,3143.8862626553455,0,Mikro Hidro Kelas A (PLTMH),Langgiar Haar,Maluku Tenggara,89474.02366922545,PLTS Terpusat,30.0,Kaimer,2016,530153.9263035489,GI 150 kV Aimas (60 MVA No.1 dan 2),60.0,150 kV,Operasi,32310.783356836593,PLTD Elat,1.6,PLTD,HSD,True,4.3744998,0.179354,-5.401563257776955,133.13551255312612
81.02.05.2006,12.025778441410088,31.6848440015697,333.7217684768917,689.0,2354.35457439009,3.9899999999999998,5.863213822823087,0.9973454949781287,25572.291090956733,0.5615896871945258,True,96.95300758769841,26.129592850049676,0.0,False,3.9899999999999998,60.0,0.014893890715081907,4.383272037448605,none,resource_present_but_screened,"56% of village inside a protected area - non-viable without deep community and regulator engagement; flagged for policy pathway, not commercial deployment",Watlaar,Kei Besar Utara Timur,Maluku Tenggara,intermittent,7549.42880737089,0,Mikro Hidro Kelas A (PLTMH),Langgiar Haar,Maluku Tenggara,88009.7347910248,PLTS Terpusat,30.0,Kaimer,2016,533935.5484380872,GI 150 kV Aimas (60 MVA No.1 dan 2),60.0,150 kV,Operasi,28232.332894973395,PLTD Elat,1.6,PLTD,HSD,True,4.45249987,0.18255299,-5.4407234604918315,133.1294438981973
81.02.05.2008,11.75162528676782,33.4946061837986,358.10731450719805,678.0,6322.282645729311,2.73,6.0116892453490465,0.9975523877892866,11649.257845861897,0.683911503698741,True,99.17680842335567,1.5751907457543697,0.0,True,2.73,60.0,0.027365283521754536,8.05360294045236,none,resource_present_but_screened,"68% of village inside a protected area; 99% intact canopy, 1.6% loss since 2015 - non-viable without deep community and regulator engagement; flagged for policy pathway, not commercial deployment",Kilwair,Kei Besar Utara Timur,Maluku Tenggara,intermittent,22636.117044830837,0,Mikro Hidro Kelas A (PLTMH),Langgiar Haar,Maluku Tenggara,82293.70381752594,PLTS Terpusat,30.0,Kaimer,2016,545623.4212282833,GI 150 kV PLTMG Sorong,0.0,150 kV,Operasi,14175.669804433059,PLTD Elat,1.6,PLTD,HSD,True,4.34200001,0.178022,-5.570545919012692,133.08823081143527
81.02.05.2009,11.616582107947147,35.49466438723887,278.1857174779775,433.0,2888.972736335913,2.73,5.852437803368967,0.990618237797174,31362.197207087545,0.511044949531624,True,93.25885084155546,35.00962463907605,0.0,False,2.73,60.0,0.012504590896431132,3.680101100819682,none,resource_present_but_screened,"51% of village inside a protected area - non-viable without deep community and regulator engagement; flagged for policy pathway, not commercial deployment",Renfan,Kei Besar Utara Timur,Maluku Tenggara,intermittent,1903.4847183556842,0,Mikro Hidro Kelas A (PLTMH),Langgiar Haar,Maluku Tenggara,90058.15315665804,PLTS Terpusat,30.0,Kaimer,2016,529165.9572861189,GI 150 kV Aimas (60 MVA No.1 dan 2),60.0,150 kV,Operasi,33525.46820904978,PLTD Elat,1.6,PLTD,HSD,True,4.38100004,0.179621,-5.390730191486274,133.13853513065368
81.02.05.2010,12.156913333533769,45.650124967468386,315.69326498415575,546.0,4412.112741945487,3.57,5.972788536103999,0.9929181711135046,18762.45064617093,0.4921285109185172,True,96.99110500998873,23.529411764705895,0.0,False,3.57,60.0,0.024973431140197535,7.349680784560135,none,resource_present_but_screened,"49% of village inside a protected area - non-viable without deep community and regulator engagement; flagged for policy pathway, not commercial deployment",Hollat Solair,Kei Besar Utara Timur,Maluku Tenggara,intermittent,15019.230982318439,0,Mikro Hidro Kelas A (PLTMH),Langgiar Haar,Maluku Tenggara,85457.89128105257,PLTS Terpusat,30.0,Kaimer,2016,540081.7737387827,GI 150 kV Aimas (60 MVA No.1 dan 2),60.0,150 kV,Operasi,21339.95694949706,PLTD Elat,1.6,PLTD,HSD,True,4.43300009,0.18175299,-5.50625691248046,133.1142858235334
81.02.05.2011,14.74002426528014,51.31068974974062,346.17867376246556,547.0,5004.239520741012,9.66,5.972788536103999,0.9984309799434647,16824.06415255764,0.6951199505306596,True,99.10770253385553,7.679684936002628,0.0,False,9.66,60.0,0.07664407941774191,22.556352572641448,marginal,resource_present_but_screened,"70% of village inside a protected area - non-viable without deep community and regulator engagement; flagged for policy pathway, not commercial deployment",Hoko,Kei Besar Utara Timur,Maluku Tenggara,intermittent,16589.96237165199,0,Mikro Hidro Kelas A (PLTMH),Langgiar Haar,Maluku Tenggara,84340.61316597175,PLTS Terpusat,30.0,Kaimer,2016,540997.7471352427,GI 150 kV Aimas (60 MVA No.1 dan 2),60.0,150 kV,Operasi,19624.06788015821,PLTD Elat,1.6,PLTD,HSD,True,4.38100004,0.179621,-5.518706025429674,133.10508410151402
81.02.05.2012,16.407221282499222,49.49887882475757,224.44429238093312,519.0,5126.335911762885,30.66,5.972788536103999,0.9985026357960686,14832.526957248385,0.644167286043181,True,98.7897509526451,11.455718895661542,0.0,False,25.0,60.0,0.20319380675112908,59.79993732685729,moderate,resource_present_but_screened,"64% of village inside a protected area - non-viable without deep community and regulator engagement; flagged for policy pathway, not commercial deployment",Hollay,Kei Besar Utara Timur,Maluku Tenggara,intermittent,18655.122989691943,0,Mikro Hidro Kelas A (PLTMH),Langgiar Haar,Maluku Tenggara,83871.33397356173,PLTS Terpusat,30.0,Kaimer,2016,542741.2243620849,GI 150 kV PLTMG Sorong,0.0,150 kV,Operasi,17855.47058055088,PLTD Elat,1.6,PLTD,HSD,True,4.36800003,0.17908800000000002,-5.537026839661069,133.1018282796597
81.02.05.2017,15.882970408376142,38.19837616337397,296.6275231225641,625.0,2477.938650227404,2.31,5.66569522307027,0.9972169853667296,36473.65228404608,0.6446564405795706,True,98.78151687982142,19.254907197222593,0.0,False,2.31,60.0,0.009075403161506379,2.6708911504313275,none,resource_present_but_screened,"64% of village inside a protected area - non-viable without deep community and regulator engagement; flagged for policy pathway, not commercial deployment",Haar Wassar,Kei Besar Utara Timur,Maluku Tenggara,intermittent,2665.449144152388,0,Mikro Hidro Kelas A (PLTMH),Ohoimajang,Maluku Tenggara,93119.91162184517,PLTS Terpusat,30.0,Kaimer,2016,525252.0828733904,GI 150 kV Aimas (60 MVA No.1 dan 2),60.0,150 kV,Operasi,38846.508153207105,PLTD Elat,1.6,PLTD,HSD,True,4.41349983,0.180953,-5.345559566300537,133.15567237936597
81.02.05.2019,12.577015759763968,34.59122914499752,167.01431043077923,331.0,5598.640510350381,2.52,5.786299806179845,0.9971400903224639,35806.29465872586,0.40601102292369934,True,98.51745922560323,29.20230406702742,0.0,False,2.52,60.0,0.022368997472861113,6.583195956263026,none,resource_present_but_screened,"41% of village inside a protected area - non-viable without deep community and regulator engagement; flagged for policy pathway, not commercial deployment",Ur,Kei Besar Utara Timur,Maluku Tenggara,intermittent,1312.3422631818898,0,Mikro Hidro Kelas A (PLTMH),Ohoimajang,Maluku Tenggara,92505.75514120812,PLTS Terpusat,30.0,Kaimer,2016,526391.8548572786,GI 150 kV Aimas (60 MVA No.1 dan 2),60.0,150 kV,Operasi,37527.945006137765,PLTD Elat,1.6,PLTD,HSD,True,4.40049982,0.18042,-5.357692596612874,133.1532075024661
81.02.05.2020,11.293924063490016,32.65192635492578,132.17350281628526,277.0,4570.1609175799995,28.98,5.852437803368967,0.9998567493112948,34726.15611286397,0.4320914190000771,True,95.99307935598335,6.066350710900478,0.0,False,25.0,60.0,0.18114856503599058,53.31202269009203,moderate,resource_present_but_screened,"43% of village inside a protected area - non-viable without deep community and regulator engagement; flagged for policy pathway, not commercial deployment",Ohoimajang,Kei Besar Utara Timur,Maluku Tenggara,intermittent,274.97100952153795,0,Mikro Hidro Kelas A (PLTMH),Ohoimajang,Maluku Tenggara,91720.26215815246,PLTS Terpusat,30.0,Kaimer,2016,526999.594074703,GI 150 kV Aimas (60 MVA No.1 dan 2),60.0,150 kV,Operasi,36461.60113486692,PLTD Elat,1.6,PLTD,HSD,True,4.39400005,0.180154,-5.365778047120977,133.14797418606878
81.02.05.2021,15.095158589696302,49.038977716011104,322.50216731850117,749.0,2228.874249862654,6.51,5.852437803368967,0.9931891325499589,27796.371728159054,0.5483101503231904,True,93.72724805584929,74.11824410048213,0.0,False,6.51,60.0,0.02300540868627264,6.770491776370038,none,resource_present_but_screened,"55% of village inside a protected area - non-viable without deep community and regulator engagement; flagged for policy pathway, not commercial deployment",Banda Efruan,Kei Besar Utara Timur,Maluku Tenggara,intermittent,5717.947992222435,0,Mikro Hidro Kelas A (PLTMH),Langgiar Haar,Maluku Tenggara,88865.02264056566,PLTS Terpusat,30.0,Kaimer,2016,532505.1089490921,GI 150 kV Aimas (60 MVA No.1 dan 2),60.0,150 kV,Operasi,30029.921584288804,PLTD Elat,1.6,PLTD,HSD,True,4.42649984,0.181486,-5.42480043109033,133.13451433414187
81.02.05.2022,12.62455860227338,39.56408205988702,280.4108281737348,674.0,3138.2099477182887,2.31,5.852437803368967,0.9872239913551555,28908.43669026397,0.4496882411445185,True,91.9280839593967,71.47872779843041,0.0,False,2.31,60.0,0.011493634226327445,3.382576552808167,none,resource_present_but_screened,"45% of village inside a protected area - non-viable without deep community and regulator engagement; flagged for policy pathway, not commercial deployment",Banda Suku Tigapuluh,Kei Besar Utara Timur,Maluku Tenggara,intermittent,4728.922392947708,0,Mikro Hidro Kelas A (PLTMH),Langgiar Haar,Maluku Tenggara,89566.35014713506,PLTS Terpusat,30.0,Kaimer,2016,531824.0774312636,GI 150 kV Aimas (60 MVA No.1 dan 2),60.0,150 kV,Operasi,31121.750550078752,PLTD Elat,1.6,PLTD,HSD,True,4.42000008,0.18122,-5.4162295972296475,133.13934435487633
81.02.05.2023,11.329908305377646,31.206513255078804,303.1281150445113,550.0,3133.1567472280385,2.31,5.852437803368967,0.9926305730142977,30913.43582666564,0.43408330576081755,True,89.68809091075983,32.34142521534848,0.0,False,2.31,60.0,0.011475126975673468,3.3771298689407017,none,resource_present_but_screened,"43% of village inside a protected area - non-viable without deep community and regulator engagement; flagged for policy pathway, not commercial deployment",Tuburlay,Kei Besar Utara Timur,Maluku Tenggara,intermittent,2541.847968776189,0,Mikro Hidro Kelas A (PLTMH),Langgiar Haar,Maluku Tenggara,90083.73145565116,PLTS Terpusat,30.0,Kaimer,2016,529831.3500109544,GI 150 kV Aimas (60 MVA No.1 dan 2),60.0,150 kV,Operasi,33042.60598241939,PLTD Elat,1.6,PLTD,HSD,True,4.38100004,0.179621,-5.396571576530544,133.14006927172017
81.02.05.2026,15.966449324271615,38.3492251066319,269.46116594623334,491.0,5691.0704411822635,5.88,5.99979521014003,0.998002093045381,12734.069950334024,0.6831083074053986,True,98.2793796635802,12.63068663464256,0.0,False,5.88,60.0,0.05305602199732323,15.614387273812229,marginal,resource_present_but_screened,"68% of village inside a protected area - non-viable without deep community and regulator engagement; flagged for policy pathway, not commercial deployment",Tuburngil,Kei Besar Utara Timur,Maluku Tenggara,intermittent,20665.53335884322,0,Mikro Hidro Kelas A (PLTMH),Langgiar Haar,Maluku Tenggara,83073.70510580587,PLTS Terpusat,30.0,Kaimer,2016,544208.7816670162,GI 150 kV PLTMG Sorong,0.0,150 kV,Operasi,15986.039185801352,PLTD Elat,1.6,PLTD,HSD,True,4.29650021,0.176157,-5.554015925046167,133.09514044164527
81.02.05.2027,10.595435435484802,44.88812398204422,339.93381881231,757.0,6407.021383036322,2.73,6.0116892453490465,0.9929042339141226,10201.130147255744,0.4878632204206132,True,98.47577455592483,17.199231709446483,0.0,False,2.73,60.0,0.027732065537305242,8.161546887628933,none,resource_present_but_screened,"49% of village inside a protected area - non-viable without deep community and regulator engagement; flagged for policy pathway, not commercial deployment",Yamtimur,Kei Besar Utara Timur,Maluku Tenggara,intermittent,24020.83819318882,0,Mikro Hidro Kelas A (PLTMH),Langgiar Haar,Maluku Tenggara,82230.53398061272,PLTS Terpusat,30.0,Kaimer,2016,546900.4339834178,GI 150 kV PLTMG Sorong,0.0,150 kV,Operasi,13226.04142916277,PLTD Elat,1.6,PLTD,HSD,True,4.39400005,0.180154,-5.583222165071219,133.0875155571433
81.02.05.2030,12.798285486769824,37.636605992437126,349.69255392494813,542.0,2316.030749111431,1.47,5.852437803368967,0.997799204795545,29805.50121412153,0.43310676896514,True,97.61568951681541,5.7657657657657655,0.0,False,1.47,60.0,0.0053979027162509565,1.5886027693926565,none,resource_present_but_screened,"43% of village inside a protected area - non-viable without deep community and regulator engagement; flagged for policy pathway, not commercial deployment",Fanwav,Kei Besar Utara Timur,Maluku Tenggara,intermittent,3924.863590784592,0,Mikro Hidro Kelas A (PLTMH),Langgiar Haar,Maluku Tenggara,89611.10906760296,PLTS Terpusat,30.0,Kaimer,2016,531031.5253392871,GI 150 kV Aimas (60 MVA No.1 dan 2),60.0,150 kV,Operasi,31755.44729741523,PLTD Elat,1.6,PLTD,HSD,True,4.42000008,0.18122,-5.408949677731981,133.13831363592132
81.02.13.2001,2.3979631166323725,11.060962462738313,33.28052655251455,75.0,2805.5076568887134,54.18,6.351731602777939,0.8702855819422423,7237.2563430487935,0.0,False,90.06639427987743,40.37909350317105,0.0,False,25.0,20.938402661546526,0.11120258026099988,11.420823594300568,marginal,wind_solar_hybrid,mean 50 m wind 6.4 m/s (ERA5 coarse - met mast required),Wain,Kei Kecil Timur,Maluku Tenggara,intermittent,64588.2145482204,0,Mikro Hidro Kelas A (PLTMH),Langgiar Haar,Maluku Tenggara,41520.005242247295,PLTS Terpusat,30.0,Tanimbar Kei,2016,552548.0932887741,GI 150 kV PLTMG Ambon Peaker,0.0,150 kV,Operasi,17564.867334024966,PLTD Sewatama Langgur,4.0,PLTD,HSD,True,4.42649984,0.181486,-5.822631209112775,132.77004986359015
81.02.13.2002,2.3959014248784802,13.18630505753087,26.760047095761397,46.0,2792.8282365591044,4.62,,0.7763382275657185,8961.341779241264,0.0,False,79.40717460795817,51.33445670489757,0.0,False,4.62,20.920379482696106,0.020457360560792528,2.099221034846721,none,solar_biomass_hybrid,78% cropland/tree cover - sago/coconut residue,Rewav,Kei Kecil Timur,Maluku Tenggara,intermittent,60363.29783039154,0,Mikro Hidro Kelas A (PLTMH),Langgiar Haar,Maluku Tenggara,45698.47081203651,PLTS Terpusat,30.0,Tanimbar Kei,2016,553956.8923006488,GI 150 kV PLTMG Ambon Peaker,0.0,150 kV,Operasi,15732.62188051814,PLTD Sewatama Langgur,4.0,PLTD,HSD,True,4.465499879999999,0.18308599,-5.796110206914119,132.79779465845112
81.02.13.2003,3.1525476911028374,16.213793217680443,39.942311655303875,76.0,2753.6304724595334,2.52,,0.9161745964316057,10450.468657254085,0.0,False,91.50856882358238,37.812239537291944,0.0,False,2.52,27.53896514482984,0.011001948234712748,1.48612802925359,none,solar_biomass_hybrid,92% cropland/tree cover - sago/coconut residue,Rumaat,Kei Kecil Timur,Maluku Tenggara,intermittent,62010.970364793524,0,Mikro Hidro Kelas A (PLTMH),Langgiar Haar,Maluku Tenggara,44666.931829048386,PLTS Terpusat,30.0,Tanimbar Kei,2016,555142.5893327803,GI 150 kV PLTMG Ambon Peaker,0.0,150 kV,Operasi,17869.2468144481,PLTD Sewatama Langgur,4.0,PLTD,HSD,True,4.472000120000001,0.18335199000000002,-5.816347889673777,132.79955903987857
81.02.13.2004,2.774099013753884,12.706064476620206,42.25737034982305,78.0,2760.3545148056596,1.26,6.3489897615047,0.9718805768581488,11170.180402946722,0.0,False,94.45414468035848,37.13226557673116,0.0,False,1.26,24.227515296836753,0.005514406850353772,0.6553098458492439,none,wind_solar_hybrid,mean 50 m wind 6.3 m/s (ERA5 coarse - met mast required),Rat,Kei Kecil Timur,Maluku Tenggara,intermittent,63586.43346611977,0,Mikro Hidro Kelas A (PLTMH),Langgiar Haar,Maluku Tenggara,43628.14318750761,PLTS Terpusat,30.0,Tanimbar Kei,2016,555891.3187010307,GI 150 kV PLTMG Ambon Peaker,0.0,150 kV,Operasi,19581.400939455674,PLTD Sewatama Langgur,4.0,PLTD,HSD,True,4.4914999,0.18415201,-5.833300024100181,132.7985054432096
81.02.13.2005,2.6034708552881383,7.8715258028575406,48.00493697478993,84.0,2780.0781700692255,0.63,6.3489897615047,0.9139568811800938,10198.752979837782,0.0,False,86.90352697095437,29.529435456803387,0.0,False,0.63,22.735218607705008,0.0027769045648522515,0.3096699761014577,none,wind_solar_hybrid,mean 50 m wind 6.3 m/s (ERA5 coarse - met mast required),Abean,Kei Kecil Timur,Maluku Tenggara,intermittent,65195.401307116146,0,Mikro Hidro Kelas A (PLTMH),Langgiar Haar,Maluku Tenggara,42617.45736347746,PLTS Terpusat,30.0,Tanimbar Kei,2016,556610.2992661862,GI 150 kV PLTMG Ambon Peaker,0.0,150 kV,Operasi,21306.69864059091,PLTD Sewatama Langgur,4.0,PLTD,HSD,True,4.517499920000001,0.18521699,-5.8502023889528125,132.79712044321863
81.02.13.2006,3.841212841898754,11.92335324198012,44.85371583285224,80.0,2730.1167372220198,2.73,6.3489897615047,0.9372542272906017,6687.110519032118,0.0,False,92.97512535640547,26.556016597510375,0.0,False,2.73,33.57121720545214,0.01181700071761814,1.9458679347489387,none,wind_solar_hybrid,mean 50 m wind 6.3 m/s (ERA5 coarse - met mast required),Mastur,Kei Kecil Timur,Maluku Tenggara,intermittent,68651.05189919665,0,Mikro Hidro Kelas A (PLTMH),Langgiar Haar,Maluku Tenggara,39823.446075323445,PLTS Terpusat,30.0,Tanimbar Kei,2016,556568.1100144862,GI 150 kV PLTMG Ambon Peaker,0.0,150 kV,Operasi,23854.36692583705,PLTD Sewatama Langgur,4.0,PLTD,HSD,True,4.54349995,0.18628301,-5.877864996893535,132.78231203624992
81.02.13.2013,3.3391676830577595,12.834588123225483,49.05867871591963,83.0,2722.909245864163,11.549999999999999,6.351055922600645,0.9793945181738025,1988.1491392750193,0.0,False,98.98260808052225,44.649386856300154,0.0,False,11.549999999999999,29.172771060445495,0.04986301653623015,7.1350208042227585,none,grid_extension,2.0 km from a reliably-lit settlement,Ohoinol,Kei Kecil Timur,Maluku Tenggara,intermittent,71412.23390905804,0,Mikro Hidro Kelas A (PLTMH),Langgiar Haar,Maluku Tenggara,36326.932869340264,PLTS Terpusat,30.0,Tanimbar Kei,2016,553964.355953747,GI 150 kV PLTMG Ambon Peaker,0.0,150 kV,Operasi,24297.543208776427,PLTD Sewatama Langgur,4.0,PLTD,HSD,True,4.53700018,0.18601701,-5.886126211433259,132.75138732298615
81.02.13.2014,2.5755859965955445,14.902531099474816,47.207312182173865,94.0,2809.532488809871,38.43,,0.8677510688405111,8508.672747372237,0.0,False,94.2771813095418,24.06327170793566,0.0,False,25.0,22.491379563816757,0.11136211348973678,12.285492499097522,marginal,solar_biomass_hybrid,87% cropland/tree cover - sago/coconut residue,Semawi,Kei Kecil Timur,Maluku Tenggara,intermittent,64613.1553526145,0,Mikro Hidro Kelas A (PLTMH),Langgiar Haar,Maluku Tenggara,40989.85130442975,PLTS Terpusat,30.0,Tanimbar Kei,2016,550783.0020094044,GI 150 kV PLTMG Ambon Peaker,0.0,150 kV,Operasi,16193.35986270316,PLTD Sewatama Langgur,4.0,PLTD,HSD,True,4.39400005,0.180154,-5.812310258144042,132.75742838876204
81.02.13.2015,2.399576837809008,9.513524429714971,24.974198001577697,38.0,2808.796206985414,0.42,,0.7736622175341797,7780.653802460948,0.0,False,86.92669859566523,38.49604221635886,0.0,False,0.42,20.952509747851437,0.0018703932124141836,0.1922241640356515,none,solar_biomass_hybrid,77% cropland/tree cover - sago/coconut residue,Iso,Kei Kecil Timur,Maluku Tenggara,intermittent,60209.60119608367,0,Mikro Hidro Kelas A (PLTMH),Langgiar Haar,Maluku Tenggara,45387.89777315189,PLTS Terpusat,30.0,Tanimbar Kei,2016,552355.594043546,GI 150 kV PLTMG Ambon Peaker,0.0,150 kV,Operasi,14157.334528709795,PLTD Sewatama Langgur,4.0,PLTD,HSD,True,4.40049982,0.18042,-5.785388556261873,132.7870012239631
81.02.13.2016,5.549957605157649,12.945130942266317,18.802487941101802,29.0,2808.796206985414,0.21,,0.8685365089313694,7587.744271191537,0.0,False,69.52709051049169,26.91680261011419,0.0,False,0.21,48.584565563100874,0.0009351966062070918,0.2228641726645669,none,solar_biomass_hybrid,87% cropland/tree cover - sago/coconut residue,Disuk,Kei Kecil Timur,Maluku Tenggara,intermittent,59538.20008202832,0,Mikro Hidro Kelas A (PLTMH),Langgiar Haar,Maluku Tenggara,45959.36964326977,PLTS Terpusat,30.0,Tanimbar Kei,2016,552182.4718644611,GI 150 kV PLTMG Ambon Peaker,0.0,150 kV,Operasi,13553.875543178036,PLTD Sewatama Langgur,4.0,PLTD,HSD,True,4.42000008,0.18122,-5.778768761765522,132.78857197767647
81.02.13.2017,3.8119347017399727,10.221632829138992,18.55120869689601,34.0,2808.796206985414,0.42,,0.6449448123620308,7339.440799543246,0.0,False,76.97809961144472,79.62864721485411,0.0,False,0.42,33.314574195077995,0.0018703932124141836,0.3056371886670634,none,solar_battery,uniform equatorial irradiance; no discriminating alternative,Wain Baru,Kei Kecil Timur,Maluku Tenggara,intermittent,59887.3339580054,0,Mikro Hidro Kelas A (PLTMH),Langgiar Haar,Maluku Tenggara,45617.23520867678,PLTS Terpusat,30.0,Tanimbar Kei,2016,552087.0350013798,GI 150 kV PLTMG Ambon Peaker,0.0,150 kV,Operasi,13693.588730867343,PLTD Sewatama Langgur,4.0,PLTD,HSD,True,4.3874998100000004,0.17988700000000002,-5.781089910376353,132.78644515873688
81.02.13.2019,2.431124617673584,8.962534010059553,48.38064086304599,82.0,2774.0114952496797,0.63,6.3489897615047,0.8657470717640765,10343.203469700526,0.0,False,81.36525332197108,43.97647638835088,0.0,False,0.63,21.22830590078257,0.002770844815460582,0.28851377430308484,none,wind_solar_hybrid,mean 50 m wind 6.3 m/s (ERA5 coarse - met mast required),Watngon,Kei Kecil Timur,Maluku Tenggara,intermittent,64521.64835246104,0,Mikro Hidro Kelas A (PLTMH),Langgiar Haar,Maluku Tenggara,42960.567371425954,PLTS Terpusat,30.0,Tanimbar Kei,2016,556148.9167529183,GI 150 kV PLTMG Ambon Peaker,0.0,150 kV,Operasi,20449.835908167122,PLTD Sewatama Langgur,4.0,PLTD,HSD,True,4.504499910000001,0.18468501,-5.842283026198133,132.7965120118469
81.02.13.2020,3.5635138476193395,11.346428829033783,44.0672629216494,85.0,2757.8678325303304,0.63,6.3489897615047,0.8858442767035467,9496.219716616186,0.0,False,86.29887719443353,21.62791826433044,0.0,False,0.63,31.137684329509128,0.0027547195815799536,0.4207292628067527,none,wind_solar_hybrid,mean 50 m wind 6.3 m/s (ERA5 coarse - met mast required),Yafavun,Kei Kecil Timur,Maluku Tenggara,intermittent,65716.78330100911,0,Mikro Hidro Kelas A (PLTMH),Langgiar Haar,Maluku Tenggara,42107.16856594482,PLTS Terpusat,30.0,Tanimbar Kei,2016,556429.5056004627,GI 150 kV PLTMG Ambon Peaker,0.0,150 kV,Operasi,21535.501277559993,PLTD Sewatama Langgur,4.0,PLTD,HSD,True,4.504499910000001,0.18468501,-5.853460217061219,132.7936007244214
81.02.13.2021,3.566576639304158,9.967349779855132,35.95806952773924,73.0,2730.1167372220198,2.31,6.3489897615047,0.9311674917491749,6326.376258372561,0.0,False,86.90441813456542,16.82762657301727,0.0,False,2.31,31.164515975174076,0.00999900060721535,1.5284667394515532,none,wind_solar_hybrid,mean 50 m wind 6.3 m/s (ERA5 coarse - met mast required),Mastur Baru,Kei Kecil Timur,Maluku Tenggara,intermittent,69251.98570630957,0,Mikro Hidro Kelas A (PLTMH),Langgiar Haar,Maluku Tenggara,39571.56931846389,PLTS Terpusat,30.0,Tanimbar Kei,2016,556979.5838698416,GI 150 kV PLTMG Ambon Peaker,0.0,150 kV,Operasi,24625.70306363104,PLTD Sewatama Langgur,4.0,PLTD,HSD,True,4.55649996,0.18681601000000003,-5.884842249157114,132.7828480179757
81.02.13.2022,3.138861463686494,10.309916463006559,53.15260712640149,84.0,2730.1167372220198,4.2,6.3489897615047,0.9865620704365552,7064.421459857842,0.0,False,95.80499134927594,17.446662078458363,0.0,False,4.2,27.41916953831221,0.01818000110402791,2.445047011804808,none,wind_solar_hybrid,mean 50 m wind 6.3 m/s (ERA5 coarse - met mast required),Ohoilus,Kei Kecil Timur,Maluku Tenggara,intermittent,68138.99951885034,0,Mikro Hidro Kelas A (PLTMH),Langgiar Haar,Maluku Tenggara,40180.91466366464,PLTS Terpusat,30.0,Tanimbar Kei,2016,556475.7119883143,GI 150 kV PLTMG Ambon Peaker,0.0,150 kV,Operasi,23388.641687899973,PLTD Sewatama Langgur,4.0,PLTD,HSD,True,4.53049994,0.18574999,-5.873256288338731,132.783781622605
81.02.13.2023,2.776597849887922,8.88527154765309,50.475572793588825,83.0,2730.1167372220198,0.63,6.3489897615047,0.9112731885206913,7732.298287863706,0.0,False,86.46814448355691,69.93635342568327,0.0,False,0.63,24.24937300121193,0.0027270001656041864,0.3243580567524534,none,wind_solar_hybrid,mean 50 m wind 6.3 m/s (ERA5 coarse - met mast required),Tenbuk,Kei Kecil Timur,Maluku Tenggara,intermittent,67463.04705888624,0,Mikro Hidro Kelas A (PLTMH),Langgiar Haar,Maluku Tenggara,40489.74270379796,PLTS Terpusat,30.0,Tanimbar Kei,2016,556007.5997027899,GI 150 kV PLTMG Ambon Peaker,0.0,150 kV,Operasi,22513.375493401476,PLTD Sewatama Langgur,4.0,PLTD,HSD,True,4.51100016,0.18495101,-5.865325432206056,132.78315136556182
81.02.13.2024,2.9201251155001753,10.490784408789278,48.56246172444784,84.0,2747.1279460892047,3.15,6.3489897615047,0.7625738918674758,8435.26757133406,0.0,False,87.32731789217371,36.90175645915024,0.0,False,3.15,25.504985916523477,0.013719959776415833,1.7163938031808603,none,wind_solar_hybrid,mean 50 m wind 6.3 m/s (ERA5 coarse - met mast required),Denwet,Kei Kecil Timur,Maluku Tenggara,intermittent,66483.85085156212,0,Mikro Hidro Kelas A (PLTMH),Langgiar Haar,Maluku Tenggara,41222.22620724581,PLTS Terpusat,30.0,Tanimbar Kei,2016,555875.7511609227,GI 150 kV PLTMG Ambon Peaker,0.0,150 kV,Operasi,21664.981284104433,PLTD Sewatama Langgur,4.0,PLTD,HSD,True,4.49800014,0.18441799,-5.8567070801851155,132.78628853980408
81.02.14.2001,2.7022131188100746,11.493496867054176,17.869670746843937,64.0,2685.6082626123234,8.82,6.35279296069016,0.7611121876996172,1988.1177027530337,0.5733920426611545,True,92.76881006552934,54.22177009155648,0.0,False,8.82,23.598757530426838,0.03755559499657644,4.347131690053257,none,resource_present_but_screened,"57% of village inside a protected area - non-viable without deep community and regulator engagement; flagged for policy pathway, not commercial deployment",Ohoidertutu,Kei Kecil Barat,Maluku Tenggara,intermittent,75480.70382754527,0,Mikro Hidro Kelas A (PLTMH),Langgiar Haar,Maluku Tenggara,31163.162710404904,PLTS Terpusat,30.0,Tanimbar Kei,2016,549832.7279351505,GI 150 kV PLTMG Ambon Peaker,0.0,150 kV,Operasi,25554.652895756662,PLTD Sewatama Langgur,4.0,PLTD,HSD,True,4.53049994,0.18574999,-5.895494876772278,132.70410421801236
81.02.14.2002,3.3934795288177977,15.920667727609514,35.117498822421084,85.0,2611.543734616315,3.78,6.35279296069016,0.841061892008025,4246.6716360433375,1.0,True,97.49227846629024,61.52321630804079,0.0,False,3.78,29.648371229178494,0.015651375121844356,2.276105310211192,none,resource_present_but_screened,"100% of village inside a protected area - non-viable without deep community and regulator engagement; flagged for policy pathway, not commercial deployment",Matwair,Kei Kecil Barat,Maluku Tenggara,dark_settled,76583.92745858479,0,Mikro Hidro Kelas A (PLTMH),Langgiar Haar,Maluku Tenggara,29314.2901226075,PLTS Terpusat,30.0,Tanimbar Kei,2016,547346.3894728563,GI 150 kV PLTMG Ambon Peaker,0.0,150 kV,Operasi,25379.840717329364,PLTD Sewatama Langgur,4.0,PLTD,HSD,True,4.517499920000001,0.18521699,-5.889531800027383,132.68181647475475
81.02.14.2003,3.2821093251806412,20.256435954293956,40.81077903505993,72.0,2620.4583615238707,1.05,6.35279296069016,0.8684625228085971,6480.7516201826475,1.0,True,95.63159422522114,50.416898276820476,0.0,False,1.05,28.67317677024058,0.004362444951167023,0.6135426864289286,none,resource_present_but_screened,"100% of village inside a protected area - non-viable without deep community and regulator engagement; flagged for policy pathway, not commercial deployment",Somlain,Kei Kecil Barat,Maluku Tenggara,intermittent,74647.81105409248,0,Mikro Hidro Kelas A (PLTMH),Langgiar Haar,Maluku Tenggara,30665.47903865784,PLTS Terpusat,30.0,Tanimbar Kei,2016,545903.4607344334,GI 150 kV PLTMG Ambon Peaker,0.0,150 kV,Operasi,22752.576604579546,PLTD Sewatama Langgur,4.0,PLTD,HSD,True,4.472000120000001,0.18335199000000002,-5.864679281483234,132.6803538502124
81.02.14.2004,2.525747465949842,14.16997604373699,16.207321722910162,45.0,2653.5218835598766,5.46,6.35279296069016,0.5908840739238744,6005.88959376544,1.0,True,80.70678542979218,48.350841107764666,0.0,False,5.46,22.055593233530097,0.022970937157909894,2.4850576543551677,none,resource_present_but_screened,"100% of village inside a protected area - non-viable without deep community and regulator engagement; flagged for policy pathway, not commercial deployment",Ohoiren,Kei Kecil Barat,Maluku Tenggara,intermittent,72795.92480517992,0,Mikro Hidro Kelas A (PLTMH),Langgiar Haar,Maluku Tenggara,32521.302674260587,PLTS Terpusat,30.0,Tanimbar Kei,2016,546592.4379518294,GI 150 kV PLTMG Ambon Peaker,0.0,150 kV,Operasi,21222.228805931307,PLTD Sewatama Langgur,4.0,PLTD,HSD,True,4.45900011,0.18281899000000001,-5.853799939190563,132.6931771015269
81.02.14.2006,3.372070171057297,16.786432118998942,24.469737662953868,60.0,3049.839467756724,0.42,,0.9314977344312211,6905.763550741511,1.0,True,91.70653561445195,36.82865153097687,0.0,False,0.42,29.46088656243001,0.0020309052772352616,0.29347728430913406,none,resource_present_but_screened,"100% of village inside a protected area - non-viable without deep community and regulator engagement; flagged for policy pathway, not commercial deployment",Warbal,Kei Kecil Barat,Maluku Tenggara,dark_settled,78752.95602191913,0,Mikro Hidro Kelas A (PLTMH),Langgiar Haar,Maluku Tenggara,26582.763804459122,PLTS Terpusat,30.0,Tanimbar Kei,2016,535993.8571795864,GI 150 kV PLTMG Ambon Peaker,0.0,150 kV,Operasi,23857.111849492067,PLTD Sewatama Langgur,4.0,PLTD,HSD,False,,,-5.830928848400829,132.596931392533
81.02.14.2007,2.6032350853115265,16.458949164398913,22.12681273219606,47.0,2663.324185816838,1.05,,0.950956097963904,18611.587735366644,1.0,True,94.22814818893951,61.905822935234724,0.0,False,1.05,22.733156872938995,0.004433806435673009,0.49439661659359696,none,resource_present_but_screened,"100% of village inside a protected area - non-viable without deep community and regulator engagement; flagged for policy pathway, not commercial deployment",Ur Pulau,Kei Kecil Barat,Maluku Tenggara,dark_settled,87860.87011798704,0,Mikro Hidro Kelas A (PLTMH),Langgiar Haar,Maluku Tenggara,18054.145576147203,PLTS Terpusat,30.0,Tanimbar Kei,2016,532080.4867954317,GI 150 kV PLTMG Ambon Peaker,0.0,150 kV,Operasi,32809.06982150414,PLTD Sewatama Langgur,4.0,PLTD,HSD,True,4.589000230000001,0.18814901,-5.87931332662877,132.53026275223434
81.02.14.2008,2.5118627530100315,14.687400117134032,19.447181477869297,46.0,2865.546249124087,0.42,,0.9403148767752548,30038.45264224882,1.0,True,90.45070388957097,59.39333872355963,0.0,False,0.42,21.934191784329155,0.0019081833850712146,0.20529612790796903,none,resource_present_but_screened,"100% of village inside a protected area - non-viable without deep community and regulator engagement; flagged for policy pathway, not commercial deployment",Tanimbar Kei,Kei Kecil Barat,Maluku Tenggara,dark_settled,104745.56776062289,0,Mikro Hidro Kelas A (PLTMH),Langgiar Haar,Maluku Tenggara,584.0979483831326,PLTS Terpusat,30.0,Tanimbar Kei,2016,532045.5242329881,GI 150 kV PLTMG Ambon Peaker,0.0,150 kV,Operasi,50253.57751914417,PLTD Sewatama Langgur,4.0,PLTD,HSD,True,4.602000240000001,0.18868200000000002,-6.017931853860741,132.44973014600558
81.02.14.2009,2.9915937092801417,21.18675184984743,20.6325374979589,52.0,2626.0566074861913,0.42,6.35279296069016,0.799614102536412,2049.2967200664234,0.3676912110935913,True,87.93315717854752,64.16545622606631,0.0,False,0.42,26.13032999586663,0.0017487058839805308,0.2241303541982828,none,resource_present_but_screened,"37% of village inside a protected area - non-viable without deep community and regulator engagement; flagged for policy pathway, not commercial deployment",Ohoidertom,Kei Kecil Barat,Maluku Tenggara,intermittent,78913.88828262514,0,Mikro Hidro Kelas A (PLTMH),Langgiar Haar,Maluku Tenggara,29165.780820257867,PLTS Terpusat,30.0,Tanimbar Kei,2016,551427.1795339644,GI 150 kV PLTMG Ambon Peaker,0.0,150 kV,Operasi,29663.916974601736,PLTD Sewatama Langgur,4.0,PLTD,HSD,True,4.58249998,0.18788201000000002,-5.932315723998369,132.70052900450105
81.02.14.2010,2.945286435817433,12.996543794082415,29.484218264443452,64.0,2736.595980805962,10.29,6.35279296069016,0.8465480109909151,2485.196169319436,0.0,False,98.71698611374681,37.99833887043191,0.0,False,10.29,25.72513613926501,0.044646709542258606,5.633601851015366,none,grid_extension,2.5 km from a reliably-lit settlement,Yatwav,Kei Kecil Barat,Maluku Tenggara,intermittent,73115.17111886424,0,Mikro Hidro Kelas A (PLTMH),Langgiar Haar,Maluku Tenggara,33697.63856089911,PLTS Terpusat,30.0,Tanimbar Kei,2016,551199.068671559,GI 150 kV PLTMG Ambon Peaker,0.0,150 kV,Operasi,24088.64902982744,PLTD Sewatama Langgur,4.0,PLTD,HSD,True,4.517499920000001,0.18521699,-5.884297488168937,132.72408574836706
81.02.15.2001,2.692749359131592,12.560938052520031,43.69257504302542,93.0,2604.3256616781023,2.73,6.18619865619142,0.8603101459672748,994.217531529192,0.633315626444434,True,89.97847503932445,38.31979739760721,0.0,False,2.73,23.515987320941036,0.011272528311106703,1.300240124074972,none,resource_present_but_screened,"63% of village inside a protected area - non-viable without deep community and regulator engagement; flagged for policy pathway, not commercial deployment",Rumadian,Manyeuw,Maluku Tenggara,intermittent,62679.7846680172,0,Mikro Hidro Kelas A (PLTMH),Langgiar Haar,Maluku Tenggara,41847.07962160813,PLTS Terpusat,30.0,Kaimer,2016,539554.4487320419,GI 150 kV PLTMG Ambon Peaker,0.0,150 kV,Operasi,7472.149457333138,PLTD Sewatama Langgur,4.0,PLTD,HSD,True,4.35500002,0.17855500000000002,-5.7175925964393555,132.69166667770557
81.02.15.2002,3.23546953334242,18.115022312503253,27.283865580820795,64.0,2628.714523238739,7.56,6.18619865619142,0.8581934167888552,0.0,0.9405834854298162,True,85.61005784787811,57.54637889894452,0.0,False,7.56,28.26484828478785,0.031508564490875295,4.368318419504646,none,resource_present_but_screened,"94% of village inside a protected area - non-viable without deep community and regulator engagement; flagged for policy pathway, not commercial deployment",Debut,Manyeuw,Maluku Tenggara,intermittent,66424.650415199,0,Mikro Hidro Kelas A (PLTMH),Langgiar Haar,Maluku Tenggara,37624.05071568686,PLTS Terpusat,30.0,Kaimer,2016,535390.6886060073,GI 150 kV PLTMG Ambon Peaker,0.0,150 kV,Operasi,11153.312256513598,PLTD Sewatama Langgur,4.0,PLTD,HSD,False,,,-5.717572854043499,132.6496402057364
81.02.15.2003,3.265611677517101,19.140157289332258,28.46112963596078,73.0,2686.4130691819046,15.33,6.18619865619142,0.8768997960392131,3144.1596651569716,0.5648559882882537,True,88.29252241629878,58.04910381396892,0.0,False,15.33,28.52873655848231,0.0652947620981713,9.136921511415512,none,resource_present_but_screened,"56% of village inside a protected area - non-viable without deep community and regulator engagement; flagged for policy pathway, not commercial deployment",Namar,Manyeuw,Maluku Tenggara,intermittent,62319.55373775284,0,Mikro Hidro Kelas A (PLTMH),Langgiar Haar,Maluku Tenggara,38157.1071106191,PLTS Terpusat,30.0,Kaimer,2016,535639.5897937312,GI 150 kV PLTMG Ambon Peaker,0.0,150 kV,Operasi,7601.5603172289975,PLTD Sewatama Langgur,4.0,PLTD,HSD,True,4.28350019,0.175624,-5.681702086466437,132.66998804342555
81.02.15.2004,3.3015564925628906,15.453887471302044,28.080146979010458,64.0,2673.7973826317034,1.68,6.18619865619142,0.9147980504848974,5986.369589273202,0.6905675360448668,True,92.02958256812427,65.92309950102731,0.0,False,1.68,28.84344674573693,0.007121986940038784,1.007598103296473,none,resource_present_but_screened,"69% of village inside a protected area - non-viable without deep community and regulator engagement; flagged for policy pathway, not commercial deployment",Ngilngof,Manyeuw,Maluku Tenggara,intermittent,63130.785801965,0,Mikro Hidro Kelas A (PLTMH),Langgiar Haar,Maluku Tenggara,34730.5506068168,PLTS Terpusat,30.0,Kaimer,2016,531984.3929686695,GI 150 kV PLTMG Ambon Peaker,0.0,150 kV,Operasi,10221.27942922864,PLTD Sewatama Langgur,4.0,PLTD,HSD,True,4.43949986,0.182019,-5.656286724597972,132.64569426416745
81.02.15.2005,2.303562305437559,9.076953240961416,26.44250684785021,48.0,2665.8701451753586,11.34,6.18619865619142,0.7657035494845884,3584.8663852366935,0.6377697659066673,True,89.16410240786442,69.78534553029618,0.0,False,11.34,20.113211689050654,0.047930884459488475,4.728635945455774,none,resource_present_but_screened,"64% of village inside a protected area - non-viable without deep community and regulator engagement; flagged for policy pathway, not commercial deployment",Selayar,Manyeuw,Maluku Tenggara,intermittent,63109.41691313316,0,Mikro Hidro Kelas A (PLTMH),Langgiar Haar,Maluku Tenggara,38571.75501403457,PLTS Terpusat,30.0,Kaimer,2016,536182.3746455589,GI 150 kV PLTMG Ambon Peaker,0.0,150 kV,Operasi,8027.374756131091,PLTD Sewatama Langgur,4.0,PLTD,HSD,True,4.23799992,0.17375800000000002,-5.693753663176233,132.6695071006296
81.02.15.2006,2.493035758037041,11.038309136395172,24.694774932064256,52.0,2626.6492423805284,10.08,6.18619865619142,0.773622286717297,4583.186493859921,0.9367319625258547,True,87.02528895454942,60.53080680280115,0.0,False,10.08,21.769581447973493,0.041978412549460505,4.4824463705106155,none,resource_present_but_screened,"94% of village inside a protected area - non-viable without deep community and regulator engagement; flagged for policy pathway, not commercial deployment",Lairngangas,Manyeuw,Maluku Tenggara,intermittent,64349.85846621596,0,Mikro Hidro Kelas A (PLTMH),Langgiar Haar,Maluku Tenggara,38402.73559506338,PLTS Terpusat,30.0,Kaimer,2016,536110.236184053,GI 150 kV PLTMG Ambon Peaker,0.0,150 kV,Operasi,9130.883313209204,PLTD Sewatama Langgur,4.0,PLTD,HSD,True,4.33549976,0.177755,-5.704592961596183,132.66339926316775
81.02.15.2007,2.503817031935822,10.162633445240926,41.107502877510846,95.0,2720.520793493508,11.34,6.18619865619142,0.8401347681094649,1406.0949470074916,0.0,False,90.98680968588488,63.417849112196656,0.0,False,11.34,21.86384493674871,0.048913473170688074,5.245586487300146,none,grid_extension,1.4 km from a reliably-lit settlement,Ohoiluk,Manyeuw,Maluku Tenggara,intermittent,59421.10227219203,0,Mikro Hidro Kelas A (PLTMH),Langgiar Haar,Maluku Tenggara,43057.049897746794,PLTS Terpusat,30.0,Kaimer,2016,540498.4063539961,GI 150 kV PLTMG Ambon Peaker,0.0,150 kV,Operasi,4163.912024702918,PLTD Sewatama Langgur,4.0,PLTD,HSD,True,4.32250023,0.177223,-5.695747712866905,132.7119660922372
81.02.15.2008,3.7687729310373856,19.015638049869434,38.871742759671925,65.0,2663.354658025527,1.05,,0.9411565574096934,6924.476379120662,0.6429524454357175,True,96.03365025635921,88.58055500099822,0.0,False,1.05,32.93626345741258,0.004433857164711447,0.716300143214963,none,resource_present_but_screened,"64% of village inside a protected area - non-viable without deep community and regulator engagement; flagged for policy pathway, not commercial deployment",Ohoililir,Manyeuw,Maluku Tenggara,intermittent,62679.73102476802,0,Mikro Hidro Kelas A (PLTMH),Langgiar Haar,Maluku Tenggara,34375.93940251311,PLTS Terpusat,30.0,Kaimer,2016,531457.6943574464,GI 150 kV PLTMG Ambon Peaker,0.0,150 kV,Operasi,10481.478659300577,PLTD Sewatama Langgur,4.0,PLTD,HSD,True,4.47849989,0.18361899,-5.646825892428533,132.6450176964029
81.02.15.2009,2.2807533128956803,12.618042904997793,44.27576423024934,68.0,2732.75107050089,3.15,6.18619865619142,0.8054049449282916,1111.6283101828597,0.0,False,81.4466054935528,81.21923727221494,0.0,False,3.15,19.91384677233993,0.013648157458266433,1.3331167866903058,none,grid_extension,1.1 km from a reliably-lit settlement,Ngayub,Manyeuw,Maluku Tenggara,intermittent,59673.71032989698,0,Mikro Hidro Kelas A (PLTMH),Langgiar Haar,Maluku Tenggara,41340.69106379717,PLTS Terpusat,30.0,Kaimer,2016,538680.6011902549,GI 150 kV PLTMG Ambon Peaker,0.0,150 kV,Operasi,4466.787745832483,PLTD Sewatama Langgur,4.0,PLTD,HSD,True,4.34200001,0.178022,-5.68311259322866,132.69987746256902
81.02.16.2001,1.8932440608105345,7.304673264229259,8.440678719620628,30.0,2639.8031808287906,0.63,6.18619865619142,0.32918709299773163,0.0,1.0,True,27.15581897340212,84.29602888086643,0.0,False,0.63,16.527686960801145,0.002636789706878073,0.21376007097232638,none,resource_present_but_screened,"100% of village inside a protected area - non-viable without deep community and regulator engagement; flagged for policy pathway, not commercial deployment",Tetoat,Hoat Sorbay,Maluku Tenggara,intermittent,65754.40893435037,0,Mikro Hidro Kelas A (PLTMH),Langgiar Haar,Maluku Tenggara,39421.8703909118,PLTS Terpusat,30.0,Tanimbar Kei,2016,540578.6129241366,GI 150 kV PLTMG Ambon Peaker,0.0,150 kV,Operasi,11088.614058321677,PLTD Sewatama Langgur,4.0,PLTD,HSD,True,4.39400005,0.180154,-5.752735626415421,132.6843646370575
81.02.16.2002,1.2633968857329767,6.575435118892125,1.4013862081066852,8.0,2607.677220743795,0.42,6.18619865619142,0.0,0.0,1.0,True,0.0,,,False,0.42,11.027004955381386,0.0017364669468423292,0.09392108532380156,none,resource_present_but_screened,"100% of village inside a protected area - non-viable without deep community and regulator engagement; flagged for policy pathway, not commercial deployment",Dian Pulau,Hoat Sorbay,Maluku Tenggara,intermittent,65351.43838459185,0,Mikro Hidro Kelas A (PLTMH),Langgiar Haar,Maluku Tenggara,39865.74578612799,PLTS Terpusat,30.0,Tanimbar Kei,2016,540489.6850938422,GI 150 kV PLTMG Ambon Peaker,0.0,150 kV,Operasi,10621.035725499398,PLTD Sewatama Langgur,4.0,PLTD,HSD,True,4.42000008,0.18122,-5.748533954897872,132.68559149785668
81.02.16.2003,3.1650417121967527,12.797505411152116,47.91158149868715,93.0,2825.468749514683,9.87,,0.8513226404931473,1792.3098922898348,0.2487905840107725,True,87.95226387524376,73.03683113273108,0.0,False,9.87,27.648328116297908,0.044215145480894724,5.996239139081386,none,resource_present_but_screened,"25% of village inside a protected area - non-viable without deep community and regulator engagement; flagged for policy pathway, not commercial deployment",Letvuan,Hoat Sorbay,Maluku Tenggara,intermittent,63949.72812475941,0,Mikro Hidro Kelas A (PLTMH),Langgiar Haar,Maluku Tenggara,40888.56001505105,PLTS Terpusat,30.0,Tanimbar Kei,2016,544346.0113712061,GI 150 kV PLTMG Ambon Peaker,0.0,150 kV,Operasi,10972.743224358292,PLTD Sewatama Langgur,4.0,PLTD,HSD,True,4.3744998,0.179354,-5.764549570239275,132.7165124524869
81.02.16.2004,3.2608216273423247,15.773474305375554,58.09313853915342,113.0,2821.827736546121,7.35,,0.9898310308506711,3334.578777746899,0.2241732300798786,True,98.97141676587285,47.785715402291686,0.0,False,7.35,28.48679959928283,0.03288374217341133,4.594771372372266,none,resource_present_but_screened,"22% of village inside a protected area - non-viable without deep community and regulator engagement; flagged for policy pathway, not commercial deployment",Evu,Hoat Sorbay,Maluku Tenggara,intermittent,66032.70119384144,0,Mikro Hidro Kelas A (PLTMH),Langgiar Haar,Maluku Tenggara,38933.51870151938,PLTS Terpusat,30.0,Tanimbar Kei,2016,546817.5087059983,GI 150 kV PLTMG Ambon Peaker,0.0,150 kV,Operasi,14636.942402356932,PLTD Sewatama Langgur,4.0,PLTD,HSD,True,4.40700006,0.18068700000000001,-5.799028323815182,132.72399898036633
81.02.16.2005,3.246862295736747,17.72032780123026,45.064120759395955,100.0,2771.3265959738815,12.389999999999999,6.35279296069016,0.9394323683958752,4500.952572789454,0.14082842456759087,True,98.99540757749713,31.49080876455682,0.0,False,12.389999999999999,28.36458772370449,0.054440538629053126,7.574219742148899,none,resource_present_but_screened,"14% of village inside a protected area - non-viable without deep community and regulator engagement; flagged for policy pathway, not commercial deployment",Warwut,Hoat Sorbay,Maluku Tenggara,dark_settled,69915.79021146774,0,Mikro Hidro Kelas A (PLTMH),Langgiar Haar,Maluku Tenggara,36038.3226285838,PLTS Terpusat,30.0,Tanimbar Kei,2016,550067.3415937917,GI 150 kV PLTMG Ambon Peaker,0.0,150 kV,Operasi,20423.642990214357,PLTD Sewatama Langgur,4.0,PLTD,HSD,True,4.45900011,0.18281899000000001,-5.851585367299384,132.72980712707752
81.02.16.2006,3.0490874295409256,17.82940079528443,28.917832835736398,73.0,2671.941520121647,2.73,,0.767374820923163,4473.754982184988,1.0,True,77.65151845996628,56.9000843678438,0.0,False,2.73,26.633454214075318,0.01156519588713232,1.5108435697457627,none,resource_present_but_screened,"100% of village inside a protected area - non-viable without deep community and regulator engagement; flagged for policy pathway, not commercial deployment",Wab,Hoat Sorbay,Maluku Tenggara,intermittent,68429.20815243514,0,Mikro Hidro Kelas A (PLTMH),Langgiar Haar,Maluku Tenggara,36400.61413103269,PLTS Terpusat,30.0,Tanimbar Kei,2016,543209.4872629395,GI 150 kV PLTMG Ambon Peaker,0.0,150 kV,Operasi,15054.233131443447,PLTD Sewatama Langgur,4.0,PLTD,HSD,True,4.36800003,0.17908800000000002,-5.794826337735764,132.68952398705835
81.02.16.2007,2.8459417156163576,12.797505411152116,42.502775537032065,93.0,2650.8711865691503,16.169999999999998,6.18619865619142,0.8471077428492739,497.1030451526122,0.2668858441200772,True,89.3335333331694,52.14022748502666,0.0,False,16.169999999999998,24.855971654937722,0.0679613569996562,8.285749487567408,none,resource_present_but_screened,"27% of village inside a protected area - non-viable without deep community and regulator engagement; flagged for policy pathway, not commercial deployment",Dian Darat,Hoat Sorbay,Maluku Tenggara,intermittent,62471.84809014326,0,Mikro Hidro Kelas A (PLTMH),Langgiar Haar,Maluku Tenggara,42605.693974478396,PLTS Terpusat,30.0,Tanimbar Kei,2016,542237.9863919507,GI 150 kV PLTMG Ambon Peaker,0.0,150 kV,Operasi,8207.552964946022,PLTD Sewatama Langgur,4.0,PLTD,HSD,True,4.3744998,0.179354,-5.736431249190443,132.70934676830234
81.02.16.2009,1.851545138328372,10.636397890537403,11.891360645298237,38.0,2648.736066667852,10.08,,0.4204144389698431,703.004467446687,1.0,True,44.56812343823719,59.61234177215191,0.0,False,10.08,16.163406304983102,0.042331398325741926,3.3560970918785213,none,resource_present_but_screened,"100% of village inside a protected area - non-viable without deep community and regulator engagement; flagged for policy pathway, not commercial deployment",Ngursit,Hoat Sorbay,Maluku Tenggara,intermittent,66083.18320439298,0,Mikro Hidro Kelas A (PLTMH),Langgiar Haar,Maluku Tenggara,38970.02029795096,PLTS Terpusat,30.0,Tanimbar Kei,2016,541220.8107218124,GI 150 kV PLTMG Ambon Peaker,0.0,150 kV,Operasi,11679.61515586522,PLTD Sewatama Langgur,4.0,PLTD,HSD,True,4.36800003,0.17908800000000002,-5.7603950936650135,132.68698027353113
81.02.16.2010,1.8134716357584975,6.8917927903203475,14.503219019566583,33.0,2648.736066667852,0.63,,0.8958690568978955,2049.568963831176,1.0,True,82.2872285150161,57.46077325402522,0.0,False,0.63,15.830812198820182,0.0026457123953588704,0.20543992158909824,none,resource_present_but_screened,"100% of village inside a protected area - non-viable without deep community and regulator engagement; flagged for policy pathway, not commercial deployment",Madwat,Hoat Sorbay,Maluku Tenggara,intermittent,67989.75971176027,0,Mikro Hidro Kelas A (PLTMH),Langgiar Haar,Maluku Tenggara,37059.4319539135,PLTS Terpusat,30.0,Tanimbar Kei,2016,540640.2455330219,GI 150 kV PLTMG Ambon Peaker,0.0,150 kV,Operasi,13528.13857631232,PLTD Sewatama Langgur,4.0,PLTD,HSD,True,4.33549976,0.177755,-5.772649400049162,132.67484073736395
81.02.16.2011,2.9116466259638702,17.82940079528443,25.222532606579705,65.0,2658.566390241712,1.26,,0.8224945926459983,3143.8710215274423,1.0,True,83.13426738122129,76.39850401846108,0.0,False,1.26,25.430805176843077,0.005311062994204333,0.6624919036504389,none,resource_present_but_screened,"100% of village inside a protected area - non-viable without deep community and regulator engagement; flagged for policy pathway, not commercial deployment",Ohoibadar,Hoat Sorbay,Maluku Tenggara,intermittent,68021.5672484001,0,Mikro Hidro Kelas A (PLTMH),Langgiar Haar,Maluku Tenggara,36861.8184112619,PLTS Terpusat,30.0,Tanimbar Kei,2016,542139.2309489539,GI 150 kV PLTMG Ambon Peaker,0.0,150 kV,Operasi,14140.985863319498,PLTD Sewatama Langgur,4.0,PLTD,HSD,True,4.32250023,0.177223,-5.783798241798336,132.68433258151856
81.02.16.2012,3.5427822870237793,10.76056483415714,27.63626764812356,61.0,2637.4375389365014,0.63,,0.9274779304950275,5964.937237725138,1.0,True,88.17460613058213,60.70694615700781,0.0,False,0.63,30.95606978204181,0.0026344267654902272,0.4000101015560924,none,resource_present_but_screened,"100% of village inside a protected area - non-viable without deep community and regulator engagement; flagged for policy pathway, not commercial deployment",Watngil,Hoat Sorbay,Maluku Tenggara,intermittent,69211.05898369978,0,Mikro Hidro Kelas A (PLTMH),Langgiar Haar,Maluku Tenggara,35628.2239624737,PLTS Terpusat,30.0,Tanimbar Kei,2016,543997.4270862056,GI 150 kV PLTMG Ambon Peaker,0.0,150 kV,Operasi,16252.79147721145,PLTD Sewatama Langgur,4.0,PLTD,HSD,True,4.38100004,0.179621,-5.806875554633006,132.69130251918833
81.02.16.2013,4.125356695087657,18.304303054020266,22.133195781751485,67.0,2737.867311535555,4.2,,0.5235790307971013,6047.216120869172,1.0,True,63.983926196338125,35.917312661498705,0.0,False,4.2,36.06286858964875,0.01823161261486766,3.224960245795576,none,resource_present_but_screened,"100% of village inside a protected area - non-viable without deep community and regulator engagement; flagged for policy pathway, not commercial deployment",Arso,Hoat Sorbay,Maluku Tenggara,intermittent,68391.85947606587,0,Mikro Hidro Kelas A (PLTMH),Langgiar Haar,Maluku Tenggara,36477.553891311596,PLTS Terpusat,30.0,Tanimbar Kei,2016,544897.2986717407,GI 150 kV PLTMG Ambon Peaker,0.0,150 kV,Operasi,15866.509365503905,PLTD Sewatama Langgur,4.0,PLTD,HSD,True,4.3874998100000004,0.17988700000000002,-5.80607122709017,132.70086935460955
81.02.17.2003,9.711827307835298,30.86333637128954,227.0203661593108,491.0,6194.426183232857,21.0,6.004778232955382,0.9842358499267261,9906.242587536659,0.5608768167738861,True,97.98865962740241,49.628160634605884,0.0,False,21.0,60.0,0.20624516401555365,60.69795176977744,moderate,resource_present_but_screened,"56% of village inside a protected area - non-viable without deep community and regulator engagement; flagged for policy pathway, not commercial deployment",Weer Frawaf,Kei Besar Utara Barat,Maluku Tenggara,intermittent,21248.04572804207,0,Mikro Hidro Kelas A (PLTMH),Langgiar Haar,Maluku Tenggara,78478.13378579658,PLTS Terpusat,30.0,Kaimer,2016,541443.6734935017,GI 150 kV PLTMG Sorong,0.0,150 kV,Operasi,14046.600621607306,PLTD Elat,1.6,PLTD,HSD,True,4.25099993,0.17429100000000003,-5.544005757043895,133.05333111683368
81.02.17.2006,9.421350483492676,28.9401989843804,295.1398020671762,463.0,6210.878218658639,7.35,5.972788536103999,0.9814442057544951,15251.922503818985,0.6448244885506536,True,96.72172765122026,25.165562913907287,0.0,False,7.35,60.0,0.07237752870868372,21.30070669896562,marginal,resource_present_but_screened,"64% of village inside a protected area - non-viable without deep community and regulator engagement; flagged for policy pathway, not commercial deployment",Ohoituf,Kei Besar Utara Barat,Maluku Tenggara,intermittent,17980.51308319702,0,Mikro Hidro Kelas A (PLTMH),Langgiar Haar,Maluku Tenggara,80037.70142499355,PLTS Terpusat,30.0,Kaimer,2016,539230.35168149,GI 150 kV PLTMG Sorong,0.0,150 kV,Operasi,17310.537470803705,PLTD Elat,1.6,PLTD,HSD,True,4.26399994,0.174824,-5.517464332768763,133.06603080245418
81.02.17.2008,10.852574058295694,29.430236295837677,241.06291152779164,506.0,5901.049514341258,5.25,5.972788536103999,0.9898995109671295,16669.31385997936,0.4217492675277513,True,97.23838408847072,58.39236218047434,0.0,False,5.25,60.0,0.04911927630373479,14.45580301618915,marginal,resource_present_but_screened,"42% of village inside a protected area - non-viable without deep community and regulator engagement; flagged for policy pathway, not commercial deployment",Ngurwalek,Kei Besar Utara Barat,Maluku Tenggara,dark_settled,16786.837648937,0,Mikro Hidro Kelas A (PLTMH),Langgiar Haar,Maluku Tenggara,79851.40725528852,PLTS Terpusat,30.0,Kaimer,2016,537690.7548398891,GI 150 kV PLTMG Sorong,0.0,150 kV,Operasi,18541.78785109034,PLTD Elat,1.6,PLTD,HSD,True,4.329,0.177489,-5.503657970802677,133.06322126253758
81.02.17.2009,11.285045707257925,46.97383463006597,292.57931547221557,550.0,4792.709486064012,2.52,5.972788536103999,0.9879190942068814,17621.082550456427,0.5170800881623859,True,98.10517983475981,57.71362586605085,0.0,False,2.52,60.0,0.01914895342605484,5.63553699328794,none,resource_present_but_screened,"52% of village inside a protected area - non-viable without deep community and regulator engagement; flagged for policy pathway, not commercial deployment",Uwat,Kei Besar Utara Barat,Maluku Tenggara,intermittent,15379.894524264637,0,Mikro Hidro Kelas A (PLTMH),Langgiar Haar,Maluku Tenggara,80874.30077704707,PLTS Terpusat,30.0,Kaimer,2016,537027.2818654513,GI 150 kV PLTMG Sorong,0.0,150 kV,Operasi,19925.389783286417,PLTD Elat,1.6,PLTD,HSD,True,4.36149979,0.178821,-5.493842198241462,133.07155063077076
81.02.17.2010,10.929609025413225,57.041938377585474,310.88036709275644,575.0,4731.161974162993,1.47,5.972788536103999,0.9842634605936246,21241.262735019427,0.46521575768085777,True,98.65060101710588,39.19423692636074,0.0,False,1.47,60.0,0.011026775910102106,3.2451801503430495,none,resource_present_but_screened,"47% of village inside a protected area - non-viable without deep community and regulator engagement; flagged for policy pathway, not commercial deployment",Uwat Wear,Kei Besar Utara Barat,Maluku Tenggara,dark_settled,12140.495343763727,0,Mikro Hidro Kelas A (PLTMH),Langgiar Haar,Maluku Tenggara,81967.51658298467,PLTS Terpusat,30.0,Kaimer,2016,534154.9599778187,GI 150 kV Aimas (60 MVA No.1 dan 2),60.0,150 kV,Operasi,23290.934913259585,PLTD Elat,1.6,PLTD,HSD,True,4.48500013,0.18388499000000003,-5.463284882979401,133.07770571537813
81.02.17.2011,10.331591639151803,45.50863502963088,254.38511267153478,538.0,4723.978316233207,4.62,5.972788536103999,0.9853547431955361,18716.55329597974,0.41647684822421055,True,96.59795458169145,57.55910504544223,0.0,False,4.62,60.0,0.03460296141076454,10.183651543188006,marginal,resource_present_but_screened,"42% of village inside a protected area - non-viable without deep community and regulator engagement; flagged for policy pathway, not commercial deployment",Uwat Reyaan,Kei Besar Utara Barat,Maluku Tenggara,intermittent,13877.510599958763,0,Mikro Hidro Kelas A (PLTMH),Langgiar Haar,Maluku Tenggara,81195.3463394885,PLTS Terpusat,30.0,Kaimer,2016,535527.2211991409,GI 150 kV PLTMG Sorong,0.0,150 kV,Operasi,21495.437360855867,PLTD Elat,1.6,PLTD,HSD,True,4.43300009,0.18175299,-5.478776921496647,133.0727525377022
81.02.17.2012,11.445273563670803,47.6778369453804,307.8599842176819,551.0,4725.963666319605,1.47,5.972788536103999,0.9904096724967719,20764.45538052949,0.5051530660155883,True,98.94019060138021,58.86984715145902,0.0,False,1.47,60.0,0.011014660371464072,3.241614547321877,none,resource_present_but_screened,"51% of village inside a protected area - non-viable without deep community and regulator engagement; flagged for policy pathway, not commercial deployment",Mun Ohoiir,Kei Besar Utara Barat,Maluku Tenggara,intermittent,12610.946494186384,0,Mikro Hidro Kelas A (PLTMH),Langgiar Haar,Maluku Tenggara,81934.35641439946,PLTS Terpusat,30.0,Kaimer,2016,534718.4178045321,GI 150 kV PLTMG Sorong,0.0,150 kV,Operasi,22764.11773457549,PLTD Elat,1.6,PLTD,HSD,True,4.48500013,0.18388499000000003,-5.4686974473294345,133.0781667328948
81.02.17.2013,12.323723438606093,37.99247685625546,298.33016451040305,573.0,4727.45015443037,3.9899999999999998,5.970737103159653,0.9790799710512031,22175.21637718559,0.5458862906508664,True,97.27924975990054,62.24197679674551,0.0,False,3.9899999999999998,60.0,0.02990633897161526,8.801435559346372,none,resource_present_but_screened,"55% of village inside a protected area - non-viable without deep community and regulator engagement; flagged for policy pathway, not commercial deployment",Mun Essoy,Kei Besar Utara Barat,Maluku Tenggara,intermittent,11618.858685316034,0,Mikro Hidro Kelas A (PLTMH),Langgiar Haar,Maluku Tenggara,82170.52196850559,PLTS Terpusat,30.0,Kaimer,2016,533685.7973473741,GI 150 kV Aimas (60 MVA No.1 dan 2),60.0,150 kV,Operasi,23845.66717246195,PLTD Elat,1.6,PLTD,HSD,True,4.47849989,0.18361899,-5.458320840488097,133.07882417421575
81.02.17.2014,12.073389194673172,45.989951831746914,315.7155679738883,521.0,4675.40322887143,4.41,5.931869286974089,0.9905712193335774,22644.171874347714,0.5587095790115926,True,97.3038579563671,28.12238055322716,0.0,False,4.41,60.0,0.03269046207401542,9.620802988382739,none,resource_present_but_screened,"56% of village inside a protected area - non-viable without deep community and regulator engagement; flagged for policy pathway, not commercial deployment",Mun Kahar,Kei Besar Utara Barat,Maluku Tenggara,intermittent,10958.484636776104,0,Mikro Hidro Kelas A (PLTMH),Langgiar Haar,Maluku Tenggara,82698.52924153402,PLTS Terpusat,30.0,Kaimer,2016,533404.2405763367,GI 150 kV Aimas (60 MVA No.1 dan 2),60.0,150 kV,Operasi,24473.888380714397,PLTD Elat,1.6,PLTD,HSD,True,4.47849989,0.18361899,-5.4539818499096056,133.0829818425565
81.02.17.2015,10.848304317698018,36.92060906620029,286.7948166877371,470.0,2823.0658568754243,6.09,5.862059552643983,0.9885271277495218,23114.315039264628,0.5357342593676434,True,99.53427259363333,42.17261904761906,0.0,False,6.09,60.0,0.027258484063247296,8.02217185981368,none,resource_present_but_screened,"54% of village inside a protected area - non-viable without deep community and regulator engagement; flagged for policy pathway, not commercial deployment",Mun Ngurditwain,Kei Besar Utara Barat,Maluku Tenggara,intermittent,10438.99464575088,0,Mikro Hidro Kelas A (PLTMH),Langgiar Haar,Maluku Tenggara,82933.28938739622,PLTS Terpusat,30.0,Kaimer,2016,532966.4068285273,GI 150 kV Aimas (60 MVA No.1 dan 2),60.0,150 kV,Operasi,25020.619830159747,PLTD Elat,1.6,PLTD,HSD,True,4.472000120000001,0.18335199000000002,-5.4492106802398865,133.08436765327193
81.02.17.2017,11.400004679983784,36.637216106092026,292.0083561158072,638.0,4707.421854479548,7.14,5.852437803368967,0.985461709008233,29576.924058820754,0.7256736526946109,True,97.05869890681053,44.83386041675691,0.0,False,7.14,60.0,0.05328987829937844,15.683211183507076,marginal,resource_present_but_screened,"73% of village inside a protected area - non-viable without deep community and regulator engagement; flagged for policy pathway, not commercial deployment",Ad Ngurwul,Kei Besar Utara Barat,Maluku Tenggara,intermittent,4908.737447244477,0,Mikro Hidro Kelas A (PLTMH),Langgiar Haar,Maluku Tenggara,85861.38362406826,PLTS Terpusat,30.0,Kaimer,2016,527619.3896099603,GI 150 kV Aimas (60 MVA No.1 dan 2),60.0,150 kV,Operasi,31604.849038865752,PLTD Elat,1.6,PLTD,HSD,True,4.36149979,0.178821,-5.391378037838908,133.09978258708756
81.02.17.2018,15.48927369540516,40.682406926809925,282.3258186502662,708.0,4679.532242734456,7.56,5.852437803368967,0.9753841812257882,29917.819768283585,0.669540174591263,True,97.63315506649738,49.023515344758884,0.0,False,7.56,60.0,0.056090283731406156,16.50737050215283,marginal,resource_present_but_screened,"67% of village inside a protected area - non-viable without deep community and regulator engagement; flagged for policy pathway, not commercial deployment",Ad Ohoiwaf,Kei Besar Utara Barat,Maluku Tenggara,intermittent,4370.85857797512,0,Mikro Hidro Kelas A (PLTMH),Langgiar Haar,Maluku Tenggara,86334.4537353685,PLTS Terpusat,30.0,Kaimer,2016,526571.2688417382,GI 150 kV Aimas (60 MVA No.1 dan 2),60.0,150 kV,Operasi,32797.338156746846,PLTD Elat,1.6,PLTD,HSD,True,4.33549976,0.177755,-5.380517625825418,133.10153336925652
81.02.17.2019,14.899042540593257,55.09815579555451,280.94342487724975,670.0,2629.351961977282,2.73,5.852437803368967,0.9904156976897481,32264.003403561066,0.7511153063269245,True,99.41518309146137,50.0784929356358,0.0,False,2.73,60.0,0.011380851814113998,3.3493846888937497,none,resource_present_but_screened,"75% of village inside a protected area - non-viable without deep community and regulator engagement; flagged for policy pathway, not commercial deployment",Laar,Kei Besar Utara Barat,Maluku Tenggara,dark_settled,3344.1762603438096,0,Mikro Hidro Kelas A (PLTMH),Langgiar Haar,Maluku Tenggara,88277.37388989955,PLTS Terpusat,30.0,Kaimer,2016,524880.4038868194,GI 150 kV Aimas (60 MVA No.1 dan 2),60.0,150 kV,Operasi,35527.964439527685,PLTD Elat,1.6,PLTD,HSD,True,4.31599998,0.176956,-5.359065289825785,133.11403804585305
81.02.17.2022,15.962999789512871,39.41737861583889,199.88947962472108,470.0,4532.145622505119,11.549999999999999,5.66569522307027,0.9694294506381474,38328.83601134236,0.2052855269131816,True,97.18711190402641,33.7496155029222,0.0,False,11.549999999999999,60.0,0.08299448557194018,24.425277103821998,marginal,resource_present_but_screened,"21% of village inside a protected area - non-viable without deep community and regulator engagement; flagged for policy pathway, not commercial deployment",Waer,Kei Besar Utara Barat,Maluku Tenggara,intermittent,7674.20980203347,0,Mikro Hidro Kelas A (PLTMH),Ohoimajang,Maluku Tenggara,92375.2341272404,PLTS Terpusat,30.0,Kaimer,2016,519733.3293747552,GI 150 kV Aimas (60 MVA No.1 dan 2),60.0,150 kV,Operasi,42421.513930573026,PLTD Elat,1.6,PLTD,HSD,True,4.472000120000001,0.18335199000000002,-5.300501554162993,133.13468625013564
81.02.17.2024,11.111256358375531,35.83095386192604,276.48839451242134,460.0,1893.3255250987963,7.35,5.852437803368967,0.9922473521960748,23585.575736294842,0.635382220368128,True,99.07656008461475,38.4873515745999,0.0,False,7.35,60.0,0.022063582270224747,6.4933122621271435,none,resource_present_but_screened,"64% of village inside a protected area - non-viable without deep community and regulator engagement; flagged for policy pathway, not commercial deployment",Mun Ohoitadiun,Kei Besar Utara Barat,Maluku Tenggara,intermittent,9712.268558839258,0,Mikro Hidro Kelas A (PLTMH),Langgiar Haar,Maluku Tenggara,83366.12750939629,PLTS Terpusat,30.0,Kaimer,2016,532471.3090665229,GI 150 kV Aimas (60 MVA No.1 dan 2),60.0,150 kV,Operasi,25758.886469036617,PLTD Elat,1.6,PLTD,HSD,True,4.465499879999999,0.18308599,-5.443261756011597,133.0873409619378
81.02.17.2025,9.396736172128426,36.3571441179275,263.70600041988416,747.0,2751.382103792299,2.52,5.852437803368967,0.9884961549416118,26423.810512490436,0.6584969181866858,True,98.5556615730785,31.812215488591633,0.0,False,2.52,60.0,0.010992965026567403,3.2352296073187867,none,resource_present_but_screened,"66% of village inside a protected area - non-viable without deep community and regulator engagement; flagged for policy pathway, not commercial deployment",Ad Wear Aur,Kei Besar Utara Barat,Maluku Tenggara,intermittent,6333.527039983588,0,Mikro Hidro Kelas A (PLTMH),Langgiar Haar,Maluku Tenggara,84890.6601877753,PLTS Terpusat,30.0,Kaimer,2016,529083.5340981846,GI 150 kV Aimas (60 MVA No.1 dan 2),60.0,150 kV,Operasi,29706.30833359204,PLTD Elat,1.6,PLTD,HSD,True,4.41349983,0.180953,-5.40767013387959,133.09448509719203
81.02.18.2001,14.542972993694836,39.16737839793384,356.5730865021695,545.0,5815.814493787813,2.31,,0.9886403263132311,12779.04031632462,0.0,False,97.26040423036693,55.80597291782601,0.0,False,2.31,60.0,0.021300309932537176,6.268681213145691,none,solar_biomass_hybrid,99% cropland/tree cover - sago/coconut residue,Hoat,Kei Besar Selatan Barat,Maluku Tenggara,intermittent,62878.431523948086,0,Mikro Hidro Kelas A (PLTMH),Langgiar Haar,Maluku Tenggara,51899.230088436154,PLTS Terpusat,30.0,Tanimbar Kei,2016,568792.5171257419,GI 150 kV PLTMG Ambon Peaker,0.0,150 kV,Operasi,27054.20914841244,PLTS Elat,0.2,PLTS,Surya,True,4.48500013,0.18388499000000003,-5.88697001290886,132.90191592403073
81.02.18.2002,17.758134325418016,45.039367425732756,230.08082822980452,433.0,5136.396952860442,0.84,,0.9639518974580543,14827.930370166298,0.0,False,97.75460529158445,33.48180198523798,0.0,False,0.84,60.0,0.0068407113146923704,2.013221339913965,none,solar_biomass_hybrid,96% cropland/tree cover - sago/coconut residue,Ngafan,Kei Besar Selatan Barat,Maluku Tenggara,intermittent,64874.121688401894,0,Mikro Hidro Kelas A (PLTMH),Langgiar Haar,Maluku Tenggara,50479.04507703936,PLTS Terpusat,30.0,Tanimbar Kei,2016,568721.32914161,GI 150 kV PLTMG Ambon Peaker,0.0,150 kV,Operasi,29033.31874192727,PLTS Elat,0.2,PLTS,Surya,True,4.53049994,0.18574999,-5.902691076739257,132.89310989835
81.02.18.2004,13.546548421021926,50.35442478940056,188.57256348748075,415.0,4934.8293957205215,1.05,,0.9856527084758577,12514.78221694249,0.0,False,98.27341227125945,46.92423915389598,0.0,False,1.05,60.0,0.008215326714717383,2.417770652141326,none,solar_biomass_hybrid,99% cropland/tree cover - sago/coconut residue,Rerean,Kei Besar Selatan Barat,Maluku Tenggara,intermittent,68487.9291725092,0,Mikro Hidro Kelas A (PLTMH),Langgiar Haar,Maluku Tenggara,48940.77782424448,PLTS Terpusat,30.0,Tanimbar Kei,2016,569762.4606502611,GI 150 kV PLTMG Ambon Peaker,0.0,150 kV,Operasi,32701.350493408165,PLTS Elat,0.2,PLTS,Surya,True,4.589000230000001,0.18814901,-5.935487583042766,132.88664212064654
81.02.18.2006,17.05674454531692,43.19090703139432,297.6748288223355,570.0,5658.180827088805,4.41,,0.9780004917399397,10378.85082150235,0.0,False,98.71264986886472,44.653362556234846,0.0,False,4.41,60.0,0.03956205201588919,11.643111908276191,marginal,solar_biomass_hybrid,98% cropland/tree cover - sago/coconut residue,Hoko,Kei Besar Selatan Barat,Maluku Tenggara,intermittent,60660.429162272616,0,Mikro Hidro Kelas A (PLTMH),Langgiar Haar,Maluku Tenggara,52339.31447852584,PLTS Terpusat,30.0,Tanimbar Kei,2016,567219.7740274495,GI 150 kV PLTMG Ambon Peaker,0.0,150 kV,Operasi,24741.856965826977,PLTS Elat,0.2,PLTS,Surya,True,4.40700006,0.18068700000000001,-5.86307540241425,132.89814947369766
81.02.18.2007,11.998668429505237,45.777812564178,61.320939801425205,101.0,2785.1114226678365,0.21,,0.9070127001656544,11591.78791213849,0.0,False,94.67427309532573,44.03647116806309,0.0,False,0.21,60.0,0.0009273106905762394,0.27290753623658726,none,solar_biomass_hybrid,91% cropland/tree cover - sago/coconut residue,Weduar Fer,Kei Besar Selatan Barat,Maluku Tenggara,intermittent,76646.74417419758,0,Mikro Hidro Kelas A (PLTMH),Langgiar Haar,Maluku Tenggara,43686.1156120311,PLTS Terpusat,30.0,Tanimbar Kei,2016,569166.1875208135,GI 150 kV PLTMG Ambon Peaker,0.0,150 kV,Operasi,38662.29164428015,PLTD Sewatama Langgur,4.0,PLTD,HSD,True,4.63450003,0.190014,-5.998164047797223,132.84708656894736
81.02.18.2008,10.194632870952661,19.70179812200706,49.88273283480626,75.0,3024.6145313846496,,,0.9947534102833157,11559.873576703814,0.0,False,89.21074727120065,1.5,0.0,True,,60.0,,,none,resource_present_but_screened,"89% intact canopy, 1.5% loss since 2015 - non-viable without deep community and regulator engagement; flagged for policy pathway, not commercial deployment",Uat,Kei Besar Selatan Barat,Maluku Tenggara,intermittent,75643.00292764496,0,Mikro Hidro Kelas A (PLTMH),Langgiar Haar,Maluku Tenggara,44096.959496669246,PLTS Terpusat,30.0,Tanimbar Kei,2016,569018.9397174817,GI 150 kV PLTMG Ambon Peaker,0.0,150 kV,Operasi,37875.78378491224,PLTD Sewatama Langgur,4.0,PLTD,HSD,True,4.63450003,0.190014,-5.989642657162399,132.85019214274953
81.02.18.2010,15.566691206893816,29.00273255022503,50.775875639512,93.0,3024.366033000275,0.42,,0.8010693887471139,11168.725475630601,0.0,False,89.21151743409065,34.385493619879114,0.0,False,0.42,60.0,0.0020139423735732426,0.5927032405426054,none,solar_biomass_hybrid,80% cropland/tree cover - sago/coconut residue,Watkidat,Kei Besar Selatan Barat,Maluku Tenggara,intermittent,74308.09593966605,0,Mikro Hidro Kelas A (PLTMH),Langgiar Haar,Maluku Tenggara,44376.04309592588,PLTS Terpusat,30.0,Tanimbar Kei,2016,568477.0915241236,GI 150 kV PLTMG Ambon Peaker,0.0,150 kV,Operasi,36596.30040756614,PLTD Sewatama Langgur,4.0,PLTD,HSD,True,4.627999780000001,0.189748,-5.976963406463733,132.85147028735898
81.02.18.2013,21.212259746785943,45.457182537543204,121.17299424324126,293.0,4024.2375625672676,0.42,,0.9081201384829822,11969.673985221987,0.0,False,93.77585896744017,66.29055007052187,0.0,False,0.42,60.0,0.0026797624560474576,0.7886540908147668,none,solar_biomass_hybrid,91% cropland/tree cover - sago/coconut residue,Rahangiar,Kei Besar Selatan Barat,Maluku Tenggara,intermittent,71082.47243437776,0,Mikro Hidro Kelas A (PLTMH),Langgiar Haar,Maluku Tenggara,46337.884467341966,PLTS Terpusat,30.0,Tanimbar Kei,2016,568545.4319490311,GI 150 kV PLTMG Ambon Peaker,0.0,150 kV,Operasi,34579.08543435781,PLTD Sewatama Langgur,4.0,PLTD,HSD,True,4.6085,0.18894801,-5.951583608904213,132.86572618978045
81.02.19.2001,2.386487375376301,10.347759519686907,22.30631291765235,42.0,2686.514691603092,1.05,6.35279296069016,0.924984276226721,497.01760532198455,0.0,False,94.55562659846544,42.45195710163864,0.0,False,1.05,20.838083146622076,0.0044724131566832295,0.4571289169886821,none,grid_extension,0.5 km from a reliably-lit settlement,Danar Ohoiseb,Kei Kecil Timur Selatan,Maluku Tenggara,intermittent,77808.53889785364,0,Mikro Hidro Kelas A (PLTMH),Langgiar Haar,Maluku Tenggara,32227.45177105357,PLTS Terpusat,30.0,Tanimbar Kei,2016,555271.3076649278,GI 150 kV PLTMG Ambon Peaker,0.0,150 kV,Operasi,30728.83244652591,PLTD Sewatama Langgur,4.0,PLTD,HSD,True,4.5954999899999995,0.18841501000000002,-5.944387663023363,132.73348851774915
81.02.19.2002,2.14264853806054,8.890691694080903,22.8568747883237,52.0,2660.4236230165448,4.83,6.35137811867236,0.9365280289330923,0.0,0.0,False,93.70642015211274,65.52941918395662,0.0,False,4.83,18.706857059806914,0.020373297341403335,1.8693953716986376,none,grid_extension,0.0 km from a reliably-lit settlement,Danar Ternate,Kei Kecil Timur Selatan,Maluku Tenggara,intermittent,75265.93708402837,0,Mikro Hidro Kelas A (PLTMH),Langgiar Haar,Maluku Tenggara,34647.61771042206,PLTS Terpusat,30.0,Tanimbar Kei,2016,556254.7315426256,GI 150 kV PLTMG Ambon Peaker,0.0,150 kV,Operasi,29086.134526344158,PLTD Sewatama Langgur,4.0,PLTD,HSD,True,4.5954999899999995,0.18841501000000002,-5.929242848448714,132.75180031441877
81.02.19.2003,2.81185038402859,10.729945004649103,34.478210087834775,65.0,2642.6320290404374,8.19,6.349040640423569,0.9470188188622006,0.0,0.0,False,91.53567916256898,52.61419922949919,0.0,False,8.19,24.557742237353477,0.0343149992355422,4.133438134427499,none,grid_extension,0.0 km from a reliably-lit settlement,Danar Lumefar,Kei Kecil Timur Selatan,Maluku Tenggara,intermittent,74868.58447726246,0,Mikro Hidro Kelas A (PLTMH),Langgiar Haar,Maluku Tenggara,35733.94397229977,PLTS Terpusat,30.0,Tanimbar Kei,2016,557529.4585968285,GI 150 kV PLTMG Ambon Peaker,0.0,150 kV,Operasi,29551.676681338573,PLTD Sewatama Langgur,4.0,PLTD,HSD,True,4.5954999899999995,0.18841501000000002,-5.932587956328871,132.76307455335436
81.02.19.2004,2.2472744273374996,9.313308504493246,31.08662908346072,52.0,2642.6320290404374,1.68,6.3489897615047,0.9771485762745532,2049.2723518056355,0.0,False,93.42695384427314,51.54814004376369,0.0,False,1.68,19.621231722489714,0.007038974202162505,0.6774459518749089,none,grid_extension,2.0 km from a reliably-lit settlement,Elaar Ngursoin,Kei Kecil Timur Selatan,Maluku Tenggara,intermittent,73530.6617145562,0,Mikro Hidro Kelas A (PLTMH),Langgiar Haar,Maluku Tenggara,36990.10113981654,PLTS Terpusat,30.0,Tanimbar Kei,2016,558012.4516200849,GI 150 kV PLTMG Ambon Peaker,0.0,150 kV,Operasi,28761.81758185434,PLTD Sewatama Langgur,4.0,PLTD,HSD,True,4.589000230000001,0.18814901,-5.924349935512582,132.7724500608778
81.02.19.2005,2.2017266094799015,7.663847178348541,33.29622388118655,65.0,2653.591883119513,2.52,6.3489897615047,0.9432758424500546,3514.528773534227,0.0,False,92.85650424675906,34.64667314230211,0.0,False,2.52,19.22315225565119,0.010602250674564266,0.9996815703465228,none,grid_extension,3.5 km from a reliably-lit settlement,Elaar Lamagorang,Kei Kecil Timur Selatan,Maluku Tenggara,intermittent,71979.777366445,0,Mikro Hidro Kelas A (PLTMH),Langgiar Haar,Maluku Tenggara,37794.27179803348,PLTS Terpusat,30.0,Tanimbar Kei,2016,557490.0533954946,GI 150 kV PLTMG Ambon Peaker,0.0,150 kV,Operasi,27151.729863363165,PLTD Sewatama Langgur,4.0,PLTD,HSD,True,4.57600021,0.18761601000000003,-5.909328644084623,132.77511935685942
81.02.19.2006,2.387426377787638,10.109469245475195,33.49672680280899,65.0,2684.1587897236877,3.78,6.3489897615047,0.8660828660828661,4920.379183812971,0.0,False,91.50628581022939,30.202469135802474,0.0,False,3.78,20.846291726886076,0.016086568089097444,1.6448686536780825,none,grid_extension,4.9 km from a reliably-lit settlement,Elaar Let,Kei Kecil Timur Selatan,Maluku Tenggara,intermittent,70971.7078205634,0,Mikro Hidro Kelas A (PLTMH),Langgiar Haar,Maluku Tenggara,38566.91265577956,PLTS Terpusat,30.0,Tanimbar Kei,2016,557527.3185559035,GI 150 kV PLTMG Ambon Peaker,0.0,150 kV,Operasi,26371.568472023482,PLTD Sewatama Langgur,4.0,PLTD,HSD,True,4.563000199999999,0.18708301,-5.901450738780664,132.77968076140857
81.02.19.2007,2.2023139897712456,8.531261665629616,29.52173512682658,53.0,2687.4809873773747,0.84,6.352756133937485,0.9359524913195204,0.0,0.0,False,92.76824991473023,43.6599423631124,0.0,False,0.84,19.228285694324967,0.003579217448942471,0.3375729678632081,none,grid_extension,0.0 km from a reliably-lit settlement,Sare,Kei Kecil Timur Selatan,Maluku Tenggara,intermittent,75594.48107331626,0,Mikro Hidro Kelas A (PLTMH),Langgiar Haar,Maluku Tenggara,33750.30178502014,PLTS Terpusat,30.0,Tanimbar Kei,2016,555163.9287027555,GI 150 kV PLTMG Ambon Peaker,0.0,150 kV,Operasi,28704.27045480485,PLTD Sewatama Langgur,4.0,PLTD,HSD,True,4.58249998,0.18788201000000002,-5.926159170098128,132.74227119080552
81.02.19.2008,3.1297729184789285,11.962561765060341,25.303052995391702,42.0,2690.407963230088,1.05,6.35279296069016,0.8983719607564338,994.0509921528171,0.0,False,95.78371076113619,66.22770919067219,0.0,False,1.05,27.339619198536003,0.004478894535438218,0.6006234843986414,none,grid_extension,1.0 km from a reliably-lit settlement,Maar,Kei Kecil Timur Selatan,Maluku Tenggara,intermittent,77482.35392212191,0,Mikro Hidro Kelas A (PLTMH),Langgiar Haar,Maluku Tenggara,31827.40327031359,PLTS Terpusat,30.0,Tanimbar Kei,2016,554245.3951008834,GI 150 kV PLTMG Ambon Peaker,0.0,150 kV,Operasi,29852.45598844438,PLTD Sewatama Langgur,4.0,PLTD,HSD,True,4.58249998,0.18788201000000002,-5.936348310075101,132.72731662398007
81.02.19.2009,2.462563427757594,8.514245013547262,24.76963051177753,59.0,2690.40613860686,1.68,6.35279296069016,0.8008344711038127,0.0,0.0,False,94.09136474294716,45.44876742180053,0.0,False,1.68,21.50316224905809,0.007166226396593616,0.7558434743498309,none,grid_extension,0.0 km from a reliably-lit settlement,Uf,Kei Kecil Timur Selatan,Maluku Tenggara,intermittent,74791.54379323454,0,Mikro Hidro Kelas A (PLTMH),Langgiar Haar,Maluku Tenggara,33590.24197764196,PLTS Terpusat,30.0,Tanimbar Kei,2016,553807.9298608962,GI 150 kV PLTMG Ambon Peaker,0.0,150 kV,Operasi,27175.26169393695,PLTD Sewatama Langgur,4.0,PLTD,HSD,True,4.56949997,0.18734901,-5.9124507989301485,132.7357452497316
81.02.19.2010,3.3971767080466395,10.115302299075632,44.05673645089698,72.0,2716.0005263267467,4.41,6.3489897615047,0.8971786833855799,4970.411986193902,0.0,False,92.97709671559966,76.43408889451693,0.0,False,4.41,29.680748771881156,0.01899030048373439,2.7646852867140446,none,grid_extension,5.0 km from a reliably-lit settlement,Ngurwul,Kei Kecil Timur Selatan,Maluku Tenggara,intermittent,70334.75862069508,0,Mikro Hidro Kelas A (PLTMH),Langgiar Haar,Maluku Tenggara,38595.9718489805,PLTS Terpusat,30.0,Tanimbar Kei,2016,556724.0478423611,GI 150 kV PLTMG Ambon Peaker,0.0,150 kV,Operasi,25295.970757891686,PLTD Sewatama Langgur,4.0,PLTD,HSD,True,4.5500001899999996,0.18655001,-5.892212189633002,132.77635931124738
81.02.19.2011,3.728934770944556,9.739221809343393,39.92781581819983,73.0,2722.594651485104,1.89,6.3489897615047,0.8972260341109586,5623.423512416613,0.0,False,86.1273092566276,84.99291282778174,0.0,False,1.89,32.58711732717675,0.008158460000169404,1.3040467003157072,none,wind_solar_hybrid,mean 50 m wind 6.3 m/s (ERA5 coarse - met mast required),Garara,Kei Kecil Timur Selatan,Maluku Tenggara,intermittent,69772.67287534813,0,Mikro Hidro Kelas A (PLTMH),Langgiar Haar,Maluku Tenggara,39163.32162679504,PLTS Terpusat,30.0,Tanimbar Kei,2016,556969.3355645072,GI 150 kV PLTMG Ambon Peaker,0.0,150 kV,Operasi,25025.932652282016,PLTD Sewatama Langgur,4.0,PLTD,HSD,True,4.55649996,0.18681601000000003,-5.888971510666748,132.78057171644696
81.03.01.2002,5.115083533047393,20.238320178582306,83.45086166899019,181.0,2501.8708885393667,16.8,5.544162944857442,0.9143784531708671,0.0,0.0,False,88.10535537827153,17.61296119178043,0.0,False,16.8,44.756491400902256,0.06664039657448846,14.62960559925136,marginal,grid_extension,0.0 km from a reliably-lit settlement,Wowonda,Tanimbar Selatan,Kepulauan Tanimbar,intermittent,23491.809071102864,0,Mikro Hidro Kelas A (PLTMH),Arui Bab,Maluku Tenggara Barat,12647.904614126992,PLT Hybrid,100.0,Bomaki,2015,576540.0079647325,GI 150 kV Sirimau,0.0,150 kV,Operasi,5066.213914720282,PLTD Saumlaki,5.0,PLTD,HSD,True,4.30299997,0.176423,-7.868146567940396,131.30812781792406
81.03.01.2003,3.820706718028625,17.67987531687954,88.07928867742176,167.0,2464.037602351514,40.949999999999996,6.061396763205755,0.9494355704431878,1788.4144251962407,0.0,False,87.78849486304388,50.30081445811785,0.0,False,25.0,33.39146510382807,0.0976676497634257,15.996509331951065,marginal,grid_extension,1.8 km from a reliably-lit settlement,Ilngei,Tanimbar Selatan,Kepulauan Tanimbar,intermittent,26866.99098740914,0,Mikro Hidro Kelas A (PLTMH),Arui Bab,Maluku Tenggara Barat,9206.115398597543,PLT Hybrid,100.0,Bomaki,2015,574673.8133420208,GI 150 kV Sirimau,0.0,150 kV,Operasi,5475.125997043451,PLTD Saumlaki,5.0,PLTD,HSD,True,4.30950022,0.17669,-7.875018609739974,131.2700409670876
81.03.01.2004,4.298745506757255,23.781153111047743,85.68454927487814,164.0,2150.3459784459933,29.61,6.134072536175363,0.936901070604151,0.0,0.0,False,79.59577930028682,35.79527865995575,0.0,False,25.0,37.58417945641796,0.08523377958705897,15.712881380307852,marginal,grid_extension,0.0 km from a reliably-lit settlement,Kabiarat,Tanimbar Selatan,Kepulauan Tanimbar,intermittent,29664.65868330505,0,Mikro Hidro Kelas A (PLTMH),Arui Bab,Maluku Tenggara Barat,6512.719258155666,PLT Hybrid,100.0,Bomaki,2015,577589.9362409587,GI 150 kV Sirimau,0.0,150 kV,Operasi,3611.0552313208614,PLTD Saumlaki,5.0,PLTD,HSD,True,4.36149979,0.178821,-7.908157450147568,131.26901967691003
81.03.01.2008,3.8344677189212018,22.90839217888855,65.63847086546991,150.0,2053.1283278164633,20.58,6.7650064071914455,0.8278008603134922,1568.4683014010836,0.0,False,95.4061988488844,55.684428704521395,0.0,False,20.58,33.51209001280684,0.06699229608457448,11.011979356382003,marginal,grid_extension,1.6 km from a reliably-lit settlement,Lermatang,Tanimbar Selatan,Kepulauan Tanimbar,intermittent,37281.92477537337,0,Mikro Hidro Kelas A (PLTMH),Arui Bab,Maluku Tenggara Barat,1998.6653259914335,PLT Hybrid,100.0,Bomaki,2015,579316.9529103148,GI 150 kV Sirimau,0.0,150 kV,Operasi,10030.16627578471,PLTD Saumlaki,5.0,PLTD,HSD,True,4.43300009,0.18175299,-7.959547935152831,131.223260538685
81.03.01.2009,3.7552216009634853,18.825587586333945,52.91790470036479,146.0,2112.5339405080304,105.63,6.618725567475897,0.7879264103341314,9411.059650751344,0.002820156361185856,False,92.47979575298463,32.45223173666443,0.0,False,25.0,32.817494499245676,0.08373501476519021,13.478809460541592,marginal,wind_solar_hybrid,mean 50 m wind 6.6 m/s (ERA5 coarse - met mast required),Latdalam,Tanimbar Selatan,Kepulauan Tanimbar,intermittent,38758.68664391184,0,Mikro Hidro Kelas A (PLTMH),Arui Bab,Maluku Tenggara Barat,8653.036477633197,PLT Hybrid,100.0,Bomaki,2015,569656.3127850639,GI 150 kV Sirimau,0.0,150 kV,Operasi,16402.346221794534,PLTD Saumlaki,5.0,PLTD,HSD,True,4.3874998100000004,0.17988700000000002,-7.90228009848515,131.15289005497274
81.03.01.2011,2.3039408671284733,12.55065196128544,14.05515093246233,33.0,1941.7930671397107,0.42,6.9785827286711735,0.5264591566245465,9628.843454207,0.0,False,53.96749249920726,32.17093327958073,0.0,False,0.42,20.116520609622558,0.0012930509389248454,0.1275873191539608,none,wind_solar_hybrid,mean 50 m wind 7.0 m/s (ERA5 coarse - met mast required),Matakus,Tanimbar Selatan,Kepulauan Tanimbar,intermittent,47829.62399610833,0,Mikro Hidro Kelas A (PLTMH),Arui Bab,Maluku Tenggara Barat,11910.44299092389,PLT Hybrid,100.0,Adaut,2015,587633.8083508931,GI 150 kV Sirimau,0.0,150 kV,Operasi,13190.347011712762,PLTD Adaut,1.2,PLTD,HSD,True,4.54349995,0.18628301,-8.063621235887364,131.2041834112258
81.03.02.2001,2.1206823616930586,25.532801834480537,23.518724509798183,75.0,1981.3476631013993,20.37,7.361508854463688,0.6857406875087476,0.0,0.022839948192408078,False,52.74072281483073,50.55884931801708,0.0,False,20.37,18.514900426486577,0.06399044250598603,5.8113295724574385,none,grid_extension,0.0 km from a reliably-lit settlement,Adaut,Selaru,Kepulauan Tanimbar,intermittent,62722.02361576275,0,Mikro Hidro Kelas A (PLTMH),Arui Bab,Maluku Tenggara Barat,5326.3861780923935,PLT Hybrid,100.0,Adaut,2015,585624.7316218923,GI 150 kV Sirimau,0.0,150 kV,Operasi,4524.989300261518,PLTS Adaut,1.0,PLTS,Surya,True,4.40049982,0.18042,-8.130270866207118,131.06937338829545
81.03.02.2002,2.1623785576100136,12.818179792843019,19.32570786634645,51.0,1923.499135785621,31.709999999999997,7.3625686172869145,0.5708058118345756,0.0,0.0,False,55.6656324892985,18.51773155132484,0.0,False,25.0,18.87927720013368,0.07624219684589126,7.060245073986624,none,grid_extension,0.0 km from a reliably-lit settlement,Namtabung,Selaru,Kepulauan Tanimbar,intermittent,74118.74881694427,0,Mikro Hidro Kelas A (PLTMH),Arui Bab,Maluku Tenggara Barat,3078.246728288362,PLTS Terpusat,15.0,Eliasa,2012,582076.9534599687,GI 150 kV Sirimau,0.0,150 kV,Operasi,17324.963785089145,PLTS Adaut,1.0,PLTS,Surya,True,4.48500013,0.18388499000000003,-8.163607912260746,130.95486272817698
81.03.02.2003,1.8151909827118398,8.232546099884676,22.34510006311332,58.0,1954.0547460605305,20.37,7.357635097005722,0.4860679137898011,0.0,0.0,False,14.466247117226287,76.59170956380383,0.0,False,20.37,15.845831386774266,0.06310897890863301,4.905069841204581,none,grid_extension,0.0 km from a reliably-lit settlement,Kandar,Selaru,Kepulauan Tanimbar,intermittent,72836.05301987614,0,Mikro Hidro Kelas A (PLTMH),Arui Bab,Maluku Tenggara Barat,3363.0981490190557,PLTS Terpusat,15.0,Eliasa,2012,587866.157322002,GI 150 kV Sirimau,0.0,150 kV,Operasi,13292.069171305868,PLTS Adaut,1.0,PLTS,Surya,True,4.504499910000001,0.18468501,-8.19469659699661,131.0042184386419
81.03.02.2004,1.6871661922774792,12.968688077739252,18.32229396186546,76.0,1927.3130861200511,11.969999999999999,7.35659156481555,0.3768101132493706,0.0,0.0,False,13.452516052330349,31.92823003995927,0.0,False,11.969999999999999,14.727559556032919,0.036577146183499824,2.642284744649394,none,grid_extension,0.0 km from a reliably-lit settlement,Lingat,Selaru,Kepulauan Tanimbar,intermittent,87248.35064599907,0,Mikro Hidro Kelas A (PLTMH),Arui Bab,Maluku Tenggara Barat,353.3872456468593,PLTS Terpusat,100.0,Lingat,2014,586459.0806830678,GI 150 kV Sirimau,0.0,150 kV,Operasi,28691.984945857126,PLTS Adaut,1.0,PLTS,Surya,True,4.602000240000001,0.18868200000000002,-8.254831619868657,130.87805299613885
81.03.02.2005,1.995487981708203,10.121894869508747,24.116909022335843,77.0,2022.8072951696636,3.15,,0.24251809900908142,7319.981422876017,0.0,False,2.8599710967706327,92.29843561973526,0.0,False,3.15,17.42096205066957,0.010102490772108765,0.8632560064967076,none,solar_battery,uniform equatorial irradiance; no discriminating alternative,Fursuy,Selaru,Kepulauan Tanimbar,intermittent,96995.92644601129,0,Mikro Hidro Kelas A (PLTMH),Arui Bab,Maluku Tenggara Barat,2532.3802870243258,PLTS Terpusat,15.0,Werain,2012,589756.7526877674,GI 150 kV Sirimau,0.0,150 kV,Operasi,37923.165556957465,PLTS Adaut,1.0,PLTS,Surya,True,4.614999770000001,0.189215,-8.321660845287921,130.82027503033402
81.03.02.2006,2.2059414372240727,11.080477626605028,24.868139472301603,79.0,2001.996468806582,7.56,,0.428169784413301,7744.33098708339,0.0,False,8.859901285458587,58.7937384898711,0.0,False,7.56,19.259988037796763,0.023996533016517253,2.2669582650431486,none,solar_battery,uniform equatorial irradiance; no discriminating alternative,Werain,Selaru,Kepulauan Tanimbar,intermittent,96758.18115513897,0,Mikro Hidro Kelas A (PLTMH),Arui Bab,Maluku Tenggara Barat,1279.8885591558462,PLTS Terpusat,15.0,Werain,2012,586191.9595072254,GI 150 kV Sirimau,0.0,150 kV,Operasi,38562.48045923957,PLTS Adaut,1.0,PLTS,Surya,True,4.614999770000001,0.189215,-8.296729391505226,130.79896068799346
81.03.02.2007,1.7159863896764616,8.362245745379663,12.05378389565554,30.0,1885.9218430130152,10.92,,0.4378934550106734,12274.45671086403,0.0,False,9.031935404374995,68.03358088472719,0.0,False,10.92,14.979285180307743,0.032651995379411033,2.3990529151744857,none,solar_battery,uniform equatorial irradiance; no discriminating alternative,Eliasa,Selaru,Kepulauan Tanimbar,intermittent,100988.03294652601,0,Mikro Hidro Kelas A (PLTMH),Arui Bab,Maluku Tenggara Barat,3633.2699198847604,PLTS Terpusat,15.0,Werain,2012,588588.3855479162,GI 150 kV Sirimau,0.0,150 kV,Operasi,42321.98787872413,PLTS Adaut,1.0,PLTS,Surya,True,4.5954999899999995,0.18841501000000002,-8.331963323032399,130.77969720374
81.03.03.2001,4.798689053110448,23.157982281307373,102.23218872313919,181.0,2682.635420735554,71.19,5.148794072288493,0.9562192054007718,0.0,0.0,False,91.43070888482035,26.377672101857947,0.0,False,25.0,41.97465226840558,0.10633226394975402,21.892289339616912,marginal,grid_extension,0.0 km from a reliably-lit settlement,Tumbur,Wertamrian,Kepulauan Tanimbar,intermittent,21590.090412338843,0,Mikro Hidro Kelas A (PLTMH),Arui Bab,Maluku Tenggara Barat,14442.280757210126,PLT Hybrid,100.0,Bomaki,2015,575464.2589531812,GI 150 kV Sirimau,0.0,150 kV,Operasi,7038.805217108631,PLTD Saumlaki,5.0,PLTD,HSD,True,4.25099993,0.17429100000000003,-7.851296510234915,131.31467229492975
81.03.03.2002,4.455200307462896,26.39202025179799,93.57087825069645,193.0,2680.844927151237,109.83,4.549798523570611,0.9505017527494845,701.5145891212813,0.0,False,96.05277015124699,41.956655160547626,0.0,False,25.0,38.95750493355971,0.1062612937258703,20.305105259775807,marginal,grid_extension,0.7 km from a reliably-lit settlement,Lorulun,Wertamrian,Kepulauan Tanimbar,intermittent,17042.19989461055,0,Mikro Hidro Kelas A (PLTMH),Arui Bab,Maluku Tenggara Barat,19024.790573968046,PLT Hybrid,100.0,Bomaki,2015,572737.0078423873,GI 150 kV Sirimau,0.0,150 kV,Operasi,11972.579241593676,PLTD Saumlaki,5.0,PLTD,HSD,True,4.20550013,0.172426,-7.809320840085485,131.32993058132212
81.03.03.2004,6.0543504124405905,24.16052885775949,74.09737959291421,179.0,2464.310803662168,85.89,3.93927571524885,0.9460769309886331,12705.967908821429,0.0,False,93.8928767267579,44.688607027022,0.0,False,25.0,53.0317019249805,0.09767847870933886,25.40817452009314,marginal,solar_biomass_hybrid,95% cropland/tree cover - sago/coconut residue,Amdasa,Wertamrian,Kepulauan Tanimbar,intermittent,5644.093882163064,0,Mikro Hidro Kelas A (PLTMH),Arui Bab,Maluku Tenggara Barat,23394.70057876332,PLTS Terpusat,15.0,Kamatubun (Werlumdity),2012,571488.4960141893,GI 150 kV Sirimau,0.0,150 kV,Operasi,22528.4793375302,PLTD Saumlaki,5.0,PLTD,HSD,True,4.20550013,0.172426,-7.738223008521399,131.4044666680828
81.03.03.2005,6.159325908376291,23.07304441944007,86.29027609742256,161.0,2836.601783318929,80.00999999999999,3.8966897143168033,0.9648407320495201,18416.99428262522,0.0,False,96.56815632272003,33.31999021504659,0.0,False,25.0,53.95827247485833,0.11243506561227362,29.757663349104785,marginal,solar_biomass_hybrid,96% cropland/tree cover - sago/coconut residue,Sangliat Krawain,Wertamrian,Kepulauan Tanimbar,intermittent,4085.6925155249255,0,Mikro Hidro Kelas A (PLTMH),Arui Bab,Maluku Tenggara Barat,18761.28067428116,PLTS Terpusat,15.0,Kamatubun (Werlumdity),2012,567829.4752893001,GI 150 kV Sirimau,0.0,150 kV,Operasi,26866.42996648901,PLTD Saumlaki,5.0,PLTD,HSD,True,4.16650009,0.170827,-7.694993406415401,131.406085251357
81.03.03.2006,6.565523308069907,28.39796274366994,80.20343827463641,173.0,2721.2446003545006,38.22,4.035986049343812,0.9792349993981704,20092.189931662502,0.0,False,97.0253340347054,35.885508524397416,0.0,False,25.0,57.547101318977525,0.10786262526772979,30.44622488870753,moderate,micro_hydro,"~30 kW screening potential (capped catchment 25 km2, head 58 m); 24-h baseload",Arui Bab,Wertamrian,Kepulauan Tanimbar,intermittent,2007.9625156332936,0,Mikro Hidro Kelas A (PLTMH),Arui Bab,Maluku Tenggara Barat,19078.784751651234,PLTS Terpusat,15.0,Kamatubun (Werlumdity),2012,569224.3774459264,GI 150 kV Sirimau,0.0,150 kV,Operasi,29326.1256228674,PLTD Saumlaki,5.0,PLTD,HSD,True,4.15999985,0.17056000000000002,-7.686379589825854,131.4372011078658
81.03.03.2007,6.8466007114352125,26.35069008677274,93.00922036138107,295.0,2458.090542003434,50.19,4.058811456142657,0.9939413392786272,22871.45267918612,0.0,False,97.67797301493866,38.67633742785801,0.0,False,25.0,60.0,0.09743192470523505,28.67421544075068,marginal,solar_biomass_hybrid,99% cropland/tree cover - sago/coconut residue,Arui Das,Wertamrian,Kepulauan Tanimbar,intermittent,4263.2877439059075,0,Mikro Hidro Kelas A (PLTMH),Arui Bab,Maluku Tenggara Barat,19001.450770854673,PLTS Terpusat,15.0,Kamatubun (Werlumdity),2012,569600.4884535639,GI 150 kV Sirimau,0.0,150 kV,Operasi,26502.11674619176,PLTD Tutukembung,2.0,PLTD,HSD,True,4.15999985,0.17056000000000002,-7.670871068342809,131.46194589515767
81.03.03.2008,6.175788696546878,22.250400229558498,102.94068496277252,188.0,2745.517575160499,11.76,3.8493693639961597,0.9891124987679231,16787.486138769407,0.0,False,97.91801948051948,62.4091270083695,0.0,False,11.76,54.1036150333907,0.05119115722331219,13.585018784584536,marginal,solar_biomass_hybrid,99% cropland/tree cover - sago/coconut residue,Sangliat Dol,Wertamrian,Kepulauan Tanimbar,intermittent,4555.622429679801,0,Mikro Hidro Kelas A (PLTMH),Arui Bab,Maluku Tenggara Barat,20284.015372418795,PLTS Terpusat,15.0,Kamatubun (Werlumdity),2012,568831.8047039039,GI 150 kV Sirimau,0.0,150 kV,Operasi,25103.962921923383,PLTD Saumlaki,5.0,PLTD,HSD,True,4.16650009,0.170827,-7.710287194179059,131.40127056371045
81.03.03.2009,5.289417940220917,24.996287155606243,82.32678937831507,194.0,2428.891419983964,109.61999999999999,4.113329028195263,0.9898658712152842,7507.0846767403655,0.0,False,97.78228385440106,41.77250154992605,0.0,False,25.0,46.290458598749844,0.09627455209855262,21.85958948919321,marginal,solar_biomass_hybrid,99% cropland/tree cover - sago/coconut residue,Atubul Da,Wertamrian,Kepulauan Tanimbar,dark_settled,11084.034897358422,0,Mikro Hidro Kelas A (PLTMH),Arui Bab,Maluku Tenggara Barat,24771.425065002037,PLTS Terpusat,15.0,Kamatubun (Werlumdity),2012,569660.9339003405,GI 150 kV Sirimau,0.0,150 kV,Operasi,18587.211149661503,PLTD Saumlaki,5.0,PLTD,HSD,True,4.21850014,0.172959,-7.754976217382813,131.3557770754187
81.03.04.2001,4.220720324733635,22.901100004527404,44.364887024647366,189.0,2234.647014670399,16.8,5.800015245112879,0.7436151199750299,701.6605304561459,0.00898438260213771,False,88.89190803028667,58.80921476597059,0.0,False,16.8,36.899503689676045,0.05952256127356467,10.773111314577719,marginal,grid_extension,0.7 km from a reliably-lit settlement,Kamatubun,Wermaktian,Kepulauan Tanimbar,dark_settled,52129.30880991959,0,Mikro Hidro Kelas A (PLTMH),Arui Bab,Maluku Tenggara Barat,8600.982133031199,PLTS Terpusat,15.0,Wunlah,2012,526109.7112893508,GI 150 kV Sirimau,0.0,150 kV,Operasi,15301.173357856345,PLTD Seira,0.7000000000000001,PLTD,HSD,False,,,-7.526579954384412,131.00419322253103
81.03.04.2002,2.3916546535657983,11.47540856071534,14.882979419024727,37.0,2235.669189987411,2.1,5.660304549197545,0.3934080568194428,992.2927365450178,0.01576932195951229,False,52.37869440422921,57.64008744678404,0.0,False,2.1,20.883254647588153,0.007443723520696288,0.7624781975328606,none,grid_extension,1.0 km from a reliably-lit settlement,Rumah Salut,Wermaktian,Kepulauan Tanimbar,intermittent,43955.29387536513,0,Mikro Hidro Kelas A (PLTMH),Arui Bab,Maluku Tenggara Barat,27116.3047204188,PLTS Terpusat,15.0,Wunlah,2012,544188.382951741,GI 150 kV Sirimau,0.0,150 kV,Operasi,4353.95289053973,PLTD Seira,0.7000000000000001,PLTD,HSD,False,,,-7.698759970635276,131.04322295859578
81.03.04.2004,2.3498934408582284,11.99257325765725,11.201836334653212,40.0,2214.1143539569925,8.19,5.660304549197545,0.5467238014176072,0.0,0.012484077554782015,False,75.82469665865975,61.34366359131602,0.0,False,8.19,20.518194629510838,0.028750628740023727,2.8935134364032553,none,grid_extension,0.0 km from a reliably-lit settlement,Themin,Wermaktian,Kepulauan Tanimbar,intermittent,40578.95933198928,0,Mikro Hidro Kelas A (PLTMH),Arui Bab,Maluku Tenggara Barat,26438.06924914953,PLTS Terpusat,15.0,Wunlah,2012,545314.3204866571,GI 150 kV Sirimau,0.0,150 kV,Operasi,5102.91335619151,PLTD Seira,0.7000000000000001,PLTD,HSD,True,4.43300009,0.18175299,-7.689474015101938,131.07411826366064
81.03.04.2006,3.508149085255328,21.72034172905615,37.432218285333164,121.0,2281.9301068572345,295.89,4.739820721199013,0.7911806531978817,9106.571213449384,0.01025234779059837,False,95.00404536719991,45.39549589362882,0.0,False,25.0,30.652690909677,0.09044941126241576,13.599200036538477,marginal,solar_biomass_hybrid,79% cropland/tree cover - sago/coconut residue,Wermatang,Wermaktian,Kepulauan Tanimbar,intermittent,23422.69723575822,0,Mikro Hidro Kelas A (PLTMH),Arui Bab,Maluku Tenggara Barat,24235.354963819456,PLT Hybrid,100.0,Bomaki,2015,558576.733782157,GI 150 kV Sirimau,0.0,150 kV,Operasi,22439.323299932665,PLTD Saumlaki,5.0,PLTD,HSD,True,4.30299997,0.176423,-7.724036606249064,131.2305048276647
81.03.04.2007,4.095505281080869,20.907194649265364,27.240432715798953,83.0,2241.2946687154035,106.25999999999999,5.555646749025795,0.7432839086828391,8678.703627630684,0.010388838673380436,False,88.911087958502,38.820324519128604,0.0,False,25.0,35.80102050828534,0.0888387346491075,15.60043765620932,marginal,wind_solar_hybrid,mean 50 m wind 5.6 m/s (ERA5 coarse - met mast required),Otemer,Wermaktian,Kepulauan Tanimbar,dark_settled,31899.46602463521,0,Mikro Hidro Kelas A (PLTMH),Arui Bab,Maluku Tenggara Barat,20772.839642141917,PLT Hybrid,100.0,Bomaki,2015,557616.5198194791,GI 150 kV Sirimau,0.0,150 kV,Operasi,17701.19971333072,PLTD Seira,0.7000000000000001,PLTD,HSD,True,4.30950022,0.17669,-7.765106830965395,131.1592690240765
81.03.04.2008,3.3839656076059956,22.04067138092134,43.70202605272571,131.0,2310.2772551958055,726.81,3.4230807611765224,0.8425177265633393,15016.576157699865,0.32444544975795325,True,96.82685709005806,45.13481116014038,0.0,False,25.0,29.565055500605542,0.09157301398385201,13.279606886076483,marginal,resource_present_but_screened,"32% of village inside a protected area - non-viable without deep community and regulator engagement; flagged for policy pathway, not commercial deployment",Makatian,Wermaktian,Kepulauan Tanimbar,intermittent,25224.437674282668,0,Mikro Hidro Kelas A (PLTMH),Arui Bab,Maluku Tenggara Barat,13206.270603784642,PLTS Terpusat,15.0,Kamatubun (Werlumdity),2012,547116.7069003907,GI 150 kV Sirimau,0.0,150 kV,Operasi,25058.21064622101,PLTD Seira,0.7000000000000001,PLTD,HSD,True,4.20550013,0.172426,-7.578972415631837,131.25095907446183
81.03.04.2009,3.703275195333253,15.479202715244785,15.202636993568989,64.0,2255.9021010996084,14.7,5.629302712149189,0.47503428855240787,14733.347487502628,0.019860699419239153,False,79.68549934156269,31.38141932875052,0.0,False,14.7,32.3622506866243,0.052577626975780445,8.346006340743822,none,wind_solar_hybrid,mean 50 m wind 5.6 m/s (ERA5 coarse - met mast required),Marantutul,Wermaktian,Kepulauan Tanimbar,dark_settled,34017.75459620094,0,Mikro Hidro Kelas A (PLTMH),Arui Bab,Maluku Tenggara Barat,19930.737620405103,PLT Hybrid,100.0,Bomaki,2015,557903.3506766325,GI 150 kV Sirimau,0.0,150 kV,Operasi,17607.131556888246,PLTD Seira,0.7000000000000001,PLTD,HSD,True,4.31599998,0.176956,-7.77982662172816,131.14303682443295
81.03.05.2001,4.333244504045676,22.227646902961876,42.73009208238005,126.0,1874.4366859724453,254.73,6.101867510146316,0.8633419889666997,496.43223983742234,0.0079159606724038,False,96.68701149346988,43.89185475915714,0.0,False,25.0,37.88695481945534,0.07429749674865414,13.807113451835534,marginal,grid_extension,0.5 km from a reliably-lit settlement,Lelingluan,Tanimbar Utara,Kepulauan Tanimbar,intermittent,28343.562178030606,0,Mikro Hidro Kelas A (PLTMH),Manglusi,Maluku Tenggara Barat,11586.805559138353,PLTS Terpusat,15.0,Watmasa (Telnemen),2012,545344.6489998277,GI 150 kV Sirimau,0.0,150 kV,Operasi,13974.117912346772,PLTD Larat,1.4,PLTD,HSD,True,4.49800014,0.18441799,-7.228386677061489,131.63374890533544
81.03.05.2004,3.4137934749666146,18.53892274422157,43.73994835520302,96.0,1812.4492640989886,6.93,6.71991489954742,0.9032674098084508,496.43461616309554,0.051740158642169784,False,94.12932942513605,60.31643654152423,0.0,False,6.93,29.82627090778644,0.019914182838987177,2.913402309149148,none,grid_extension,0.5 km from a reliably-lit settlement,Watidal,Tanimbar Utara,Kepulauan Tanimbar,intermittent,43850.45062399585,0,Mikro Hidro Kelas A (PLTMH),Manglusi,Maluku Tenggara Barat,1131.3685073063682,PLTS Terpusat,75.0,Lelingluan,2016,549558.2228202155,GI 150 kV Sirimau,0.0,150 kV,Operasi,5444.699329300546,PLTD Larat,1.4,PLTD,HSD,True,4.5500001899999996,0.18655001,-7.143809106476982,131.77333695575803
81.03.05.2005,3.3556146829773743,13.911355135069682,44.5744902304559,112.0,1870.612225443201,10.92,,0.8938222790800356,8949.645157071871,0.5613509369399075,True,95.6315461002543,40.34541293441855,0.0,False,10.92,29.316789222255615,0.03238693160489561,4.657203556577115,none,resource_present_but_screened,"56% of village inside a protected area - non-viable without deep community and regulator engagement; flagged for policy pathway, not commercial deployment",Keliobar,Tanimbar Utara,Kepulauan Tanimbar,intermittent,49741.42863168504,0,Mikro Hidro Kelas A (PLTMH),Manglusi,Maluku Tenggara Barat,8942.656762751287,PLTS Terpusat,75.0,Lelingluan,2016,556201.6925395862,GI 150 kV Sirimau,0.0,150 kV,Operasi,14704.323084471564,PLTD Larat,1.4,PLTD,HSD,True,4.42649984,0.181486,-7.1432258586270265,131.8573550107668
81.03.05.2006,3.292378040863212,15.829700032988066,41.53940585693385,121.0,1874.918346259603,16.8,,0.8010449302504681,16502.96011326453,0.2926966090555292,True,88.28409699541068,31.438670460219225,0.0,False,16.8,28.763083841148628,0.04994074742700617,7.045786785656433,none,resource_present_but_screened,"29% of village inside a protected area - non-viable without deep community and regulator engagement; flagged for policy pathway, not commercial deployment",Kelaan,Tanimbar Utara,Kepulauan Tanimbar,intermittent,54506.878640755815,0,Mikro Hidro Kelas A (PLTMH),Manglusi,Maluku Tenggara Barat,9862.0575233388,PLTS Terpusat,50.0,Lamdesar Barat,2014,561030.7095165229,GI 150 kV Sirimau,0.0,150 kV,Operasi,21335.82419139448,PLTD Larat,1.4,PLTD,HSD,True,4.3874998100000004,0.17988700000000002,-7.143194209607142,131.91747031726436
81.03.05.2007,3.4797316557768907,18.077336749514718,45.64690594482631,97.0,1817.1767332216923,5.25,,0.7733424402247172,23177.875778962145,0.006245175142333298,False,76.64634183116512,29.354073182171405,0.0,False,5.25,30.403777574202774,0.015125852754651645,2.2557264228994605,none,solar_biomass_hybrid,77% cropland/tree cover - sago/coconut residue,Lamdesar Barat,Tanimbar Utara,Kepulauan Tanimbar,intermittent,54298.83411458551,0,Mikro Hidro Kelas A (PLTMH),Manglusi,Maluku Tenggara Barat,1749.331545032564,PLTS Terpusat,50.0,Lamdesar Barat,2014,569078.0974288186,GI 150 kV Sirimau,0.0,150 kV,Operasi,27142.870796218558,PLTD Larat,1.4,PLTD,HSD,True,4.465499879999999,0.18308599,-7.201641996067338,131.96225091192647
81.03.05.2008,2.6772915151658943,12.744093088933061,33.31106320806688,97.0,2011.406898126375,9.03,,0.601744990573692,19277.293290942067,0.022585425682524328,False,53.190357022901104,25.937457260315867,0.0,False,9.03,23.380795507911344,0.02879725439193488,3.302549822603579,none,solar_battery,uniform equatorial irradiance; no discriminating alternative,Lamdesar Timur,Tanimbar Utara,Kepulauan Tanimbar,intermittent,50632.695299442355,0,Mikro Hidro Kelas A (PLTMH),Manglusi,Maluku Tenggara Barat,4812.98957368466,PLTS Terpusat,50.0,Lamdesar Barat,2014,567667.7981109112,GI 150 kV Sirimau,0.0,150 kV,Operasi,24354.505836081844,PLTD Larat,1.4,PLTD,HSD,True,4.51100016,0.18495101,-7.215585692824035,131.9314265609754
81.03.06.2001,7.963593040352994,20.99602649705927,56.0428881940364,172.0,1878.8488816931576,1.26,,0.9306335509595338,21209.211396156974,0.008228114584865744,False,83.4774801280328,54.546201232032864,0.0,False,1.26,60.0,0.003753408154067382,1.1046280197420306,none,solar_biomass_hybrid,93% cropland/tree cover - sago/coconut residue,Romean,Fordata,Kepulauan Tanimbar,intermittent,62057.999727359274,0,Mikro Hidro Kelas A (PLTMH),Manglusi,Maluku Tenggara Barat,16766.304862669866,PLTS Terpusat,50.0,Lamdesar Barat,2014,556726.3028858586,GI 150 kV Sirimau,0.0,150 kV,Operasi,24899.301162418622,PLTD Larat,1.4,PLTD,HSD,True,4.54349995,0.18628301,-7.065255048385003,131.93671297286946
81.03.06.2002,9.195995291628458,19.299517175134334,82.54773132375173,172.0,1949.6562225838152,2.1,,0.9902160818367305,21388.687594146584,0.003628335840436795,False,95.67288606589915,52.72660109895189,0.0,False,2.1,60.0,0.006491435292088426,1.9104294064616236,none,solar_biomass_hybrid,99% cropland/tree cover - sago/coconut residue,Rumngeur,Fordata,Kepulauan Tanimbar,intermittent,62442.6812089792,0,Mikro Hidro Kelas A (PLTMH),Manglusi,Maluku Tenggara Barat,17861.245449709964,PLTS Terpusat,50.0,Lamdesar Barat,2014,555683.0992827258,GI 150 kV Sirimau,0.0,150 kV,Operasi,24786.365523546912,PLTD Larat,1.4,PLTD,HSD,True,4.563000199999999,0.18708301,-7.056267291977834,131.93216267522362
81.03.06.2003,6.695477248619481,18.95289147856512,42.42554086205943,107.0,1995.8824152179207,2.31,,0.9620028409090908,21538.28540428068,0.013632017483950274,False,91.16017948735461,67.15274161148729,0.0,False,2.31,58.696487956426765,0.0073098813723259095,2.1045607050944852,none,solar_biomass_hybrid,96% cropland/tree cover - sago/coconut residue,Awear,Fordata,Kepulauan Tanimbar,intermittent,62244.01903991328,0,Mikro Hidro Kelas A (PLTMH),Manglusi,Maluku Tenggara Barat,18622.930179712323,PLTS Terpusat,50.0,Lamdesar Barat,2014,554669.8226905089,GI 150 kV Sirimau,0.0,150 kV,Operasi,24184.036446141938,PLTD Larat,1.4,PLTD,HSD,True,4.57600021,0.18761601000000003,-7.05146319706368,131.92415816186832
81.03.06.2004,9.168201506842893,22.188255389413385,68.63850202397202,187.0,2685.2166577773573,2.1,,0.8964035925110563,27089.499183551274,0.013404512332930676,False,87.31503940306067,59.377521613832904,0.0,False,2.1,60.0,0.008940504473193257,2.631190466460776,none,solar_biomass_hybrid,90% cropland/tree cover - sago/coconut residue,Sofyanin,Fordata,Kepulauan Tanimbar,intermittent,65708.99459096428,0,Mikro Hidro Kelas A (PLTMH),Manglusi,Maluku Tenggara Barat,18982.803740509113,PLTS Terpusat,50.0,Lamdesar Barat,2014,556782.8681547537,GI 150 kV Sirimau,0.0,150 kV,Operasi,28188.718600814136,PLTD Larat,1.4,PLTD,HSD,True,4.563000199999999,0.18708301,-7.041202939375352,131.95923896474338
81.03.06.2005,12.385064995941683,31.4901319080711,71.95109775002105,243.0,2748.2490691551043,0.84,,0.9517432830710153,27777.28957428622,0.012718445414633543,False,91.1914690668069,46.00545249807386,0.0,False,0.84,60.0,0.0036601490647042868,1.0771818697424718,none,solar_biomass_hybrid,95% cropland/tree cover - sago/coconut residue,Walerang,Fordata,Kepulauan Tanimbar,intermittent,68038.96111326152,0,Mikro Hidro Kelas A (PLTMH),Manglusi,Maluku Tenggara Barat,21418.85791855125,PLTS Terpusat,50.0,Lamdesar Barat,2014,555683.3007162209,GI 150 kV Sirimau,0.0,150 kV,Operasi,29919.192168040187,PLTD Larat,1.4,PLTD,HSD,True,4.55649996,0.18681601000000003,-7.0187909609887456,131.96601820487436
81.03.06.2006,10.279189280316908,30.122627817579712,55.27332446419135,142.0,2262.4798264480987,0.42,,0.9416419775400986,31346.893362819865,0.01064013704873717,False,87.13542239901889,44.663481608608926,0.0,False,0.42,60.0,0.0015065980579467935,0.4433918084537413,none,solar_biomass_hybrid,94% cropland/tree cover - sago/coconut residue,Adodo Fordata,Fordata,Kepulauan Tanimbar,intermittent,71522.07027885612,0,Mikro Hidro Kelas A (PLTMH),Manglusi,Maluku Tenggara Barat,23805.390323865995,PLTS Terpusat,50.0,Lamdesar Barat,2014,556064.8174230651,GI 150 kV Sirimau,0.0,150 kV,Operasi,33301.610764569625,PLTD Larat,1.4,PLTD,HSD,True,4.563000199999999,0.18708301,-6.997620629024733,131.98943625164847
81.03.07.2001,4.575317376572401,21.10549569606593,64.1433056117467,172.0,2203.0230147050024,675.36,3.401621631222058,0.9419252066016135,23319.717063168886,0.6576324896917382,True,97.88390532120748,68.28872728533261,0.0,False,25.0,40.012261414098866,0.08732175191467699,17.13777945108474,marginal,resource_present_but_screened,"66% of village inside a protected area - non-viable without deep community and regulator engagement; flagged for policy pathway, not commercial deployment",Abat,Wuar Labobar,Kepulauan Tanimbar,dark_settled,11149.747735778466,0,Mikro Hidro Kelas A (PLTMH),Tutukembong,Maluku Tenggara Barat,6281.518246799014,PLTS Terpusat,15.0,Kamatubun (Werlumdity),2012,549426.1463534401,GI 150 kV Sirimau,0.0,150 kV,Operasi,27715.925312054143,PLTD Tutukembung,2.0,PLTD,HSD,True,4.14050007,0.16976000000000002,-7.4885693471347565,131.39722693469335
81.03.07.2002,11.504545756107328,51.72986297624796,48.75063789121605,356.0,2282.074262265395,0.63,,0.7253692837703913,35275.25132794945,0.1294360547428031,True,73.66059490664276,31.621310847067846,0.0,False,0.63,60.0,0.0022794691546600696,0.6708477722164585,none,resource_present_but_screened,"13% of village inside a protected area - non-viable without deep community and regulator engagement; flagged for policy pathway, not commercial deployment",Labobar,Wuar Labobar,Kepulauan Tanimbar,intermittent,27686.007035636758,0,Mikro Hidro Kelas A (PLTMH),Abat,Maluku Tenggara Barat,21044.59820324492,PLTS Terpusat,15.0,Watmasa (Telnemen),2012,526928.5724562207,GI 150 kV Sirimau,0.0,150 kV,Operasi,39919.6293500518,PLTD Larat,1.4,PLTD,HSD,True,4.504499910000001,0.18468501,-7.2393115953364395,131.37629022134192
81.03.07.2008,3.292545650946433,13.955113994842275,31.069984522920507,91.0,1795.8693931019411,291.9,6.408856337872097,0.7827986094257029,11320.77539857584,0.01874680825603392,False,95.81678879847917,41.37974636468445,0.0,False,25.0,28.764551355669667,0.07118330610659013,10.043261513750739,marginal,wind_solar_hybrid,mean 50 m wind 6.4 m/s (ERA5 coarse - met mast required),Watmasa,Wuar Labobar,Kepulauan Tanimbar,intermittent,31683.26239428077,0,Mikro Hidro Kelas A (PLTMH),Abat,Maluku Tenggara Barat,1417.9503364657937,PLTS Terpusat,15.0,Watmasa (Telnemen),2012,535274.8880579143,GI 150 kV Sirimau,0.0,150 kV,Operasi,18599.228513636077,PLTD Larat,1.4,PLTD,HSD,True,4.465499879999999,0.18308599,-7.174068142408438,131.55900006854006
81.03.07.2009,3.1722782180809648,22.571648221782667,26.015026766626914,86.0,1828.3998076134606,288.75,4.9876794573089835,0.7048256835529204,19536.557041783875,0.017713716176477188,False,92.10060217636527,58.12098068631259,0.0,False,25.0,27.711672082375358,0.07247272195322255,9.850909199384283,none,solar_biomass_hybrid,70% cropland/tree cover - sago/coconut residue,Awear Rumngeur,Wuar Labobar,Kepulauan Tanimbar,intermittent,23370.78321343704,0,Mikro Hidro Kelas A (PLTMH),Abat,Maluku Tenggara Barat,9981.911830134364,PLTS Terpusat,15.0,Watmasa (Telnemen),2012,537170.3105752651,GI 150 kV Sirimau,0.0,150 kV,Operasi,26299.394842653623,PLTD Larat,1.4,PLTD,HSD,True,4.3744998,0.179354,-7.243615604638987,131.50965846670002
81.03.07.2010,3.7970993229333,13.692326748868524,41.29679465083171,114.0,1866.0922077606424,175.14,4.96134493600665,0.9133368926855312,22114.181813162904,0.00556845722096018,False,94.95772994624491,54.2467334553685,0.0,False,25.0,33.184538588452,0.07396674466326747,12.039578994910542,marginal,solar_biomass_hybrid,91% cropland/tree cover - sago/coconut residue,Karatat,Wuar Labobar,Kepulauan Tanimbar,intermittent,17489.92474078175,0,Mikro Hidro Kelas A (PLTMH),Abat,Maluku Tenggara Barat,15456.246217355305,PLTS Terpusat,15.0,Watmasa (Telnemen),2012,541474.155260505,GI 150 kV Sirimau,0.0,150 kV,Operasi,28966.907830967313,PLTD Tutukembung,2.0,PLTD,HSD,True,4.29650021,0.176157,-7.296516767691866,131.5092976587108
81.03.07.2011,4.5740492717398995,14.854476479771728,58.026406760387424,126.0,1888.1523339247549,159.18,4.974154984939395,0.9073664399392457,22944.80567851905,0.0021666833961127814,False,94.39492414346903,41.69743447839666,0.0,False,25.0,40.00112426376716,0.07484114717801699,14.684245788864201,marginal,solar_biomass_hybrid,91% cropland/tree cover - sago/coconut residue,Wunlah,Wuar Labobar,Kepulauan Tanimbar,intermittent,14101.0199176715,0,Mikro Hidro Kelas A (PLTMH),Abat,Maluku Tenggara Barat,18699.852340416022,PLTS Terpusat,15.0,Watmasa (Telnemen),2012,544053.1771141369,GI 150 kV Sirimau,0.0,150 kV,Operasi,26077.201721949696,PLTD Tutukembung,2.0,PLTD,HSD,True,4.27699995,0.175357,-7.327055676203654,131.5101848412634
81.03.07.2012,5.359121277007504,18.89373798297831,72.9785644123669,138.0,2013.0730736225798,18.48,3.9260864708223195,0.9800233177735956,26510.63925047357,0.0024384431890769717,False,97.95864645004096,86.67456808537085,0.0,False,18.48,46.904018043969785,0.05898273465332521,13.569816163517324,marginal,solar_biomass_hybrid,98% cropland/tree cover - sago/coconut residue,Kiloon,Wuar Labobar,Kepulauan Tanimbar,dark_settled,10181.29429055379,0,Mikro Hidro Kelas A (PLTMH),Abat,Maluku Tenggara Barat,16656.90358618659,PLT Hybrid,250.0,Tutukembong,2015,545954.8175155639,GI 150 kV Sirimau,0.0,150 kV,Operasi,24011.15013315353,PLTD Tutukembung,2.0,PLTD,HSD,True,4.25099993,0.17429100000000003,-7.36247184858465,131.4962460470916
81.03.07.2013,6.602915604784768,31.626128269076244,49.00710087898372,176.0,2153.715661770285,3.15,,0.8301675554269494,38662.12276974067,0.6629333725264149,True,93.10256922578733,50.77661701834231,0.0,False,3.15,57.87775806271301,0.01075628541123858,3.0536062033806908,none,resource_present_but_screened,"66% of village inside a protected area - non-viable without deep community and regulator engagement; flagged for policy pathway, not commercial deployment",Lingada,Wuar Labobar,Kepulauan Tanimbar,dark_settled,30187.69828863591,0,Mikro Hidro Kelas A (PLTMH),Abat,Maluku Tenggara Barat,23978.634300612724,PLTS Terpusat,15.0,Kamatubun (Werlumdity),2012,526994.6077638208,GI 150 kV Sirimau,0.0,150 kV,Operasi,42219.34574986541,PLTD Seira,0.7000000000000001,PLTD,HSD,True,4.48500013,0.18388499000000003,-7.345150889661512,131.25300429600196
81.03.07.2014,7.615819461858575,24.501389978346324,47.766448512277016,132.0,1812.6517032565187,0.63,,0.9225583831807739,27846.088556115024,0.03091009864447939,False,77.41773222564328,50.416097926115114,0.0,False,0.63,60.0,0.0018105824661523448,0.5328544197886351,none,solar_biomass_hybrid,92% cropland/tree cover - sago/coconut residue,Teineman,Wuar Labobar,Kepulauan Tanimbar,dark_settled,38955.98445705301,0,Mikro Hidro Kelas A (PLTMH),Abat,Maluku Tenggara Barat,13559.98320077681,PLTS Terpusat,15.0,Watmasa (Telnemen),2012,521094.4290034598,GI 150 kV Sirimau,0.0,150 kV,Operasi,31370.427586327074,PLTD Larat,1.4,PLTD,HSD,True,4.64750004,0.190547,-7.1088810910399145,131.44156879966533
81.03.07.2015,2.7360893401311612,5.016089021543158,5.266170578133944,9.0,1816.698449532836,0.21,,0.27974504249291793,,0.1735127478753541,True,72.31638418079095,0.0,0.0,True,0.21,23.895050170909006,0.0006048748642850958,0.07089449219929536,none,resource_present_but_screened,"17% of village inside a protected area; 72% intact canopy, 0.0% loss since 2015 - non-viable without deep community and regulator engagement; flagged for policy pathway, not commercial deployment",Wabar,Wuar Labobar,Kepulauan Tanimbar,intermittent,14757.57543811913,0,Mikro Hidro Kelas A (PLTMH),Abat,Maluku Tenggara Barat,21971.399107329416,PLT Hybrid,250.0,Tutukembong,2015,539945.4170159103,GI 150 kV Sirimau,0.0,150 kV,Operasi,30135.630168849355,PLTD Tutukembung,2.0,PLTD,HSD,True,4.26399994,0.174824,-7.333628745600024,131.4469464602756
81.03.07.2016,5.1065628712291335,12.661046064720166,8.912103746397696,26.0,2329.0930443774896,0.42,,0.5549645390070923,,0.2619469026548672,True,10.479573712255775,74.54545454545455,0.0,False,0.42,44.681539807119584,0.0015509561749089068,0.3399121348849637,none,resource_present_but_screened,"26% of village inside a protected area - non-viable without deep community and regulator engagement; flagged for policy pathway, not commercial deployment",Romnus,Wuar Labobar,Kepulauan Tanimbar,intermittent,31242.80209062298,0,Mikro Hidro Kelas A (PLTMH),Abat,Maluku Tenggara Barat,26908.03659464086,PLTS Terpusat,15.0,Kamatubun (Werlumdity),2012,524628.4674078207,GI 150 kV Sirimau,0.0,150 kV,Operasi,45625.27245005048,PLTD Seira,0.7000000000000001,PLTD,HSD,True,4.42000008,0.18122,-7.312476756347024,131.25900162044888
81.03.08.2002,7.167695630856196,27.88413769046706,143.94921315271336,238.0,2822.7290169828684,66.99,4.382612752241581,0.994449088891781,36436.6104454023,0.5418596751281576,True,97.2175470561895,26.70731035495897,0.0,False,25.0,60.0,0.1118851874438288,32.92781066471882,moderate,resource_present_but_screened,"54% of village inside a protected area - non-viable without deep community and regulator engagement; flagged for policy pathway, not commercial deployment",Kilmasa,Kormomolin,Kepulauan Tanimbar,intermittent,4226.796997478699,0,Mikro Hidro Kelas A (PLTMH),Meyano Das,Maluku Tenggara Barat,10364.019892715169,PLT Hybrid,250.0,Tutukembong,2015,570488.2799020277,GI 150 kV Sirimau,0.0,150 kV,Operasi,12104.099193223821,PLTD Tutukembung,2.0,PLTD,HSD,True,4.15999985,0.17056000000000002,-7.593785684231775,131.56753239404935
81.03.08.2003,6.8522731552851965,21.020398935437626,111.27413083433991,220.0,2786.496910390543,207.9,4.316387987995749,0.9866682407598704,34839.43098119931,0.6420794769362714,True,96.47221797880763,35.69858886293588,0.0,False,25.0,60.0,0.11044904673985852,32.505154455540364,moderate,resource_present_but_screened,"64% of village inside a protected area - non-viable without deep community and regulator engagement; flagged for policy pathway, not commercial deployment",Meyano Bab,Kormomolin,Kepulauan Tanimbar,intermittent,1901.3702281844894,0,Mikro Hidro Kelas A (PLTMH),Meyano Das,Maluku Tenggara Barat,11456.82168022357,PLT Hybrid,250.0,Tutukembong,2015,569613.7447286042,GI 150 kV Sirimau,0.0,150 kV,Operasi,14971.176537129935,PLTD Tutukembung,2.0,PLTD,HSD,True,4.153500080000001,0.17029400000000003,-7.604652333312653,131.54246524618424
81.03.08.2004,7.19931362340232,29.566840680809424,107.08609287431146,227.0,2793.5502425061973,96.6,4.305831903069887,0.9776256748716978,33788.62752997486,0.6309703415118748,True,95.89451675446435,42.577717504694355,0.0,False,25.0,60.0,0.11072862135758328,32.58743326553676,moderate,resource_present_but_screened,"63% of village inside a protected area - non-viable without deep community and regulator engagement; flagged for policy pathway, not commercial deployment",Alusi Krawain,Kormomolin,Kepulauan Tanimbar,intermittent,2765.0829501820012,0,Mikro Hidro Kelas A (PLTMH),Meyano Das,Maluku Tenggara Barat,12822.625424185399,PLT Hybrid,250.0,Tutukembong,2015,570379.9259083028,GI 150 kV Sirimau,0.0,150 kV,Operasi,16143.593169208696,PLTD Tutukembung,2.0,PLTD,HSD,True,4.153500080000001,0.17029400000000003,-7.6166550957460775,131.53892732280002
81.03.08.2005,7.037144486035754,18.97414111563844,109.0199943631452,216.0,2683.03139128738,212.73,4.236970966801053,0.9812545615180731,32767.131058138886,0.6245704020878291,True,98.03770498470382,54.82870933563554,0.0,False,25.0,60.0,0.10634795912954163,31.298204371824102,moderate,resource_present_but_screened,"62% of village inside a protected area - non-viable without deep community and regulator engagement; flagged for policy pathway, not commercial deployment",Alusi Kelaan,Kormomolin,Kepulauan Tanimbar,intermittent,1708.4436782947291,0,Mikro Hidro Kelas A (PLTMH),Alusi Kelaan,Maluku Tenggara Barat,13215.79541854168,PLT Hybrid,250.0,Tutukembong,2015,569091.8763843947,GI 150 kV Sirimau,0.0,150 kV,Operasi,17705.122580054925,PLTD Tutukembung,2.0,PLTD,HSD,True,4.153500080000001,0.17029400000000003,-7.616873383140928,131.52053649632765
81.03.08.2006,7.270551533453133,20.8163771837154,121.76443289341645,217.0,2648.3403876015527,120.33,4.193917370253525,0.991951100836937,30978.447540185094,0.45461100450607106,True,97.61226515364656,39.304522277020816,0.0,False,25.0,60.0,0.10497290349130967,30.893525497492437,moderate,resource_present_but_screened,"45% of village inside a protected area - non-viable without deep community and regulator engagement; flagged for policy pathway, not commercial deployment",Alusi Bukjalim,Kormomolin,Kepulauan Tanimbar,dark_settled,1646.5235356261362,0,Mikro Hidro Kelas A (PLTMH),Alusi Kelaan,Maluku Tenggara Barat,14141.626249535953,PLT Hybrid,250.0,Tutukembong,2015,568860.2740323831,GI 150 kV Sirimau,0.0,150 kV,Operasi,18972.208110501582,PLTD Tutukembung,2.0,PLTD,HSD,True,4.146999839999999,0.170027,-7.62255674998364,131.51043188858318
81.03.08.2007,7.275085907096765,23.03847198185181,126.54435655912575,230.0,2533.7968051735807,124.32,4.15540139777829,0.9955215255706443,29542.322388555967,0.14044585538416005,True,96.43335353563826,37.05048495399155,0.0,False,25.0,60.0,0.10043271202647693,29.55734714939216,marginal,resource_present_but_screened,"14% of village inside a protected area - non-viable without deep community and regulator engagement; flagged for policy pathway, not commercial deployment",Alusi Tamrian,Kormomolin,Kepulauan Tanimbar,intermittent,2657.842513355896,0,Mikro Hidro Kelas A (PLTMH),Alusi Kelaan,Maluku Tenggara Barat,15301.203800826434,PLT Hybrid,250.0,Tutukembong,2015,569240.9859829708,GI 150 kV Sirimau,0.0,150 kV,Operasi,20084.977271372933,PLTD Tutukembung,2.0,PLTD,HSD,True,4.153500080000001,0.17029400000000003,-7.631667035260564,131.50481668236046
81.03.08.2008,6.34531296828766,21.077330673573773,115.35781269247929,285.0,2403.566414978197,248.64,4.037701077778908,0.9977408993899523,28001.711393011323,0.028230663556560023,False,98.08293902348133,28.312584251843635,0.0,False,25.0,55.600798843039726,0.09527073879765177,25.982418645146062,marginal,solar_biomass_hybrid,100% cropland/tree cover - sago/coconut residue,Alusi Batjas,Kormomolin,Kepulauan Tanimbar,dark_settled,3929.489669612877,0,Mikro Hidro Kelas A (PLTMH),Alusi Kelaan,Maluku Tenggara Barat,16565.328653274268,PLT Hybrid,250.0,Tutukembong,2015,568447.5828366526,GI 150 kV Sirimau,0.0,150 kV,Operasi,21959.985680487174,PLTD Tutukembung,2.0,PLTD,HSD,True,4.15999985,0.17056000000000002,-7.636806341017933,131.48731101608894
81.03.08.2009,6.659703397738932,23.334560910626898,104.5907280561707,297.0,2367.752393862717,466.83,3.9240545246967264,0.9973886031070326,25265.55811617616,0.00037997343213651795,False,97.56289373632356,36.04347594437637,0.0,False,25.0,58.38002310288262,0.09385116984805925,26.874659140734884,marginal,solar_biomass_hybrid,100% cropland/tree cover - sago/coconut residue,Lorwembun,Kormomolin,Kepulauan Tanimbar,intermittent,6454.590340103531,0,Mikro Hidro Kelas A (PLTMH),Alusi Kelaan,Maluku Tenggara Barat,17036.492499037482,PLTS Terpusat,15.0,Kamatubun (Werlumdity),2012,567653.5214295647,GI 150 kV Sirimau,0.0,150 kV,Operasi,24661.87666274407,PLTD Tutukembung,2.0,PLTD,HSD,True,4.16650009,0.170827,-7.646500609545937,131.464113489055
81.03.08.2010,7.512455908943073,27.88413769046706,123.9666281339423,233.0,2890.9049017636585,67.41,4.4343164318208235,0.9817008259048688,36034.42996938831,0.4258211307930993,True,93.9977714280701,29.42548999274085,0.0,False,25.0,60.0,0.11458749134971376,33.72309870422076,moderate,resource_present_but_screened,"43% of village inside a protected area - non-viable without deep community and regulator engagement; flagged for policy pathway, not commercial deployment",Meyano Das,Kormomolin,Kepulauan Tanimbar,dark_settled,5906.489459846975,0,Mikro Hidro Kelas A (PLTMH),Meyano Das,Maluku Tenggara Barat,13010.105063516665,PLT Hybrid,250.0,Tutukembong,2015,573102.3118893686,GI 150 kV Sirimau,0.0,150 kV,Operasi,13241.856011936863,PLTD Tutukembung,2.0,PLTD,HSD,True,4.21850014,0.172959,-7.615980957140484,131.57784969569164
81.03.09.2001,6.7184767765483535,22.044508955574504,74.80065552424684,227.0,2093.61610672305,18.9,4.1705859746476435,0.9138952195488221,29785.483378547844,0.0,False,94.38222948969664,51.81986330187106,0.0,False,18.9,58.89997229009455,0.0627367840199544,18.124930691892036,marginal,solar_biomass_hybrid,91% cropland/tree cover - sago/coconut residue,Arma,Nirunmas,Kepulauan Tanimbar,intermittent,10437.295799177175,0,Mikro Hidro Kelas A (PLTMH),Manglusi,Maluku Tenggara Barat,12228.188126221723,PLT Hybrid,250.0,Tutukembong,2015,564234.4936249158,GI 150 kV Sirimau,0.0,150 kV,Operasi,7822.505625234528,PLTD Tutukembung,2.0,PLTD,HSD,True,4.26399994,0.174824,-7.448134567658509,131.6479571289767
81.03.09.2002,5.931770840228346,22.651436453992957,77.75214908766355,217.0,2038.668271640331,146.79,4.1995451810507625,0.9715050074532958,22603.284705297814,0.03130280605454595,False,98.6195431791531,66.64767967833811,0.0,False,25.0,51.950203488176136,0.08080718352201972,20.590942921785437,marginal,solar_biomass_hybrid,97% cropland/tree cover - sago/coconut residue,Watmuri,Nirunmas,Kepulauan Tanimbar,intermittent,9071.436606498464,0,Mikro Hidro Kelas A (PLTMH),Manglusi,Maluku Tenggara Barat,12107.709782156659,PLT Hybrid,250.0,Tutukembong,2015,556667.0149947973,GI 150 kV Sirimau,0.0,150 kV,Operasi,14024.908994044501,PLTD Tutukembung,2.0,PLTD,HSD,True,4.29650021,0.176157,-7.402701645769009,131.59634104731526
81.03.09.2003,6.178732224669508,21.12798397775957,124.18331316291533,220.0,2443.740527541204,101.42999999999999,3.995706387551841,0.983399622620828,35244.919096587524,0.543581064328981,True,97.71035897489433,44.7169190256748,0.0,False,25.0,54.12960307213673,0.09686312973828337,25.71771336261029,marginal,resource_present_but_screened,"54% of village inside a protected area - non-viable without deep community and regulator engagement; flagged for policy pathway, not commercial deployment",Manglusi,Nirunmas,Kepulauan Tanimbar,intermittent,3539.1150468509736,0,Mikro Hidro Kelas A (PLTMH),Manglusi,Maluku Tenggara Barat,5273.53453191084,PLT Hybrid,250.0,Tutukembong,2015,562426.5826439327,GI 150 kV Sirimau,0.0,150 kV,Operasi,7660.801655229656,PLTD Tutukembung,2.0,PLTD,HSD,True,4.26399994,0.174824,-7.476587388463545,131.59164829662424
81.03.09.2004,6.847720900875761,20.453734672634504,143.6652229726716,255.0,2717.106581056077,118.44,3.9109832589916063,0.9904535777536639,38056.04665387453,0.7884986817415974,True,99.31908501113213,27.36444953156133,0.0,False,25.0,60.0,0.1076986056037575,31.69569962918584,moderate,resource_present_but_screened,"79% of village inside a protected area - non-viable without deep community and regulator engagement; flagged for policy pathway, not commercial deployment",Tutukembong,Nirunmas,Kepulauan Tanimbar,dark_settled,2246.2983906058544,0,Mikro Hidro Kelas A (PLTMH),Manglusi,Maluku Tenggara Barat,1450.7278391606392,PLT Hybrid,250.0,Tutukembong,2015,562679.0941217433,GI 150 kV Sirimau,0.0,150 kV,Operasi,9245.00372584396,PLTD Tutukembung,2.0,PLTD,HSD,True,4.24450016,0.174025,-7.503578085982247,131.56431422367356
81.03.09.2005,6.852836398339813,26.091351540238048,143.3250047935,254.0,2810.6645854397684,163.59,4.02570870491141,0.9966540628972065,38619.15888054302,0.6356070062536021,True,97.26830795860975,47.77673257475714,0.0,False,25.0,60.0,0.11140698667553624,32.78707617861032,moderate,resource_present_but_screened,"64% of village inside a protected area - non-viable without deep community and regulator engagement; flagged for policy pathway, not commercial deployment",Waturu,Nirunmas,Kepulauan Tanimbar,intermittent,6031.40193964099,0,Mikro Hidro Kelas A (PLTMH),Manglusi,Maluku Tenggara Barat,4695.410977457039,PLT Hybrid,250.0,Tutukembong,2015,566285.3608187422,GI 150 kV Sirimau,0.0,150 kV,Operasi,7874.077857740514,PLTD Tutukembung,2.0,PLTD,HSD,True,4.153500080000001,0.17029400000000003,-7.535294886859596,131.57743443029517
81.03.18.2001,6.727944596934118,27.152452828123828,72.89364114953301,205.0,2857.750789657296,5.04,,0.944930920195965,43251.76957723811,0.6068224918978596,True,83.41713296207767,39.736045249385825,0.0,False,5.04,58.98374277650424,0.022835908136530907,6.60677666146376,none,resource_present_but_screened,"61% of village inside a protected area - non-viable without deep community and regulator engagement; flagged for policy pathway, not commercial deployment",Wedangkou,Molu Maru,Kepulauan Tanimbar,intermittent,81576.10136821592,0,Mikro Hidro Kelas A (PLTMH),Abat,Maluku Tenggara Barat,48993.52059187545,PLTS Terpusat,15.0,Watmasa (Telnemen),2012,502648.44211654324,GI 150 kV Sirimau,0.0,150 kV,Operasi,48651.383551620296,PLTD Larat,1.4,PLTD,HSD,False,,,-6.724672749307016,131.5864680389523
81.03.18.2002,8.787888645633576,33.674432504369506,92.4444408379479,254.0,3492.2209388928727,1.89,,0.9332750839672628,51049.586639793175,0.8827117693032204,True,84.33298468764151,34.577101985695,0.0,False,1.89,60.0,0.010464703155928986,3.0797621387899006,none,resource_present_but_screened,"88% of village inside a protected area - non-viable without deep community and regulator engagement; flagged for policy pathway, not commercial deployment",Adodo Molu,Molu Maru,Kepulauan Tanimbar,intermittent,85741.27147008722,0,Mikro Hidro Kelas A (PLTMH),Abat,Maluku Tenggara Barat,53219.96556177196,PLTS Terpusat,15.0,Watmasa (Telnemen),2012,498814.49799761403,GI 150 kV Sirimau,0.0,150 kV,Operasi,53151.8750295553,PLTD Larat,1.4,PLTD,HSD,True,4.65399981,0.19081399999999998,-6.68585004578118,131.57488937980673
81.03.18.2003,5.856460310206546,31.112247757272854,44.61948844020726,120.0,2263.7115109836923,1.26,,0.9179362642069693,47531.735819344955,0.025421175479800648,False,84.17667067189888,59.96558906094359,0.0,False,1.26,51.28599070321702,0.004522254730846418,1.137608380580885,none,solar_biomass_hybrid,92% cropland/tree cover - sago/coconut residue,Wulmasa,Molu Maru,Kepulauan Tanimbar,intermittent,79944.19969263898,0,Mikro Hidro Kelas A (PLTMH),Abat,Maluku Tenggara Barat,47616.371474694286,PLTS Terpusat,15.0,Watmasa (Telnemen),2012,499856.921640259,GI 150 kV Sirimau,0.0,150 kV,Operasi,49264.37999034966,PLTD Larat,1.4,PLTD,HSD,True,4.686500069999999,0.192147,-6.735763891291992,131.54216621416367
81.03.18.2004,4.211433196604463,24.041319204226262,47.18237199209345,111.0,2215.4091783271942,3.36,,0.9541727891661199,40965.698980595334,0.018558752985997858,False,94.91860870238465,53.3116245734852,0.0,False,3.36,36.818017784274126,0.01180202758621793,2.1313562179511405,none,solar_biomass_hybrid,95% cropland/tree cover - sago/coconut residue,Tutunametal,Molu Maru,Kepulauan Tanimbar,intermittent,74899.16109074277,0,Mikro Hidro Kelas A (PLTMH),Abat,Maluku Tenggara Barat,42630.009275042146,PLTS Terpusat,15.0,Watmasa (Telnemen),2012,502689.9304196731,GI 150 kV Sirimau,0.0,150 kV,Operasi,45086.319234587325,PLTD Larat,1.4,PLTD,HSD,True,4.699500080000001,0.19268000000000002,-6.780845736922193,131.53514814996922
81.03.18.2005,6.292634894711958,28.0009473132285,53.3698688954397,225.0,2739.2887506408015,2.31,,0.8943368220868246,35813.89212215701,0.016515892197773243,False,92.48311608283186,35.561513496079186,0.0,False,2.31,55.13545878211349,0.010032592931856057,2.713208667023517,none,solar_biomass_hybrid,89% cropland/tree cover - sago/coconut residue,Nurkat,Molu Maru,Kepulauan Tanimbar,dark_settled,62293.957230096494,0,Mikro Hidro Kelas A (PLTMH),Abat,Maluku Tenggara Barat,30888.36844676358,PLTS Terpusat,15.0,Watmasa (Telnemen),2012,507439.93175233225,GI 150 kV Sirimau,0.0,150 kV,Operasi,37980.53961370356,PLTD Larat,1.4,PLTD,HSD,True,4.699500080000001,0.19268000000000002,-6.893778740853625,131.48593059450846
81.04.01.2002,1.7659619791895114,7.051092476956798,11.557741410333302,21.0,1953.5936684124172,11.34,,0.3022572600076087,0.0,0.010101437024513951,False,31.524613399335742,40.44117647058823,0.0,False,11.34,15.4158074131102,0.0351245436957712,2.655926051333613,none,grid_extension,0.0 km from a reliably-lit settlement,Lala,Namlea,Buru,intermittent,12141.6366093515,0,Mikro Hidro Kelas A (PLTMH),Siahoni,Buru,68593.36885780061,PLTMH,30.0,Tahalupu,2014,135377.0632825188,GI 150 kV Sirimau (60 MVA),60.0,150 kV,Operasi,6642.208912696855,PLTD Namlea MTU Unit 3,0.0,PLTD,B30,True,4.84899998,0.198809,-3.222607924546247,127.0953194908988
81.04.01.2009,10.22917969419058,36.90795368666804,102.43268238976931,351.0,1869.7688020465105,18.48,2.5859879907551226,0.4310069275783813,1113.4034603974428,0.0,False,41.74553311471392,50.99266292619766,0.0,False,18.48,60.0,0.05478394130805986,16.122913926962017,marginal,grid_extension,1.1 km from a reliably-lit settlement,Siahoni,Namlea,Buru,intermittent,3448.141866902312,0,Mikro Hidro Kelas A (PLTMH),Siahoni,Buru,78219.74195256738,PLTMH,30.0,Tahalupu,2014,143430.53313496345,GI 150 kV Sirimau (60 MVA),60.0,150 kV,Operasi,12342.775610705956,PLTD Wesa Namlea,2.0,PLTD,HSD,True,4.673500059999999,0.19161300000000003,-3.2448712216529843,127.00873271611503
81.04.01.2010,11.453140174031374,42.41566032512875,135.36912775130992,351.0,1873.91246228271,37.8,2.4281655038478,0.6246433230276198,0.0,0.0,False,61.045201396121826,39.17355371900829,0.0,False,25.0,60.0,0.07427671796846105,21.85963809811809,marginal,grid_extension,0.0 km from a reliably-lit settlement,Jamilu,Namlea,Buru,intermittent,2630.516048591608,0,Mikro Hidro Kelas A (PLTMH),Jamilu,Buru,80256.1883191809,PLTMH,30.0,Tahalupu,2014,144920.87933442034,GI 150 kV Sirimau (60 MVA),60.0,150 kV,Operasi,11350.05595094479,PLTD Mako,0.5,PLTD,HSD,True,4.5954999899999995,0.18841501000000002,-3.255356659156187,126.99068162738723
81.04.01.2011,4.40541552250182,25.151295495825646,29.60853336872314,183.0,1951.1041972871903,72.24,2.2125945884808815,0.622673966169263,497.92263769083644,0.0,False,46.53369375273045,89.20286798819065,0.0,False,25.0,38.520442743289635,0.07733638529328349,14.612150987156589,marginal,grid_extension,0.5 km from a reliably-lit settlement,Sanleko,Namlea,Buru,intermittent,7438.410101643946,0,Mikro Hidro Kelas A (PLTMH),Waetele,Buru,76660.01892110343,PLTMH,30.0,Tahalupu,2014,140025.3933934673,GI 150 kV Sirimau (60 MVA),60.0,150 kV,Operasi,8982.315724625023,PLTD Mako,0.5,PLTD,HSD,True,4.57600021,0.18761601000000003,-3.290277858029066,127.02528840162984
81.04.01.2012,11.11208905831367,30.558896218044893,86.11585055372773,341.0,1833.85611796751,30.029999999999998,2.7796932857615135,0.24330483994923618,1408.362479974527,0.0,False,17.813962458026207,73.77441211638103,0.0,False,25.0,60.0,0.07268899503612974,21.392371239132984,marginal,grid_extension,1.4 km from a reliably-lit settlement,Batu Boy,Namlea,Buru,intermittent,6344.777254118561,0,Mikro Hidro Kelas A (PLTMH),Siahoni,Buru,74494.43134320751,PLTMH,30.0,Tahalupu,2014,140375.99171002573,GI 150 kV Sirimau (60 MVA),60.0,150 kV,Operasi,9457.932772063501,PLTD Wesa Namlea,2.0,PLTD,HSD,True,4.77750015,0.195878,-3.2342545343138207,127.04214063158014
81.04.02.2004,18.447563479106194,50.162336183217164,753.6875037794608,1654.0,2878.8826556781587,157.71,0.7948965501721642,0.9831019267839592,995.94270668548,0.0008358058527406906,False,98.00586982336871,70.34722479014904,0.0,False,25.0,60.0,0.11411096269652775,33.58285632158812,moderate,grid_extension,1.0 km from a reliably-lit settlement,Waepure,Air Buaya,Buru,dark_settled,258.53010041064647,0,Mikro Hidro Kelas A (PLTMH),Batlale,Buru,137902.8876003937,PLTMH,30.0,Tahalupu,2014,202010.7457565008,GI 150 kV Sirimau (60 MVA),60.0,150 kV,Operasi,12572.118727066407,PLTD Air Buaya,1.6,PLTD,HSD,True,3.03550005,0.12445600000000001,-3.1914887884445005,126.47157810324691
81.04.02.2005,2.747151331313296,24.940636979281955,23.86016583979689,99.0,1772.0518230782598,0.63,0.9271432962365891,0.9254413709816549,0.0,0.0030337014032666204,False,85.93923009447664,64.01414677276746,0.0,False,0.63,23.991805622412034,0.001770028932869266,0.2082966624573969,none,grid_extension,0.0 km from a reliably-lit settlement,Waemangit,Air Buaya,Buru,intermittent,4556.7629023959835,0,Mikro Hidro Kelas A (PLTMH),Waepure,Buru,141124.53886083656,PLTMH,30.0,Tahalupu,2014,207620.07467826083,GI 150 kV Sirimau (60 MVA),60.0,150 kV,Operasi,2081.271726484506,PLTD Air Buaya,1.6,PLTD,HSD,True,4.1795001,0.17136,-3.0929216876289547,126.44941621040955
81.04.02.2006,22.282900116758857,56.09368180856493,917.0953829610341,2053.0,3690.2392903671384,360.57,0.6535814829538228,0.9672311964848892,0.0,0.0002427909756461975,False,95.8491693078115,68.57840326746778,0.0,False,25.0,60.0,0.14627090033482124,43.04752596853789,moderate,grid_extension,0.0 km from a reliably-lit settlement,Air Buaya,Air Buaya,Buru,dark_settled,1460.2243895655542,0,Mikro Hidro Kelas A (PLTMH),Air Buaya,Buru,144372.50079203688,PLTMH,30.0,Tahalupu,2014,206196.43482746513,GI 150 kV Sirimau (60 MVA),60.0,150 kV,Operasi,20196.977453789303,PLTD Air Buaya,1.6,PLTD,HSD,True,3.45149994,0.14151099,-3.2661144529608115,126.4131912089812
81.04.02.2007,19.298250439812914,70.41541465574097,748.1102215045233,2206.0,3500.1902215477157,91.14,0.6461273450573779,0.9411059144653473,12044.245831775852,0.0,False,93.23774685320905,62.08198590575172,0.0,False,25.0,60.0,0.1387378797861062,40.830558021051054,moderate,micro_hydro,"~41 kW screening potential (capped catchment 25 km2, head 60 m); 24-h baseload",Tanjung Karang,Air Buaya,Buru,intermittent,5041.582043407841,0,Mikro Hidro Kelas A (PLTMH),Selwadu,Buru,155927.5485084406,PLTMH,30.0,Tahalupu,2014,218896.99348950363,GI 150 kV Sirimau (60 MVA),60.0,150 kV,Operasi,19608.04723017816,PLTD Air Buaya,1.6,PLTD,HSD,True,3.4124999,0.13991299,-3.2115501521802456,126.3087417057238
81.04.02.2008,20.308240996399192,70.69261508432501,1238.78983315386,2673.0,4133.789059055516,73.08,0.7963705098990571,0.9838752067727232,19598.09111040856,0.0,False,98.4734496075051,41.487587768414016,0.0,False,25.0,60.0,0.16385198895926545,48.22164035071182,moderate,micro_hydro,"~48 kW screening potential (capped catchment 25 km2, head 60 m); 24-h baseload",Bara,Air Buaya,Buru,dark_settled,8905.323828897403,0,Mikro Hidro Kelas A (PLTMH),Bara,Buru,165509.31537801016,PLTMH,30.0,Tahalupu,2014,227665.54708325167,GI 150 kV Sirimau (60 MVA),60.0,150 kV,Operasi,27301.836649844656,PLTD Waipandan,0.2,PLTD,HSD,True,2.50900006,0.102869,-3.233230170628905,126.22230855146019
81.04.02.2014,17.76314051596523,58.83334742243319,429.8714223807106,1819.0,2970.852224401618,356.15999999999997,0.5509364330398573,0.8794880333837702,3485.79947339918,0.00016587826101007494,False,88.95874403141234,51.445560263496425,0.0,False,25.0,60.0,0.11775638256284954,34.65570338824662,moderate,grid_extension,3.5 km from a reliably-lit settlement,Selwadu,Air Buaya,Buru,intermittent,890.7241509466003,0,Mikro Hidro Kelas A (PLTMH),Selwadu,Buru,149844.2251650116,PLTMH,30.0,Tahalupu,2014,213870.19437576976,GI 150 kV Sirimau (60 MVA),60.0,150 kV,Operasi,12743.680940167638,PLTD Air Buaya,1.6,PLTD,HSD,True,4.19899988,0.172159,-3.177958459947504,126.36443097925013
81.04.02.2018,19.866629519975362,46.82872165891722,567.0484668875145,1529.0,2763.088594545691,145.10999999999999,0.6933837078854116,0.9816171021147743,1991.8689715942662,0.0,False,97.64054767004272,33.19111372664413,0.0,False,25.0,60.0,0.1095212057071954,32.23209083962761,moderate,grid_extension,2.0 km from a reliably-lit settlement,Wasbaka,Air Buaya,Buru,intermittent,1482.6382907575921,0,Mikro Hidro Kelas A (PLTMH),Air Buaya,Buru,140284.99464501577,PLTMH,30.0,Tahalupu,2014,204657.35346053334,GI 150 kV Sirimau (60 MVA),60.0,150 kV,Operasi,10514.745047628465,PLTD Air Buaya,1.6,PLTD,HSD,True,3.26300001,0.133783,-3.1782402363006765,126.45058940489587
81.04.02.2019,20.38756741904826,59.13671219760664,718.6802102487546,2038.0,3667.990068035929,51.87,1.4424697735581782,0.9930984364565766,31184.52218098347,0.0,False,99.32937743745387,34.39744749099968,0.0,False,25.0,60.0,0.1453890025699173,42.787983456326664,moderate,micro_hydro,"~43 kW screening potential (capped catchment 25 km2, head 60 m); 24-h baseload",Kampung Baru,Air Buaya,Buru,intermittent,7052.726710765074,0,Mikro Hidro Kelas A (PLTMH),Kampung Baru/Air Ternate,Buru/Buru Selatan,176061.81576090652,PLTMH,30.0,Tahalupu,2014,238518.05171567498,GI 150 kV Sirimau (60 MVA),60.0,150 kV,Operasi,22849.163366333905,PLTD Waipandan,0.2,PLTD,HSD,True,2.37249994,0.09727250000000001,-3.2098341373315584,126.12739202480108
81.04.02.2020,21.380676122837325,49.89714843097881,781.9862878604084,1654.0,2902.1978301608433,66.57,0.7333495689225062,0.979493431191861,3521.1965295904743,0.00029952278629321493,False,97.37775063502376,68.24574527772583,0.0,False,25.0,60.0,0.1150351118626666,33.85483342118278,moderate,grid_extension,3.5 km from a reliably-lit settlement,Batlale,Air Buaya,Buru,dark_settled,567.645573251588,0,Mikro Hidro Kelas A (PLTMH),Wamlana,Buru,135696.40426603946,PLTMH,30.0,Tahalupu,2014,200116.32429231683,GI 150 kV Sirimau (60 MVA),60.0,150 kV,Operasi,12716.124476801724,PLTD Air Buaya,1.6,PLTD,HSD,True,3.15899992,0.129519,-3.1831683753079245,126.49175512051583
81.04.02.2023,7.007053540860166,26.74356000269101,75.5242439782954,251.0,1856.5549020900476,1.68,0.9271432962365891,0.6273206298633662,3521.2037403777135,0.006004717992708556,False,66.4086434377681,51.855072463768124,0.0,False,1.68,60.0,0.0049451614591439624,1.4553610174260683,none,grid_extension,3.5 km from a reliably-lit settlement,Awilinan,Air Buaya,Buru,intermittent,2690.0405067192273,0,Mikro Hidro Kelas A (PLTMH),Batlale,Buru,136028.66426946933,PLTMH,30.0,Tahalupu,2014,202808.32808724177,GI 150 kV Sirimau (60 MVA),60.0,150 kV,Operasi,7086.676850109194,PLTD Air Buaya,1.6,PLTD,HSD,True,3.88700008,0.159367,-3.091318582208559,126.49577486034963
81.04.03.2001,5.2215499142743385,32.758260202623234,40.187394636473414,318.0,1615.504604076803,85.67999999999999,2.2125945884808815,0.5612704222441963,0.0,0.0,False,58.11611957334595,69.36966633703257,0.0,False,25.0,45.69318716715083,0.06403414368011172,14.351657770652828,marginal,grid_extension,0.0 km from a reliably-lit settlement,Savana Jaya,Waeapo,Buru,intermittent,7043.643290625779,0,Mikro Hidro Kelas A (PLTMH),Waetele,Buru,77364.59616182782,PLTMH,30.0,Tahalupu,2014,139949.2043452882,GI 150 kV Sirimau (60 MVA),60.0,150 kV,Operasi,7189.866236696176,PLTD Mako,0.5,PLTD,HSD,True,4.47849989,0.18361899,-3.306898669220325,127.02057336906631
81.04.03.2002,10.131841815070189,31.120798460324412,111.49280846755373,377.0,1942.64438814077,69.92999999999999,2.16693525883482,0.7499264213098071,0.0,0.0,False,62.26651939030421,60.71783480446601,0.0,False,25.0,60.0,0.07700106180796432,22.661412490083897,marginal,grid_extension,0.0 km from a reliably-lit settlement,Waetele,Waeapo,Buru,intermittent,2074.3150143085627,0,Mikro Hidro Kelas A (PLTMH),Waetele,Buru,83396.64267186171,PLTMH,30.0,Tahalupu,2014,145556.41704981838,GI 150 kV Sirimau (60 MVA),60.0,150 kV,Operasi,5278.9022612579465,PLTD Wesa Mako,3.0,PLTD,HSD,True,4.40049982,0.18042,-3.3111224593824518,126.966372302624
81.04.03.2016,11.821401382997395,36.46698508007599,224.1658550076745,510.0,1927.6226903016104,109.41,1.8169007526616685,0.8108985334772332,0.0,0.0,False,68.20813490280649,54.69767118042262,0.0,False,25.0,60.0,0.07640564316581093,22.486180783698156,marginal,grid_extension,0.0 km from a reliably-lit settlement,Waekerta,Waeapo,Buru,intermittent,2408.708880173152,0,Mikro Hidro Kelas A (PLTMH),Gogorea,Buru,87535.723772607,PLTMH,30.0,Tahalupu,2014,151094.9747204977,GI 150 kV Sirimau (60 MVA),60.0,150 kV,Operasi,11001.499779785046,PLTD Wesa Mako,3.0,PLTD,HSD,True,4.38100004,0.179621,-3.273474311755257,126.9258706904855
81.04.03.2027,10.156599229182172,39.17175165085793,141.10640293525336,403.0,1809.7237981021156,61.32,2.1492051196617035,0.6856918421046658,497.92044105961344,0.0,False,67.52357880110256,70.78363134525387,0.0,False,25.0,60.0,0.07173245648235808,21.110861942757985,marginal,grid_extension,0.5 km from a reliably-lit settlement,Gogorea,Waeapo,Buru,intermittent,3108.7816237850443,0,Mikro Hidro Kelas A (PLTMH),Waetele,Buru,81050.06885726744,PLTMH,30.0,Tahalupu,2014,143902.7949918798,GI 150 kV Sirimau (60 MVA),60.0,150 kV,Operasi,6649.3187742206555,PLTD Mako,0.5,PLTD,HSD,True,4.4460001,0.18228599,-3.297397828431891,126.98622707536451
81.04.06.2001,11.65168407001384,41.89446794075671,156.94404995123108,754.0,1900.5270769527913,39.269999999999996,2.19101719728178,0.5940058451136873,497.96206557327235,0.0013861388162824295,False,37.534718495233754,81.08218063466236,0.0,False,25.0,60.0,0.07533164783710646,22.17010395846043,marginal,grid_extension,0.5 km from a reliably-lit settlement,Lamahang,Waplau,Buru,intermittent,7563.824913673116,0,Mikro Hidro Kelas A (PLTMH),Waelana-lana,Buru,92126.2307383702,PLTMH,30.0,Tahalupu,2014,159077.86538403033,GI 150 kV Sirimau (60 MVA),60.0,150 kV,Operasi,22951.449033309626,PLTD Wesa Mako,3.0,PLTD,HSD,True,4.56949997,0.18734901,-3.17298698189204,126.88526036751365
81.04.06.2002,14.029028229484346,42.398264609314054,237.59069833164477,884.0,2083.127861276522,38.01,1.9610002282412198,0.693433311862951,0.0,0.001212659686869657,False,53.98247463964386,66.92639047257063,0.0,False,25.0,60.0,0.08256943894582865,24.300185881757372,marginal,grid_extension,0.0 km from a reliably-lit settlement,Waplau,Waplau,Buru,intermittent,3301.5502517688274,0,Mikro Hidro Kelas A (PLTMH),Waelana-lana,Buru,96277.39609004073,PLTMH,30.0,Tahalupu,2014,162757.84487385003,GI 150 kV Sirimau (60 MVA),60.0,150 kV,Operasi,24572.337523339876,PLTD Wesa Mako,3.0,PLTD,HSD,True,4.41349983,0.180953,-3.1793461458605528,126.84739066759575
81.04.06.2003,10.777862379212937,38.82707781126647,232.05956339065412,621.0,1788.4133627467913,69.3,2.0560929114445847,0.5968710674401854,2489.836214492833,0.0009952542399710325,False,50.44267399031847,77.51472214749053,0.0,False,25.0,60.0,0.07088776964210709,20.862270605672116,marginal,grid_extension,2.5 km from a reliably-lit settlement,Waeura,Waplau,Buru,intermittent,1369.3273134052226,0,Mikro Hidro Kelas A (PLTMH),Waeura,Buru,100916.49480284903,PLTMH,30.0,Tahalupu,2014,168136.27054187236,GI 150 kV Sirimau (60 MVA),60.0,150 kV,Operasi,30123.164545884367,PLTD Wesa Mako,3.0,PLTD,HSD,True,4.48500013,0.18388499000000003,-3.14674766594526,126.80794890204066
81.04.06.2004,10.219597755520088,40.24578300692035,168.28142465958953,381.0,1948.831514363455,213.98999999999998,2.3721147702966263,0.6786259504107626,7584.858147981412,0.001708545040753678,False,56.44305813513096,60.90188168329143,0.0,False,25.0,60.0,0.0772463024148376,22.733586800686705,marginal,solar_battery,uniform equatorial irradiance; no discriminating alternative,Samalagi,Waplau,Buru,intermittent,1688.7740196094599,0,Mikro Hidro Kelas B (PLTMH),Samalagi,Buru,102988.45687532259,PLTMH,30.0,Tahalupu,2014,171106.43944099135,GI 150 kV Sirimau (60 MVA),60.0,150 kV,Operasi,34209.324386506836,PLTD Wesa Mako,3.0,PLTD,HSD,True,4.563000199999999,0.18708301,-3.111710089924095,126.79304687722608
81.04.06.2005,10.36218578983474,41.2912278442177,194.02853303634103,379.0,2310.4357505152043,212.1,2.3721147702966263,0.8180085838192764,9395.76272183371,0.002707738602338568,False,71.03105212552374,49.122064734503965,0.0,False,25.0,60.0,0.09157929630086269,26.95178690134389,marginal,solar_biomass_hybrid,82% cropland/tree cover - sago/coconut residue,Namsina,Waplau,Buru,intermittent,3189.941478091158,0,Mikro Hidro Kelas B (PLTMH),Samalagi,Buru,104107.37925258925,PLTMH,30.0,Tahalupu,2014,172870.87345401163,GI 150 kV Sirimau (60 MVA),60.0,150 kV,Operasi,36952.471977122615,PLTD Wesa Mako,3.0,PLTD,HSD,True,4.627999780000001,0.189748,-3.0858763407740306,126.78654611877525
81.04.06.2006,11.725442700169504,42.367447244727686,318.0580901929649,674.0,2508.033745918038,67.2,2.0752284807696095,0.8211682833761718,12319.10570262712,0.0005597320070996312,False,80.78211315821517,34.54769809325149,0.0,False,25.0,60.0,0.0994115354641536,29.256814887100408,marginal,solar_biomass_hybrid,82% cropland/tree cover - sago/coconut residue,Hatawano,Waplau,Buru,intermittent,362.1878099060272,0,Mikro Hidro Kelas A (PLTMH),Hatawano,Buru,107792.20962000707,PLTMH,30.0,Tahalupu,2014,175288.4326493566,GI 150 kV Sirimau (60 MVA),60.0,150 kV,Operasi,35322.1785776077,PLTD Air Buaya,1.6,PLTD,HSD,True,4.472000120000001,0.18335199000000002,-3.1228523827463497,126.74813585867255
81.04.06.2007,14.087372116721177,39.51052347549265,224.48472475099078,575.0,3083.93283161819,6.72,2.1765220382930237,0.9796808765565735,15461.220715066453,0.004925049994215545,False,92.16391085549964,74.59572892235529,0.0,False,6.72,60.0,0.032857731843725015,9.670030481608272,none,solar_biomass_hybrid,98% cropland/tree cover - sago/coconut residue,Waelihang,Waplau,Buru,intermittent,5327.684004084206,0,Mikro Hidro Kelas A (PLTMH),Hatawano,Buru,109976.00788581662,PLTMH,30.0,Tahalupu,2014,178671.96038957723,GI 150 kV Sirimau (60 MVA),60.0,150 kV,Operasi,33635.88929675214,PLTD Air Buaya,1.6,PLTD,HSD,True,4.57600021,0.18761601000000003,-3.073904218867809,126.73492962380718
81.04.06.2008,13.05321215930694,39.51052347549265,355.7463965219834,621.0,2919.7436216072924,15.33,2.1765220382930237,0.7978586160480665,15469.364654454947,0.004525108475273513,False,83.03406898307952,91.12985181028077,0.0,False,15.33,60.0,0.07096599080295503,20.885291093309664,marginal,solar_biomass_hybrid,80% cropland/tree cover - sago/coconut residue,Waprea,Waplau,Buru,intermittent,6254.91676592727,0,Mikro Hidro Kelas A (PLTMH),Hatawano,Buru,112759.7998666162,PLTMH,30.0,Tahalupu,2014,180940.36489375745,GI 150 kV Sirimau (60 MVA),60.0,150 kV,Operasi,30579.58972794213,PLTD Air Buaya,1.6,PLTD,HSD,True,4.48500013,0.18388499000000003,-3.086784646159239,126.70762415092952
81.04.06.2009,12.653849217565083,45.23812240543221,163.25915677641999,586.0,2514.869391961581,98.91,2.0650636756806096,0.9036570080686578,11951.386279423823,0.0026374028110535924,False,80.43872225352604,68.66631363945838,0.0,False,25.0,60.0,0.09968248160679784,29.336554336880603,marginal,solar_biomass_hybrid,90% cropland/tree cover - sago/coconut residue,Waepotih,Waplau,Buru,intermittent,6160.222948795821,0,Mikro Hidro Kelas A (PLTMH),Raheriat,Buru,117007.10679061504,PLTMH,30.0,Tahalupu,2014,184849.53531562127,GI 150 kV Sirimau (60 MVA),60.0,150 kV,Operasi,26248.266237443135,PLTD Air Buaya,1.6,PLTD,HSD,True,4.47849989,0.18361899,-3.089882498959483,126.66857730621405
81.04.06.2010,14.63022848696322,26.557644973883928,277.0752013263855,461.0,2537.6400548105626,0.42,2.1765220382930237,0.7838991724420271,13673.769052230991,0.0,False,79.87136383569656,51.30609511051575,0.0,False,0.42,60.0,0.0016898288036219502,0.49731661690594,none,solar_biomass_hybrid,78% cropland/tree cover - sago/coconut residue,Skikilale,Waplau,Buru,intermittent,5415.015173382196,0,Mikro Hidro Kelas A (PLTMH),Raheriat,Buru,116987.38552062081,PLTMH,30.0,Tahalupu,2014,184655.3360267669,GI 150 kV Sirimau (60 MVA),60.0,150 kV,Operasi,26195.21427978663,PLTD Air Buaya,1.6,PLTD,HSD,True,4.47849989,0.18361899,-3.096554653979504,126.66788038636665
81.04.10.2001,19.425632716682824,51.011006068794075,411.04798444713515,1439.0,3930.4769402692496,32.76,2.4988734048660537,0.9861714589088793,16376.65356822785,0.1711047529547412,True,98.73214528635559,26.985627121719613,0.0,False,25.0,60.0,0.15579325771615177,45.84995574586346,moderate,resource_present_but_screened,"17% of village inside a protected area - non-viable without deep community and regulator engagement; flagged for policy pathway, not commercial deployment",Ilath,Batabual,Buru,intermittent,13505.952336172124,0,Mikro Hidro Kelas A (PLTMH),Lena,Buru Selatan,66408.37575625531,PLTMH,30.0,Tahalupu,2014,112868.25689364258,GI 150 kV Sirimau (60 MVA),60.0,150 kV,Operasi,15104.065424843271,PLTD Batujungku,0.8,PLTD,HSD,True,4.24450016,0.174025,-3.557976901916106,127.2134944924449
81.04.10.2002,15.299201412650383,38.99030444471287,225.61474790628012,856.0,2731.5063456630273,52.919999999999995,2.823334743537656,0.9769898909661738,10919.436360081732,0.2315169324934365,True,84.54862362980626,64.6813211808094,0.0,False,25.0,60.0,0.10826937252913447,31.86367633532428,moderate,resource_present_but_screened,"23% of village inside a protected area - non-viable without deep community and regulator engagement; flagged for policy pathway, not commercial deployment",Batu Jungku,Batabual,Buru,dark_settled,10378.63222585043,0,Mikro Hidro Kelas A (PLTMH),Masarete,Buru,59536.668509872856,PLTMH,30.0,Tahalupu,2014,114668.51889909508,GI 150 kV Sirimau (60 MVA),60.0,150 kV,Operasi,3789.359668506947,PLTD Batujungku,0.8,PLTD,HSD,True,4.49800014,0.18441799,-3.4390589072408786,127.21959620045453
81.04.10.2003,11.822993168453452,40.15611673968766,163.82954821850552,717.0,2331.90145089019,17.22,3.0090390580269717,0.9571379267174438,8566.008894170027,0.18327082138500758,True,75.0158824957555,60.86843902324159,0.0,False,17.22,60.0,0.06366587865348977,18.73686808772204,marginal,resource_present_but_screened,"18% of village inside a protected area - non-viable without deep community and regulator engagement; flagged for policy pathway, not commercial deployment",Pela,Batabual,Buru,intermittent,10285.576682524445,0,Mikro Hidro Kelas A (PLTMH),Masarete,Buru,58284.19642215198,PLTMH,30.0,Tahalupu,2014,115920.54058729159,GI 150 kV Sirimau (60 MVA),60.0,150 kV,Operasi,4684.012279583843,PLTD Batujungku,0.8,PLTD,HSD,True,4.6085,0.18894801,-3.4028304001986625,127.21763904212082
81.04.10.2004,21.046283277608214,51.82228559780836,446.39941258810853,1735.0,3525.6781718067805,51.87,2.4860876119873545,0.9932237055526278,12565.836096834146,0.399792751028027,True,99.37217536843137,57.31447491947136,0.0,False,25.0,60.0,0.13974815178711555,41.127881070948106,moderate,resource_present_but_screened,"40% of village inside a protected area - non-viable without deep community and regulator engagement; flagged for policy pathway, not commercial deployment",Waemorat,Batabual,Buru,dark_settled,12179.605647863078,0,Mikro Hidro Kelas A (PLTMH),Masarete,Buru,63134.744689843894,PLTMH,30.0,Tahalupu,2014,114307.38544692192,GI 150 kV Sirimau (60 MVA),60.0,150 kV,Operasi,8799.379009064465,PLTD Batujungku,0.8,PLTD,HSD,True,4.08850002,0.16762801,-3.4951983677691287,127.2105013981972
81.04.10.2006,19.63000050401911,42.20401365357475,375.27782056953737,875.0,3700.2946592391518,9.24,2.513221143513545,0.9718946437335542,24195.579243686232,0.0,False,98.11207247867418,59.502408554338025,0.0,False,9.24,60.0,0.05420903515247615,15.953719045373731,marginal,solar_biomass_hybrid,97% cropland/tree cover - sago/coconut residue,Namlea Ilath,Batabual,Buru,intermittent,13705.58039188637,0,Mikro Hidro Kelas A (PLTMH),Lena,Buru Selatan,68701.36115388745,PLTMH,30.0,Tahalupu,2014,111474.25489787162,GI 150 kV Sirimau (60 MVA),60.0,150 kV,Operasi,19941.88823214065,PLTD Batujungku,0.8,PLTD,HSD,True,4.472000120000001,0.18335199000000002,-3.6043385991578436,127.22112559448345
81.04.11.2001,11.26239775870782,37.94361855555589,222.15960372326387,575.0,2184.4496730425903,102.06,1.5432701880980206,0.8589198079473088,995.8210180549514,0.0,False,68.95267388352897,72.07353728332032,0.0,False,25.0,60.0,0.08658555591397887,25.482129105483985,marginal,grid_extension,1.0 km from a reliably-lit settlement,Kubalahin,Lolong Guba,Buru,intermittent,263.0035536086223,0,Mikro Hidro Kelas A (PLTMH),Kubalahin,Buru,89998.26280809254,PLTMH,30.0,Tahalupu,2014,151879.4194466267,GI 150 kV Sirimau (60 MVA),60.0,150 kV,Operasi,9465.387981995067,PLTD Wesa Mako,3.0,PLTD,HSD,True,4.31599998,0.176956,-3.312170589253982,126.90668314186125
81.04.11.2003,1.2504112054460328,5.649158292798661,17.02246989410979,24.0,2173.421223959753,1060.29,1.0613132238778835,0.48914199217307835,0.0,0.0,False,26.169255988421895,74.69635627530366,0.0,False,25.0,10.913628964619782,0.0861484186310785,4.611641155842952,none,grid_extension,0.0 km from a reliably-lit settlement,Grandeng,Lolong Guba,Buru,intermittent,8716.805254293407,0,Mikro Hidro Kelas A (PLTMH),Wapsalit,Buru,91482.6027788931,PLTMH,30.0,Tahalupu,2014,147367.08199522994,GI 150 kV Sirimau (60 MVA),60.0,150 kV,Operasi,11799.477227201576,PLTD Wesa Mako,3.0,PLTD,HSD,True,4.35500002,0.17855500000000002,-3.442985535804706,126.91725026369349
81.04.11.2004,5.973058138874507,31.791684223904014,57.557411218781354,364.0,2167.661969294112,909.93,0.9912351993370053,0.7838191250810884,704.1053942770217,0.0,False,76.10197320813893,76.32848503922848,0.0,False,25.0,52.31442001148628,0.08592013767179225,22.047298941921674,marginal,grid_extension,0.7 km from a reliably-lit settlement,Lele,Lolong Guba,Buru,intermittent,5918.079067751888,0,Mikro Hidro Kelas B (PLTMH),Wapsalit,Buru,95973.28474378285,PLTMH,30.0,Tahalupu,2014,152371.63734677958,GI 150 kV Sirimau (60 MVA),60.0,150 kV,Operasi,14560.022644662384,PLTD Wesa Mako,3.0,PLTD,HSD,True,4.329,0.177489,-3.4337163251195215,126.87311952255536
81.04.11.2006,6.435597009858303,28.681976399933408,91.27980237069688,498.0,2121.649792255021,35.699999999999996,1.2927132339725393,0.8313282301195147,995.7964463182223,0.0,False,65.51806003052403,72.82780410742497,0.0,False,25.0,56.39855891001374,0.0840963419685051,23.263985795957378,marginal,grid_extension,1.0 km from a reliably-lit settlement,Wabloy,Lolong Guba,Buru,intermittent,6495.306784827629,0,Mikro Hidro Kelas B (PLTMH),Waekerta,Buru,89315.88255263062,PLTMH,30.0,Tahalupu,2014,148379.87130837986,GI 150 kV Sirimau (60 MVA),60.0,150 kV,Operasi,6712.83648259011,PLTD Wesa Mako,3.0,PLTD,HSD,True,4.30950022,0.17669,-3.376732875242547,126.9221974507631
81.04.11.2008,14.268763913177494,45.17288602819572,317.8410844713437,869.0,2704.199935109965,384.09,1.3577140044764981,0.9052359063255654,2489.4854670443447,0.0,False,87.1692632028059,28.470742155352518,0.0,False,25.0,60.0,0.10718702178105838,31.545140510165478,moderate,grid_extension,2.5 km from a reliably-lit settlement,Tifu,Lolong Guba,Buru,intermittent,3965.7090291234763,0,Mikro Hidro Kelas B (PLTMH),Waelana-lana,Buru,95714.89922902267,PLTMH,30.0,Tahalupu,2014,157793.82526629872,GI 150 kV Sirimau (60 MVA),60.0,150 kV,Operasi,15158.685064900654,PLTD Wesa Mako,3.0,PLTD,HSD,True,4.20550013,0.172426,-3.3024551424577924,126.85405430448586
81.04.11.2009,12.862477533511067,44.99314911961381,244.26144778410816,658.0,2350.581097701364,735.63,0.6836440602397881,0.6906865708660807,3485.1277460446126,0.0,False,67.00497463077821,52.75071051563135,0.0,False,25.0,60.0,0.09317054706134908,27.420092000155037,marginal,grid_extension,3.5 km from a reliably-lit settlement,Wapsalit,Lolong Guba,Buru,intermittent,1978.7302383881372,0,Mikro Hidro Kelas B (PLTMH),Wapsalit,Buru,101163.94302638069,PLTMH,30.0,Tahalupu,2014,155960.9374928254,GI 150 kV Sirimau (60 MVA),60.0,150 kV,Operasi,20411.83293549291,PLTD Wesa Mako,3.0,PLTD,HSD,True,4.35500002,0.17855500000000002,-3.4694188101278503,126.83405425513214
81.04.11.2010,15.0520853778505,56.26746945204846,459.2743397645644,1280.0,3394.54117843556,459.06,0.536328679913163,0.6983505996784102,0.0,0.0,False,83.04155615574433,56.31960980500528,0.0,False,25.0,60.0,0.1345502433106434,39.598136606322356,moderate,grid_extension,0.0 km from a reliably-lit settlement,Nafrua,Lolong Guba,Buru,dark_settled,505.61438732361086,0,Mikro Hidro Kelas A (PLTMH),Nafrua,Buru,111760.85146451967,PLTMH,30.0,Tahalupu,2014,163013.9294374659,GI 150 kV Sirimau (60 MVA),60.0,150 kV,Operasi,31666.271117620265,PLTD Wamsisi,1.5,PLTD,HSD,True,4.29650021,0.176157,-3.5520669508004143,126.75955040561767
81.04.12.2001,1.9761645850911562,14.248083174316212,20.88208695381841,74.0,2275.8770792995724,928.1999999999999,1.2302377095643093,0.591569243051131,0.0,0.0,False,42.218592931070525,75.4381939983482,0.0,False,25.0,17.25213087319687,0.09020948595650895,7.633680232143614,none,grid_extension,0.0 km from a reliably-lit settlement,Waelo,Waelata,Buru,intermittent,9434.645920274357,0,Mikro Hidro Kelas A (PLTMH),Widit,Buru,88282.86882802132,PLTMH,30.0,Tahalupu,2014,144168.3579924865,GI 150 kV Sirimau (60 MVA),60.0,150 kV,Operasi,10117.697232693476,PLTD Wesa Mako,3.0,PLTD,HSD,True,4.33549976,0.177755,-3.4418355279448134,126.94681654150702
81.04.12.2004,3.1069264326894497,14.911494305119101,40.654083503939205,108.0,2417.149003891922,926.73,0.837089910668936,0.7052049847793492,0.0,0.0,False,39.396424576965096,78.38423098278736,0.0,False,25.0,27.13965425823215,0.09580911513397079,12.754109802960928,marginal,grid_extension,0.0 km from a reliably-lit settlement,Waetina,Waelata,Buru,intermittent,5005.383771701099,0,Mikro Hidro Kelas B (PLTMH),Waehata,Buru,91464.84479253153,PLTMH,30.0,Tahalupu,2014,144957.71491492994,GI 150 kV Sirimau (60 MVA),60.0,150 kV,Operasi,15651.543487584398,PLTD Wesa Mako,3.0,PLTD,HSD,True,4.329,0.177489,-3.489169371977373,126.93129772668965
81.04.12.2005,1.7221738743501929,8.45499466859387,12.543309809685407,32.0,2174.406200238928,1608.81,1.6785128357055767,0.7167738162216495,704.1359953872548,0.0,False,74.31218160673667,87.39142236699242,0.0,False,25.0,15.03332980761588,0.08618746037223046,6.35533255616245,none,grid_extension,0.7 km from a reliably-lit settlement,Waeleman,Waelata,Buru,intermittent,7449.124152415563,0,Mikro Hidro Kelas A (PLTMH),Widit,Buru,84261.24910929326,PLTMH,30.0,Tahalupu,2014,141855.8005235217,GI 150 kV Sirimau (60 MVA),60.0,150 kV,Operasi,5658.52223111934,PLTD Wesa Mako,3.0,PLTD,HSD,True,4.25750017,0.17455800000000002,-3.407548686812677,126.97533793658155
81.04.12.2006,12.452643151065594,45.47994869921771,279.1580461654067,1322.0,3345.987607807955,135.87,1.1618922304541743,0.9191415350783803,0.0,0.0,False,78.88551775149772,90.47198528181971,0.0,False,25.0,60.0,0.13262571377980545,39.03174756539674,moderate,grid_extension,0.0 km from a reliably-lit settlement,Basalale,Waelata,Buru,intermittent,2258.1002831979636,0,Mikro Hidro Kelas A (PLTMH),Basalale,Buru,84402.0951587012,PLTMH,30.0,Tahalupu,2014,136709.0074085553,GI 150 kV Sirimau (60 MVA),60.0,150 kV,Operasi,16589.25928841923,PLTD Mako,0.5,PLTD,HSD,True,4.0170002,0.16469701,-3.503924272650773,127.00421766200837
81.04.12.2007,13.118397997853274,43.7388066533971,284.85536133360483,1080.0,3248.1636899745513,730.5899999999999,0.7289288653618659,0.8378795042617457,0.0,0.0,False,80.47527788424685,55.91171216347512,0.0,False,25.0,60.0,0.12874824367288779,37.89060811293088,moderate,grid_extension,0.0 km from a reliably-lit settlement,Waflan,Waelata,Buru,intermittent,2487.0258006421577,0,Mikro Hidro Kelas A (PLTMH),Waflan,Buru,99568.20511025848,PLTMH,30.0,Tahalupu,2014,148572.0434940957,GI 150 kV Sirimau (60 MVA),60.0,150 kV,Operasi,21117.307968455043,PLTD Wamsisi,1.5,PLTD,HSD,True,4.08850002,0.16762801,-3.5800324787731306,126.88771050420554
81.04.12.2009,15.665900798766264,48.750113353308244,367.34520063737745,1071.0,3326.4194585376517,133.14,1.003917418671902,0.9507581054771268,3624.528391735951,0.0,False,89.98666476039459,64.53622131193538,0.0,False,25.0,60.0,0.13185008635121973,38.80348041316397,moderate,grid_extension,3.6 km from a reliably-lit settlement,Waehata,Waelata,Buru,dark_settled,1964.5947662668787,0,Mikro Hidro Kelas A (PLTMH),Waehata,Buru,91645.51179343143,PLTMH,30.0,Tahalupu,2014,140558.16662779526,GI 150 kV Sirimau (60 MVA),60.0,150 kV,Operasi,20760.047437699355,PLTD Wamsisi,1.5,PLTD,HSD,True,3.7244999400000003,0.152704,-3.5697020770092127,126.96112270305768
81.04.12.2010,15.232989204668613,37.88541661634859,239.96039856943338,837.0,3552.9945927794347,166.10999999999999,1.5469961252246307,0.9186677125876843,497.8948339006943,0.0,False,83.85836151281187,62.932862190812756,0.0,False,25.0,60.0,0.1408308993205953,41.4465336700512,moderate,grid_extension,0.5 km from a reliably-lit settlement,Widit,Waelata,Buru,intermittent,922.1805415907523,0,Mikro Hidro Kelas A (PLTMH),Widit,Buru,78113.1958603855,PLTMH,30.0,Tahalupu,2014,132862.21888116116,GI 150 kV Sirimau (60 MVA),60.0,150 kV,Operasi,13511.458493311351,PLTD Mako,0.5,PLTD,HSD,True,3.99099994,0.16363101,-3.457486413284919,127.04754548670854
81.04.13.2001,18.77960620414836,48.81746643370958,969.2985000162993,1765.0,3503.9635634456968,174.93,0.8582188351395943,0.986056279796424,0.0,0.0004194823481718126,False,97.88870933102888,64.51497250398513,0.0,False,25.0,60.0,0.13888744464444194,40.87457495885926,moderate,grid_extension,0.0 km from a reliably-lit settlement,Wamlana,Fena Leisela,Buru,dark_settled,4083.077190778358,0,Mikro Hidro Kelas B (PLTMH),Wamlana,Buru,130568.47554950464,PLTMH,30.0,Tahalupu,2014,194197.55189954146,GI 150 kV Sirimau (60 MVA),60.0,150 kV,Operasi,18814.341647081146,PLTD Air Buaya,1.6,PLTD,HSD,True,3.52950001,0.14470901,-3.2183780205447134,126.53709593765419
81.04.13.2002,16.51640953134962,46.18110977697416,271.35821285057375,691.0,3351.9163216650536,17.64,0.9370509543757771,0.9543192385005295,1493.9140600282199,0.0,False,95.28615050969519,72.75144508670522,0.0,False,17.64,60.0,0.09374651812876006,27.58960028529409,marginal,grid_extension,1.5 km from a reliably-lit settlement,Balbalu,Fena Leisela,Buru,intermittent,2320.692838888686,0,Mikro Hidro Kelas A (PLTMH),Wamlana,Buru,131170.94140523655,PLTMH,30.0,Tahalupu,2014,197690.36120953987,GI 150 kV Sirimau (60 MVA),60.0,150 kV,Operasi,12050.60643011201,PLTD Air Buaya,1.6,PLTD,HSD,True,3.65300012,0.149773,-3.1113218320639984,126.53761946296511
81.04.13.2003,18.77571175376164,48.61832000259283,637.6556410099091,1321.0,3129.0032131055395,410.13,1.2360810812892082,0.9538823860241132,995.9488566186519,0.0005485490679121572,False,94.78197156323023,30.764744711258114,0.0,False,25.0,60.0,0.12402505125513459,36.50057258438611,moderate,grid_extension,1.0 km from a reliably-lit settlement,Waspait,Fena Leisela,Buru,dark_settled,7775.933495593789,0,Mikro Hidro Kelas A (PLTMH),Raheriat,Buru,124607.4751375813,PLTMH,30.0,Tahalupu,2014,190268.13522576267,GI 150 kV Sirimau (60 MVA),60.0,150 kV,Operasi,19504.13033621826,PLTD Air Buaya,1.6,PLTD,HSD,True,4.21199989,0.172692,-3.155659767865764,126.59320897184442
81.04.13.2004,20.660216336326794,49.92679123622178,640.3473472593555,1231.0,3362.2189916706293,330.12,0.9119406599377434,0.9805642388288732,16310.893698691068,0.0,False,98.89033407727074,23.395836282069432,0.0,False,25.0,60.0,0.13326908103717297,39.22109054924001,moderate,micro_hydro,"~39 kW screening potential (capped catchment 25 km2, head 60 m); 24-h baseload",Waedanga,Fena Leisela,Buru,intermittent,4769.851653858718,0,Mikro Hidro Kelas B (PLTMH),Lemanpoli,Buru,122372.86529094512,PLTMH,30.0,Tahalupu,2014,185253.0149275667,GI 150 kV Sirimau (60 MVA),60.0,150 kV,Operasi,27230.327383449283,PLTD Air Buaya,1.6,PLTD,HSD,True,4.03000021,0.16523001,-3.25301661081256,126.61109849034226
81.04.13.2005,21.21380454076418,60.13747496214612,743.2848710279,1291.0,3332.3436567986055,249.69,0.7136522555043202,0.9897463219133483,23439.56761813238,0.0,False,98.9247840026904,4.020427336015228,0.0,False,25.0,60.0,0.1320849052193765,38.8725876060625,moderate,micro_hydro,"~39 kW screening potential (capped catchment 25 km2, head 60 m); 24-h baseload",Lemanpoli,Fena Leisela,Buru,intermittent,3370.2622489140094,0,Mikro Hidro Kelas B (PLTMH),Lemanpoli,Buru,121740.76966431501,PLTMH,30.0,Tahalupu,2014,182567.7094736891,GI 150 kV Sirimau (60 MVA),60.0,150 kV,Operasi,33083.56528749918,PLTD Air Buaya,1.6,PLTD,HSD,True,3.9065001,0.16016699,-3.3165159043465304,126.61997620735535
81.04.13.2006,16.118680676179423,50.044003197805736,374.2543035183588,1172.0,2740.0511033827165,301.77,1.1060348998975187,0.7614610725192182,7042.114162309498,0.0,False,75.0218391882052,71.84784796296827,0.0,False,25.0,60.0,0.10860806314143821,31.963352982525265,moderate,micro_hydro,"~32 kW screening potential (capped catchment 25 km2, head 60 m); 24-h baseload",Waelana-lana,Fena Leisela,Buru,intermittent,1414.5654960064073,0,Mikro Hidro Kelas A (PLTMH),Waelana-lana,Buru,106559.86135573439,PLTMH,30.0,Tahalupu,2014,169083.32694828662,GI 150 kV Sirimau (60 MVA),60.0,150 kV,Operasi,26347.043832815416,PLTD Wesa Mako,3.0,PLTD,HSD,True,4.14050007,0.16976000000000002,-3.2803899933891314,126.75462648743832
81.04.13.2007,16.668802697385374,47.912620436297104,848.1247898927213,1533.0,3360.0283142052426,182.07,0.5003489259506403,0.9132812362297711,19372.497400470853,0.0,False,92.36038982703029,45.1047958491697,0.0,False,25.0,60.0,0.1331822486287593,39.195535771443865,moderate,micro_hydro,"~39 kW screening potential (capped catchment 25 km2, head 60 m); 24-h baseload",Waereman,Fena Leisela,Buru,intermittent,6976.610734325475,0,Mikro Hidro Kelas B (PLTMH),Waereman,Buru,124789.82109320338,PLTMH,30.0,Tahalupu,2014,181762.4748577109,GI 150 kV Sirimau (60 MVA),60.0,150 kV,Operasi,40530.58142299992,PLTD Leksula,0.6,PLTD,HSD,True,4.03649998,0.16549601000000003,-3.423830558429332,126.6059644128642
81.04.13.2008,16.024986035139335,44.91155532669825,1168.0361786085011,2064.0,3977.120325154263,155.82,0.6963589948500539,0.956695398999724,22467.39189358658,0.0,False,97.76084876172362,43.50927790518179,0.0,False,25.0,60.0,0.15764207275630482,46.39406201218051,moderate,micro_hydro,"~46 kW screening potential (capped catchment 25 km2, head 60 m); 24-h baseload",Waemite,Fena Leisela,Buru,intermittent,6202.594403308555,0,Mikro Hidro Kelas B (PLTMH),Waereman,Buru,135614.3266091384,PLTMH,30.0,Tahalupu,2014,193659.3803423414,GI 150 kV Sirimau (60 MVA),60.0,150 kV,Operasi,35063.19226262035,PLTD Air Buaya,1.6,PLTD,HSD,True,3.7960000000000003,0.15563600000000002,-3.3928989103632197,126.5025032560854
81.04.13.2009,17.380016589052286,53.99988240790075,664.7616540299096,1139.0,3250.513960019555,99.11999999999999,0.5607080989887344,0.8735894284455077,14920.069075535475,0.0,False,93.96210015022896,52.182928135375406,0.0,False,25.0,60.0,0.1288414018906787,37.91802457642674,moderate,micro_hydro,"~38 kW screening potential (capped catchment 25 km2, head 60 m); 24-h baseload",Wasi,Fena Leisela,Buru,intermittent,2744.4476948534093,0,Mikro Hidro Kelas A (PLTMH),Wasi,Buru,116202.16595704672,PLTMH,30.0,Tahalupu,2014,173764.5098414028,GI 150 kV Sirimau (60 MVA),60.0,150 kV,Operasi,33515.18767945318,PLTD Wesa Mako,3.0,PLTD,HSD,True,3.84150004,0.157502,-3.4083643527749197,126.68179853234372
81.04.13.2010,14.830622294752482,49.572126736565195,212.64609899547187,804.0,2620.2444218066057,429.45,1.3669082131873638,0.8706416396821065,4453.982066645532,0.0025358577165806072,False,79.06579675089674,79.62608567643164,0.0,False,25.0,60.0,0.10385925695263372,30.565779321160104,moderate,grid_extension,4.5 km from a reliably-lit settlement,Waekose,Fena Leisela,Buru,intermittent,8773.070858063584,0,Mikro Hidro Kelas A (PLTMH),Wamlana,Buru,125115.17915977123,PLTMH,30.0,Tahalupu,2014,192310.6876620629,GI 150 kV Sirimau (60 MVA),60.0,150 kV,Operasi,18015.333512235873,PLTD Air Buaya,1.6,PLTD,HSD,True,4.40049982,0.18042,-3.0971747961481024,126.59404727571217
81.04.13.2011,15.721344535002546,38.25544813773132,396.50683210145456,1046.0,2722.2243020119295,339.15,0.7677161784946643,0.7431540570928992,6158.6469204383675,0.0,False,73.67333252403053,80.29941350364388,0.0,False,25.0,60.0,0.10790145793743378,31.755399070986762,moderate,micro_hydro,"~32 kW screening potential (capped catchment 25 km2, head 60 m); 24-h baseload",Wamana Baru,Fena Leisela,Buru,intermittent,5256.271353488734,0,Mikro Hidro Kelas A (PLTMH),Wasi,Buru,105189.32965403872,PLTMH,30.0,Tahalupu,2014,164110.1501442842,GI 150 kV Sirimau (60 MVA),60.0,150 kV,Operasi,22555.0951211627,PLTD Wesa Mako,3.0,PLTD,HSD,True,4.14050007,0.16976000000000002,-3.3759429428338392,126.776997089172
81.04.13.2012,14.114495632957054,51.07236650381713,518.1416946164695,1023.0,2204.929449281508,88.83,1.4996202445137714,0.9471584656869557,12126.269576574241,0.0,False,96.32117911545683,70.67359273733527,0.0,False,25.0,60.0,0.08739731771949154,25.721030604846362,marginal,solar_biomass_hybrid,95% cropland/tree cover - sago/coconut residue,Raheriat,Fena Leisela,Buru,dark_settled,4648.318903566988,0,Mikro Hidro Kelas A (PLTMH),Raheriat,Buru,113244.19463544802,PLTMH,30.0,Tahalupu,2014,178382.79414908012,GI 150 kV Sirimau (60 MVA),60.0,150 kV,Operasi,31383.461644449293,PLTD Air Buaya,1.6,PLTD,HSD,True,4.29650021,0.176157,-3.1924830925120986,126.69377750508349
81.04.13.2013,16.758962903107765,45.141711009920904,359.84950345818123,829.0,2899.4273474338315,428.4,1.3092177418822122,0.9215654036512152,6492.805477507393,0.001769349911801403,False,89.05649157124891,37.326988048098265,0.0,False,25.0,60.0,0.11492529757395642,33.82251507601538,moderate,micro_hydro,"~34 kW screening potential (capped catchment 25 km2, head 60 m); 24-h baseload",Waenibe,Fena Leisela,Buru,intermittent,4363.464400603985,0,Mikro Hidro Kelas A (PLTMH),Raheriat,Buru,120718.60199823392,PLTMH,30.0,Tahalupu,2014,187385.95356521662,GI 150 kV Sirimau (60 MVA),60.0,150 kV,Operasi,22502.127081444996,PLTD Air Buaya,1.6,PLTD,HSD,True,4.43949986,0.182019,-3.1261191939811392,126.63075350977905
81.04.14.2001,15.177354064595557,48.720840054862286,425.60419147221165,1730.0,3498.7078991161825,1836.87,1.7718379510456441,0.8125742721799936,0.0,0.0,False,92.83136932997625,70.32373464572102,0.0,False,25.0,60.0,0.1386791246161602,40.81326637453594,moderate,grid_extension,0.0 km from a reliably-lit settlement,Kaiely,Teluk Kaiely,Buru,intermittent,1261.5854010648877,0,Mini Hidro (PLTM),Kaiely,Buru,73744.68748271979,PLTMH,30.0,Tahalupu,2014,128795.6172946156,GI 150 kV Sirimau (60 MVA),60.0,150 kV,Operasi,15756.354920263535,PLTD Mako,0.5,PLTD,HSD,True,3.60100007,0.14764100000000002,-3.4497688193603064,127.08652434610762
81.04.14.2002,16.95347165978161,51.82228559780836,343.4068482181736,1715.0,3187.1580882227804,42.42,2.3502827857801636,0.887083527354191,497.9004669610182,0.17076224675226465,True,78.70652535090231,81.26472240565342,0.0,False,25.0,60.0,0.12633014999614647,37.178963143865914,moderate,resource_present_but_screened,"17% of village inside a protected area - non-viable without deep community and regulator engagement; flagged for policy pathway, not commercial deployment",Masarete,Teluk Kaiely,Buru,intermittent,2491.076978326911,0,Mikro Hidro Kelas A (PLTMH),Masarete,Buru,66781.34762296571,PLTMH,30.0,Tahalupu,2014,122591.27382170848,GI 150 kV Sirimau (60 MVA),60.0,150 kV,Operasi,11601.615293229683,PLTD Batujungku,0.8,PLTD,HSD,True,3.81550002,0.15643600000000002,-3.4337724449247635,127.147414615431
81.04.14.2003,9.040876467730184,31.1676486873954,60.62857142857139,148.0,2235.645786025354,4.41,2.7236885901797923,0.1894095858665192,3340.040395526677,0.0,False,12.657141610468189,29.52710495963091,0.0,False,4.41,60.0,0.01563165575274577,4.60039628803308,none,grid_extension,3.3 km from a reliably-lit settlement,Waelapia,Teluk Kaiely,Buru,intermittent,7487.4103816247925,0,Mikro Hidro Kelas A (PLTMH),Masarete,Buru,63970.09022636543,PLTMH,30.0,Tahalupu,2014,124287.50518118564,GI 150 kV Sirimau (60 MVA),60.0,150 kV,Operasi,9857.97490737448,PLTD Namlea,3.49,PLTD,HSD,True,4.55649996,0.18681601000000003,-3.359705616954815,127.15184422812096
81.04.14.2004,3.100049754812359,14.812761279777314,18.18597889105712,37.0,1619.6010000258964,1853.04,2.0142727205184103,0.09105166172223164,2681.30623775521,0.0,False,95.0101826339806,82.35578695171398,0.0,False,25.0,27.079467509710728,0.06419651350939785,8.526888305899854,none,grid_extension,2.7 km from a reliably-lit settlement,Kaki Air,Teluk Kaiely,Buru,intermittent,11042.936563203102,0,Mikro Hidro Kelas A (PLTMH),Widit,Buru,75131.80281896227,PLTMH,30.0,Tahalupu,2014,135950.173907114,GI 150 kV Sirimau (60 MVA),60.0,150 kV,Operasi,7543.425669380182,PLTD Mako,0.5,PLTD,HSD,True,4.28999996,0.17589000000000002,-3.3455318530584197,127.0464028708606
81.04.14.2005,8.329577267024177,39.81829225640522,60.84560207205547,259.0,2301.00948371477,74.55,3.0291570289948244,0.7456022650521034,5499.5028866253,0.0,False,34.54437730660687,90.7723728184181,0.0,False,25.0,60.0,0.09120566510158114,26.84182723939533,marginal,solar_biomass_hybrid,75% cropland/tree cover - sago/coconut residue,Seith,Teluk Kaiely,Buru,intermittent,8697.94977499635,0,Mikro Hidro Kelas A (PLTMH),Masarete,Buru,60688.71055764683,PLTMH,30.0,Tahalupu,2014,120397.4707441198,GI 150 kV Sirimau (60 MVA),60.0,150 kV,Operasi,9730.070653271638,PLTD Batujungku,0.8,PLTD,HSD,True,4.614999770000001,0.189215,-3.3708055175046154,127.18508836930717
81.04.15.2001,10.920527631697885,33.85374901858269,86.27814392152611,341.0,2034.8594469261127,9.66,2.779984703386016,0.39453355353924646,0.0,0.004822229652027906,False,22.72804100604434,66.89059500959696,0.0,False,9.66,60.0,0.031165560402882816,9.172024426568413,none,grid_extension,0.0 km from a reliably-lit settlement,Ubung,Lilialy,Buru,intermittent,7950.435584720476,0,Mikro Hidro Kelas A (PLTMH),Siahoni,Buru,73171.15415988915,PLTMH,30.0,Tahalupu,2014,140377.8406082738,GI 150 kV Sirimau (60 MVA),60.0,150 kV,Operasi,10744.542861277721,PLTD Wesa Namlea,2.0,PLTD,HSD,True,4.8359999700000005,0.198276,-3.2033098451796858,127.05457436612816
81.04.15.2002,11.51283053153102,31.187558409454088,109.04479405860417,332.0,2064.74804917483,12.6,2.779984703386016,0.48450092723519655,0.0,0.0035550801466077294,False,29.350120943499107,83.71463714637146,0.0,False,12.6,60.0,0.04124782061707709,12.139233607605789,marginal,grid_extension,0.0 km from a reliably-lit settlement,Jikumerasa,Lilialy,Buru,intermittent,4764.1809612991165,0,Mikro Hidro Kelas A (PLTMH),Siahoni,Buru,77689.44308293157,PLTMH,30.0,Tahalupu,2014,144994.5916392578,GI 150 kV Sirimau (60 MVA),60.0,150 kV,Operasi,14770.729134919507,PLTD Wesa Namlea,2.0,PLTD,HSD,True,4.79699993,0.196677,-3.1916840423028496,127.01438349725169
81.04.15.2003,10.358373245888426,33.09431732640432,135.94765960334138,337.0,1992.3428865252172,21.0,2.7793169192570404,0.5962789384440916,704.2173403857647,0.0007787787446148689,False,45.82215720373628,49.4740925941892,0.0,False,21.0,60.0,0.0663356174166501,19.522572205720127,marginal,grid_extension,0.7 km from a reliably-lit settlement,Waemiting,Lilialy,Buru,intermittent,3670.1805009798873,0,Mikro Hidro Kelas A (PLTMH),Siahoni,Buru,81256.04120645433,PLTMH,30.0,Tahalupu,2014,148327.29700412301,GI 150 kV Sirimau (60 MVA),60.0,150 kV,Operasi,17654.648520188563,PLTD Wesa Namlea,2.0,PLTD,HSD,True,4.7255001100000005,0.193746,-3.1909854651565177,126.98224967264984
81.04.15.2004,8.606721818016991,30.421054997901905,121.36626521341475,393.0,1857.491802173618,17.64,2.5296454422979777,0.5295186353956551,0.0,0.0004369247060422117,False,39.13633232908676,62.99968769519053,0.0,False,17.64,60.0,0.05195039857677356,15.28900230114446,marginal,grid_extension,0.0 km from a reliably-lit settlement,Sawa,Lilialy,Buru,intermittent,5544.7721814565975,0,Mikro Hidro Kelas A (PLTMH),Siahoni,Buru,83707.88243982746,PLTMH,30.0,Tahalupu,2014,150968.49565038134,GI 150 kV Sirimau (60 MVA),60.0,150 kV,Operasi,19685.7055954206,PLTD Wesa Mako,3.0,PLTD,HSD,True,4.712500100000001,0.19321300000000002,-3.1807467557923275,126.9607341251484
81.04.15.2005,8.712021836894138,34.09116527605219,127.3817779955844,510.0,1894.497145695455,51.239999999999995,2.184855118225382,0.4701126594140896,0.0,0.002892884827532114,False,32.95262405221621,76.84539161123934,0.0,False,25.0,60.0,0.07509263800479828,22.099763364812134,marginal,grid_extension,0.0 km from a reliably-lit settlement,Waeperang,Lilialy,Buru,intermittent,8829.184908683188,0,Mikro Hidro Kelas A (PLTMH),Siahoni,Buru,87571.7597965533,PLTMH,30.0,Tahalupu,2014,154895.12132585695,GI 150 kV Sirimau (60 MVA),60.0,150 kV,Operasi,21473.06360485226,PLTD Wesa Mako,3.0,PLTD,HSD,True,4.673500059999999,0.19161300000000003,-3.1710227861107434,126.92652911180554
81.05.01.2003,9.697291493263386,33.730893357300886,343.4468001019085,1048.0,3563.2510785577592,93.66,2.099624562739966,0.9438492322391612,0.0,0.0,False,92.0469908548213,82.12912643756405,0.0,False,25.0,60.0,0.14123743810873918,41.56617803540194,moderate,grid_extension,0.0 km from a reliably-lit settlement,Bula,Bula,Seram Bagian Timur,intermittent,3155.0785852015883,0,Mikro Hidro Kelas A (PLTMH),Bula,Seram Bagian Timur,300562.4590657235,PLTMH,30.0,Tahalupu,2014,234918.2196595266,GI 150 kV PLTMG Ambon Peaker,0.0,150 kV,Operasi,11428.536272339887,PLTD Wesa Bula,3.2,PLTD,HSD,True,3.73749995,0.153237,-3.181088549518226,130.4199606710065
81.05.01.2004,9.814323860272252,33.5555828215365,340.2363653327094,1029.0,3698.0271605069697,109.61999999999999,1.9640322419452616,0.9562527620632575,1113.4418414874665,0.017343635450044897,False,94.63325484131727,81.30732169016686,0.0,False,25.0,60.0,0.14657959001248452,43.13837334067419,moderate,grid_extension,1.1 km from a reliably-lit settlement,Salas,Bula,Seram Bagian Timur,intermittent,2455.100862063928,0,Mikro Hidro Kelas A (PLTMH),Dawang,Seram Bagian Timur,307713.6397964125,PLTMH,30.0,Tahalupu,2014,240753.21048793907,GI 150 kV PLTMG Ambon Peaker,0.0,150 kV,Operasi,16374.039875610391,PLTD Wesa Bula,3.2,PLTD,HSD,True,3.48399997,0.14284401000000002,-3.2543815802403193,130.48479500229206
81.05.01.2010,4.186174403790222,15.822831505518566,36.42301406529489,89.0,3049.2452572981183,108.99,2.5897852177160625,0.8742100392050938,497.9784916289056,0.0,False,82.36499771603343,82.3845788271841,0.0,False,25.0,36.59640521366156,0.12086366602050508,21.69567679523228,marginal,grid_extension,0.5 km from a reliably-lit settlement,Englas,Bula,Seram Bagian Timur,intermittent,4754.258169431583,0,Mikro Hidro Kelas A (PLTMH),Hote,Seram Bagian Timur,301431.4608032484,PLTMH,30.0,Tahalupu,2014,237966.6922046043,GI 150 kV PLTMG Ambon Peaker,0.0,150 kV,Operasi,9331.12583119703,PLTD Wesa Bula,3.2,PLTD,HSD,True,4.28350019,0.175624,-3.0592268141144756,130.4227031019892
81.05.01.2011,2.8166383264903927,14.445306360700021,23.985951058753027,145.0,2668.7481285610315,10.92,2.669905538415172,0.6104449182207494,995.9262334631014,7.92585625667093e-05,False,95.34700023776188,41.79524193397201,0.0,False,10.92,24.59962588318043,0.04620549461549731,5.575208807720297,none,grid_extension,1.0 km from a reliably-lit settlement,Bula Air Fatolo,Bula,Seram Bagian Timur,intermittent,7580.448159388981,0,Mikro Hidro Kelas A (PLTMH),Bula,Seram Bagian Timur,315727.78731579677,PLTMH,30.0,Tahalupu,2014,248396.40100013788,GI 150 kV PLTMG Sorong,0.0,150 kV,Operasi,8210.489454154958,PLTD Bula,0.86,PLTD,HSD,True,4.36800003,0.17908800000000002,-3.14480210969481,130.55567847671296
81.05.01.2012,2.272670939760321,11.770529009697128,14.25656477738766,40.0,3169.3409124617615,11.969999999999999,2.620772809800293,0.6910653875398965,0.0,0.0,False,92.18030734206033,84.05176972855509,0.0,False,11.969999999999999,19.84320327640866,0.06014873592428856,5.854331327415765,none,grid_extension,0.0 km from a reliably-lit settlement,Sesar,Bula,Seram Bagian Timur,intermittent,6529.7635213686235,0,Mikro Hidro Kelas A (PLTMH),Bula,Seram Bagian Timur,304350.8587043442,PLTMH,30.0,Tahalupu,2014,240580.31269128772,GI 150 kV PLTMG Ambon Peaker,0.0,150 kV,Operasi,6074.408226754845,PLTD Wesa Bula,3.2,PLTD,HSD,True,4.26399994,0.174824,-3.071997298977852,130.44983271241995
81.05.01.2022,1.2504893028426152,7.162435930527761,8.142854232868899,31.0,2986.563741731644,50.19,2.671206507575703,0.48762699929584535,0.0,0.0,False,68.71525943811464,71.84553423359397,0.0,False,25.0,10.914310817693869,0.11837914374570507,6.337391302793989,none,grid_extension,0.0 km from a reliably-lit settlement,Tansi Ambon,Bula,Seram Bagian Timur,intermittent,7611.60153449,0,Mikro Hidro Kelas A (PLTMH),Bula,Seram Bagian Timur,313548.9487798606,PLTMH,30.0,Tahalupu,2014,246403.80866204848,GI 150 kV PLTMG Sorong,0.0,150 kV,Operasi,4935.403363943782,PLTD Bula,0.86,PLTD,HSD,True,4.40700006,0.18068700000000001,-3.1190896475672596,130.53511826953695
81.05.01.2024,2.0136410505120104,7.931393151062617,11.856254608011799,27.0,3242.2287650108337,78.75,2.671206507575703,0.7259639088847254,0.0,0.0,False,79.39574610109838,71.09262777443122,0.0,False,25.0,17.5795715267694,0.12851299962783935,11.081393015824114,marginal,grid_extension,0.0 km from a reliably-lit settlement,Kampung Gorom,Bula,Seram Bagian Timur,intermittent,7176.887542462915,0,Mikro Hidro Kelas A (PLTMH),Bula,Seram Bagian Timur,306486.76435214875,PLTMH,30.0,Tahalupu,2014,242522.9144521411,GI 150 kV PLTMG Ambon Peaker,0.0,150 kV,Operasi,3888.828205581595,PLTD Bula,0.86,PLTD,HSD,True,4.26399994,0.174824,-3.0799811130260903,130.46955862173198
81.05.02.2001,1.6914861006841788,5.596264870044233,5.9965335551858026,11.0,1818.2982728855413,0.42,,0.17932272960492557,0.0,0.0,False,0.0,100.0,0.0,False,0.42,14.765290659647354,0.0012108150599504175,0.08769176802818286,none,grid_extension,0.0 km from a reliably-lit settlement,Geser,Seram Timur,Seram Bagian Timur,intermittent,20619.395744501388,0,Mikro Hidro Kelas A (PLTMH),Keta Rumadan,Seram Bagian Timur,246617.2192980714,PLTS Terpusat,30.0,Kaimer,2016,286679.70308254875,GI 150 kV PLTMG Ambon Peaker,0.0,150 kV,Operasi,460.2825802579053,PLTD Geser,0.7000000000000001,PLTD,HSD,False,,,-3.882580810231208,130.8980541740682
81.05.02.2002,6.808605167281778,15.686369418837685,31.22724547307831,96.0,1825.7815004378558,0.21,,0.8717094301899366,2488.839385009607,0.0,False,83.93882161241343,72.95774647887325,0.0,False,0.21,59.69755370892053,0.0006078990916602451,0.17800288494592825,none,grid_extension,2.5 km from a reliably-lit settlement,Kiltay,Seram Timur,Seram Bagian Timur,intermittent,22970.46457130893,0,Mikro Hidro Kelas A (PLTMH),Keta Rumadan,Seram Bagian Timur,244759.15777843006,PLTS Terpusat,30.0,Kaimer,2016,290151.77909781464,GI 150 kV PLTMG Ambon Peaker,0.0,150 kV,Operasi,3426.441641849666,PLTD Geser,0.7000000000000001,PLTD,HSD,True,4.6085,0.18894801,-3.877345893722753,130.93026796429083
81.05.02.2003,6.230371076743653,21.32338782971622,34.086479236251726,96.0,1825.7815004378558,0.63,,0.8235019061040796,1991.071508007686,0.0,False,78.60695548283205,80.52935807727411,0.0,False,0.63,54.585563134724765,0.0018236972749807352,0.488280697149934,none,grid_extension,2.0 km from a reliably-lit settlement,Kilwaru,Seram Timur,Seram Bagian Timur,intermittent,24081.699920002553,0,Mikro Hidro Kelas A (PLTMH),Keta Rumadan,Seram Bagian Timur,243607.27895582328,PLTS Terpusat,30.0,Kaimer,2016,290962.207139762,GI 150 kV PLTMG Ambon Peaker,0.0,150 kV,Operasi,4195.267879556043,PLTD Geser,0.7000000000000001,PLTD,HSD,True,4.614999770000001,0.189215,-3.885575700007522,130.93658769352322
81.05.02.2004,5.290779650069939,14.261313064322596,25.347026348808033,64.0,1824.433242999562,0.21,,0.6979741032154141,2488.8070529623224,0.0,False,75.8771386064964,54.56110154905336,0.0,False,0.21,46.30244363853806,0.000607450185549702,0.1379601292401075,none,grid_extension,2.5 km from a reliably-lit settlement,Kellu,Seram Timur,Seram Bagian Timur,intermittent,22738.590968611654,0,Mikro Hidro Kelas A (PLTMH),Keta Rumadan,Seram Bagian Timur,244537.90558188112,PLTS Terpusat,30.0,Kaimer,2016,288552.0648340554,GI 150 kV PLTMG Ambon Peaker,0.0,150 kV,Operasi,2314.7924137241594,PLTD Geser,0.7000000000000001,PLTD,HSD,True,4.614999770000001,0.189215,-3.893943264545967,130.91358793309362
81.05.02.2005,1.799514185280159,6.868124017908938,5.151515151515151,8.0,1815.6566753774882,,,0.5312298776561494,,0.0,False,0.0,100.0,0.0,False,,15.70888930259211,,,none,solar_battery,uniform equatorial irradiance; no discriminating alternative,Keffing,Seram Timur,Seram Bagian Timur,intermittent,16747.824597735183,0,Mikro Hidro Kelas A (PLTMH),Keta Rumadan,Seram Bagian Timur,250407.22353815657,PLTS Terpusat,30.0,Kaimer,2016,282315.95309810346,GI 150 kV PLTMG Ambon Peaker,0.0,150 kV,Operasi,4473.203548752334,PLTD Geser,0.7000000000000001,PLTD,HSD,True,4.5954999899999995,0.18841501000000002,-3.8703339322426467,130.85996531498066
81.05.02.2006,7.446130306100786,52.300750882380896,147.36346815804015,659.0,2382.60800218518,19.11,3.582030023727613,0.6191895316075109,5993.9344666608595,0.0,False,97.68788677566037,46.386523046092215,0.0,False,19.11,60.0,0.07218993994444252,21.245499325649433,marginal,solar_battery,uniform equatorial irradiance; no discriminating alternative,Urung,Seram Timur,Seram Bagian Timur,intermittent,8899.618403102371,0,Mikro Hidro Kelas A (PLTMH),Keta Rumadan,Seram Bagian Timur,258793.53093255695,PLTS Terpusat,30.0,Kaimer,2016,274409.2330077231,GI 150 kV PLTMG Ambon Peaker,0.0,150 kV,Operasi,13039.390651785234,PLTD Geser,0.7000000000000001,PLTD,HSD,True,4.504499910000001,0.18468501,-3.828470352057217,130.79319243082705
81.05.02.2028,7.045132304590748,18.02543134762758,27.56043863111012,64.0,1825.7815004378558,0.21,,0.7315001740341106,1407.8928403823923,0.0,False,82.9818333681353,40.0,0.0,False,0.21,60.0,0.0006078990916602451,0.17890470267561015,none,grid_extension,1.4 km from a reliably-lit settlement,Kilfura,Seram Timur,Seram Bagian Timur,intermittent,22724.31995966208,0,Mikro Hidro Kelas A (PLTMH),Keta Rumadan,Seram Bagian Timur,244588.25370979524,PLTS Terpusat,30.0,Kaimer,2016,288717.5186256263,GI 150 kV PLTMG Ambon Peaker,0.0,150 kV,Operasi,2297.694047270743,PLTD Geser,0.7000000000000001,PLTD,HSD,True,4.614999770000001,0.189215,-3.8918391186534365,130.91537045429578
81.05.02.2046,1.1069434573317591,4.27683630588339,5.115681066016372,17.0,1776.2835573118944,1.05,3.582030023727613,0.025081905580321178,9015.006288128701,0.0,False,93.11585447711104,,,False,1.05,9.661106030481262,0.0029570930605934314,0.14012991298993008,none,solar_battery,uniform equatorial irradiance; no discriminating alternative,Kwawor Kecil Mata Ata,Seram Timur,Seram Bagian Timur,intermittent,13516.350735282911,0,Mikro Hidro Kelas A (PLTMH),Keta Rumadan,Seram Bagian Timur,254138.6786129916,PLTS Terpusat,30.0,Kaimer,2016,277480.86275832204,GI 150 kV PLTMG Ambon Peaker,0.0,150 kV,Operasi,9308.20121214865,PLTD Geser,0.7000000000000001,PLTD,HSD,True,4.57600021,0.18761601000000003,-3.8634484284314556,130.8169074626965
81.05.02.2047,1.3984469618657376,4.631153587612429,7.764156846386482,17.0,1776.2835573118944,0.42,3.582030023727613,0.26047499517281325,9779.713211541532,0.0,False,90.05535530381053,100.0,0.0,False,0.42,12.206175892252887,0.0011828372242373725,0.07081799372968786,none,solar_battery,uniform equatorial irradiance; no discriminating alternative,Kwawor Kecil Mata Wawa,Seram Timur,Seram Bagian Timur,intermittent,12808.252198495762,0,Mikro Hidro Kelas A (PLTMH),Keta Rumadan,Seram Bagian Timur,254866.6400379437,PLTS Terpusat,30.0,Kaimer,2016,276956.7181541912,GI 150 kV PLTMG Ambon Peaker,0.0,150 kV,Operasi,9872.767992877412,PLTD Geser,0.7000000000000001,PLTD,HSD,True,4.56949997,0.18734901,-3.858346820805658,130.81278268277472
81.05.02.2048,2.6919650160676256,9.474327360385324,12.685566786690385,34.0,1776.2835573118944,0.42,3.582030023727613,0.6782711156338708,10152.617150272139,0.0,False,67.78943986291101,85.68232662192393,0.0,False,0.42,23.509127500404045,0.0011828372242373725,0.13639564582800406,none,solar_battery,uniform equatorial irradiance; no discriminating alternative,Kwawor Besar Ena,Seram Timur,Seram Bagian Timur,intermittent,12767.47068674378,0,Mikro Hidro Kelas A (PLTMH),Keta Rumadan,Seram Bagian Timur,255048.26981548523,PLTS Terpusat,30.0,Kaimer,2016,276538.4347780269,GI 150 kV PLTMG Ambon Peaker,0.0,150 kV,Operasi,10269.826351734471,PLTD Geser,0.7000000000000001,PLTD,HSD,True,4.56949997,0.18734901,-3.859688983278251,130.80881700674902
81.05.02.2049,2.4716776706139183,10.562654266666977,8.48210564879903,28.0,1771.039995461892,0.63,3.582030023727613,0.3393367072860413,10641.171538827386,0.0,False,89.09060061079063,85.90308370044053,0.0,False,0.63,21.582846674957086,0.0017690182603072554,0.18727510664870003,none,solar_battery,uniform equatorial irradiance; no discriminating alternative,Kwawor Besar Witau,Seram Timur,Seram Bagian Timur,intermittent,12313.073719758799,0,Mikro Hidro Kelas A (PLTMH),Keta Rumadan,Seram Bagian Timur,255714.89773593462,PLTS Terpusat,30.0,Kaimer,2016,275720.6454544284,GI 150 kV PLTMG Ambon Peaker,0.0,150 kV,Operasi,11091.132514179884,PLTD Geser,0.7000000000000001,PLTD,HSD,True,4.56949997,0.18734901,-3.8581024350806072,130.80158652497295
81.05.02.2050,4.284508114627881,28.550330429598116,31.653882422050113,155.0,2223.3129941592606,15.33,3.582030023727613,0.9146806368654844,11186.172113931556,0.0,False,97.22805443683076,55.52725420275092,0.0,False,15.33,37.4592350853184,0.054038857496926475,9.928967178258604,none,solar_biomass_hybrid,91% cropland/tree cover - sago/coconut residue,Guli-Guli,Seram Timur,Seram Bagian Timur,intermittent,9866.878178372246,0,Mikro Hidro Kelas A (PLTMH),Keta Rumadan,Seram Bagian Timur,257728.15044046525,PLTS Terpusat,30.0,Kaimer,2016,275283.2197934473,GI 150 kV PLTMG Ambon Peaker,0.0,150 kV,Operasi,12015.2395619061,PLTD Geser,0.7000000000000001,PLTD,HSD,True,4.53700018,0.18601701,-3.834909385379582,130.80038836637965
81.05.02.2051,6.278498472503826,30.818600862761446,63.53169883980148,226.0,2501.7358197855315,10.5,3.582030023727613,0.9807770803225702,12243.816803671762,0.0,False,98.78771834031032,46.36667680145945,0.0,False,10.5,55.01059855985831,0.041647999282959286,11.237754116789967,marginal,solar_biomass_hybrid,98% cropland/tree cover - sago/coconut residue,Manggis,Seram Timur,Seram Bagian Timur,intermittent,8486.545574704474,0,Mikro Hidro Kelas A (PLTMH),Keta Rumadan,Seram Bagian Timur,259178.9449604252,PLTS Terpusat,30.0,Kaimer,2016,274222.78221107385,GI 150 kV PLTMG Ambon Peaker,0.0,150 kV,Operasi,13338.701251616829,PLTD Geser,0.7000000000000001,PLTD,HSD,True,4.504499910000001,0.18468501,-3.8249896430903,130.79189088183483
81.05.02.2052,11.673467063873021,38.2550574353522,177.413639113573,481.0,2675.491523189024,8.4,3.582030023727613,0.9844096072395377,17315.371778964203,0.0,False,98.08175530399193,16.66419350051937,0.0,False,8.4,60.0,0.035632497454952755,10.486644000992596,marginal,solar_biomass_hybrid,98% cropland/tree cover - sago/coconut residue,Ainena,Seram Timur,Seram Bagian Timur,intermittent,6654.790951333231,0,Mikro Hidro Kelas A (PLTMH),Keta Rumadan,Seram Bagian Timur,264160.2515115268,PLTS Terpusat,30.0,Kaimer,2016,268541.78128205653,GI 150 kV PLTMG Ambon Peaker,0.0,150 kV,Operasi,19079.570667661577,PLTD Geser,0.7000000000000001,PLTD,HSD,True,4.472000120000001,0.18335199000000002,-3.8093642971619093,130.7420893719726
81.05.02.2053,12.012383926677945,64.48022183462115,140.1217837857849,694.0,2683.022611946962,1.26,,0.9877987478864871,19992.10561892181,0.0,False,97.86106032906766,35.348568122649695,0.0,False,1.26,60.0,0.005359919601492219,1.5774243387191602,none,solar_biomass_hybrid,99% cropland/tree cover - sago/coconut residue,Mugusinis,Seram Timur,Seram Bagian Timur,intermittent,7553.921225248603,0,Mikro Hidro Kelas A (PLTMH),Keta Rumadan,Seram Bagian Timur,265537.4571915966,PLTS Terpusat,30.0,Kaimer,2016,266575.52210376813,GI 150 kV PLTMG Ambon Peaker,0.0,150 kV,Operasi,20922.220599081356,PLTD Geser,0.7000000000000001,PLTD,HSD,True,4.4914999,0.18415201,-3.808751750988407,130.72433165047462
81.05.02.2054,5.555867121778855,55.14286422784126,59.442370976150144,236.0,2683.380732144561,3.36,,0.9974960781947628,21410.52013978759,0.0,False,99.11296162201305,22.970195272353543,0.0,False,3.36,48.63662326428886,0.01429502673136372,3.410259274611183,none,solar_biomass_hybrid,100% cropland/tree cover - sago/coconut residue,Akatfadedo,Seram Timur,Seram Bagian Timur,intermittent,8233.562034580244,0,Mikro Hidro Kelas A (PLTMH),Keta Rumadan,Seram Bagian Timur,266421.51864199253,PLTS Terpusat,30.0,Kaimer,2016,265379.0021190257,GI 150 kV PLTMG Ambon Peaker,0.0,150 kV,Operasi,22070.76154054853,PLTD Geser,0.7000000000000001,PLTD,HSD,True,4.504499910000001,0.18468501,-3.8078043176349246,130.7135872325967
81.05.03.2001,10.35900292349401,52.79228376949124,309.42389811167607,895.0,3171.4529461819866,153.93,1.3938202961055473,0.996429485892158,17597.064135016244,0.0,False,99.48512406299763,35.619107055509645,0.0,False,25.0,60.0,0.12570764151216016,36.995758897028736,moderate,micro_hydro,"~37 kW screening potential (capped catchment 25 km2, head 60 m); 24-h baseload",Batuasa,Werinama,Seram Bagian Timur,dark_settled,4542.438629093465,0,Mikro Hidro Kelas A (PLTMH),Osong,Seram Bagian Timur,294854.8014315216,PLTMH,30.0,Tahalupu,2014,224709.0047539067,GI 150 kV PLTMG Ambon Peaker,0.0,150 kV,Operasi,39865.318659180986,PLTD Werinama,0.7000000000000001,PLTD,HSD,True,3.88050008,0.15910099000000003,-3.464296618972006,130.35892599302178
81.05.03.2002,12.54933767270206,43.082308484292874,375.2950802661061,960.0,3495.2742841383697,122.42999999999999,1.4765770709086765,0.9972835784010875,18369.14821148833,0.0,False,99.62980331435263,39.011581754157454,0.0,False,25.0,60.0,0.13854302559528672,40.77321243269288,moderate,micro_hydro,"~41 kW screening potential (capped catchment 25 km2, head 60 m); 24-h baseload",Hatuimeten,Werinama,Seram Bagian Timur,dark_settled,2720.8842437565754,0,Mikro Hidro Kelas B (PLTMH),Hatumeiten,Seram Bagian Timur,283747.46490415715,PLTMH,30.0,Tahalupu,2014,214457.01524946053,GI 150 kV PLTMG Ambon Peaker,0.0,150 kV,Operasi,29769.70284658974,PLTD Werinama,0.7000000000000001,PLTD,HSD,True,3.89350009,0.15963399000000003,-3.4071420903206717,130.2630221802056
81.05.03.2003,11.330896843475287,45.62210196355975,266.5122055591657,739.0,3498.744047416061,553.14,1.383948571331499,0.9819479362027576,21931.264911650673,0.0,False,97.47374242538913,50.7819877446081,0.0,False,25.0,60.0,0.13868055743499735,40.81368805311972,moderate,micro_hydro,"~41 kW screening potential (capped catchment 25 km2, head 60 m); 24-h baseload",Werinama,Werinama,Seram Bagian Timur,dark_settled,109.2580618474807,0,Mikro Hidro Kelas D (PLTMH),Werinama,Seram Bagian Timur,273858.572349483,PLTMH,30.0,Tahalupu,2014,204967.57998717696,GI 150 kV PLTMG Ambon Peaker,0.0,150 kV,Operasi,21183.449687064924,PLTD Werinama,0.7000000000000001,PLTD,HSD,True,4.0625,0.16656201,-3.3836133767741883,130.17527691136158
81.05.03.2004,12.660220743295664,38.74619260193833,262.49967726454497,718.0,3481.526457794639,15.33,1.3238539250766648,0.9968078503887444,23379.700690449397,0.0,False,99.76653381119017,48.32074039261055,0.0,False,15.33,60.0,0.08462043473806415,24.90379394341228,marginal,solar_biomass_hybrid,100% cropland/tree cover - sago/coconut residue,Bemo,Werinama,Seram Bagian Timur,intermittent,6761.433044624832,0,Mikro Hidro Kelas A (PLTMH),Bemo,Seram Bagian Timur,262618.3433605523,PLTMH,30.0,Tahalupu,2014,192832.5252143695,GI 150 kV PLTMG Ambon Peaker,0.0,150 kV,Operasi,8142.185407856639,PLTD Werinama,0.7000000000000001,PLTD,HSD,True,4.17299986,0.17109300000000002,-3.4366331782427157,130.0698045558926
81.05.03.2015,3.720292438527211,20.550126595897392,42.44881082212106,130.0,2833.295237049029,79.8,,0.9922012603233005,41751.649777284256,0.0,False,97.11804957487122,31.312171323576017,0.0,False,25.0,32.51137913924431,0.11230400324426959,17.90893012895557,marginal,solar_biomass_hybrid,99% cropland/tree cover - sago/coconut residue,Tum,Werinama,Seram Bagian Timur,dark_settled,4657.2881180312215,0,Mikro Hidro Kelas A (PLTMH),Mising,Seram Bagian Timur,300331.5279991693,PLTMH,30.0,Tahalupu,2014,228420.62475895518,GI 150 kV PLTMG Ambon Peaker,0.0,150 kV,Operasi,46341.236126355885,PLTD Werinama,0.7000000000000001,PLTD,HSD,True,4.49800014,0.18441799,-3.596544543914178,130.39378260077288
81.05.03.2016,6.301234689368995,34.93570321040523,81.83771130848446,319.0,2562.313063124515,17.43,1.229666177791872,0.9910790006927047,37958.909969366876,0.0,False,98.97365449950284,51.2819270101294,0.0,False,17.43,55.2114199574023,0.07080973600053954,19.17612728021002,marginal,solar_biomass_hybrid,99% cropland/tree cover - sago/coconut residue,Gusalaut,Werinama,Seram Bagian Timur,dark_settled,6664.529973234944,0,Mikro Hidro Kelas B (PLTMH),Osong,Seram Bagian Timur,294998.5065377468,PLTMH,30.0,Tahalupu,2014,223323.52193264273,GI 150 kV PLTMG Ambon Peaker,0.0,150 kV,Operasi,40770.05110298186,PLTD Werinama,0.7000000000000001,PLTD,HSD,True,4.53049994,0.18574999,-3.5747161975050785,130.3482100551403
81.05.03.2018,6.999951266732988,28.23253006219741,112.96164967833342,382.0,2784.0847434607676,47.25,1.4888019996757387,0.9964127914189465,38980.5420390257,0.0,False,98.83110079214894,81.79140718091685,0.0,False,25.0,60.0,0.11035343510039193,32.47701595004534,moderate,micro_hydro,"~32 kW screening potential (capped catchment 25 km2, head 60 m); 24-h baseload",Tobo,Werinama,Seram Bagian Timur,dark_settled,3591.4790814623134,0,Mikro Hidro Kelas A (PLTMH),Osong,Seram Bagian Timur,286705.1227262995,PLTMH,30.0,Tahalupu,2014,215384.9502194379,GI 150 kV PLTMG Ambon Peaker,0.0,150 kV,Operasi,32170.22548883596,PLTD Werinama,0.7000000000000001,PLTD,HSD,True,4.4460001,0.18228599,-3.54373915663566,130.27679422812497
81.05.03.2021,5.105716886763636,27.64513338104199,82.58704700769296,291.0,3234.3117447615273,917.0699999999999,1.2540096314247011,0.8961524438077072,22559.687541123545,0.0,False,93.32250592009075,58.54129062449267,0.0,False,25.0,44.67409825403705,0.12819919079629344,28.091833820264718,marginal,solar_biomass_hybrid,90% cropland/tree cover - sago/coconut residue,Bemo Perak,Werinama,Seram Bagian Timur,dark_settled,2995.721678100605,0,Mikro Hidro Kelas C (PLTMH),Atiahu,Seram Bagian Timur,261508.09806570387,PLTMH,30.0,Tahalupu,2014,192310.7800273251,GI 150 kV PLTMG Ambon Peaker,0.0,150 kV,Operasi,9333.39400693354,PLTD Werinama,0.7000000000000001,PLTD,HSD,True,4.12750006,0.16922700000000002,-3.4025754167102025,130.06249027183875
81.05.04.2001,6.182265206902138,24.395181427467055,82.92652751029033,241.0,3431.644550826262,3.15,,0.897008108863827,1112.9727576967014,0.04334327454041333,False,91.6633149718749,20.838440794312337,0.0,False,3.15,54.160795708637444,0.017138635741854903,4.553027741528538,none,grid_extension,1.1 km from a reliably-lit settlement,Kataloka,Pulau Gorom,Seram Bagian Timur,intermittent,71168.92321029285,0,Mikro Hidro Kelas A (PLTMH),Keta Rumadan,Seram Bagian Timur,208158.99060077092,PLTS Terpusat,30.0,Kaimer,2016,328068.16499910876,GI 150 kV PLTMG Sorong,0.0,150 kV,Operasi,3914.453478635501,PLTD Ondor,1.8,PLTD,HSD,False,,,-3.968470886565807,131.36867675094533
81.05.04.2003,8.662224936383366,42.71194239944707,102.00623586396807,335.0,3064.6591044663965,2.52,,0.9148300383183069,12442.676764994138,0.0,False,95.58893554780505,53.63609255725193,0.0,False,2.52,60.0,0.012244642540676242,3.603598299721018,none,solar_biomass_hybrid,91% cropland/tree cover - sago/coconut residue,Amarsekaru,Pulau Gorom,Seram Bagian Timur,intermittent,74093.64761399303,0,Mikro Hidro Kelas A (PLTMH),Keta Rumadan,Seram Bagian Timur,197142.1236786296,PLTS Terpusat,30.0,Kaimer,2016,337614.286528128,GI 150 kV PLTMG Ambon Peaker,0.0,150 kV,Operasi,3297.620001705687,PLTD Amarsekaru,0.36000000000000004,PLTD,HSD,True,4.65399981,0.19081399999999998,-4.11434038362267,131.32603775246156
81.05.04.2004,8.688453071209507,28.055412020368724,132.48716323065372,278.0,3430.881458418559,1.68,,0.9472765551616794,0.0,0.0,False,95.85953736942967,48.5721570627231,0.0,False,1.68,60.0,0.00913857313886222,2.689482074767152,none,grid_extension,0.0 km from a reliably-lit settlement,Ondor,Pulau Gorom,Seram Bagian Timur,intermittent,74408.7846706028,0,Mikro Hidro Kelas A (PLTMH),Keta Rumadan,Seram Bagian Timur,204794.93276452884,PLTS Terpusat,30.0,Kaimer,2016,330552.1261723616,GI 150 kV PLTMG Sorong,0.0,150 kV,Operasi,1504.5826701435199,PLTD Ondor,1.8,PLTD,HSD,True,4.64099979,0.190281,-3.9897891739156157,131.3919558408668
81.05.04.2005,6.854751225239861,21.811394985372505,171.88562376601317,288.0,3491.999608734865,1.89,,0.9652870304748404,1794.5955193650184,0.0,False,94.4764928493473,45.81005586592179,0.0,False,1.89,60.0,0.010464039923434955,3.0795669494669076,none,grid_extension,1.8 km from a reliably-lit settlement,Day,Pulau Gorom,Seram Bagian Timur,intermittent,76238.85141466258,0,Mikro Hidro Kelas A (PLTMH),Keta Rumadan,Seram Bagian Timur,202332.63493467154,PLTS Terpusat,30.0,Kaimer,2016,332814.01162451605,GI 150 kV PLTMG Sorong,0.0,150 kV,Operasi,2282.893441327299,PLTD Ondor,1.8,PLTD,HSD,True,4.63450003,0.190014,-4.009658123001835,131.40190845524404
81.05.04.2006,5.246647756862273,15.969913063841263,61.51402127002686,103.0,2743.487260355088,0.84,,0.9829051511612821,7178.189204109905,0.0,False,96.38063726086499,28.428927680798015,0.0,False,0.84,45.91404515535344,0.003653807234110658,0.8228680499976574,none,solar_biomass_hybrid,98% cropland/tree cover - sago/coconut residue,Mida,Pulau Gorom,Seram Bagian Timur,intermittent,81435.95916703092,0,Mikro Hidro Kelas A (PLTMH),Keta Rumadan,Seram Bagian Timur,195609.24159080646,PLTS Terpusat,30.0,Kaimer,2016,338983.1857356713,GI 150 kV PLTMG Sorong,0.0,150 kV,Operasi,8687.92780985568,PLTD Ondor,1.8,PLTD,HSD,True,4.65399981,0.19081399999999998,-4.063691839997363,131.42946552120182
81.05.04.2023,5.129322259377911,16.374515232781214,44.52983626910839,115.0,3511.6202982217073,0.42,,0.9497747531870028,4977.444594116543,0.0,False,94.0764880667114,50.0,0.0,False,0.42,44.88174613069817,0.0023384077328340897,0.514788687965169,none,grid_extension,5.0 km from a reliably-lit settlement,Kulugowa,Pulau Gorom,Seram Bagian Timur,intermittent,75763.767679873,0,Mikro Hidro Kelas A (PLTMH),Keta Rumadan,Seram Bagian Timur,206351.80630690392,PLTS Terpusat,30.0,Kaimer,2016,327367.8391317485,GI 150 kV PLTMG Sorong,0.0,150 kV,Operasi,5716.827222771749,PLTD Ondor,1.8,PLTD,HSD,True,4.63450003,0.190014,-3.9598825507949424,131.41526355065952
81.05.04.2024,6.762096934920442,19.561400350348475,59.84794564865739,173.0,3421.2447259604933,1.26,,0.8783028143050264,2488.702520265329,0.0,False,92.66291824131255,4.466154919748779,0.0,False,1.26,59.285946992831995,0.006834678390902811,1.9875078678049605,none,grid_extension,2.5 km from a reliably-lit settlement,Rumeon,Pulau Gorom,Seram Bagian Timur,intermittent,72655.78035983283,0,Mikro Hidro Kelas A (PLTMH),Keta Rumadan,Seram Bagian Timur,207213.1135354333,PLTS Terpusat,30.0,Kaimer,2016,328328.43171818927,GI 150 kV PLTMG Sorong,0.0,150 kV,Operasi,3358.277017706136,PLTD Ondor,1.8,PLTD,HSD,True,4.63450003,0.190014,-3.970224795768676,131.3822708701773
81.05.04.2031,6.91988594986104,18.887123781625377,55.813366090987195,157.0,3487.684918934635,3.15,,0.9829503003496609,3790.5574128352155,0.0,False,98.59394844975724,16.099773242630384,0.0,False,3.15,60.0,0.017418517717281996,5.126269764196091,none,grid_extension,3.8 km from a reliably-lit settlement,Kelibingan,Pulau Gorom,Seram Bagian Timur,intermittent,77436.60763191275,0,Mikro Hidro Kelas A (PLTMH),Keta Rumadan,Seram Bagian Timur,200351.52085208087,PLTS Terpusat,30.0,Kaimer,2016,334878.0027041743,GI 150 kV PLTMG Sorong,0.0,150 kV,Operasi,3952.888053172243,PLTD Ondor,1.8,PLTD,HSD,True,4.64099979,0.190281,-4.028034514772932,131.40595640995897
81.05.04.2032,5.6583668079165275,14.663670332948962,48.45640034364261,95.0,2701.3672179833056,0.63,,0.9527143501206669,8238.629930091533,0.0,False,94.43943572337716,53.65632782431514,0.0,False,0.63,49.53972351694409,0.002698283465451361,0.6556622236433749,none,solar_biomass_hybrid,95% cropland/tree cover - sago/coconut residue,Ilili,Pulau Gorom,Seram Bagian Timur,intermittent,80833.55547346902,0,Mikro Hidro Kelas A (PLTMH),Keta Rumadan,Seram Bagian Timur,195683.13761028764,PLTS Terpusat,30.0,Kaimer,2016,339379.0154088227,GI 150 kV PLTMG Sorong,0.0,150 kV,Operasi,8591.3445132882,PLTD Ondor,1.8,PLTD,HSD,True,4.65399981,0.19081399999999998,-4.067719446475307,131.42155137774674
81.05.04.2042,4.862494336220216,14.795403571322922,47.97231346785545,101.0,3511.6202982217073,0.42,,0.9837605846189538,5124.606271461253,0.0,False,94.19347346417372,0.0,0.0,True,0.42,42.535435144625495,0.0023384077328340897,0.48787675921441864,none,resource_present_but_screened,"94% intact canopy, 0.0% loss since 2015 - non-viable without deep community and regulator engagement; flagged for policy pathway, not commercial deployment",Namalean,Pulau Gorom,Seram Bagian Timur,intermittent,75521.79345039329,0,Mikro Hidro Kelas A (PLTMH),Keta Rumadan,Seram Bagian Timur,206857.20746660663,PLTS Terpusat,30.0,Kaimer,2016,326830.6039057651,GI 150 kV PLTMG Sorong,0.0,150 kV,Operasi,6096.686553193345,PLTD Ondor,1.8,PLTD,HSD,True,4.64750004,0.190547,-3.955087576479751,131.41448397935486
81.05.04.2043,8.18714373429949,24.209492512027435,54.997817864416646,169.0,3460.740840873292,3.15,,0.9015166633406505,0.0,0.0,False,87.93877591746322,75.91721542803387,0.0,False,3.15,60.0,0.017283951117375178,5.086666813843515,none,grid_extension,0.0 km from a reliably-lit settlement,Dulak,Pulau Gorom,Seram Bagian Timur,intermittent,74381.50107094698,0,Mikro Hidro Kelas A (PLTMH),Keta Rumadan,Seram Bagian Timur,204064.29884172772,PLTS Terpusat,30.0,Kaimer,2016,331664.39232971676,GI 150 kV PLTMG Sorong,0.0,150 kV,Operasi,468.0761994589103,PLTD Ondor,1.8,PLTD,HSD,True,4.64099979,0.190281,-4.000004882928231,131.38774016079464
81.05.04.2047,7.56987703303701,19.276662024004377,89.93452671548688,218.0,3490.0510851658505,1.47,,0.974816369359916,3147.8950308102717,0.0,False,95.91025784127693,52.149532710280376,0.0,False,1.47,60.0,0.008134156353364093,2.393882214795053,none,grid_extension,3.1 km from a reliably-lit settlement,Kaforing,Pulau Gorom,Seram Bagian Timur,intermittent,76843.82097684339,0,Mikro Hidro Kelas A (PLTMH),Keta Rumadan,Seram Bagian Timur,201247.58973162636,PLTS Terpusat,30.0,Kaimer,2016,333980.97401977546,GI 150 kV PLTMG Sorong,0.0,150 kV,Operasi,3115.1104944501367,PLTD Ondor,1.8,PLTD,HSD,True,4.63450003,0.190014,-4.0200834545541015,131.40352267472866
81.05.04.2048,6.067013723617594,19.55378706254663,35.77339453590503,78.0,3236.3231196258525,5.04,,0.9692577618430086,5124.360636947794,0.0,False,94.44765319355298,10.596026490066226,0.0,False,5.04,53.14345594003843,0.025861029494727135,6.741159681841208,none,solar_biomass_hybrid,97% cropland/tree cover - sago/coconut residue,Arewang,Pulau Gorom,Seram Bagian Timur,intermittent,78689.62479310711,0,Mikro Hidro Kelas A (PLTMH),Keta Rumadan,Seram Bagian Timur,198370.6892156343,PLTS Terpusat,30.0,Kaimer,2016,336930.39899771975,GI 150 kV PLTMG Sorong,0.0,150 kV,Operasi,5899.821837688857,PLTD Ondor,1.8,PLTD,HSD,True,4.64750004,0.190547,-4.046290932556734,131.41023585099484
81.05.04.2051,5.002807654173405,14.938938749256973,28.862756428777804,115.0,3511.6202982217073,1.05,,0.9179450588655012,4223.479415718751,0.0,False,91.7627481278973,100.0,0.0,False,1.05,43.76902081389573,0.005846019332085225,1.25506462764905,none,grid_extension,4.2 km from a reliably-lit settlement,Rumanama Kotawouw Kataloka,Pulau Gorom,Seram Bagian Timur,intermittent,76192.11866807862,0,Mikro Hidro Kelas A (PLTMH),Keta Rumadan,Seram Bagian Timur,205582.86949258507,PLTS Terpusat,30.0,Kaimer,2016,328149.183502563,GI 150 kV PLTMG Sorong,0.0,150 kV,Operasi,5271.650539919359,PLTD Ondor,1.8,PLTD,HSD,True,4.63450003,0.190014,-3.9668167828488796,131.41708330149865
81.05.04.2052,6.283088636700618,16.534200835065946,27.543514259429628,94.0,3511.6202982217073,0.42,,0.8029293770342896,5564.981539165247,0.0,False,82.83378746594006,7.637231503579953,0.0,False,0.42,55.051140529871695,0.0023384077328340897,0.6314305223738839,none,solar_biomass_hybrid,80% cropland/tree cover - sago/coconut residue,Sikaro Kataloka,Pulau Gorom,Seram Bagian Timur,intermittent,75348.33923581339,0,Mikro Hidro Kelas A (PLTMH),Keta Rumadan,Seram Bagian Timur,207215.73358336336,PLTS Terpusat,30.0,Kaimer,2016,326452.04674996,GI 150 kV PLTMG Sorong,0.0,150 kV,Operasi,6375.307268680697,PLTD Ondor,1.8,PLTD,HSD,True,4.64750004,0.190547,-3.95171140829553,131.4138885699506
81.05.04.2054,8.34917990462285,21.052520050333385,72.68610891710716,167.0,3421.2447259604933,1.26,,0.9549227461373068,3027.6453077226533,0.0,False,97.64202840568115,10.526315789473681,0.0,False,1.26,60.0,0.006834678390902811,2.0114458504426973,none,grid_extension,3.0 km from a reliably-lit settlement,Dada Kataloka,Pulau Gorom,Seram Bagian Timur,intermittent,73359.6789761301,0,Mikro Hidro Kelas A (PLTMH),Keta Rumadan,Seram Bagian Timur,207206.07034642017,PLTS Terpusat,30.0,Kaimer,2016,327825.34269656404,GI 150 kV PLTMG Sorong,0.0,150 kV,Operasi,3982.6185518557686,PLTD Ondor,1.8,PLTD,HSD,True,4.63450003,0.190014,-3.965299442989475,131.3906819854675
81.05.05.2001,15.583789898011396,36.69047823416874,58.728505990133876,141.0,2748.9222694572063,0.21,,0.848929359480374,43176.03695627935,0.0,False,85.59930389384381,51.04384133611691,0.0,False,0.21,60.0,0.0009152614101122737,0.26936143299604215,none,solar_biomass_hybrid,85% cropland/tree cover - sago/coconut residue,Ilili,Wakate,Seram Bagian Timur,intermittent,114734.95914417293,0,Mikro Hidro Kelas A (PLTMH),Keta Rumadan,Seram Bagian Timur,156325.22225169433,PLTS Terpusat,30.0,Kaimer,2016,371952.67337457015,GI 150 kV PLTMG Ambon Peaker,0.0,150 kV,Operasi,17126.88588307653,PLTD Kesui,0.3,PLTD,HSD,True,4.699500080000001,0.19268000000000002,-4.384437726599215,131.5830950089477
81.05.05.2002,15.223160069525095,34.13489408853771,87.55153987680977,189.0,2915.5605900939286,0.42,,0.9625328356145446,50295.3944126597,0.0,False,94.05234567901236,12.5,0.0,False,0.42,60.0,0.0019414882163867487,0.5713799820826202,none,solar_biomass_hybrid,96% cropland/tree cover - sago/coconut residue,Effa,Wakate,Seram Bagian Timur,intermittent,117172.87380654294,0,Mikro Hidro Kelas A (PLTMH),Keta Rumadan,Seram Bagian Timur,153756.00438950607,PLTS Terpusat,30.0,Kaimer,2016,373868.0521065005,GI 150 kV PLTMG Ambon Peaker,0.0,150 kV,Operasi,14567.448676958496,PLTD Kesui,0.3,PLTD,HSD,True,4.69299984,0.19241300000000003,-4.403658652225514,131.59596327843107
81.05.05.2003,9.432287765356257,28.31900263078811,45.3131393929188,114.0,3216.8830158371766,0.42,,0.8748960931005815,51868.07053040314,0.0,False,79.38883691923918,0.0,0.0,True,0.42,60.0,0.002142140516634345,0.6304319540454878,none,resource_present_but_screened,"79% intact canopy, 0.0% loss since 2015 - non-viable without deep community and regulator engagement; flagged for policy pathway, not commercial deployment",Lahema,Wakate,Seram Bagian Timur,intermittent,118393.58073648771,0,Mikro Hidro Kelas A (PLTMH),Keta Rumadan,Seram Bagian Timur,152507.94307144696,PLTS Terpusat,30.0,Kaimer,2016,374872.25689703994,GI 150 kV PLTMG Ambon Peaker,0.0,150 kV,Operasi,13312.821517094595,PLTD Kesui,0.3,PLTD,HSD,True,4.69299984,0.19241300000000003,-4.412489095603885,131.60300962889042
81.05.05.2004,9.437576635423012,33.4507795910513,50.75352012414755,157.0,3341.7289614607735,0.63,,0.9091068901565428,53860.42599917402,0.0,False,91.29231012630412,17.48826291079812,0.0,False,0.63,60.0,0.0033379142023723485,0.9823481497581822,none,solar_biomass_hybrid,91% cropland/tree cover - sago/coconut residue,Utta,Wakate,Seram Bagian Timur,intermittent,122277.12844230066,0,Mikro Hidro Kelas A (PLTMH),Keta Rumadan,Seram Bagian Timur,148476.81632971938,PLTS Terpusat,30.0,Kaimer,2016,377991.6966573326,GI 150 kV PLTMG Ambon Peaker,0.0,150 kV,Operasi,9287.387594008065,PLTD Kesui,0.3,PLTD,HSD,True,4.67999983,0.19188,-4.44197937358122,131.62425340468587
81.05.05.2005,13.044124551138468,30.145253874766457,147.41694123389644,272.0,3596.4341774191707,1.05,,0.947622225571032,64100.072299588704,0.0,False,96.13869697165364,31.349944217181115,0.0,False,1.05,60.0,0.005987214431586329,1.7620372072158568,none,solar_biomass_hybrid,95% cropland/tree cover - sago/coconut residue,Kelangan,Wakate,Seram Bagian Timur,intermittent,130054.15656491855,0,Mikro Hidro Kelas A (PLTMH),Keta Rumadan,Seram Bagian Timur,140164.6792088529,PLTS Terpusat,30.0,Kaimer,2016,383906.597644218,GI 150 kV PLTMG Ambon Peaker,0.0,150 kV,Operasi,1967.7584879882147,PLTD Kesui,0.3,PLTD,HSD,True,4.66699982,0.191347,-4.506954024537521,131.66151118791404
81.05.05.2006,12.124253424289885,40.57689084597922,88.28327673282567,234.0,3671.945955292417,0.63,,0.9591238142785823,58100.88272430764,0.0,False,97.59844775645212,5.6449254167885385,0.0,False,0.63,60.0,0.0036677542361653707,1.0794200717034685,none,solar_biomass_hybrid,96% cropland/tree cover - sago/coconut residue,Amarlaut,Wakate,Seram Bagian Timur,intermittent,125812.45142662243,0,Mikro Hidro Kelas A (PLTMH),Keta Rumadan,Seram Bagian Timur,144721.18536895412,PLTS Terpusat,30.0,Kaimer,2016,380717.87663946114,GI 150 kV PLTMG Ambon Peaker,0.0,150 kV,Operasi,5620.561368373146,PLTD Kesui,0.3,PLTD,HSD,True,4.66699982,0.191347,-4.470866228914485,131.64182416001285
81.05.05.2008,12.563518701516816,31.422511280193145,96.06532144419066,310.0,3596.4341774191707,0.63,,0.9666306727856263,64864.326811815445,0.0,False,95.45400005999345,15.937388829598012,0.0,False,0.63,60.0,0.0035923286589517977,1.0572223243295142,none,solar_biomass_hybrid,97% cropland/tree cover - sago/coconut residue,Tamher Timur,Wakate,Seram Bagian Timur,intermittent,131591.54691598358,0,Mikro Hidro Kelas A (PLTMH),Keta Rumadan,Seram Bagian Timur,138801.52806399396,PLTS Terpusat,30.0,Kaimer,2016,385449.8917256398,GI 150 kV PLTMG Ambon Peaker,0.0,150 kV,Operasi,1090.9068827413564,PLTD Kesui,0.3,PLTD,HSD,True,4.673500059999999,0.19161300000000003,-4.513487191849173,131.67411538424818
81.05.05.2010,14.598559574692004,42.78317860886094,119.12772352836043,270.0,3596.4341774191707,0.63,,0.9940818905851906,66355.94031551546,0.0,False,98.35098700048147,40.3708386009271,0.0,False,0.63,60.0,0.0035923286589517977,1.0572223243295142,none,solar_biomass_hybrid,99% cropland/tree cover - sago/coconut residue,Wunin Eldedora,Wakate,Seram Bagian Timur,intermittent,132726.36491778886,0,Mikro Hidro Kelas A (PLTMH),Keta Rumadan,Seram Bagian Timur,137312.11748107374,PLTS Terpusat,30.0,Kaimer,2016,385929.38971958513,GI 150 kV PLTMG Ambon Peaker,0.0,150 kV,Operasi,2772.7600971061834,PLTD Kesui,0.3,PLTD,HSD,True,4.673500059999999,0.19161300000000003,-4.529459143774952,131.6739793853069
81.05.05.2011,18.185348546676405,45.122753268085155,93.51984311639967,260.0,3530.608474285271,0.84,,0.9803846469510027,62109.73520323223,0.0,False,99.41445262265029,0.0,0.0,True,0.84,60.0,0.004702104132419501,1.3838292461710593,none,resource_present_but_screened,"99% intact canopy, 0.0% loss since 2015 - non-viable without deep community and regulator engagement; flagged for policy pathway, not commercial deployment",Keldor,Wakate,Seram Bagian Timur,intermittent,128017.34654594773,0,Mikro Hidro Kelas A (PLTMH),Keta Rumadan,Seram Bagian Timur,142330.33270650567,PLTS Terpusat,30.0,Kaimer,2016,382348.35499806027,GI 150 kV PLTMG Ambon Peaker,0.0,150 kV,Operasi,3469.3248630677704,PLTD Kesui,0.3,PLTD,HSD,True,4.66699982,0.191347,-4.490086474292414,131.6517060723241
81.05.05.2021,14.131700995421085,39.03761545328104,56.3714809849714,208.0,3477.562801099294,0.84,,0.8920088274580407,62829.07368109926,0.0,False,91.72183507549362,18.53463910047153,0.0,False,0.84,60.0,0.004631457307400126,1.363037885567857,none,solar_biomass_hybrid,89% cropland/tree cover - sago/coconut residue,Tanah Baru,Wakate,Seram Bagian Timur,intermittent,129807.6535523871,0,Mikro Hidro Kelas A (PLTMH),Keta Rumadan,Seram Bagian Timur,140841.74277587497,PLTS Terpusat,30.0,Kaimer,2016,384264.0870345136,GI 150 kV PLTMG Ambon Peaker,0.0,150 kV,Operasi,1616.9711151432186,PLTD Kesui,0.3,PLTD,HSD,True,4.66699982,0.191347,-4.495572712733889,131.66810973405032
81.05.05.2022,18.183075766965867,54.75052854225535,92.0540332166147,204.0,3438.406161110618,0.42,,0.9659343274111675,60607.39531608333,0.0,False,97.48145797802721,7.872078720787207,0.0,False,0.42,60.0,0.002289654026614757,0.6738451800327231,none,solar_biomass_hybrid,97% cropland/tree cover - sago/coconut residue,Guliar,Wakate,Seram Bagian Timur,intermittent,127115.67466606875,0,Mikro Hidro Kelas A (PLTMH),Keta Rumadan,Seram Bagian Timur,143626.6749999767,PLTS Terpusat,30.0,Kaimer,2016,382091.03211867105,GI 150 kV PLTMG Ambon Peaker,0.0,150 kV,Operasi,4377.4209548205,PLTD Kesui,0.3,PLTD,HSD,True,4.66699982,0.191347,-4.475154346448183,131.65348570302837
81.05.05.2023,10.963349283385755,45.82917776355407,86.29230706260358,323.0,3530.5684919280225,0.63,,0.9202769460132155,62783.552112346675,0.0,False,94.62771804364033,5.826126536185708,0.0,False,0.63,60.0,0.0035265381625993377,1.037860181252985,none,solar_biomass_hybrid,92% cropland/tree cover - sago/coconut residue,Karlomin,Wakate,Seram Bagian Timur,dark_settled,134197.50127479224,0,Mikro Hidro Kelas A (PLTMH),Keta Rumadan,Seram Bagian Timur,135648.67590691274,PLTS Terpusat,30.0,Kaimer,2016,386903.6227647705,GI 150 kV PLTMG Ambon Peaker,0.0,150 kV,Operasi,4347.049274978886,PLTD Kesui,0.3,PLTD,HSD,False,,,-4.5441563550002835,131.6788063852392
81.05.05.2024,12.892556417910557,37.55612851942051,139.4793191310012,320.0,3596.4341774191707,0.84,,0.9795044645497015,65652.64970138296,0.0,False,98.75944606724299,18.04627249357327,0.0,False,0.84,60.0,0.004789771545269063,1.4096297657726855,none,solar_biomass_hybrid,98% cropland/tree cover - sago/coconut residue,Otademan,Wakate,Seram Bagian Timur,intermittent,131571.4179542432,0,Mikro Hidro Kelas A (PLTMH),Keta Rumadan,Seram Bagian Timur,138179.22031038863,PLTS Terpusat,30.0,Kaimer,2016,384524.07281708496,GI 150 kV PLTMG Ambon Peaker,0.0,150 kV,Operasi,3292.339757444135,PLTD Kesui,0.3,PLTD,HSD,True,4.66699982,0.191347,-4.528526567082164,131.66104415810923
81.05.05.2028,12.768960988827802,29.343325324219485,139.0719563974851,265.0,3596.4341774191707,0.63,,0.9647915721558546,64772.266144788,0.0,False,98.20839107975304,0.0,0.0,True,0.63,60.0,0.0035923286589517977,1.0572223243295142,none,resource_present_but_screened,"98% intact canopy, 0.0% loss since 2015 - non-viable without deep community and regulator engagement; flagged for policy pathway, not commercial deployment",Tana Soa,Wakate,Seram Bagian Timur,intermittent,130519.34433986865,0,Mikro Hidro Kelas A (PLTMH),Keta Rumadan,Seram Bagian Timur,139498.7918202999,PLTS Terpusat,30.0,Kaimer,2016,384021.59934698074,GI 150 kV PLTMG Ambon Peaker,0.0,150 kV,Operasi,2355.095880432911,PLTD Kesui,0.3,PLTD,HSD,True,4.66699982,0.191347,-4.514842667692348,131.66031527878374
81.05.06.2001,8.580827007369518,24.396817829239172,246.32914381687533,495.0,3319.12917183626,6.51,2.5315985928541775,0.9843199954550711,27253.92080107466,0.00049101363881686,False,97.95970953860139,42.806152248685855,0.0,False,6.51,60.0,0.03425851551980919,10.082281117479845,marginal,solar_biomass_hybrid,98% cropland/tree cover - sago/coconut residue,Danama,Tutuk Tolu,Seram Bagian Timur,intermittent,4663.894822789039,0,Mikro Hidro Kelas A (PLTMH),Rumfakar,Seram Bagian Timur,273432.0743616439,PLTS Terpusat,30.0,Kaimer,2016,277766.4781876643,GI 150 kV PLTMG Ambon Peaker,0.0,150 kV,Operasi,3249.600498165855,PLTD Kiandarat,1.8,PLTD,HSD,True,4.36800003,0.17908800000000002,-3.620827210077016,130.83797838693138
81.05.06.2002,7.821097099426856,35.391229606239165,199.8486449859384,445.0,2553.7394315920815,169.68,2.630059299555296,0.9973901278790734,27107.03591493821,0.0,False,99.12889444812352,61.970149253731364,0.0,False,25.0,60.0,0.10122318269565266,29.789982667330577,marginal,solar_biomass_hybrid,100% cropland/tree cover - sago/coconut residue,Kilmoy,Tutuk Tolu,Seram Bagian Timur,intermittent,3064.325479750003,0,Mikro Hidro Kelas A (PLTMH),Kilmoy,Seram Bagian Timur,276899.9309721658,PLTS Terpusat,30.0,Kaimer,2016,269940.3147079007,GI 150 kV PLTMG Ambon Peaker,0.0,150 kV,Operasi,10681.155772995959,PLTD Kiandarat,1.8,PLTD,HSD,True,4.12750006,0.16922700000000002,-3.637163681935006,130.76691468661485
81.05.06.2003,6.987385183301404,35.391229606239165,167.16830794662894,354.0,2834.385580896488,4.83,2.45863477471283,0.9808359530829006,32455.433987431134,0.0006002545079113542,False,99.31747580975772,51.07589984350549,0.0,False,4.83,60.0,0.021705483187040266,6.38792370194595,none,solar_biomass_hybrid,98% cropland/tree cover - sago/coconut residue,Kilbat,Tutuk Tolu,Seram Bagian Timur,intermittent,3951.1731506195406,0,Mikro Hidro Kelas A (PLTMH),Airkasar,Seram Bagian Timur,279303.3692396622,PLTS Terpusat,30.0,Kaimer,2016,272409.8465638782,GI 150 kV PLTMG Ambon Peaker,0.0,150 kV,Operasi,9496.680639521372,PLTD Kiandarat,1.8,PLTD,HSD,True,4.1079998,0.16842800000000002,-3.5908844008449092,130.79033930021856
81.05.06.2004,6.556955690696729,23.553599290324488,151.96765801132014,296.0,2919.7662598238007,248.85,2.4909186051640293,0.9955628124631779,33389.10378869879,0.0,False,99.38269526660092,66.01233080575439,0.0,False,25.0,57.47134564765349,0.11573147592528384,32.62435012882995,moderate,micro_hydro,"~33 kW screening potential (capped catchment 25 km2, head 57 m); 24-h baseload",Sesar,Tutuk Tolu,Seram Bagian Timur,intermittent,2704.1937348837064,0,Mikro Hidro Kelas A (PLTMH),Airkasar,Seram Bagian Timur,279836.15281063685,PLTS Terpusat,30.0,Kaimer,2016,273078.01803145313,GI 150 kV PLTMG Ambon Peaker,0.0,150 kV,Operasi,9649.127074700473,PLTD Kiandarat,1.8,PLTD,HSD,True,4.1015000299999995,0.168161,-3.5800234687710843,130.79650513082586
81.05.06.2005,4.8714795804628475,23.585972922978392,120.31214103685676,228.0,2759.8136660952537,252.0,2.5012536613292715,0.99626358266259,34671.12922248856,0.0,False,98.79184472612859,80.58056218996879,0.0,False,25.0,42.61441471191205,0.10939139658228902,22.86539491707659,marginal,solar_biomass_hybrid,100% cropland/tree cover - sago/coconut residue,Airkasar,Tutuk Tolu,Seram Bagian Timur,intermittent,3206.0298065463785,0,Mikro Hidro Kelas A (PLTMH),Airkasar,Seram Bagian Timur,281205.7396380608,PLTS Terpusat,30.0,Kaimer,2016,272243.63585268747,GI 150 kV PLTMG Ambon Peaker,0.0,150 kV,Operasi,10987.89241058809,PLTD Kiandarat,1.8,PLTD,HSD,True,4.09499979,0.16789500000000002,-3.570187170640639,130.78907572414371
81.05.06.2006,4.82342740200284,24.82008722028991,107.33468752554366,230.0,2648.619416883662,65.1,2.43333014008413,0.9902823428268881,36189.76502669643,0.0,False,98.60006421723774,62.96135074528429,0.0,False,25.0,42.19206441326103,0.10498396344192595,21.72664917545529,marginal,solar_biomass_hybrid,99% cropland/tree cover - sago/coconut residue,Waras-Waras,Tutuk Tolu,Seram Bagian Timur,intermittent,3239.602000836224,0,Mikro Hidro Kelas A (PLTMH),Airkasar,Seram Bagian Timur,282472.5847749975,PLTS Terpusat,30.0,Kaimer,2016,272729.7831132267,GI 150 kV PLTMG Ambon Peaker,0.0,150 kV,Operasi,12067.88599562193,PLTD Kiandarat,1.8,PLTD,HSD,True,4.12750006,0.16922700000000002,-3.5523946812905876,130.7935175358045
81.05.06.2007,5.369790903392438,30.396708256075488,91.84239807421558,349.0,2538.764554135101,1057.35,1.7513287503928117,0.9803722867902441,33932.31740584852,0.0,False,98.452312031674,72.32924119936463,0.0,False,25.0,46.99794910472919,0.10062961988422366,23.197637122128974,marginal,solar_biomass_hybrid,98% cropland/tree cover - sago/coconut residue,Gah,Tutuk Tolu,Seram Bagian Timur,intermittent,4483.174625073934,0,Mikro Hidro Kelas A (PLTMH),Kilbon Kway,Seram Bagian Timur,292919.6434110479,PLTS Terpusat,30.0,Kaimer,2016,259950.14801464972,GI 150 kV PLTMG Ambon Peaker,0.0,150 kV,Operasi,24025.134954347082,PLTD Kiandarat,1.8,PLTD,HSD,True,3.9195001100000004,0.16069999000000001,-3.5234892266767037,130.67818513010246
81.05.06.2008,6.104664856692517,20.476621251444865,48.16751825899607,212.0,3281.9895181473594,7.77,2.5315985928541775,0.9581289803089086,26328.65591630866,0.0,False,95.2214765100671,37.98581560283689,0.0,False,7.77,53.47575912091249,0.04043166310883591,10.605168567989697,marginal,solar_biomass_hybrid,96% cropland/tree cover - sago/coconut residue,Walang Tenga,Tutuk Tolu,Seram Bagian Timur,intermittent,3826.458266337414,0,Mikro Hidro Kelas A (PLTMH),Rumfakar,Seram Bagian Timur,271871.11463519454,PLTS Terpusat,30.0,Kaimer,2016,277719.52287133015,GI 150 kV PLTMG Ambon Peaker,0.0,150 kV,Operasi,2931.877412534031,PLTD Kiandarat,1.8,PLTD,HSD,True,4.38100004,0.179621,-3.639344512062425,130.83698242483618
81.05.06.2010,9.214854249509738,25.16257640329103,151.00086204866096,334.0,3439.143535806098,1.89,,0.9812191276319693,28533.592439438813,0.0,False,96.08583361448164,31.176757812500007,0.0,False,1.89,60.0,0.010305652718597041,3.0329535950831095,none,solar_biomass_hybrid,98% cropland/tree cover - sago/coconut residue,Taruy,Tutuk Tolu,Seram Bagian Timur,intermittent,7461.3450419714945,0,Mikro Hidro Kelas A (PLTMH),Airkasar,Seram Bagian Timur,272139.661964545,PLTS Terpusat,30.0,Kaimer,2016,281214.1927871997,GI 150 kV PLTMG Ambon Peaker,0.0,150 kV,Operasi,2761.399177954324,PLTD Kiandarat,1.8,PLTD,HSD,True,4.36800003,0.17908800000000002,-3.611681628956629,130.86928659767264
81.05.06.2011,3.3550979615020404,21.58768770470482,40.405984166344,276.0,2470.8950785643847,1082.97,2.3090236671656115,0.8000968169068897,41797.232967625976,0.0,False,96.81227334761128,27.24061375591938,0.0,False,25.0,29.312264476798426,0.09793946119373037,14.081408344152356,marginal,solar_biomass_hybrid,80% cropland/tree cover - sago/coconut residue,Kufar,Tutuk Tolu,Seram Bagian Timur,intermittent,10773.619413770663,0,Mikro Hidro Kelas A (PLTMH),Airkasar,Seram Bagian Timur,289620.05787876365,PLTS Terpusat,30.0,Kaimer,2016,272213.62143733323,GI 150 kV PLTMG Ambon Peaker,0.0,150 kV,Operasi,19606.442130094845,PLTD Kiandarat,1.8,PLTD,HSD,True,4.329,0.177489,-3.4763319565527633,130.7876688615606
81.05.07.2001,9.620504942596222,35.1852198574332,139.08628254739378,533.0,3601.466465640101,182.7,1.0235149862018085,0.8762445260491332,7966.63919102654,0.0,False,90.53399351970039,63.09001411836533,0.0,False,25.0,60.0,0.14275219057743932,42.0119696869404,moderate,micro_hydro,"~42 kW screening potential (capped catchment 25 km2, head 60 m); 24-h baseload",Dihil,Siwalalat,Seram Bagian Timur,intermittent,2621.4902307962607,0,Mikro Hidro Kelas C (PLTMH),Dihil,Seram Bagian Timur,240709.86562454808,PLTMH,30.0,Tahalupu,2014,173649.35288100498,GI 150 kV PLTMG Ambon Peaker,0.0,150 kV,Operasi,10672.23425098922,PLTD Laimu,1.8,PLTD,HSD,True,4.2249999,0.17322500000000002,-3.29912214230109,129.88028729842867
81.05.07.2002,15.145574865693648,54.21149490187917,447.2585117733636,1037.0,5032.230795945279,77.28,0.9508759094040927,0.9881312182897101,9958.298988783175,0.0,False,98.8335122466874,68.92720464178431,0.0,False,25.0,60.0,0.19946373969214862,58.70217859139934,moderate,micro_hydro,"~59 kW screening potential (capped catchment 25 km2, head 60 m); 24-h baseload",Liliama,Siwalalat,Seram Bagian Timur,intermittent,1529.1498863274783,0,Mikro Hidro Kelas A (PLTMH),Liliama,Seram Bagian Timur,244597.58290248722,PLTMH,30.0,Tahalupu,2014,179097.75216792276,GI 150 kV PLTMG Ambon Peaker,0.0,150 kV,Operasi,18149.261627990047,PLTD Laimu,1.8,PLTD,HSD,True,3.30850005,0.135649,-3.2244279744769004,129.91634226271412
81.05.07.2003,13.480440835354033,38.736247440539735,277.9727000962321,634.0,3545.5251990633587,85.25999999999999,1.082083696859364,0.9934094923186029,19728.688580972634,0.0,False,99.08731700412295,67.48887317499275,0.0,False,25.0,60.0,0.1405348331693683,41.35940140174509,moderate,micro_hydro,"~41 kW screening potential (capped catchment 25 km2, head 60 m); 24-h baseload",Naiwel Ahinulin,Siwalalat,Seram Bagian Timur,intermittent,4992.106258976696,0,Mikro Hidro Kelas B (PLTMH),Atiahu,Seram Bagian Timur,257569.88691869602,PLTMH,30.0,Tahalupu,2014,189777.63921979902,GI 150 kV PLTMG Ambon Peaker,0.0,150 kV,Operasi,15040.81586240182,PLTD Werinama,0.7000000000000001,PLTD,HSD,True,4.07550001,0.16709501000000002,-3.3269477198951645,130.0312594077013
81.05.07.2004,15.159552282010132,54.07863225577989,549.3830326155305,1185.0,4963.245473558888,14.91,1.0710614111353747,0.9939442934541458,10954.128887661493,0.0,False,99.0905697279496,40.99008946010467,0.0,False,14.91,60.0,0.11732938548129601,34.53003814714542,moderate,micro_hydro,"~35 kW screening potential (capped catchment 15 km2, head 60 m); 24-h baseload",Polin,Siwalalat,Seram Bagian Timur,intermittent,4761.488859962861,0,Mikro Hidro Kelas A (PLTMH),Liliama,Seram Bagian Timur,248214.73407686246,PLTMH,30.0,Tahalupu,2014,182368.29415877574,GI 150 kV PLTMG Ambon Peaker,0.0,150 kV,Operasi,20402.08774405545,PLTD Laimu,1.8,PLTD,HSD,True,3.28250003,0.134583,-3.237047763889326,129.94893060961502
81.05.07.2005,13.953868083178882,38.18322754894855,502.25869630077415,1181.0,4572.837859434262,10.5,1.1023228103662508,0.9977882956606362,13443.703634857287,0.0,False,99.29452638690066,47.61014245641055,0.0,False,10.5,60.0,0.07612696208152549,22.404164940592953,marginal,solar_biomass_hybrid,100% cropland/tree cover - sago/coconut residue,Tunsai,Siwalalat,Seram Bagian Timur,intermittent,5038.10454259878,0,Mikro Hidro Kelas A (PLTMH),Lapela,Seram Bagian Timur,250700.93994805616,PLTMH,30.0,Tahalupu,2014,184474.7592768504,GI 150 kV PLTMG Ambon Peaker,0.0,150 kV,Operasi,21897.8985613007,PLTD Laimu,1.8,PLTD,HSD,True,3.34750009,0.13724799000000001,-3.252880773868795,129.97123411310048
81.05.07.2006,12.929207535261238,49.1515542440289,386.10133916366476,772.0,4329.896669792357,37.17,1.1172400223267926,0.9958730982356983,14937.448483174763,0.0,False,98.97675309484535,34.12572897103885,0.0,False,25.0,60.0,0.17162515338788834,50.50928264205554,moderate,micro_hydro,"~51 kW screening potential (capped catchment 25 km2, head 60 m); 24-h baseload",Lapela,Siwalalat,Seram Bagian Timur,intermittent,2628.7608340659126,0,Mikro Hidro Kelas A (PLTMH),Lapela,Seram Bagian Timur,253702.02309954542,PLTMH,30.0,Tahalupu,2014,187430.3465450246,GI 150 kV PLTMG Ambon Peaker,0.0,150 kV,Operasi,22879.531159216167,PLTD Werinama,0.7000000000000001,PLTD,HSD,True,3.37350011,0.13831399,-3.252762107260876,129.99826928248595
81.05.07.2007,12.597671442405831,38.18562144290831,307.7981791666076,691.0,4185.7720361772135,49.14,1.0364760082702555,0.9978236865642509,15941.02073856941,0.0,False,99.42017668585814,46.35224274406334,0.0,False,25.0,60.0,0.16591245069829771,48.82803424050902,moderate,micro_hydro,"~49 kW screening potential (capped catchment 25 km2, head 60 m); 24-h baseload",Nayet,Siwalalat,Seram Bagian Timur,intermittent,1846.2006165599207,0,Mikro Hidro Kelas A (PLTMH),Elnusa,Seram Bagian Timur,250178.17640168808,PLTMH,30.0,Tahalupu,2014,183028.65461485105,GI 150 kV PLTMG Ambon Peaker,0.0,150 kV,Operasi,18253.992107147573,PLTD Werinama,0.7000000000000001,PLTD,HSD,True,3.83500004,0.157235,-3.297932765277835,129.96565404313014
81.05.07.2008,13.722518054713662,40.16362327580313,436.74468862559485,1061.0,4072.3811063106523,59.849999999999994,1.1332951485212486,0.9929593099467364,16498.84089394616,0.0,False,98.90001904840354,71.53442004580361,0.0,False,25.0,60.0,0.16141794719965485,47.505301860858424,moderate,micro_hydro,"~48 kW screening potential (capped catchment 25 km2, head 60 m); 24-h baseload",Elnusa,Siwalalat,Seram Bagian Timur,intermittent,1291.911431040753,0,Mikro Hidro Kelas A (PLTMH),Elnusa,Seram Bagian Timur,256168.1277776577,PLTMH,30.0,Tahalupu,2014,189531.30227603027,GI 150 kV PLTMG Ambon Peaker,0.0,150 kV,Operasi,21209.41542651924,PLTD Werinama,0.7000000000000001,PLTD,HSD,True,3.59450006,0.147374,-3.268875326813121,130.02028302882863
81.05.07.2009,10.319532679615646,38.736247440539735,290.916770872827,833.0,3391.1430829008605,668.85,1.2372133516215624,0.9803128264813551,19822.665517107554,0.0,False,97.23869746225068,50.77951590740939,0.0,False,25.0,60.0,0.13441555218246054,39.558497007298136,moderate,micro_hydro,"~40 kW screening potential (capped catchment 25 km2, head 60 m); 24-h baseload",Atiahu,Siwalalat,Seram Bagian Timur,dark_settled,1132.728184112332,0,Mikro Hidro Kelas A (PLTMH),Atiahu,Seram Bagian Timur,265303.58220844046,PLTMH,30.0,Tahalupu,2014,197910.11623435677,GI 150 kV PLTMG Ambon Peaker,0.0,150 kV,Operasi,20729.156289692448,PLTD Werinama,0.7000000000000001,PLTD,HSD,True,3.88050008,0.15910099000000003,-3.3023812822725103,130.10183393072236
81.05.07.2010,9.8503360603886,25.937789903022935,177.68869445692678,589.0,3990.193712758697,55.86,1.040971701966301,0.9880291894573319,17952.499042612424,0.0,False,98.65019222359294,81.47379346133886,0.0,False,25.0,60.0,0.1581602657581295,46.54656621261751,moderate,micro_hydro,"~47 kW screening potential (capped catchment 25 km2, head 60 m); 24-h baseload",Sabuai,Siwalalat,Seram Bagian Timur,intermittent,2326.963577203034,0,Mikro Hidro Kelas A (PLTMH),Elnusa,Seram Bagian Timur,249829.79086565974,PLTMH,30.0,Tahalupu,2014,181959.46181204406,GI 150 kV PLTMG Ambon Peaker,0.0,150 kV,Operasi,14486.301723747381,PLTD Werinama,0.7000000000000001,PLTD,HSD,True,4.20550013,0.172426,-3.3340797163393545,129.96115966625226
81.05.07.2011,13.306543336047598,44.77668493037726,380.3771906218312,1089.0,3875.6470412193407,73.5,1.0464161509933458,0.9954749244873287,19083.640759987335,0.0,False,99.32405546509555,77.86064838431636,0.0,False,25.0,60.0,0.1536199518494475,45.2103518292924,moderate,micro_hydro,"~45 kW screening potential (capped catchment 25 km2, head 60 m); 24-h baseload",Abulate,Siwalalat,Seram Bagian Timur,intermittent,5753.239096268896,0,Mikro Hidro Kelas A (PLTMH),Elnusa,Seram Bagian Timur,255123.98556990732,PLTMH,30.0,Tahalupu,2014,187613.34594572106,GI 150 kV PLTMG Ambon Peaker,0.0,150 kV,Operasi,16165.932676406506,PLTD Werinama,0.7000000000000001,PLTD,HSD,True,4.01049995,0.16443001000000002,-3.3134713177584314,130.00972579432886
81.05.07.2012,3.2687472598675447,16.644880587871167,35.15804273212189,109.0,3050.1480050929927,916.65,1.2540096314247011,0.865159754956806,21135.955410005718,0.0,False,83.98757251278285,47.130793270829194,0.0,False,25.0,28.556188844364048,0.12089944845149166,16.934156795091038,marginal,solar_biomass_hybrid,87% cropland/tree cover - sago/coconut residue,Adabai,Siwalalat,Seram Bagian Timur,intermittent,5698.626696502614,0,Mikro Hidro Kelas C (PLTMH),Atiahu,Seram Bagian Timur,255042.0181958014,PLTMH,30.0,Tahalupu,2014,186229.95136009826,GI 150 kV PLTMG Ambon Peaker,0.0,150 kV,Operasi,8540.36034998509,PLTD Werinama,0.7000000000000001,PLTD,HSD,True,4.30950022,0.17669,-3.381924745176427,130.0055269753705
81.05.08.2001,9.046453287930397,39.17549167132215,201.46597738591024,468.0,2821.4559644915116,433.02,1.3090805700688812,0.9920158986306749,30904.675673755257,0.0,False,98.78180458646686,49.72779912332922,0.0,False,25.0,60.0,0.11183472715672214,32.91296020222333,moderate,micro_hydro,"~33 kW screening potential (capped catchment 25 km2, head 60 m); 24-h baseload",Selor,Kilmury,Seram Bagian Timur,intermittent,3612.249165214279,0,Mikro Hidro Kelas A (PLTMH),Selor,Seram Bagian Timur,303109.01485425496,PLTS Terpusat,30.0,Kaimer,2016,241146.5146309242,GI 150 kV PLTMG Ambon Peaker,0.0,150 kV,Operasi,40516.465906077436,PLTD Kiandarat,1.8,PLTD,HSD,True,3.93249989,0.16123299000000002,-3.5475188303800786,130.50893061253888
81.05.08.2002,6.665816014337452,29.72040632078948,145.7360792545329,480.0,2620.1887685105057,253.04999999999998,2.3116877885604077,0.995815524561207,37374.31301375318,0.0,False,99.21833955794898,32.90838068181819,0.0,False,25.0,58.434093634761986,0.10385705100958054,29.767427915504623,marginal,solar_biomass_hybrid,100% cropland/tree cover - sago/coconut residue,Nekan,Kilmury,Seram Bagian Timur,intermittent,5538.759402215819,0,Mikro Hidro Kelas A (PLTMH),Nekan,Seram Bagian Timur,287763.21840949496,PLTS Terpusat,30.0,Kaimer,2016,254497.12559806852,GI 150 kV PLTMG Ambon Peaker,0.0,150 kV,Operasi,26112.472366254562,PLTD Kiandarat,1.8,PLTD,HSD,True,3.88700008,0.159367,-3.6264360447880235,130.62803366296387
81.05.08.2003,7.861998305080568,25.686529695037642,167.57651862475694,450.0,2632.111777124989,33.6,2.8378299782429823,0.9957908608311848,36868.98672156586,0.0,False,99.38108530730419,34.747068676716964,0.0,False,25.0,60.0,0.10432964616331293,30.704214865862998,moderate,micro_hydro,"~31 kW screening potential (capped catchment 25 km2, head 60 m); 24-h baseload",Afang Kota,Kilmury,Seram Bagian Timur,intermittent,6198.051779121498,0,Mikro Hidro Kelas A (PLTMH),Kilbon Kway,Seram Bagian Timur,285837.5423422596,PLTS Terpusat,30.0,Kaimer,2016,251011.98678078246,GI 150 kV PLTMG Ambon Peaker,0.0,150 kV,Operasi,30250.44789901471,PLTD Kiandarat,1.8,PLTD,HSD,True,4.20550013,0.172426,-3.680135946838665,130.5942045511179
81.05.08.2004,7.847274185739103,27.011706392153446,169.8658548809027,443.0,2606.2785295208705,242.54999999999998,2.69308378897176,0.995350385599035,33665.50741323566,0.0,False,99.36961815127886,40.21661732189034,0.0,False,25.0,60.0,0.10330568752857333,30.402863839659133,moderate,micro_hydro,"~30 kW screening potential (capped catchment 25 km2, head 60 m); 24-h baseload",Afang Defol,Kilmury,Seram Bagian Timur,intermittent,5235.837391407208,0,Mikro Hidro Kelas A (PLTMH),Nekan,Seram Bagian Timur,282719.89577927487,PLTS Terpusat,30.0,Kaimer,2016,257204.36397905753,GI 150 kV PLTMG Ambon Peaker,0.0,150 kV,Operasi,23818.88108908132,PLTD Kiandarat,1.8,PLTD,HSD,True,4.03649998,0.16549601000000003,-3.666885641885373,130.65079146766837
81.05.08.2005,8.33010603704088,30.710483662099733,224.02688918099602,457.0,2670.8571316126167,127.89,2.9458760669457567,0.9982659562145256,31662.245985706304,0.0,False,99.7699493100796,30.429025423728817,0.0,False,25.0,60.0,0.1058654050772378,31.15618871423109,moderate,micro_hydro,"~31 kW screening potential (capped catchment 25 km2, head 60 m); 24-h baseload",Kumelang,Kilmury,Seram Bagian Timur,intermittent,2607.600461984232,0,Mikro Hidro Kelas A (PLTMH),Undur,Seram Bagian Timur,280119.489285662,PLTS Terpusat,30.0,Kaimer,2016,258572.4286918124,GI 150 kV PLTMG Ambon Peaker,0.0,150 kV,Operasi,23074.225769166093,PLTD Kiandarat,1.8,PLTD,HSD,True,4.114500049999999,0.168694,-3.6882439861443537,130.66198318217266
81.05.08.2006,6.815243698993636,21.688485654119475,131.3666866693295,359.0,2295.507190584548,108.78,3.0284610735916497,0.9324562295286939,29577.343889580417,0.0,False,99.10722110884542,17.196169679613394,0.0,False,25.0,59.75631247341037,0.09098756938833984,26.66888538320997,marginal,solar_biomass_hybrid,93% cropland/tree cover - sago/coconut residue,Undur,Kilmury,Seram Bagian Timur,dark_settled,559.7506562546143,0,Mikro Hidro Kelas A (PLTMH),Undur,Seram Bagian Timur,276625.13227324584,PLTS Terpusat,30.0,Kaimer,2016,258965.68549439887,GI 150 kV PLTMG Ambon Peaker,0.0,150 kV,Operasi,24579.406759850084,PLTD Kiandarat,1.8,PLTD,HSD,True,4.329,0.177489,-3.7298549478073997,130.66272597855914
81.05.08.2007,5.862535426936385,17.146500699109748,110.2122009395722,284.0,2208.5626471396295,93.03,3.040144215163425,0.9781175908281922,27779.378438645817,0.0,False,99.2231584011622,13.229282794500197,0.0,False,25.0,51.33956445633421,0.08754132765488766,22.044706473451427,marginal,solar_biomass_hybrid,98% cropland/tree cover - sago/coconut residue,Kamar,Kilmury,Seram Bagian Timur,intermittent,1962.190396605147,0,Mikro Hidro Kelas A (PLTMH),Kamar,Seram Bagian Timur,274650.3930402452,PLTS Terpusat,30.0,Kaimer,2016,259492.6362317559,GI 150 kV PLTMG Ambon Peaker,0.0,150 kV,Operasi,25384.95253076027,PLTD Kiandarat,1.8,PLTD,HSD,True,4.38100004,0.179621,-3.751145668692889,130.66576567445878
81.05.08.2008,6.085643818335766,17.95194004546542,107.31557850072768,249.0,2225.8556704231446,61.11,3.042185302834117,0.9877872831129823,25348.194737249043,0.0,False,98.9956145290848,43.772032902467714,0.0,False,25.0,53.3078765060165,0.08822677536875098,23.069107935048443,marginal,solar_biomass_hybrid,99% cropland/tree cover - sago/coconut residue,Gunak,Kilmury,Seram Bagian Timur,intermittent,2948.6966298819184,0,Mikro Hidro Kelas A (PLTMH),Kamar,Seram Bagian Timur,272664.8965088021,PLTS Terpusat,30.0,Kaimer,2016,260900.12555347747,GI 150 kV PLTMG Ambon Peaker,0.0,150 kV,Operasi,25126.656967531526,PLTD Kiandarat,1.8,PLTD,HSD,True,4.41349983,0.180953,-3.7648266444839766,130.67729230580593
81.05.08.2009,5.172475961522279,18.86435511279771,79.41335602633583,265.0,2591.0461679360706,22.47,3.042185302834117,0.9917576609191479,22510.706164650855,0.0,False,98.80267763046619,54.585994937929385,0.0,False,22.47,45.26139330760594,0.09230848457877268,20.493142121260394,marginal,solar_biomass_hybrid,99% cropland/tree cover - sago/coconut residue,Sumbawa,Kilmury,Seram Bagian Timur,intermittent,5702.530902018677,0,Mikro Hidro Kelas A (PLTMH),Kamar,Seram Bagian Timur,269239.26670279476,PLTS Terpusat,30.0,Kaimer,2016,263939.3402725268,GI 150 kV PLTMG Ambon Peaker,0.0,150 kV,Operasi,24158.5792410604,PLTD Kiandarat,1.8,PLTD,HSD,True,4.41349983,0.180953,-3.783021964187848,130.70308859380802
81.05.08.2010,8.432332197863264,42.10860820361236,164.21614433439134,448.0,2627.5639428174145,47.04,1.687833866583095,0.9955030994270402,38884.40183736918,0.0,False,99.33553642034185,31.835106382978733,0.0,False,25.0,60.0,0.10414938256347567,30.65116328843089,moderate,micro_hydro,"~31 kW screening potential (capped catchment 25 km2, head 60 m); 24-h baseload",Kilmury,Kilmury,Seram Bagian Timur,intermittent,2746.6287993075466,0,Mikro Hidro Kelas A (PLTMH),Kilmury,Seram Bagian Timur,296110.37622281513,PLTS Terpusat,30.0,Kaimer,2016,243012.3544592291,GI 150 kV PLTMG Ambon Peaker,0.0,150 kV,Operasi,37603.897213836404,PLTD Kiandarat,1.8,PLTD,HSD,True,4.21199989,0.172692,-3.6184092459020993,130.52474304406314
81.05.08.2012,10.969415266389978,54.414176234452825,217.50711389451948,638.0,3009.075827318535,363.71999999999997,1.302077667430405,0.9924089208352757,29379.34212961124,0.0,False,98.78345073928222,33.4224284791165,0.0,False,25.0,60.0,0.11927146068455637,35.10159087946494,moderate,micro_hydro,"~35 kW screening potential (capped catchment 25 km2, head 60 m); 24-h baseload",Mising,Kilmury,Seram Bagian Timur,intermittent,3336.9480238931574,0,Mikro Hidro Kelas A (PLTMH),Mising,Seram Bagian Timur,306060.77684672526,PLTMH,30.0,Tahalupu,2014,234683.2177141295,GI 150 kV PLTMG Ambon Peaker,0.0,150 kV,Operasi,46575.029065384944,PLTD Kiandarat,1.8,PLTD,HSD,True,4.114500049999999,0.168694,-3.5583991587487103,130.4506882288187
81.05.08.2013,5.2726409250167805,15.79117357098173,94.3020808844362,262.0,2295.185756321668,21.84,3.042185302834117,0.9631462614144632,24243.873528945413,0.0,False,98.66412639820197,28.820116054158607,0.0,False,21.84,46.14280063222697,0.07947561028358896,17.987749614359245,marginal,solar_biomass_hybrid,96% cropland/tree cover - sago/coconut residue,Bitorik,Kilmury,Seram Bagian Timur,intermittent,4654.999633233097,0,Mikro Hidro Kelas A (PLTMH),Kamar,Seram Bagian Timur,270639.3792386283,PLTS Terpusat,30.0,Kaimer,2016,262360.8067697329,GI 150 kV PLTMG Ambon Peaker,0.0,150 kV,Operasi,24998.04376495021,PLTD Kiandarat,1.8,PLTD,HSD,True,4.42000008,0.18122,-3.778627737166027,130.6892214042677
81.05.08.2014,7.611771165421687,22.185777086897186,185.0328174254137,420.0,2477.2330109010263,127.25999999999999,2.994282645686651,0.9875424077483931,30627.17187961941,0.0,False,99.72386869801461,28.233954745979812,0.0,False,25.0,60.0,0.09819067933873299,28.89751692938912,marginal,solar_biomass_hybrid,99% cropland/tree cover - sago/coconut residue,Taa,Kilmury,Seram Bagian Timur,intermittent,1631.5441376077335,0,Mikro Hidro Kelas A (PLTMH),Undur,Seram Bagian Timur,278462.65540523204,PLTS Terpusat,30.0,Kaimer,2016,258526.77479294533,GI 150 kV PLTMG Ambon Peaker,0.0,150 kV,Operasi,23980.205505161925,PLTD Kiandarat,1.8,PLTD,HSD,True,4.23799992,0.17375800000000002,-3.709837652392238,130.66020546133026
81.05.09.2001,3.438162826463591,19.303633877061912,28.50437898089171,69.0,2037.232788480694,2.31,,0.5922590214846919,15461.746892027595,0.0,False,91.28241974736353,41.303729006547115,0.0,False,2.31,30.039695790178882,0.007461326327673774,1.0993869479307792,none,solar_battery,uniform equatorial irradiance; no discriminating alternative,Pulau Panjang,Pulau Panjang,Seram Bagian Timur,intermittent,59481.7501153387,0,Mikro Hidro Kelas A (PLTMH),Keta Rumadan,Seram Bagian Timur,212093.4493359549,PLTS Terpusat,30.0,Kaimer,2016,325418.120986302,GI 150 kV PLTMG Ambon Peaker,0.0,150 kV,Operasi,1043.752084219131,PLTS Panjang,0.075,PLTS,Surya,True,4.673500059999999,0.19161300000000003,-4.016311400878455,131.23150372912792
81.05.09.2002,3.1631214484041332,17.830665014495654,14.045565663447277,54.0,2060.4294536108105,1.47,,0.6797007119228518,16952.115299425026,0.0,False,96.70604345745821,38.39369487708766,0.0,False,1.47,27.63151944496601,0.004802180518784709,0.6508520251987948,none,solar_battery,uniform equatorial irradiance; no discriminating alternative,Argam,Pulau Panjang,Seram Bagian Timur,intermittent,57329.93835664049,0,Mikro Hidro Kelas A (PLTMH),Keta Rumadan,Seram Bagian Timur,214267.95562284207,PLTS Terpusat,30.0,Kaimer,2016,323582.64217931376,GI 150 kV PLTMG Ambon Peaker,0.0,150 kV,Operasi,2710.527873880844,PLTS Panjang,0.075,PLTS,Surya,True,4.66699982,0.191347,-4.002682086032528,131.21690804437333
81.05.09.2003,4.202535408641837,20.06325075747687,25.081674962020433,77.0,2031.1797553762794,0.63,,0.7606785351598934,16544.90862253778,0.0,False,87.92435233160623,21.752912601375005,0.0,False,0.63,36.73994980107012,0.002028861057025394,0.36561994287039157,none,solar_biomass_hybrid,76% cropland/tree cover - sago/coconut residue,Lalasa,Pulau Panjang,Seram Bagian Timur,intermittent,61055.627891525866,0,Mikro Hidro Kelas A (PLTMH),Keta Rumadan,Seram Bagian Timur,209691.26472747087,PLTS Terpusat,30.0,Kaimer,2016,326022.6772652063,GI 150 kV PLTMG Ambon Peaker,0.0,150 kV,Operasi,3462.832099137474,PLTS Panjang,0.075,PLTS,Surya,True,4.67999983,0.19188,-4.041991800589449,131.2328001151033
81.05.09.2004,2.024180067555871,6.427114956244788,2.5437089997788758,11.0,2113.4306232638655,0.21,,0.8987307219871709,18443.137354701208,0.0,False,94.3537012602939,50.0,0.0,False,0.21,17.671656087470694,0.0007036726770760588,0.06099397689018307,none,solar_biomass_hybrid,90% cropland/tree cover - sago/coconut residue,Magat,Pulau Panjang,Seram Bagian Timur,intermittent,55724.46856644358,0,Mikro Hidro Kelas A (PLTMH),Keta Rumadan,Seram Bagian Timur,216360.2056790807,PLTS Terpusat,30.0,Kaimer,2016,322558.1124350301,GI 150 kV PLTMG Ambon Peaker,0.0,150 kV,Operasi,4451.639910601431,PLTS Panjang,0.075,PLTS,Surya,True,4.66050005,0.19108,-3.9841972912168697,131.21039673722316
81.05.09.2006,2.205008377442109,11.324089089215526,2.8805082454717503,11.0,2113.4306232638655,1.26,,0.9101481272302518,17420.686360796753,0.0,False,95.45057766367137,66.66666666666666,0.0,False,1.26,19.251833478532177,0.004222036062456353,0.39868789222843404,none,solar_biomass_hybrid,91% cropland/tree cover - sago/coconut residue,Perik Basaranggi,Pulau Panjang,Seram Bagian Timur,intermittent,56986.36395110882,0,Mikro Hidro Kelas A (PLTMH),Keta Rumadan,Seram Bagian Timur,215207.0886295757,PLTS Terpusat,30.0,Kaimer,2016,323730.69212665583,GI 150 kV PLTMG Ambon Peaker,0.0,150 kV,Operasi,3231.2168053637965,PLTS Panjang,0.075,PLTS,Surya,True,4.66699982,0.191347,-3.989957170971051,131.22021747264594
81.05.10.2001,9.893087592021788,29.906742362780047,79.28738602181781,236.0,4048.388601106219,0.63,,0.9799872011169933,87443.6149898,0.0,False,95.52709149439553,18.65338371693576,0.0,False,0.63,60.0,0.00404376715293144,1.190080673107723,none,solar_biomass_hybrid,98% cropland/tree cover - sago/coconut residue,Teor,Teor,Seram Bagian Timur,intermittent,152271.35312744213,0,Mikro Hidro Kelas A (PLTMH),Keta Rumadan,Seram Bagian Timur,115929.91711865248,PLTS Terpusat,30.0,Kaimer,2016,399322.2983254057,GI 150 kV PLTMG Ambon Peaker,0.0,150 kV,Operasi,1327.5903653102398,PLTS Tior,0.1,PLTS,Surya,True,4.66699982,0.191347,-4.715870058976042,131.74154135338893
81.05.10.2002,17.71176071815854,36.34562659837173,181.6190212964041,336.0,4048.388601106219,0.63,,0.9265086206896551,90134.74428295187,0.0,False,92.49335536240211,5.293631100082714,0.0,False,0.63,60.0,0.00404376715293144,1.190080673107723,none,solar_biomass_hybrid,93% cropland/tree cover - sago/coconut residue,Kartutin Kartenga,Teor,Seram Bagian Timur,intermittent,153197.41741770293,0,Mikro Hidro Kelas A (PLTMH),Keta Rumadan,Seram Bagian Timur,114703.8378256551,PLTS Terpusat,30.0,Kaimer,2016,399322.4081605752,GI 150 kV PLTMG Ambon Peaker,0.0,150 kV,Operasi,3252.2181009365363,PLTS Tior,0.1,PLTS,Surya,True,4.66699982,0.191347,-4.733848729762802,131.7353399218801
81.05.10.2004,17.215085362412584,38.699556642984405,108.31151500034017,309.0,4048.388601106219,1.05,,0.9405375139977603,87226.8105483486,0.0,False,96.8774493337812,6.885422270037654,0.0,False,1.05,60.0,0.006739611921552401,1.9834677885128718,none,solar_biomass_hybrid,94% cropland/tree cover - sago/coconut residue,Duryar Rumoy,Teor,Seram Bagian Timur,intermittent,151714.25317847313,0,Mikro Hidro Kelas A (PLTMH),Keta Rumadan,Seram Bagian Timur,116318.32744070026,PLTS Terpusat,30.0,Kaimer,2016,398410.1086851153,GI 150 kV PLTMG Ambon Peaker,0.0,150 kV,Operasi,1633.9789409647087,PLTS Tior,0.1,PLTS,Surya,True,4.66699982,0.191347,-4.718348453908232,131.73199287420263
81.05.10.2005,9.048172999533508,17.732949104124945,94.9898864733859,254.0,4048.388601106219,0.84,,0.9638003959683227,90552.81430693499,0.0,False,95.09572338080137,16.39405204460967,0.0,False,0.84,60.0,0.005391689537241921,1.5867742308102974,none,solar_biomass_hybrid,96% cropland/tree cover - sago/coconut residue,Lapang Kampung Jawa,Teor,Seram Bagian Timur,intermittent,154262.91101095962,0,Mikro Hidro Kelas A (PLTMH),Keta Rumadan,Seram Bagian Timur,113892.51585312231,PLTS Terpusat,30.0,Kaimer,2016,400925.9267088881,GI 150 kV PLTMG Ambon Peaker,0.0,150 kV,Operasi,3346.949174886863,PLTS Tior,0.1,PLTS,Surya,True,4.66699982,0.191347,-4.731257520376465,131.75154817440523
81.05.10.2007,10.137663456086434,21.704944268057336,140.2315218907555,330.0,4020.5777408759195,0.42,,0.9957940821998673,91908.11973786647,0.0,False,97.5236923076923,24.12493268712978,0.0,False,0.42,60.0,0.0026773253601723207,0.787936853498714,none,solar_biomass_hybrid,100% cropland/tree cover - sago/coconut residue,Kampung Baru,Teor,Seram Bagian Timur,intermittent,155343.828757194,0,Mikro Hidro Kelas A (PLTMH),Keta Rumadan,Seram Bagian Timur,112581.95227084856,PLTS Terpusat,30.0,Kaimer,2016,401248.13607338787,GI 150 kV PLTMG Ambon Peaker,0.0,150 kV,Operasi,4941.425640977901,PLTS Tior,0.1,PLTS,Surya,True,4.66699982,0.191347,-4.747593703432624,131.74893960107957
81.05.10.2009,15.476881193927275,42.175756716298494,118.85796250710094,278.0,3328.5519743345676,0.63,,0.9578040988077611,92390.98109985492,0.0,False,95.34541203974284,38.53580901856765,0.0,False,0.63,60.0,0.003324752257468889,0.9784745893730941,none,solar_biomass_hybrid,96% cropland/tree cover - sago/coconut residue,Kiliwouw,Teor,Seram Bagian Timur,intermittent,156452.68817446977,0,Mikro Hidro Kelas A (PLTMH),Keta Rumadan,Seram Bagian Timur,111195.42881811055,PLTS Terpusat,30.0,Kaimer,2016,401323.07079816505,GI 150 kV PLTMG Ambon Peaker,0.0,150 kV,Operasi,7040.602980841325,PLTS Tior,0.1,PLTS,Surya,True,4.66699982,0.191347,-4.76778332963249,131.74251100649107
81.05.10.2010,16.80227604139251,31.070758505510536,171.50313726470517,330.0,4048.388601106219,0.63,,0.9346933736613067,91035.80979311108,0.0,False,95.54348497006357,0.0,0.0,True,0.63,60.0,0.00404376715293144,1.190080673107723,none,resource_present_but_screened,"96% intact canopy, 0.0% loss since 2015 - non-viable without deep community and regulator engagement; flagged for policy pathway, not commercial deployment",Karlokin,Teor,Seram Bagian Timur,intermittent,153761.79882372523,0,Mikro Hidro Kelas A (PLTMH),Keta Rumadan,Seram Bagian Timur,114039.96660095053,PLTS Terpusat,30.0,Kaimer,2016,399508.68506215967,GI 150 kV PLTMG Ambon Peaker,0.0,150 kV,Operasi,4168.243395790043,PLTS Tior,0.1,PLTS,Surya,True,4.66050005,0.19108,-4.742028492699328,131.7342631347773
81.05.11.2001,6.630064110536016,15.091949399018016,65.72673720424525,140.0,3482.5306112061717,4.83,,0.9936359751048428,4977.232382308465,0.0,False,98.20103065256863,66.21297037630104,0.0,False,4.83,58.11786116612561,0.026668922583913318,7.602459330592838,none,grid_extension,5.0 km from a reliably-lit settlement,Kilkoda,Gorom Timur,Seram Bagian Timur,intermittent,79737.93598752393,0,Mikro Hidro Kelas A (PLTMH),Keta Rumadan,Seram Bagian Timur,198505.3596375407,PLTS Terpusat,30.0,Kaimer,2016,335868.4653494591,GI 150 kV PLTMG Sorong,0.0,150 kV,Operasi,6072.829335188906,PLTD Ondor,1.8,PLTD,HSD,True,4.64750004,0.190547,-4.035886467148313,131.4251554968956
81.05.11.2002,6.732886863186046,16.8015771904257,128.62208094355339,231.0,3483.544016882777,1.05,,0.9784665478896601,3338.8737341355095,0.0,False,96.22450233472598,27.02040816326531,0.0,False,1.05,59.0274728338925,0.005799278947436131,1.6790638084797895,none,grid_extension,3.3 km from a reliably-lit settlement,Miran,Gorom Timur,Seram Bagian Timur,intermittent,78250.67208668776,0,Mikro Hidro Kelas A (PLTMH),Keta Rumadan,Seram Bagian Timur,200892.88244063436,PLTS Terpusat,30.0,Kaimer,2016,333423.7096598289,GI 150 kV PLTMG Sorong,0.0,150 kV,Operasi,4286.450534014986,PLTD Ondor,1.8,PLTD,HSD,True,4.63450003,0.190014,-4.014184161224407,131.4196275143726
81.05.11.2003,6.908171146186998,18.313033453113142,52.69029011007,118.0,3323.4802463358556,1.47,,0.9806811291517887,7399.128140151041,0.0,False,96.59301424770118,0.0,0.0,True,1.47,60.0,0.007745934744599361,2.279628595335592,none,resource_present_but_screened,"97% intact canopy, 0.0% loss since 2015 - non-viable without deep community and regulator engagement; flagged for policy pathway, not commercial deployment",Kota Sirih,Gorom Timur,Seram Bagian Timur,intermittent,81350.65042560484,0,Mikro Hidro Kelas A (PLTMH),Keta Rumadan,Seram Bagian Timur,196986.7000465066,PLTS Terpusat,30.0,Kaimer,2016,336919.1207768535,GI 150 kV PLTMG Sorong,0.0,150 kV,Operasi,7721.930047369604,PLTD Ondor,1.8,PLTD,HSD,True,4.64750004,0.190547,-4.0446204492805755,131.43721708180126
81.05.11.2004,5.848019586983057,16.251025113486048,44.47367777587595,87.0,2701.3672179833056,0.42,,0.9480707686733895,8861.5669484155,0.0,False,96.75705054653059,42.21218961625283,0.0,False,0.42,51.21155765232624,0.0017988556436342408,0.451859388558229,none,solar_biomass_hybrid,95% cropland/tree cover - sago/coconut residue,Amarwatu,Gorom Timur,Seram Bagian Timur,intermittent,82464.15552563999,0,Mikro Hidro Kelas A (PLTMH),Keta Rumadan,Seram Bagian Timur,195151.13364117657,PLTS Terpusat,30.0,Kaimer,2016,338856.5047503107,GI 150 kV PLTMG Sorong,0.0,150 kV,Operasi,9309.261300428045,PLTD Ondor,1.8,PLTD,HSD,True,4.65399981,0.19081399999999998,-4.061870639083092,131.4405168567045
81.05.11.2005,8.134151237982516,18.16032091380612,34.24463034139725,75.0,3483.544016882777,1.89,,0.9089766857461958,5564.759723586456,0.0,False,87.9185267857143,100.0,0.0,False,1.89,60.0,0.010438702105385035,3.0721100296148163,none,solar_biomass_hybrid,91% cropland/tree cover - sago/coconut residue,Aran,Gorom Timur,Seram Bagian Timur,intermittent,79685.94722378242,0,Mikro Hidro Kelas A (PLTMH),Keta Rumadan,Seram Bagian Timur,199794.26361111077,PLTS Terpusat,30.0,Kaimer,2016,333980.1176230449,GI 150 kV PLTMG Sorong,0.0,150 kV,Operasi,5722.4707214987775,PLTD Ondor,1.8,PLTD,HSD,True,4.64099979,0.190281,-4.018471509526995,131.43184335861102
81.05.11.2007,6.272555441902673,18.40073021255142,76.71240840145222,138.0,3483.544016882777,0.42,,0.9980859674067593,4927.221884591762,0.0,False,97.82304718558933,0.0,0.0,True,0.42,54.95810865205636,0.002319711578974452,0.6253235436986783,none,resource_present_but_screened,"98% intact canopy, 0.0% loss since 2015 - non-viable without deep community and regulator engagement; flagged for policy pathway, not commercial deployment",Bas,Gorom Timur,Seram Bagian Timur,intermittent,79502.49164288757,0,Mikro Hidro Kelas A (PLTMH),Keta Rumadan,Seram Bagian Timur,199392.52147563637,PLTS Terpusat,30.0,Kaimer,2016,334712.42981955747,GI 150 kV PLTMG Sorong,0.0,150 kV,Operasi,5588.708819872025,PLTD Ondor,1.8,PLTD,HSD,True,4.64099979,0.190281,-4.025345817941351,131.42727902820351
81.05.11.2008,4.878029021486034,8.750306050699741,30.62432310469313,48.0,2701.3672179833056,0.21,,0.9410699359152969,10651.48345302193,0.0,False,71.39074693422519,20.0,0.0,False,0.21,42.671985096797805,0.0008994278218171204,0.18825571783334596,none,solar_biomass_hybrid,94% cropland/tree cover - sago/coconut residue,Tunas Ilur,Gorom Timur,Seram Bagian Timur,intermittent,83081.87583493619,0,Mikro Hidro Kelas A (PLTMH),Keta Rumadan,Seram Bagian Timur,194243.00432006276,PLTS Terpusat,30.0,Kaimer,2016,339771.06375964,GI 150 kV PLTMG Sorong,0.0,150 kV,Operasi,10158.315157291705,PLTD Ondor,1.8,PLTD,HSD,True,4.66050005,0.19108,-4.069959949786436,131.4429087939466
81.05.11.2009,6.06955277644321,12.64787170390838,21.498007968127496,40.0,2701.3672179833056,0.21,,0.9370034052213396,10581.512598631634,0.0,False,57.883778156350566,0.0,0.0,False,0.21,53.16586377172074,0.0008994278218171204,0.23455149381663637,none,solar_biomass_hybrid,94% cropland/tree cover - sago/coconut residue,Sagey,Gorom Timur,Seram Bagian Timur,intermittent,83460.44219807557,0,Mikro Hidro Kelas A (PLTMH),Keta Rumadan,Seram Bagian Timur,194151.21278274522,PLTS Terpusat,30.0,Kaimer,2016,339607.7222819962,GI 150 kV PLTMG Sorong,0.0,150 kV,Operasi,10351.005819073884,PLTD Ondor,1.8,PLTD,HSD,True,4.66050005,0.19108,-4.068191176688884,131.44749314034448
81.05.11.2012,3.622445854723834,15.39285351696507,11.586757153338224,45.0,2701.3672179833056,,,0.7346615349784923,9177.414566477859,0.0,False,76.07514712539613,59.74842767295597,0.0,False,,31.65399084940816,,,none,solar_biomass_hybrid,73% cropland/tree cover - sago/coconut residue,Basarin,Gorom Timur,Seram Bagian Timur,intermittent,82194.21397594546,0,Mikro Hidro Kelas A (PLTMH),Keta Rumadan,Seram Bagian Timur,195651.58451318604,PLTS Terpusat,30.0,Kaimer,2016,338298.6910631508,GI 150 kV PLTMG Sorong,0.0,150 kV,Operasi,8877.379625547597,PLTD Ondor,1.8,PLTD,HSD,True,4.65399981,0.19081399999999998,-4.056869464586126,131.44011475479678
81.05.11.2013,2.005917595230252,4.922896368087733,8.201365187713309,18.0,2701.3672179833056,0.21,,0.66921454928835,8805.504122954857,0.0,False,65.36739531208849,17.92717086834734,0.0,False,0.21,17.512088666669666,0.0008994278218171204,0.07725796714698645,none,solar_battery,uniform equatorial irradiance; no discriminating alternative,Goha,Gorom Timur,Seram Bagian Timur,intermittent,81968.34663695813,0,Mikro Hidro Kelas A (PLTMH),Keta Rumadan,Seram Bagian Timur,195925.96543954,PLTS Terpusat,30.0,Kaimer,2016,338055.64203021186,GI 150 kV PLTMG Sorong,0.0,150 kV,Operasi,8611.053207675444,PLTD Ondor,1.8,PLTD,HSD,True,4.65399981,0.19081399999999998,-4.054760367629177,131.43883050245762
81.05.11.2014,7.584491182816708,19.086371115103383,187.1353642315015,289.0,3509.726061537095,1.05,,0.9367266931244618,2052.2148629590424,0.0,False,93.77369577641653,59.78487161693269,0.0,False,1.05,60.0,0.005842865874895279,1.7195554269816806,none,grid_extension,2.1 km from a reliably-lit settlement,Rarat,Gorom Timur,Seram Bagian Timur,intermittent,76332.73615470127,0,Mikro Hidro Kelas A (PLTMH),Keta Rumadan,Seram Bagian Timur,203912.15848876865,PLTS Terpusat,30.0,Kaimer,2016,330418.1388940475,GI 150 kV PLTMG Sorong,0.0,150 kV,Operasi,3389.252950017838,PLTD Ondor,1.8,PLTD,HSD,True,4.627999780000001,0.189748,-3.987582081692245,131.4112604152526
81.05.11.2015,8.555518036100182,21.32495558949727,130.97604821987136,272.0,3494.254914144274,1.26,,0.9808843950703003,3147.928783343105,0.0,False,95.20142308610106,9.116809116809117,0.0,False,1.26,60.0,0.006980532077343015,2.0543705903620495,none,grid_extension,3.1 km from a reliably-lit settlement,Miran Gota,Gorom Timur,Seram Bagian Timur,intermittent,77807.84456287227,0,Mikro Hidro Kelas A (PLTMH),Keta Rumadan,Seram Bagian Timur,202101.65777672484,PLTS Terpusat,30.0,Kaimer,2016,331975.364269525,GI 150 kV PLTMG Sorong,0.0,150 kV,Operasi,4093.1590696881176,PLTD Ondor,1.8,PLTD,HSD,True,4.627999780000001,0.189748,-4.001090702305802,131.420433088893
81.05.11.2016,7.732284344710247,16.335360392097076,137.57309907916851,263.0,3503.3426966332845,1.05,,0.9789468083219522,2111.7229266051927,0.0,False,96.18822945120438,0.0,0.0,True,1.05,60.0,0.005832239078299322,1.7164279607434907,none,resource_present_but_screened,"96% intact canopy, 0.0% loss since 2015 - non-viable without deep community and regulator engagement; flagged for policy pathway, not commercial deployment",Adar,Gorom Timur,Seram Bagian Timur,intermittent,75744.84719639586,0,Mikro Hidro Kelas A (PLTMH),Keta Rumadan,Seram Bagian Timur,205235.80166993363,PLTS Terpusat,30.0,Kaimer,2016,328942.414515209,GI 150 kV PLTMG Sorong,0.0,150 kV,Operasi,4148.999700727124,PLTD Ondor,1.8,PLTD,HSD,True,4.627999780000001,0.189748,-3.9743426590945594,131.41031080339656
81.05.11.2017,8.484341757995631,19.086371115103383,61.03243645645003,170.0,3511.6202982217073,1.68,,0.9424288840262582,3519.519454059034,0.0,False,92.4718240507714,4.555160142348754,0.0,False,1.68,60.0,0.009353630931336359,2.7527735830922904,none,grid_extension,3.5 km from a reliably-lit settlement,Tinarin,Gorom Timur,Seram Bagian Timur,intermittent,77428.61302773979,0,Mikro Hidro Kelas A (PLTMH),Keta Rumadan,Seram Bagian Timur,203228.3590770367,PLTS Terpusat,30.0,Kaimer,2016,330621.9057074747,GI 150 kV PLTMG Sorong,0.0,150 kV,Operasi,4381.589917079298,PLTD Ondor,1.8,PLTD,HSD,True,4.627999780000001,0.189748,-3.988847418140135,131.42130380230742
81.05.11.2019,2.8008963868158303,10.891739591240718,11.011971510834973,50.0,3184.0180778036975,2.52,,0.850476902936226,8446.55234400403,0.0,False,71.79199401421621,0.0,0.0,True,2.52,24.461920878441767,0.012721533415882353,1.526402370691018,none,resource_present_but_screened,"72% intact canopy, 0.0% loss since 2015 - non-viable without deep community and regulator engagement; flagged for policy pathway, not commercial deployment",Kiltufa,Gorom Timur,Seram Bagian Timur,intermittent,81582.1368072723,0,Mikro Hidro Kelas A (PLTMH),Keta Rumadan,Seram Bagian Timur,196544.00877676072,PLTS Terpusat,30.0,Kaimer,2016,337412.79374776833,GI 150 kV PLTMG Sorong,0.0,150 kV,Operasi,8072.453020033166,PLTD Ondor,1.8,PLTD,HSD,True,4.64750004,0.190547,-4.049047480743961,131.43755907321034
81.05.11.2022,6.61564713135513,14.615776034795516,46.83517647058824,101.0,3483.544016882777,1.05,,0.7745311818578283,4902.057959099932,0.0,False,74.01861006106427,0.0,0.0,True,1.05,57.990353203335346,0.005799278947436131,1.6495624601562242,none,resource_present_but_screened,"74% intact canopy, 0.0% loss since 2015 - non-viable without deep community and regulator engagement; flagged for policy pathway, not commercial deployment",Miran Manaban,Gorom Timur,Seram Bagian Timur,intermittent,79110.55662580743,0,Mikro Hidro Kelas A (PLTMH),Keta Rumadan,Seram Bagian Timur,200448.3915188224,PLTS Terpusat,30.0,Kaimer,2016,333441.1403227763,GI 150 kV PLTMG Sorong,0.0,150 kV,Operasi,5163.67837788367,PLTD Ondor,1.8,PLTD,HSD,True,4.64099979,0.190281,-4.013843104643393,131.4280976513184
81.05.11.2023,7.965819952695914,16.56983204784795,64.83513302034427,121.0,3483.544016882777,0.63,,0.9608771251931995,4721.880517865737,0.0,False,94.9265558562041,100.0,0.0,False,0.63,60.0,0.003479567368461678,1.0240366765382718,none,grid_extension,4.7 km from a reliably-lit settlement,Miran Rumuar,Gorom Timur,Seram Bagian Timur,intermittent,78832.35075187817,0,Mikro Hidro Kelas A (PLTMH),Keta Rumadan,Seram Bagian Timur,200869.72077130692,PLTS Terpusat,30.0,Kaimer,2016,333027.25195082463,GI 150 kV PLTMG Sorong,0.0,150 kV,Operasi,4924.188200125994,PLTD Ondor,1.8,PLTD,HSD,True,4.63450003,0.190014,-4.0101900989247365,131.42683330727908
81.05.12.2001,7.901059239715926,38.73752666374626,232.72874636292124,848.0,3454.280238209135,290.21999999999997,2.1342804740956143,0.9452728212327896,5828.72443029991,0.0,False,97.2216678960283,83.88446942436575,0.0,False,25.0,60.0,0.13691813475905057,40.295007059588585,moderate,micro_hydro,"~40 kW screening potential (capped catchment 25 km2, head 60 m); 24-h baseload",Hote,Bula Barat,Seram Bagian Timur,intermittent,2340.0730438858595,0,Mikro Hidro Kelas A (PLTMH),Hote,Seram Bagian Timur,289486.46110243356,PLTMH,30.0,Tahalupu,2014,224952.5169320448,GI 150 kV PLTMG Ambon Peaker,0.0,150 kV,Operasi,19375.919169203527,PLTD Wesa Bula,3.2,PLTD,HSD,True,3.78299999,0.15510300000000002,-3.13089273415872,130.31869590962555
81.05.12.2002,8.020840918331581,44.69949602904735,198.04765699970292,839.0,3339.1005380323836,297.57,2.032262044484164,0.9320068126156278,12449.41169543766,0.0,False,97.88841358296196,88.69242049308038,0.0,False,25.0,60.0,0.13235272934235415,38.95140824545483,moderate,micro_hydro,"~39 kW screening potential (capped catchment 25 km2, head 60 m); 24-h baseload",Banggoi,Bula Barat,Seram Bagian Timur,intermittent,2910.38062942119,0,Mikro Hidro Kelas A (PLTMH),Banggoi,Seram Bagian Timur,277599.90882919997,PLTMH,30.0,Tahalupu,2014,213635.67178374997,GI 150 kV PLTMG Ambon Peaker,0.0,150 kV,Operasi,31181.660677284643,PLTD Wesa Bula,3.2,PLTD,HSD,True,3.74399996,0.153504,-3.115681115019124,130.2108855476672
81.05.12.2003,2.358114671392911,12.530926891571868,22.57177172172425,58.0,2807.822176750484,168.42,2.064444934047516,0.6880007157075443,11836.789379409434,0.0,False,62.075659042320034,54.44331335067678,0.0,False,25.0,20.59005963930937,0.11129432144019867,11.240085691833627,marginal,solar_battery,uniform equatorial irradiance; no discriminating alternative,Waematakabo,Bula Barat,Seram Bagian Timur,intermittent,6594.272094311484,0,Mikro Hidro Kelas A (PLTMH),Aketernate,Maluku Tengah,271323.12384303875,PLTMH,30.0,Tahalupu,2014,208898.1152616853,GI 150 kV PLTMG Ambon Peaker,0.0,150 kV,Operasi,26029.320152254208,PLTD Kobisonta,4.0,PLTD,HSD,True,3.73749995,0.153237,-3.0507027172988033,130.15030565178745
81.05.12.2004,3.4256698402116403,14.85458786549003,41.115711519768176,165.0,3046.1177998261587,18.689999999999998,2.177802107332645,0.8647117104449988,16501.123717416944,0.0,False,92.34046727596748,62.032276551741326,0.0,False,18.689999999999998,29.93028183193353,0.0902650013932504,13.251627247829601,marginal,solar_biomass_hybrid,86% cropland/tree cover - sago/coconut residue,Waiketam Baru,Bula Barat,Seram Bagian Timur,intermittent,5085.984246481125,0,Mikro Hidro Kelas B (PLTMH),Banggoi,Seram Bagian Timur,276938.6405532721,PLTMH,30.0,Tahalupu,2014,214283.15286462262,GI 150 kV PLTMG Ambon Peaker,0.0,150 kV,Operasi,31575.50201828993,PLTD Kobisonta,4.0,PLTD,HSD,True,3.7114999300000004,0.152171,-3.052962689606364,130.20118124181676
81.05.12.2005,2.3855146139959458,11.37684642045468,17.81631511843784,41.0,2647.5174760303667,55.65,2.002697530713341,0.498771159528346,10469.483337001402,0.0,False,70.75704604576408,31.5473507355653,0.0,False,25.0,20.829579463704796,0.10494028554788047,10.721653192224714,marginal,solar_battery,uniform equatorial irradiance; no discriminating alternative,Waisamet,Bula Barat,Seram Bagian Timur,intermittent,7102.441985372321,0,Mikro Hidro Kelas A (PLTMH),Aketernate,Maluku Tengah,269157.0383612892,PLTMH,30.0,Tahalupu,2014,207035.8055295018,GI 150 kV PLTMG Ambon Peaker,0.0,150 kV,Operasi,23548.21547209744,PLTD Kobisonta,4.0,PLTD,HSD,True,3.74399996,0.153504,-3.0401940262051297,130.12992876911343
81.05.12.2006,2.027285378073067,11.091431349702589,11.147481547999211,38.0,2703.5101165030574,237.29999999999998,,0.5871802777151937,11496.889222606043,0.0,False,70.55914322819379,57.3063509441203,0.0,False,25.0,17.69878893652327,0.1071596792753939,9.302806058133548,none,solar_battery,uniform equatorial irradiance; no discriminating alternative,Aki Jaya,Bula Barat,Seram Bagian Timur,intermittent,9353.91053160958,0,Mikro Hidro Kelas A (PLTMH),Aketernate,Maluku Tengah,270852.87968619115,PLTMH,30.0,Tahalupu,2014,209070.29423567862,GI 150 kV PLTMG Ambon Peaker,0.0,150 kV,Operasi,24673.402955773927,PLTD Kobisonta,4.0,PLTD,HSD,True,3.7699999799999997,0.15456999999999999,-3.022042965326169,130.14374323124284
81.05.12.2008,5.137751572754953,24.32679695258428,53.19208034933434,168.0,2879.623207147734,109.61999999999999,2.5897852177160625,0.9034481066368693,2489.9025771603997,0.0,False,96.13519274008264,55.864350393884756,0.0,False,25.0,44.95589945218385,0.11414031611284459,25.1689312184597,marginal,grid_extension,2.5 km from a reliably-lit settlement,Silohan,Bula Barat,Seram Bagian Timur,intermittent,6861.7476036542685,0,Mikro Hidro Kelas A (PLTMH),Hote,Seram Bagian Timur,300272.5660464031,PLTMH,30.0,Tahalupu,2014,237384.75201684152,GI 150 kV PLTMG Ambon Peaker,0.0,150 kV,Operasi,12453.328399119178,PLTD Wesa Bula,3.2,PLTD,HSD,True,4.34849977,0.178288,-3.0302184494302966,130.41021504250403
81.05.12.2009,2.7369286512294675,15.482801247484463,31.41982821195259,57.0,2784.9870238100525,18.48,2.8652309719187152,0.6734139153291651,13952.28740487111,0.0,False,87.33367196526036,72.18954278927532,0.0,False,18.48,23.902391275190613,0.08159969590311038,9.566848650419358,none,solar_battery,uniform equatorial irradiance; no discriminating alternative,Sumber Agung,Bula Barat,Seram Bagian Timur,intermittent,6196.479840517855,0,Mikro Hidro Kelas A (PLTMH),Hote,Seram Bagian Timur,287643.6430647029,PLTMH,30.0,Tahalupu,2014,224696.08720537042,GI 150 kV PLTMG Ambon Peaker,0.0,150 kV,Operasi,22401.574497956746,PLTD Wesa Bula,3.2,PLTD,HSD,True,3.89350009,0.15963399000000003,-3.051504287982693,130.2977305074727
81.05.12.2010,3.12908680357875,10.70143504947996,45.926056102047056,111.0,2820.5443658736117,87.78,2.5897852177160625,0.8368326665746998,4014.8309526211683,0.0,False,64.82034415280165,54.978992506605465,0.0,False,25.0,27.333613818952177,0.11179859390353929,14.988991295136207,marginal,grid_extension,4.0 km from a reliably-lit settlement,Rukun Jaya,Bula Barat,Seram Bagian Timur,intermittent,3370.7139538714264,0,Mikro Hidro Kelas A (PLTMH),Hote,Seram Bagian Timur,298487.6557150239,PLTMH,30.0,Tahalupu,2014,235097.55681167636,GI 150 kV PLTMG Ambon Peaker,0.0,150 kV,Operasi,11872.11704858704,PLTD Wesa Bula,3.2,PLTD,HSD,True,4.1795001,0.17136,-3.059193050223943,130.3961337219387
81.05.12.2011,2.3348682933129847,13.045659627994286,52.023908816376036,74.0,2703.675834801555,84.42,2.5897852177160625,0.7459105611350844,5199.005665148866,0.0,False,90.25271315436035,44.2514813238616,0.0,False,25.0,20.38685608953431,0.10716624789136049,10.71635999410806,marginal,solar_biomass_hybrid,75% cropland/tree cover - sago/coconut residue,Jembatan Basah,Bula Barat,Seram Bagian Timur,intermittent,1768.8974777174478,0,Mikro Hidro Kelas A (PLTMH),Hote,Seram Bagian Timur,297463.3710279513,PLTMH,30.0,Tahalupu,2014,233820.27107482866,GI 150 kV PLTMG Ambon Peaker,0.0,150 kV,Operasi,12104.496176153241,PLTD Wesa Bula,3.2,PLTD,HSD,True,4.07550001,0.16709501000000002,-3.073967499846373,130.38781102082376
81.05.12.2012,3.2984233332750823,24.20042867351946,38.1028218927255,125.0,2951.098028214263,241.92,2.4971051725544817,0.8131984099507383,18451.989536615692,0.0,False,82.86948616798578,65.07796033862385,0.0,False,25.0,28.81601387146026,0.11697338074796515,16.53331568771346,marginal,solar_biomass_hybrid,81% cropland/tree cover - sago/coconut residue,Dreamland Hills,Bula Barat,Seram Bagian Timur,intermittent,6383.669093338445,0,Mikro Hidro Kelas C (PLTMH),Hote,Seram Bagian Timur,283342.5815615814,PLTMH,30.0,Tahalupu,2014,220279.9927569341,GI 150 kV PLTMG Ambon Peaker,0.0,150 kV,Operasi,26205.280326896536,PLTD Wesa Bula,3.2,PLTD,HSD,True,3.7634999799999997,0.15430400000000002,-3.0633757719323613,130.2597173958785
81.05.12.2013,2.373854531828646,11.091431349702589,14.852202091714638,41.0,2770.167634247282,239.82,,0.66316529423579,12126.886949821459,0.0,False,87.43174666289129,59.211874579149224,0.0,False,25.0,20.727650322434716,0.10980179930267323,11.163452840031438,marginal,solar_battery,uniform equatorial irradiance; no discriminating alternative,Banggoi Pancorang,Bula Barat,Seram Bagian Timur,intermittent,9437.650971604779,0,Mikro Hidro Kelas B (PLTMH),Banggoi,Seram Bagian Timur,272845.4853536768,PLTMH,30.0,Tahalupu,2014,211119.07152763035,GI 150 kV PLTMG Ambon Peaker,0.0,150 kV,Operasi,26518.87046462624,PLTD Kobisonta,4.0,PLTD,HSD,True,3.7634999799999997,0.15430400000000002,-3.016149739667775,130.16124014373568
81.05.13.2005,5.250104749921185,22.18518659825734,68.93480991271855,227.0,2717.4106193366615,19.95,,0.9844714141795743,23018.541601011562,0.0,False,98.01719116512649,27.40608228980322,0.0,False,19.95,45.94446766770871,0.08595310415995434,19.370186461654566,marginal,solar_biomass_hybrid,98% cropland/tree cover - sago/coconut residue,Kelaba,Kian Darat,Seram Bagian Timur,dark_settled,2856.9667325427167,0,Mikro Hidro Kelas A (PLTMH),Rumfakar,Seram Bagian Timur,271244.35146652715,PLTS Terpusat,30.0,Kaimer,2016,274735.01696443517,GI 150 kV PLTMG Ambon Peaker,0.0,150 kV,Operasi,7052.257603102527,PLTD Kiandarat,1.8,PLTD,HSD,True,4.30299997,0.176423,-3.668720204592793,130.80886662987191
81.05.13.2006,4.93531020905626,17.89353858979849,52.596203732995896,181.0,2559.0084041297437,22.68,,0.9685468542514689,24245.68730723054,0.0,False,95.69640470114406,32.71692745376956,0.0,False,22.68,43.17554175956164,0.09201913781973395,19.4874479059505,marginal,solar_biomass_hybrid,97% cropland/tree cover - sago/coconut residue,Kilga Kilwouw,Kian Darat,Seram Bagian Timur,intermittent,2654.532561807826,0,Mikro Hidro Kelas A (PLTMH),Rumfakar,Seram Bagian Timur,271178.8277202565,PLTS Terpusat,30.0,Kaimer,2016,275698.1664290859,GI 150 kV PLTMG Ambon Peaker,0.0,150 kV,Operasi,5830.452034737972,PLTD Kiandarat,1.8,PLTD,HSD,True,4.34200001,0.178022,-3.6622995094952624,130.81784797524722
81.05.13.2007,4.898098164468471,23.952976790667798,79.85643818000986,196.0,2663.790015637265,18.48,2.5315985928541775,0.9752587542609233,25987.50912397627,0.0,False,96.43268980396535,15.008828722778105,0.0,False,18.48,42.84840231097316,0.0780486420106809,16.403593400287498,marginal,solar_biomass_hybrid,98% cropland/tree cover - sago/coconut residue,Kilga Watubau,Kian Darat,Seram Bagian Timur,intermittent,1612.668836312136,0,Mikro Hidro Kelas A (PLTMH),Rumfakar,Seram Bagian Timur,272265.7660825047,PLTS Terpusat,30.0,Kaimer,2016,275254.4437634382,GI 150 kV PLTMG Ambon Peaker,0.0,150 kV,Operasi,5743.3011499789445,PLTD Kiandarat,1.8,PLTD,HSD,True,4.29650021,0.176157,-3.65266157296052,130.81425344533267
81.05.13.2009,7.249323093316457,16.671578311560918,150.83839452033533,276.0,3281.800056215748,5.04,2.5315985928541775,1.0,27709.281879566097,0.0,False,100.0,21.63069544364509,0.0,False,5.04,60.0,0.026224429672956892,7.717849652751213,none,solar_biomass_hybrid,100% cropland/tree cover - sago/coconut residue,Kileser,Kian Darat,Seram Bagian Timur,intermittent,1563.4609016926142,0,Mikro Hidro Kelas A (PLTMH),Rumfakar,Seram Bagian Timur,273646.24859756476,PLTS Terpusat,30.0,Kaimer,2016,275247.61495447793,GI 150 kV PLTMG Ambon Peaker,0.0,150 kV,Operasi,5367.183948853465,PLTD Kiandarat,1.8,PLTD,HSD,True,4.29650021,0.176157,-3.636402707970142,130.81479481711176
81.05.14.2002,11.45461713986824,64.48022183462115,251.44063542534548,706.0,2843.1544634343786,11.129999999999999,3.582030023727613,0.983971318904087,11967.672491967684,0.0,False,99.31484021759186,18.19217081850534,0.0,False,11.129999999999999,60.0,0.05017172307525467,14.76553810104745,marginal,solar_biomass_hybrid,98% cropland/tree cover - sago/coconut residue,Kuwaos,Siritaun Wida Timur,Seram Bagian Timur,intermittent,3414.171428726975,0,Mikro Hidro Kelas A (PLTMH),Keta Rumadan,Seram Bagian Timur,264279.2777317483,PLTS Terpusat,30.0,Kaimer,2016,271205.68529156025,GI 150 kV PLTMG Ambon Peaker,0.0,150 kV,Operasi,17901.97599177769,PLTD Geser,0.7000000000000001,PLTD,HSD,True,4.30299997,0.176423,-3.784174284751348,130.7687711219536
81.05.14.2003,9.255353754592335,56.60435259302182,99.39394288523278,644.0,2646.6319417217937,3.36,,0.9872397709605248,19818.970193510308,0.0,False,96.63037499288708,34.00463375512386,0.0,False,3.36,60.0,0.014099256919370286,4.149411311370676,none,solar_biomass_hybrid,99% cropland/tree cover - sago/coconut residue,Salagor Air,Siritaun Wida Timur,Seram Bagian Timur,intermittent,7045.186986690122,0,Mikro Hidro Kelas A (PLTMH),Keta Rumadan,Seram Bagian Timur,267263.1432436057,PLTS Terpusat,30.0,Kaimer,2016,275372.97778412054,GI 150 kV PLTMG Ambon Peaker,0.0,150 kV,Operasi,10204.942304173434,PLTD Kiandarat,1.8,PLTD,HSD,True,4.28999996,0.17589000000000002,-3.712151290843586,130.81220308039408
81.05.14.2004,10.665710907067773,58.253029581875374,203.0982193658193,647.0,2887.0987963473112,1.89,,0.996450412692982,18706.031014421525,0.0,False,99.17106991234233,23.932472691161866,0.0,False,1.89,60.0,0.008651409064396908,2.5461096876520104,none,solar_biomass_hybrid,100% cropland/tree cover - sago/coconut residue,Salagor Kota,Siritaun Wida Timur,Seram Bagian Timur,intermittent,5676.008023637727,0,Mikro Hidro Kelas A (PLTMH),Keta Rumadan,Seram Bagian Timur,266831.9292324598,PLTS Terpusat,30.0,Kaimer,2016,274671.6438954909,GI 150 kV PLTMG Ambon Peaker,0.0,150 kV,Operasi,11642.803497895211,PLTD Kiandarat,1.8,PLTD,HSD,True,4.23799992,0.17375800000000002,-3.7229958842170423,130.80514381191875
81.05.14.2005,3.713821789525392,15.410280475690803,27.19068853290503,132.0,2568.6050270951278,35.91,,0.962393363074274,21382.962168365495,0.0,False,92.52220642518947,22.05340699815838,0.0,False,25.0,32.45467375005534,0.10181241387204812,16.207535955401973,marginal,solar_biomass_hybrid,96% cropland/tree cover - sago/coconut residue,Aruan Gaur,Siritaun Wida Timur,Seram Bagian Timur,intermittent,6304.552127220591,0,Mikro Hidro Kelas A (PLTMH),Rumfakar,Seram Bagian Timur,268230.5481509222,PLTS Terpusat,30.0,Kaimer,2016,275503.449876131,GI 150 kV PLTMG Ambon Peaker,0.0,150 kV,Operasi,8914.949850142182,PLTD Kiandarat,1.8,PLTD,HSD,True,4.28999996,0.17589000000000002,-3.6993008486987122,130.8141765407228
81.05.14.2006,6.6675979529443055,48.66851808713003,114.14549566949614,349.0,2890.099135327371,44.73,3.582030023727613,0.9968745073309161,16487.780889381385,0.0,False,99.31893560039492,62.5618471687741,0.0,False,25.0,58.44985642928339,0.11455555299211106,32.842681343401516,moderate,micro_hydro,"~33 kW screening potential (capped catchment 25 km2, head 58 m); 24-h baseload",Keta Rumadan,Siritaun Wida Timur,Seram Bagian Timur,dark_settled,367.37968478614243,0,Mikro Hidro Kelas A (PLTMH),Keta Rumadan,Seram Bagian Timur,266826.0581495049,PLTS Terpusat,30.0,Kaimer,2016,270770.7147057579,GI 150 kV PLTMG Ambon Peaker,0.0,150 kV,Operasi,16983.11157075062,PLTD Kiandarat,1.8,PLTD,HSD,True,4.14050007,0.16976000000000002,-3.754937750753414,130.76745000315316
81.05.14.2007,6.908338024301796,61.60867185421071,95.5212740911261,522.0,2873.601436431122,17.009999999999998,3.582030023727613,0.9904259484244389,14775.510462840191,0.0,False,98.73324210092886,28.843338213762813,0.0,False,17.009999999999998,60.0,0.07749866887635302,22.807858250310698,marginal,solar_biomass_hybrid,99% cropland/tree cover - sago/coconut residue,Lian Tasik,Siritaun Wida Timur,Seram Bagian Timur,intermittent,3429.25368184058,0,Mikro Hidro Kelas A (PLTMH),Keta Rumadan,Seram Bagian Timur,264241.0492014099,PLTS Terpusat,30.0,Kaimer,2016,273765.5866801662,GI 150 kV PLTMG Ambon Peaker,0.0,150 kV,Operasi,16097.763387594485,PLTD Kiandarat,1.8,PLTD,HSD,True,4.24450016,0.174025,-3.7629377103080124,130.79386081058806
81.05.14.2008,5.219513387207295,13.454082798200108,56.40033657062915,87.0,2481.9067366857216,0.42,3.582030023727613,0.9962705246295555,16053.675046543081,0.0,False,97.87958442858931,18.75915974596971,0.0,False,0.42,45.67526675129731,0.0016527156732115728,0.37026976441233356,none,solar_biomass_hybrid,100% cropland/tree cover - sago/coconut residue,Keta,Siritaun Wida Timur,Seram Bagian Timur,intermittent,6217.753142576758,0,Mikro Hidro Kelas A (PLTMH),Keta Rumadan,Seram Bagian Timur,263038.87745432847,PLTS Terpusat,30.0,Kaimer,2016,276621.45319497946,GI 150 kV PLTMG Ambon Peaker,0.0,150 kV,Operasi,14055.962616387185,PLTD Kiandarat,1.8,PLTD,HSD,True,4.3874998100000004,0.17988700000000002,-3.754731023441904,130.820375405045
81.05.14.2009,5.355402818994459,33.62182738817924,65.16343793719787,425.0,2076.529113175856,4.83,3.582030023727613,0.8185746600772046,10249.931304647851,0.0,False,97.94753864505577,14.50134770889489,0.0,False,4.83,46.87128302012821,0.015901882953829567,3.6559008250437097,none,solar_biomass_hybrid,82% cropland/tree cover - sago/coconut residue,Air Nanang,Siritaun Wida Timur,Seram Bagian Timur,intermittent,8535.429106842166,0,Mikro Hidro Kelas A (PLTMH),Keta Rumadan,Seram Bagian Timur,258615.85569789726,PLTS Terpusat,30.0,Kaimer,2016,276424.20954126073,GI 150 kV PLTMG Ambon Peaker,0.0,150 kV,Operasi,12029.977799515756,PLTD Geser,0.7000000000000001,PLTD,HSD,True,4.48500013,0.18388499000000003,-3.8131398623133617,130.8131317611892
81.05.15.2002,6.333751715153472,32.374862527017875,112.37815788726324,520.0,2852.723225840311,569.9399999999999,1.5464069461916732,0.9707786765366304,27605.48938164292,0.00022238136338507657,False,96.06716613970482,81.47223955084218,0.0,False,25.0,55.49866256997029,0.11307407509831269,30.781131002230875,moderate,micro_hydro,"~31 kW screening potential (capped catchment 25 km2, head 55 m); 24-h baseload",Bellis,Teluk Waru,Seram Bagian Timur,dark_settled,1741.4500068802402,0,Mikro Hidro Kelas A (PLTMH),Bellis,Seram Bagian Timur,303616.26193112775,PLTS Terpusat,30.0,Kaimer,2016,253747.1386493071,GI 150 kV PLTMG Ambon Peaker,0.0,150 kV,Operasi,34204.18813964638,PLTD Kiandarat,1.8,PLTD,HSD,True,3.70499992,0.151905,-3.446720448165671,130.6200209503453
81.05.15.2003,8.603047432724932,30.75430461478373,265.8671597697943,944.0,3392.0072941846706,268.8,1.6906125440906326,0.9780657269819247,8823.346463360713,0.02797776088260413,False,96.97264707866462,82.89349898648976,0.0,False,25.0,60.0,0.13444980713251012,39.56857823909773,moderate,micro_hydro,"~40 kW screening potential (capped catchment 25 km2, head 60 m); 24-h baseload",Dawang,Teluk Waru,Seram Bagian Timur,dark_settled,3706.1870653288684,0,Mikro Hidro Kelas A (PLTMH),Dawang,Seram Bagian Timur,312931.9511980556,PLTMH,30.0,Tahalupu,2014,244802.74972153193,GI 150 kV PLTMG Ambon Peaker,0.0,150 kV,Operasi,24811.965911378877,PLTD Wesa Bula,3.2,PLTD,HSD,True,3.39299989,0.13911299,-3.327047596230288,130.53031941141248
81.05.15.2004,9.70225216918585,39.53372860387477,266.6021950765841,813.0,3583.831632387131,460.10999999999996,1.3932318315159222,0.9913393120578567,18663.26080791819,0.0,False,98.28534022731759,62.0480708816545,0.0,False,25.0,60.0,0.14205319445978923,41.806255129515975,moderate,micro_hydro,"~42 kW screening potential (capped catchment 25 km2, head 60 m); 24-h baseload",Solang,Teluk Waru,Seram Bagian Timur,dark_settled,5679.25077069798,0,Mikro Hidro Kelas A (PLTMH),Solang,Seram Bagian Timur,311929.041160889,PLTS Terpusat,30.0,Kaimer,2016,246931.85192073934,GI 150 kV PLTMG Ambon Peaker,0.0,150 kV,Operasi,33581.859159550426,PLTD Wesa Bula,3.2,PLTD,HSD,True,3.54900002,0.14550900000000003,-3.402369432024462,130.55599233531223
81.05.15.2005,2.9418079156139543,16.92178903499617,22.75986587885376,88.0,2640.2484523741978,30.66,2.0983241927579406,0.8570184975405041,32759.132940534684,0.0,False,97.00098833010227,28.07409773235389,0.0,False,25.0,25.6947000631696,0.10465216151280275,13.189573944571023,marginal,solar_biomass_hybrid,86% cropland/tree cover - sago/coconut residue,Karay,Teluk Waru,Seram Bagian Timur,intermittent,12795.407076538295,0,Mikro Hidro Kelas A (PLTMH),Bellis,Seram Bagian Timur,299195.0850175574,PLTS Terpusat,30.0,Kaimer,2016,265565.9227680862,GI 150 kV PLTMG Ambon Peaker,0.0,150 kV,Operasi,28890.118956331455,PLTD Kiandarat,1.8,PLTD,HSD,True,4.0689997700000005,0.166829,-3.4155349816200506,130.7250205390483
81.05.15.2007,2.499668799359396,21.924310506717877,12.686929179971282,62.0,2860.099215823027,1.26,,0.34195825263610896,32272.77398040994,0.022242498321483273,False,94.31605945587715,87.2255489021956,0.0,False,1.26,21.827575674495705,0.005713668524760613,0.611729684966179,none,solar_battery,uniform equatorial irradiance; no discriminating alternative,Nama Andan,Teluk Waru,Seram Bagian Timur,intermittent,22235.493208071177,0,Mikro Hidro Kelas A (PLTMH),Solang,Seram Bagian Timur,304507.57839366596,PLTS Terpusat,30.0,Kaimer,2016,259743.66415402255,GI 150 kV PLTMG Sorong,0.0,150 kV,Operasi,37028.812474787235,PLTD Kiandarat,1.8,PLTD,HSD,True,4.66699982,0.191347,-3.311109280809173,130.78883848180118
81.05.15.2009,2.708561315923729,10.93306416952982,19.51467149377359,38.0,3019.3033008682346,65.94,1.7825586955956496,0.9397707706489035,22909.346104196757,0.00758280650799586,False,93.783694480192,58.94396551724138,0.0,False,25.0,23.654279697531578,0.11967684950803188,13.885415739111576,marginal,solar_biomass_hybrid,94% cropland/tree cover - sago/coconut residue,Kampung Baru,Teluk Waru,Seram Bagian Timur,intermittent,5314.69429770116,0,Mikro Hidro Kelas A (PLTMH),Solang,Seram Bagian Timur,311356.0524823667,PLTS Terpusat,30.0,Kaimer,2016,255402.36233871826,GI 150 kV PLTMG Ambon Peaker,0.0,150 kV,Operasi,31106.55538007061,PLTD Wesa Bula,3.2,PLTD,HSD,True,3.73749995,0.153237,-3.351334434426353,130.6285545763178
81.05.15.2010,2.6795605303559875,11.152065641650395,23.114499630682452,45.0,2982.4097779154777,26.88,1.5647037831988375,0.993160432758073,26290.017514971343,0.0,False,98.31995468298817,69.43806141633594,0.0,False,25.0,23.40063973514366,0.11821449208505669,13.568675703405255,marginal,solar_biomass_hybrid,99% cropland/tree cover - sago/coconut residue,Boinfia,Teluk Waru,Seram Bagian Timur,intermittent,3257.7465723269875,0,Mikro Hidro Kelas A (PLTMH),Solang,Seram Bagian Timur,308405.8631550136,PLTS Terpusat,30.0,Kaimer,2016,255629.39251372218,GI 150 kV PLTMG Ambon Peaker,0.0,150 kV,Operasi,34289.32045572123,PLTD Wesa Bula,3.2,PLTD,HSD,True,3.7699999799999997,0.15456999999999999,-3.3814127030491368,130.63305325759097
81.06.01.2008,16.71749552913804,57.175151901059444,356.5537539083353,1314.0,4676.3424134979505,73.71,1.9083320957066312,0.9851880651948302,0.0,0.0,False,98.47604443675367,51.806932649494605,0.0,False,25.0,60.0,0.18535730647109458,54.55065529444313,moderate,grid_extension,0.0 km from a reliably-lit settlement,Kamarian,Kairatu,Seram Bagian Barat,intermittent,4152.219726657359,0,Mikro Hidro Kelas A (PLTMH),Kairatu,Seram Bagian Barat,84806.14296387264,PLTMH,30.0,Tahalupu,2014,20433.167313244867,GI 70 kV Waai,0.0,70 kV,Operasi,9557.489122090668,PLTD Kairatu,3.4,PLTD,HSD,True,4.32250023,0.177223,-3.4094716031583343,128.45551729314803
81.06.01.2009,1.673890192814408,5.587404452560488,9.537877189280438,16.0,3866.729327529669,0.42,,0.9408391972895488,2226.6279858790963,0.0,False,90.43440486533449,1.1363636363636365,0.0,True,0.42,14.61160487806776,0.002574876835303242,0.18454122175762433,none,resource_present_but_screened,"90% intact canopy, 1.1% loss since 2015 - non-viable without deep community and regulator engagement; flagged for policy pathway, not commercial deployment",Seruawan,Kairatu,Seram Bagian Barat,intermittent,6587.437187887674,0,Mikro Hidro Kelas A (PLTMH),Kairatu,Seram Bagian Barat,80537.25630646292,PLTMH,30.0,Tahalupu,2014,15708.057741358312,GI 70 kV Waai,0.0,70 kV,Operasi,7269.977072263685,PLTD Sakabaja Kairatu,3.0,PLTD,HSD,True,4.45900011,0.18281899000000001,-3.429098670710416,128.41054954144101
81.06.01.2010,15.370091775999361,55.104065949017404,239.07090487131825,856.0,4431.255163918284,206.42999999999998,2.286991741333118,0.9142898684869492,0.0,0.0,False,94.36244276724301,62.080882798763135,0.0,False,25.0,60.0,0.17564272434353928,51.69165377430361,moderate,grid_extension,0.0 km from a reliably-lit settlement,Kairatu,Kairatu,Seram Bagian Barat,intermittent,3838.5452656243115,0,Mikro Hidro Kelas A (PLTMH),Kairatu,Seram Bagian Barat,78366.44585136234,PLTMH,30.0,Tahalupu,2014,22202.508500287517,GI 70 kV Waai,0.0,70 kV,Operasi,3366.952223709545,PLTD Kairatu,3.4,PLTD,HSD,True,4.43949986,0.182019,-3.3622253188711357,128.40643359752139
81.06.01.2011,2.15812025177532,15.636774053090651,18.35725479750741,84.0,3883.764408559108,192.35999999999999,2.505885515857786,0.4817641615491095,0.0,0.0,False,40.358692950421606,27.913242624275934,0.0,False,25.0,18.8420635954463,0.15394170188669729,14.227341647692594,marginal,grid_extension,0.0 km from a reliably-lit settlement,Waimital,Kairatu,Seram Bagian Barat,intermittent,6687.645461664565,0,Mikro Hidro Kelas C (PLTMH),Rumberu,Seram Bagian Barat,73122.71696825171,PLTMH,30.0,Tahalupu,2014,25158.07375636229,GI 70 kV Waai,0.0,70 kV,Operasi,5498.751440476414,PLTD Kairatu,3.4,PLTD,HSD,True,4.465499879999999,0.18308599,-3.3246349934469364,128.36488829600387
81.06.01.2012,3.091836608624881,14.92930863770251,31.17964553122928,116.0,3163.512678227083,11.549999999999999,2.808938426218949,0.8458597086526646,497.92263769083644,0.0,False,89.57493360165674,50.014301604957886,0.0,False,11.549999999999999,27.007584614627174,0.05793152497704656,7.674316709906026,none,grid_extension,0.5 km from a reliably-lit settlement,Hatusua,Kairatu,Seram Bagian Barat,intermittent,5786.894842995099,0,Mikro Hidro Kelas A (PLTMH),Waisamu,Seram Bagian Barat,70919.85088048676,PLTMH,30.0,Tahalupu,2014,27207.79315634763,GI 70 kV Waai,0.0,70 kV,Operasi,8252.374735275733,PLTD Kairatu,3.4,PLTD,HSD,True,4.472000120000001,0.18335199000000002,-3.304604284521085,128.34752379805582
81.06.01.2014,1.5265633872440039,6.866324096705093,7.445571147745189,22.0,2798.578051816609,5.67,3.068241191365706,0.4223412946321305,0.0,0.0,False,70.59615061152896,57.00985761226725,0.0,False,5.67,13.324931853555096,0.025158449952118484,1.6443258658057363,none,grid_extension,0.0 km from a reliably-lit settlement,Waipirit,Kairatu,Seram Bagian Barat,intermittent,8591.334239080468,0,Mikro Hidro Kelas C (PLTMH),Rumberu,Seram Bagian Barat,71038.59525837547,PLTMH,30.0,Tahalupu,2014,24161.930685753137,GI 70 kV Waai,0.0,70 kV,Operasi,5807.466524901708,PLTD Kairatu,3.4,PLTD,HSD,True,4.53049994,0.18574999,-3.331900500737441,128.34477223655057
81.06.02.2002,7.683430978331757,49.781005574235536,140.75434290439176,512.0,2394.6374899769376,214.62,2.1186660873340433,0.9556508451409083,0.0,0.001054118954741831,False,96.49468704500923,53.13694785184779,0.0,False,25.0,60.0,0.09491682085461606,27.93402037751351,marginal,grid_extension,0.0 km from a reliably-lit settlement,Kawa,Seram Barat,Seram Bagian Barat,intermittent,7487.183597650407,0,Mikro Hidro Kelas A (PLTMH),Piru,Seram Bagian Barat,61052.352747129175,PLTMH,30.0,Tahalupu,2014,71194.53415296189,GI 70 kV Waai,0.0,70 kV,Operasi,15440.104349905958,PLTD Piru,1.0,PLTD,HSD,True,3.99099994,0.16363101,-2.9295157481038965,128.17367778932814
81.06.02.2003,8.966444736810953,40.348468634432194,109.76628173749093,419.0,2648.521636609711,188.57999999999998,2.297073656709878,0.9245488658254781,0.0,0.028175286441822624,False,91.10371330782104,53.76949411862726,0.0,False,25.0,60.0,0.10498008770174212,30.89563981062271,moderate,grid_extension,0.0 km from a reliably-lit settlement,Piru,Seram Barat,Seram Bagian Barat,intermittent,8869.101865697352,0,Mikro Hidro Kelas A (PLTMH),Piru,Seram Bagian Barat,54181.16882451686,PLTMH,30.0,Tahalupu,2014,59880.927110550874,GI 70 kV Waai,0.0,70 kV,Operasi,4793.618011350244,PLTD Wesa Piru,3.2,PLTD,HSD,True,4.23150015,0.173492,-3.039065967299094,128.16232587520653
81.06.02.2004,1.5586627044129822,4.6297673191527595,18.8855421686747,23.0,2812.3816016077994,,,0.5684523809523809,0.0,0.0,False,54.67540202501488,34.090909090909086,0.0,False,,13.605254399355301,,,none,grid_extension,0.0 km from a reliably-lit settlement,Neniari,Seram Barat,Seram Bagian Barat,intermittent,9679.717120134206,0,Mikro Hidro Kelas A (PLTMH),Piru,Seram Bagian Barat,57896.14966536876,PLTMH,30.0,Tahalupu,2014,54002.716081688886,GI 70 kV Waai,0.0,70 kV,Operasi,2335.3783545069073,PLTD Piru,1.0,PLTD,HSD,True,4.13399982,0.169494,-3.079209958565025,128.21240941184456
81.06.02.2005,15.307991556037406,42.174387873933455,376.47463280736713,832.0,3321.9409142754794,83.58,2.0685883665060367,0.997096921838973,2489.8823390875323,0.0,False,99.45353325538969,52.30951440979078,0.0,False,25.0,60.0,0.13167256921754025,38.7512371207221,moderate,grid_extension,2.5 km from a reliably-lit settlement,Morekau,Seram Barat,Seram Bagian Barat,intermittent,1858.2172251687768,0,Mikro Hidro Kelas A (PLTMH),Morekau,Seram Bagian Barat,67005.696407093,PLTMH,30.0,Tahalupu,2014,57636.11114114945,GI 70 kV Waai,0.0,70 kV,Operasi,10471.763199361689,PLTD Piru,1.0,PLTD,HSD,True,3.75699997,0.154037,-3.033275836884932,128.28374879232848
81.06.02.2006,14.761210462038909,56.08364925545418,519.8454406730357,1041.0,3814.985170989836,122.22,2.43252828625805,0.9931554169522064,1574.723686079561,0.0,False,98.86864636011117,51.14132088870854,0.0,False,25.0,60.0,0.15121548274154284,44.502716570836064,moderate,grid_extension,1.6 km from a reliably-lit settlement,Lumoli,Seram Barat,Seram Bagian Barat,intermittent,4487.477472252457,0,Mikro Hidro Kelas A (PLTMH),Lumoli,Seram Bagian Barat,67545.52143546267,PLTMH,30.0,Tahalupu,2014,48715.95710362324,GI 70 kV Waai,0.0,70 kV,Operasi,13653.043162882475,PLTD Piru,1.0,PLTD,HSD,True,3.7699999799999997,0.15456999999999999,-3.111648402976893,128.30996312975486
81.06.02.2007,5.723418265746362,34.10945798193104,50.55987528828724,590.0,2892.3670147680677,143.22,2.573080188475168,0.7202839411714697,0.0,0.014641508644310085,False,80.26713858010041,80.81836389950577,0.0,False,25.0,50.113042093252645,0.11464544547374698,28.180363130819487,marginal,grid_extension,0.0 km from a reliably-lit settlement,Eti,Seram Barat,Seram Bagian Barat,intermittent,11440.108657815235,0,Mikro Hidro Kelas A (PLTMH),Piru,Seram Bagian Barat,52773.11028139499,PLTMH,30.0,Tahalupu,2014,56418.60739961109,GI 70 kV Waai,0.0,70 kV,Operasi,3811.5882645709585,PLTD Wesa Piru,3.2,PLTD,HSD,False,,,-3.0723151261913686,128.16163626913763
81.06.02.2008,13.897113125079061,37.92531080837518,157.6304426425144,601.0,3460.832924249989,56.28,3.329506959793098,0.8745384303701986,1795.3671760603734,0.0052457999834356565,False,91.28681265802035,31.743511678511737,0.0,False,25.0,60.0,0.13717786514816357,40.37144571310454,moderate,grid_extension,1.8 km from a reliably-lit settlement,Kaibobo,Seram Barat,Seram Bagian Barat,intermittent,8522.415469671969,0,Mikro Hidro Kelas A (PLTMH),Waisarisa,Seram Bagian Barat,56325.10141611162,PLTMH,30.0,Tahalupu,2014,42886.743102534,GI 70 kV Waai,0.0,70 kV,Operasi,13026.106148176385,PLTD Wesa Piru,3.2,PLTD,HSD,True,4.39400005,0.180154,-3.1815924794275365,128.21820097422565
81.06.03.2001,14.420543602856466,60.935247453708605,310.62988283283903,902.0,3328.2778432939513,135.87,1.5209015470792353,0.9925456867347582,14024.067087956331,0.0,False,99.59444573629544,53.5144434886367,0.0,False,25.0,60.0,0.13192374759377978,38.8251589168494,moderate,micro_hydro,"~39 kW screening potential (capped catchment 25 km2, head 60 m); 24-h baseload",Murnaten,Taniwel,Seram Bagian Barat,intermittent,1751.7729584708052,0,Mikro Hidro Kelas A (PLTMH),Murnaten,Seram Bagian Barat,74836.7764893603,PLTMH,30.0,Tahalupu,2014,72420.18188271974,GI 70 kV Waai,0.0,70 kV,Operasi,19429.667782002067,PLTD Taniwel,2.3,PLTD,HSD,True,3.4384999300000003,0.14097901,-2.898687801244854,128.30009709594265
81.06.03.2002,15.171737692453965,38.95703040158406,445.40796407460005,896.0,4099.140332233413,26.04,1.1907204035627112,0.989385076240739,23506.64990752617,0.0,False,99.34533088605049,66.85288640595905,0.0,False,25.0,60.0,0.16247860905922648,47.81745464613035,moderate,micro_hydro,"~48 kW screening potential (capped catchment 25 km2, head 60 m); 24-h baseload",Nikulukan,Taniwel,Seram Bagian Barat,intermittent,6630.375447724948,0,Mikro Hidro Kelas A (PLTMH),Niniari,Seram Bagian Barat,82268.13993141815,PLTMH,30.0,Tahalupu,2014,71605.47136521844,GI 70 kV Waai,0.0,70 kV,Operasi,11557.41283049881,PLTD Taniwel,2.3,PLTD,HSD,True,3.2369999899999997,0.132717,-2.906544618535638,128.3797494217471
81.06.03.2003,14.881438565716719,39.70541114402665,471.85581987408636,958.0,3998.9323802845493,28.349999999999998,1.3009456568001683,0.9874622071485435,22299.90165337058,0.0,False,99.40981841274515,46.809210526315795,0.0,False,25.0,60.0,0.15850664241995455,46.648504864192624,moderate,micro_hydro,"~47 kW screening potential (capped catchment 25 km2, head 60 m); 24-h baseload",Niwelehu,Taniwel,Seram Bagian Barat,intermittent,5978.552117949908,0,Mikro Hidro Kelas A (PLTMH),Niniari,Seram Bagian Barat,81357.77494063301,PLTMH,30.0,Tahalupu,2014,72600.64774957453,GI 70 kV Waai,0.0,70 kV,Operasi,12455.634815998212,PLTD Taniwel,2.3,PLTD,HSD,True,3.2369999899999997,0.132717,-2.8967801246364417,128.36572100933364
81.06.03.2004,11.70301085505734,39.016433059963084,354.16304046405713,1052.0,4229.035582559049,29.61,1.1907204035627112,0.9727806764695149,25354.68684484192,0.0,False,97.3265873650596,26.20768977982255,0.0,False,25.0,60.0,0.16762729826860767,49.332713880451244,moderate,micro_hydro,"~49 kW screening potential (capped catchment 25 km2, head 60 m); 24-h baseload",Nuniali,Taniwel,Seram Bagian Barat,intermittent,8838.384090413407,0,Mikro Hidro Kelas C (PLTMH),Taniwel,Seram Bagian Barat,84880.93088013717,PLTMH,30.0,Tahalupu,2014,73779.11863931055,GI 70 kV Waai,0.0,70 kV,Operasi,8905.183881618135,PLTD Taniwel,2.3,PLTD,HSD,True,3.31500006,0.13591499999999998,-2.8883199090907086,128.3969861302458
81.06.03.2005,16.59532464518883,42.31600120532026,566.275593188797,1106.0,4926.6753885431,33.6,1.1907204035627112,0.9871079645746624,27080.68568301955,0.0,False,98.60662265855937,38.279192273924494,0.0,False,25.0,60.0,0.19527981467779287,57.47084945967445,moderate,micro_hydro,"~57 kW screening potential (capped catchment 25 km2, head 60 m); 24-h baseload",Lisabata,Taniwel,Seram Bagian Barat,intermittent,6373.207858393224,0,Mikro Hidro Kelas C (PLTMH),Taniwel,Seram Bagian Barat,85921.18167885607,PLTMH,30.0,Tahalupu,2014,72110.97669283312,GI 70 kV Waai,0.0,70 kV,Operasi,8308.13032020432,PLTD Taniwel,2.3,PLTD,HSD,True,3.3670001,0.13804699,-2.90542079039279,128.4156160370477
81.06.03.2006,14.18934332299639,39.73818262770224,415.26962254576364,983.0,4744.492726582366,41.79,1.1907204035627112,0.9936734974556457,29038.508161577447,0.0,False,99.4911421032793,51.58516926383665,0.0,False,25.0,60.0,0.18805859678551362,55.34564503397666,moderate,micro_hydro,"~55 kW screening potential (capped catchment 25 km2, head 60 m); 24-h baseload",Wakolo,Taniwel,Seram Bagian Barat,intermittent,5723.325535564728,0,Mikro Hidro Kelas C (PLTMH),Taniwel,Seram Bagian Barat,87115.39053470759,PLTMH,30.0,Tahalupu,2014,73138.99410212654,GI 70 kV Waai,0.0,70 kV,Operasi,7028.686254707613,PLTD Taniwel,2.3,PLTD,HSD,True,3.4774999600000003,0.14257701,-2.8971310444339817,128.42361337713416
81.06.03.2007,16.671205368426232,50.30477259878632,295.20122052580984,930.0,4493.423551414167,42.0,1.1512757429553746,0.9910062391439108,29466.65903451306,0.0,False,98.88858327691266,62.25078266600759,0.0,False,25.0,60.0,0.17810690763786496,52.41686291782366,moderate,micro_hydro,"~52 kW screening potential (capped catchment 25 km2, head 60 m); 24-h baseload",Patahuwe,Taniwel,Seram Bagian Barat,dark_settled,4285.135540673401,0,Mikro Hidro Kelas C (PLTMH),Taniwel,Seram Bagian Barat,88665.98398518452,PLTMH,30.0,Tahalupu,2014,73537.8062998398,GI 70 kV Waai,0.0,70 kV,Operasi,5832.6832339216935,PLTD Taniwel,2.3,PLTD,HSD,True,3.6465001100000003,0.149507,-2.895645974753281,128.43832076258187
81.06.03.2008,11.272065255433336,65.44236929147628,176.19393265277716,822.0,3636.121142568484,475.02,0.9113428536141689,0.9797186723810606,32120.56708714838,0.0,False,94.35863978059,52.4593815513627,0.0,False,25.0,60.0,0.14412580632326885,42.416224800938025,moderate,micro_hydro,"~42 kW screening potential (capped catchment 25 km2, head 60 m); 24-h baseload",Taniwel,Taniwel,Seram Bagian Barat,intermittent,3374.5921445265553,0,Mikro Hidro Kelas C (PLTMH),Taniwel,Seram Bagian Barat,93499.9043990847,PLTMH,30.0,Tahalupu,2014,75616.233643015,GI 70 kV Waai,0.0,70 kV,Operasi,3763.5794089609535,PLTD Taniwel,2.3,PLTD,HSD,True,3.77649999,0.15483700000000003,-2.8846521362084907,128.48113842558195
81.06.03.2009,12.86389777763138,57.03301879109691,180.25086344276895,647.0,4329.1527620628085,33.39,0.9220844229375934,0.9869395213374828,42284.864276786444,0.0,False,97.52054832882926,53.46131681313936,0.0,False,25.0,60.0,0.17159566693868944,50.5006047800563,moderate,micro_hydro,"~51 kW screening potential (capped catchment 25 km2, head 60 m); 24-h baseload",Hulung,Taniwel,Seram Bagian Barat,intermittent,4385.146146782781,0,Mikro Hidro Kelas A (PLTMH),Kasieh,Seram Bagian Barat,102264.73951252918,PLTMH,30.0,Tahalupu,2014,79818.20396310702,GI 70 kV Waai,0.0,70 kV,Operasi,10170.101595607233,PLTD Taniwel,2.3,PLTD,HSD,True,3.59450006,0.147374,-2.8668441484011025,128.55951170850236
81.06.03.2010,14.465558045331452,61.11208585086467,296.77574947328264,1071.0,4032.1404193139156,139.44,0.9109453482467904,0.9854566432467029,39530.85333990717,0.0,False,97.0458550601466,60.44904302306562,0.0,False,25.0,60.0,0.159822917432217,47.035884600301465,moderate,micro_hydro,"~47 kW screening potential (capped catchment 25 km2, head 60 m); 24-h baseload",Kasieh,Taniwel,Seram Bagian Barat,intermittent,1820.386647709294,0,Mikro Hidro Kelas A (PLTMH),Kasieh,Seram Bagian Barat,99784.39593943181,PLTMH,30.0,Tahalupu,2014,76424.02200618877,GI 70 kV Waai,0.0,70 kV,Operasi,9833.068628886615,PLTD Taniwel,2.3,PLTD,HSD,True,3.50349998,0.14364301000000002,-2.894878546817857,128.54699718348581
81.06.03.2011,18.87766344399211,56.63958426617856,646.1107540962548,1255.0,4849.020054519486,7.35,0.9356180196844825,0.9951081126918155,44107.290434093775,0.0,False,99.50564886202329,54.00026360880455,0.0,False,7.35,60.0,0.05650732084081403,16.63010452345157,marginal,solar_biomass_hybrid,100% cropland/tree cover - sago/coconut residue,Nukuhai,Taniwel,Seram Bagian Barat,intermittent,5624.327029259459,0,Mikro Hidro Kelas A (PLTMH),Sohuwe,Seram Bagian Barat,104723.98869548694,PLTMH,30.0,Tahalupu,2014,77808.30694298372,GI 70 kV Waai,0.0,70 kV,Operasi,15074.714123703881,PLTD Taniwel,2.3,PLTD,HSD,True,3.35400009,0.137514,-2.899504291494355,128.59650831629844
81.06.03.2012,12.934045413574257,49.2105866141786,178.52975449245002,603.0,4299.418335281777,12.6,0.9356180196844825,0.9841671460644413,48800.576756005146,0.0,False,96.30481931391215,49.80970504281641,0.0,False,12.6,60.0,0.08589020646967022,25.277487764023945,marginal,solar_biomass_hybrid,98% cropland/tree cover - sago/coconut residue,Pasinalo,Taniwel,Seram Bagian Barat,intermittent,5564.60432065911,0,Mikro Hidro Kelas A (PLTMH),Hatunuru,Seram Bagian Barat,107762.84554444627,PLTMH,30.0,Tahalupu,2014,81967.44435495965,GI 70 kV Waai,0.0,70 kV,Operasi,16019.221346337776,PLTD Taniwel,2.3,PLTD,HSD,True,3.66599989,0.15030600000000002,-2.8656816947476287,128.6126710704216
81.06.03.2028,2.5896469447641306,11.892536121272558,20.020473355597492,60.0,3407.194446936868,473.54999999999995,0.8838058532357728,0.9351574212893553,39144.70598425475,0.0,False,80.38001499201512,68.34254719933246,0.0,False,25.0,22.61433413145607,0.1350517839507574,14.980390750663615,marginal,solar_biomass_hybrid,94% cropland/tree cover - sago/coconut residue,Uweth,Taniwel,Seram Bagian Barat,intermittent,5484.704859061216,0,Mikro Hidro Kelas A (PLTMH),Kasieh,Seram Bagian Barat,96593.65478059769,PLTMH,30.0,Tahalupu,2014,79132.71943414064,GI 70 kV Waai,0.0,70 kV,Operasi,3311.74263883151,PLTD Taniwel,2.3,PLTD,HSD,True,3.9065001,0.16016699,-2.856186732113429,128.49863722303738
81.06.03.2029,19.32745060666307,51.0687648989492,615.0426563341015,1319.0,4367.672371321058,57.54,0.9073562259971565,0.9993752387227038,34173.72819757708,0.0,False,99.75566532681775,56.27948931446021,0.0,False,25.0,60.0,0.17312247793478316,50.94994525620669,moderate,micro_hydro,"~51 kW screening potential (capped catchment 25 km2, head 60 m); 24-h baseload",Laturake,Taniwel,Seram Bagian Barat,intermittent,5108.045417265983,0,Mikro Hidro Kelas A (PLTMH),Kasieh,Seram Bagian Barat,99261.40751949292,PLTMH,30.0,Tahalupu,2014,70156.6596939789,GI 70 kV Waai,0.0,70 kV,Operasi,16150.691936847556,PLTD Taniwel,2.3,PLTD,HSD,True,3.3345000700000003,0.13671499,-2.961393422801482,128.5658539346874
81.06.03.2030,18.70481526468357,49.42473273426034,633.5763334534278,1347.0,4181.868057682659,311.01,1.0075036909526067,0.9990601463123578,30540.929777462163,0.0,False,99.65676634007858,56.83410870973442,0.0,False,25.0,60.0,0.16575770776583346,48.78249339548479,moderate,micro_hydro,"~49 kW screening potential (capped catchment 25 km2, head 60 m); 24-h baseload",Buria,Taniwel,Seram Bagian Barat,intermittent,4016.820206739074,0,Mikro Hidro Kelas A (PLTMH),Laturake,Seram Bagian Barat,93243.84439332709,PLTMH,30.0,Tahalupu,2014,66664.58051991991,GI 70 kV Waai,0.0,70 kV,Operasi,14593.682481927746,PLTD Taniwel,2.3,PLTD,HSD,True,3.54900002,0.14550900000000003,-2.97643964566999,128.5137836128467
81.06.03.2032,17.411304629129898,47.71896057117456,814.7162852680696,1222.0,3756.075450518163,50.19,1.6591608660696864,0.9983868599121133,13872.300201300432,0.0,False,99.953233317398,54.4736358625758,0.0,False,25.0,60.0,0.1488804640140698,43.81552055934074,moderate,micro_hydro,"~44 kW screening potential (capped catchment 25 km2, head 60 m); 24-h baseload",Rumahsoal,Taniwel,Seram Bagian Barat,intermittent,4522.779573794933,0,Mikro Hidro Kelas A (PLTMH),Niniari,Seram Bagian Barat,80330.17901782581,PLTMH,30.0,Tahalupu,2014,57016.93688187661,GI 70 kV Waai,0.0,70 kV,Operasi,21936.516117828916,PLTD Taniwel,2.3,PLTD,HSD,True,3.53600001,0.144976,-3.04190138452939,128.41183179474808
81.06.03.2034,15.980754637532455,57.278772917324346,600.3668268863485,1162.0,3899.6823863494537,111.72,1.6307570287763875,0.9985951063995727,12676.871400310094,0.0,False,99.82201684530624,53.56816102470267,0.0,False,25.0,60.0,0.15457264659236483,45.490729892132975,moderate,micro_hydro,"~45 kW screening potential (capped catchment 25 km2, head 60 m); 24-h baseload",Niniari,Taniwel,Seram Bagian Barat,dark_settled,2417.825804695247,0,Mikro Hidro Kelas A (PLTMH),Niniari,Seram Bagian Barat,76666.89965556013,PLTMH,30.0,Tahalupu,2014,64406.788961179715,GI 70 kV Waai,0.0,70 kV,Operasi,18314.67220740287,PLTD Taniwel,2.3,PLTD,HSD,True,3.58800006,0.14710800000000002,-2.9700352857890824,128.3528796375395
81.06.04.2001,11.884870161187692,39.58576315722771,201.3817199421678,969.0,3270.405024839494,65.73,2.967671401508097,0.9023017841122278,8977.361675695705,0.3197395363024099,True,90.0523134496317,51.37279929978757,0.0,False,25.0,60.0,0.12962982880039853,38.15005861595729,moderate,resource_present_but_screened,"32% of village inside a protected area - non-viable without deep community and regulator engagement; flagged for policy pathway, not commercial deployment",Waesala,Huamual Belakang,Seram Bagian Barat,intermittent,3539.3773703480488,0,Mikro Hidro Kelas A (PLTMH),Waesala,Seram Bagian Barat,28302.461886161127,PLTMH,30.0,Tahalupu,2014,60440.5586579961,GI 70 kV Waai,0.0,70 kV,Operasi,16275.490934324962,PLTD Buano,0.5,PLTD,HSD,True,3.98449993,0.16336399000000001,-3.1577686138259837,127.95773536020239
81.06.04.2002,8.464679335942627,45.31688978088702,26.105550631508997,160.0,2759.6948905129557,42.839999999999996,,0.8224125194933108,11464.043012284103,0.0,False,88.97477290138994,47.03757225433527,0.0,False,25.0,60.0,0.10938668864602974,32.19250246852655,moderate,micro_hydro,"~32 kW screening potential (capped catchment 25 km2, head 60 m); 24-h baseload",Allang Asaude,Huamual Belakang,Seram Bagian Barat,intermittent,4737.860537485015,0,Mikro Hidro Kelas A (PLTMH),Waesala,Seram Bagian Barat,29381.806070005794,PLTMH,30.0,Tahalupu,2014,64104.7053244406,GI 70 kV Waai,0.0,70 kV,Operasi,11774.64184292049,PLTD Buano,0.5,PLTD,HSD,True,4.03649998,0.16549601000000003,-3.1174506144198664,127.95281695353192
81.06.04.2003,17.384647781279156,39.667167843635454,204.95399698735318,675.0,2953.0320196021007,10.5,4.2989227705741095,0.9086145883446934,21231.845892432433,0.0,False,84.99868029261181,65.185590116438,0.0,False,10.5,60.0,0.049161016308063896,14.468087099463206,marginal,solar_biomass_hybrid,91% cropland/tree cover - sago/coconut residue,Sole,Huamual Belakang,Seram Bagian Barat,intermittent,6517.879269798573,0,Mikro Hidro Kelas A (PLTMH),Tahalupu,Seram Bagian Barat,7773.958613337991,PLTMH,30.0,Tahalupu,2014,74303.6106864558,"GI 70/20 kV Passo 
",40.0,70 kV,Operasi,12955.985775765674,PLTS Kelang,0.075,PLTS,Surya,True,4.45900011,0.18281899000000001,-3.1758422038144776,127.7580508533744
81.06.04.2004,19.18508183645999,58.06698646686832,318.55662693662987,770.0,4433.56800746023,4.83,4.098784994717515,0.949771595066086,26107.10473612739,0.0,False,84.79912863442401,67.65426459596381,0.0,False,4.83,60.0,0.03395188590187866,9.992040020922891,none,solar_biomass_hybrid,95% cropland/tree cover - sago/coconut residue,Tonu Jaya,Huamual Belakang,Seram Bagian Barat,intermittent,6009.901688925897,0,Mikro Hidro Kelas A (PLTMH),Tahalupu,Seram Bagian Barat,7634.082429457878,PLTMH,30.0,Tahalupu,2014,69346.88354164994,"GI 70/20 kV Passo 
",40.0,70 kV,Operasi,14019.83269914814,PLTS Kelang,0.075,PLTS,Surya,True,4.57600021,0.18761601000000003,-3.2178137384035352,127.78089951908028
81.06.04.2005,16.471069480308508,58.92530147341525,202.44098283555638,673.0,3088.5639095244373,25.83,4.5142096873784165,0.9359119880845638,15339.427160914453,0.0,False,89.7247328135073,54.90306182029603,0.0,False,25.0,60.0,0.12242214887447828,36.02883841375896,moderate,micro_hydro,"~36 kW screening potential (capped catchment 25 km2, head 60 m); 24-h baseload",Tahalupu,Huamual Belakang,Seram Bagian Barat,intermittent,1418.3605042795252,0,Mikro Hidro Kelas A (PLTMH),Tahalupu,Seram Bagian Barat,525.2195097677902,PLTMH,30.0,Tahalupu,2014,74974.50608998872,"GI 70/20 kV Passo 
",40.0,70 kV,Operasi,6269.823583701346,PLTS Kelang,0.075,PLTS,Surya,True,4.589000230000001,0.18814901,-3.225056217739246,127.71146940039013
81.06.04.2006,9.81451945292834,71.4082594935463,96.97241914734688,610.0,2492.9783887973517,45.57,3.411202891120225,0.8812232514610295,0.0,0.016180527863143952,False,85.97527992701211,60.10693654696008,0.0,False,25.0,60.0,0.09881478266098076,29.081190537126638,marginal,grid_extension,0.0 km from a reliably-lit settlement,Buano Utara,Huamual Belakang,Seram Bagian Barat,intermittent,21052.471856472705,0,Mikro Hidro Kelas A (PLTMH),Waesala,Seram Bagian Barat,38743.70328896338,PLTMH,30.0,Tahalupu,2014,79000.81679412811,GI 70 kV Waai,0.0,70 kV,Operasi,5817.709342665303,PLTD Buano,0.5,PLTD,HSD,True,4.39400005,0.180154,-2.961281548465705,127.9358901629343
81.06.04.2007,14.456718507519088,52.11704200906071,162.19504886216325,583.0,3146.506206744233,7.35,3.411202891120225,0.9240719593328414,1113.5362799994439,0.009777985017177896,False,94.56180435622244,59.36601350899486,0.0,False,7.35,60.0,0.0366673335546203,10.791196265124755,marginal,grid_extension,1.1 km from a reliably-lit settlement,Buano Selatan,Huamual Belakang,Seram Bagian Barat,intermittent,17519.859825322797,0,Mikro Hidro Kelas A (PLTMH),Waesala,Seram Bagian Barat,30824.97740183687,PLTMH,30.0,Tahalupu,2014,76936.63101805371,GI 70 kV Waai,0.0,70 kV,Operasi,6501.756718127894,PLTD Buano,0.5,PLTD,HSD,True,4.40049982,0.18042,-3.017482943705182,127.89202649889866
81.06.05.2001,18.915261238332754,51.100164133831264,499.70656572009597,1240.0,4832.548633049367,15.959999999999999,1.8961506363329106,0.9919147015573662,6988.1592723423955,0.0,False,99.12384009111028,17.952804167943626,0.0,False,15.959999999999999,60.0,0.12228481130052622,35.98841996574487,moderate,micro_hydro,"~36 kW screening potential (capped catchment 16 km2, head 60 m); 24-h baseload",Tihulale,Amalatu,Seram Bagian Barat,intermittent,8417.166437356991,0,Mikro Hidro Kelas B (PLTMH),Kairatu,Seram Bagian Barat,90465.53456657287,PLTMH,30.0,Tahalupu,2014,24558.189888385117,GI 70 kV Waai,0.0,70 kV,Operasi,12231.648418061985,PLTD Haruku,2.5,PLTD,HSD,True,4.21199989,0.172692,-3.4100957111396544,128.50774268893446
81.06.05.2002,20.84179760960525,55.13467147190923,460.56963456802447,1105.0,4705.896515736261,30.24,1.7061233085275402,0.9964737791566224,8286.412879301273,0.0,False,99.59467572161923,30.065815453468492,0.0,False,25.0,60.0,0.18652874951389925,54.89541098194055,moderate,micro_hydro,"~55 kW screening potential (capped catchment 25 km2, head 60 m); 24-h baseload",Rumahkay,Amalatu,Seram Bagian Barat,dark_settled,4110.023353379858,0,Mikro Hidro Kelas A (PLTMH),Hualoy,Seram Bagian Barat,94928.7026470805,PLTMH,30.0,Tahalupu,2014,29348.056067971418,GI 150 kV PLTMG Ambon Peaker,6000000.0,150 kV,Operasi,15243.403229014291,PLTD Haruku,2.5,PLTD,HSD,True,4.23150015,0.173492,-3.396742483012399,128.55170531081853
81.06.05.2003,10.998859125707845,42.76206019118169,111.04189981035988,466.0,3824.2762810704116,31.29,1.5413297014679856,0.9757557900939678,7729.318201457034,0.0,False,97.8416793047706,59.39480268083786,0.0,False,25.0,60.0,0.1515837567014845,44.611099597246884,moderate,micro_hydro,"~45 kW screening potential (capped catchment 25 km2, head 60 m); 24-h baseload",Latu,Amalatu,Seram Bagian Barat,intermittent,3772.8366618957384,0,Mikro Hidro Kelas A (PLTMH),Hualoy,Seram Bagian Barat,104853.7083212848,PLTMH,30.0,Tahalupu,2014,36765.08471773441,GI 150 kV PLTMG Ambon Peaker,0.0,150 kV,Operasi,18584.19088791007,PLTD Saparua,2.2,PLTD,HSD,True,4.504499910000001,0.18468501,-3.4159269179137253,128.6390475900252
81.06.05.2004,15.13092622704723,47.60836906869886,238.79772799822712,533.0,3771.905007483038,4.2,1.5446328922677997,0.9869351087600894,9017.218036900294,0.0,False,98.92081878355137,53.76617865478467,0.0,False,4.2,60.0,0.0251173278656595,7.392029590863592,none,solar_biomass_hybrid,99% cropland/tree cover - sago/coconut residue,Tomalehu,Amalatu,Seram Bagian Barat,intermittent,1720.5504142422672,0,Mikro Hidro Kelas A (PLTMH),Hualoy,Seram Bagian Barat,105875.5837336839,PLTMH,30.0,Tahalupu,2014,38813.45482638512,GI 150 kV PLTMG Ambon Peaker,0.0,150 kV,Operasi,20402.813941435594,PLTD Saparua,2.2,PLTD,HSD,True,4.52400017,0.18548401,-3.399150344091977,128.65162773514948
81.06.05.2005,17.206264952831187,54.83727358549482,294.8109985647183,978.0,4108.690894854778,441.0,1.432162343282058,0.9891644648332325,9970.336278963965,0.0,False,99.37325598835332,38.971259294723154,0.0,False,25.0,60.0,0.16285716700179076,47.92886424862702,moderate,micro_hydro,"~48 kW screening potential (capped catchment 25 km2, head 60 m); 24-h baseload",Hualoy,Amalatu,Seram Bagian Barat,intermittent,2730.3495287773394,0,Mikro Hidro Kelas A (PLTMH),Hualoy,Seram Bagian Barat,99834.99452566444,PLTMH,30.0,Tahalupu,2014,37736.55299505892,GI 70 kV Waai,0.0,70 kV,Operasi,23496.965165847138,PLTD Haruku,2.5,PLTD,HSD,True,4.114500049999999,0.168694,-3.342247971544176,128.60532960741483
81.06.05.2006,16.210536838135088,51.017516815452915,231.1037249264763,531.0,3819.441026178725,15.75,1.4802913059926641,0.9901159688305766,14652.286227326436,0.0,False,98.79803874456847,32.107228730751544,0.0,False,15.75,60.0,0.09537702334207719,28.06945796957332,marginal,solar_biomass_hybrid,99% cropland/tree cover - sago/coconut residue,Seriholo,Amalatu,Seram Bagian Barat,dark_settled,1266.8233344571865,0,Mikro Hidro Kelas A (PLTMH),Hualoy,Seram Bagian Barat,104193.15480045001,PLTMH,30.0,Tahalupu,2014,40566.75013514917,GI 150 kV PLTMG Ambon Peaker,6000000.0,150 kV,Operasi,25250.192440571034,PLTD Haruku,2.5,PLTD,HSD,True,4.32250023,0.177223,-3.352384810826996,128.6436057946327
81.06.05.2007,14.169439150380073,43.171250850536545,153.71560601369916,387.0,3816.8875571785034,667.38,1.3474463965539887,0.9643097297252103,16438.552903540505,0.0,False,98.74219394719653,66.29875456782759,0.0,False,25.0,60.0,0.15129088807943714,44.52490836177835,moderate,micro_hydro,"~45 kW screening potential (capped catchment 25 km2, head 60 m); 24-h baseload",Tala,Amalatu,Seram Bagian Barat,intermittent,3944.843802404643,0,Mikro Hidro Kelas A (PLTMH),Seriholo,Seram Bagian Barat,104807.19438070316,PLTMH,30.0,Tahalupu,2014,43062.241834242646,GI 150 kV PLTMG Ambon Peaker,6000000.0,150 kV,Operasi,28154.05331004664,PLTD Haruku,2.5,PLTD,HSD,True,4.28350019,0.175624,-3.325210825049939,128.65235090766694
81.06.06.2002,15.79499405215195,40.47586287023102,571.8476536369238,876.0,4138.417735715117,68.03999999999999,1.6928882254437665,0.9980262737790472,14154.233907209531,0.0,False,99.76973006946024,49.37060316486963,0.0,False,25.0,60.0,0.1640354569268105,48.27563497356034,moderate,micro_hydro,"~48 kW screening potential (capped catchment 25 km2, head 60 m); 24-h baseload",Rambatu,Inamosol,Seram Bagian Barat,intermittent,3653.5603563978075,0,Mikro Hidro Kelas A (PLTMH),Rambatu,Seram Bagian Barat,85476.92973698728,PLTMH,30.0,Tahalupu,2014,45468.379812717045,GI 70 kV Waai,0.0,70 kV,Operasi,25570.66786391135,PLTD Kairatu,3.4,PLTD,HSD,True,3.9519999,0.16203199000000001,-3.1664764237703307,128.48045678256992
81.06.06.2003,14.207585039250462,40.47586287023102,361.38258942310324,923.0,3532.8793950956683,171.98999999999998,2.262098633138081,0.9645959040611976,3792.0574684134203,0.0,False,96.76152452692848,51.09091139593557,0.0,False,25.0,60.0,0.14003358840276464,41.21188506693363,moderate,grid_extension,3.8 km from a reliably-lit settlement,Rumberu,Inamosol,Seram Bagian Barat,intermittent,991.8814696051415,0,Mikro Hidro Kelas A (PLTMH),Lohiatala,Seram Bagian Barat,76096.97818031939,PLTMH,30.0,Tahalupu,2014,39255.942130364245,GI 70 kV Waai,0.0,70 kV,Operasi,19131.87028283901,PLTD Kairatu,3.4,PLTD,HSD,True,3.9000000999999997,0.15989999,-3.2014854906592625,128.3979974049255
81.06.06.2004,15.667277603103507,59.66722326132701,371.7400481310814,1304.0,4392.7523548972795,177.23999999999998,1.9249653519755274,0.9950022443037922,2489.574747195794,0.0,False,99.66925788347775,39.04850619548028,0.0,False,25.0,60.0,0.17411657926248095,51.24250927694815,moderate,grid_extension,2.5 km from a reliably-lit settlement,Honitetu,Inamosol,Seram Bagian Barat,intermittent,679.0267639429304,0,Mikro Hidro Kelas A (PLTMH),Honitetu,Seram Bagian Barat,84507.12603844215,PLTMH,30.0,Tahalupu,2014,32550.482700961515,GI 70 kV Waai,0.0,70 kV,Operasi,13908.804823474205,PLTD Kairatu,3.4,PLTD,HSD,True,3.85450006,0.158035,-3.289778330052517,128.47195780431662
81.06.06.2005,15.367944738780274,38.04668858940495,338.54459251029414,817.0,3752.1840906967564,382.40999999999997,1.3731205116880463,0.9959425369363505,18282.08122041908,0.0,False,99.8075050328388,49.278168208912,0.0,False,25.0,60.0,0.14872622125098128,43.7701269141638,moderate,micro_hydro,"~44 kW screening potential (capped catchment 25 km2, head 60 m); 24-h baseload",Hukuanakota,Inamosol,Seram Bagian Barat,intermittent,1934.0019726911253,0,Mikro Hidro Kelas B (PLTMH),Hukuanakota,Seram Bagian Barat,92665.0404326466,PLTMH,30.0,Tahalupu,2014,43052.3148622587,GI 70 kV Waai,0.0,70 kV,Operasi,25000.818039219426,PLTD Kairatu,3.4,PLTD,HSD,True,4.13399982,0.169494,-3.224835360501664,128.54780274631804
81.06.07.2001,2.590444946045325,16.28625801223713,27.32143961485018,106.0,2895.5621116644243,85.67999999999999,3.005671136816437,0.5669213752330534,0.0,0.0,False,58.846321078312954,40.17438512790985,0.0,False,25.0,22.621312256276607,0.11477209029618629,12.73482841165294,marginal,grid_extension,0.0 km from a reliably-lit settlement,Waihatu,Kairatu Barat,Seram Bagian Barat,intermittent,3952.975311873531,0,Mikro Hidro Kelas A (PLTMH),Waisamu,Seram Bagian Barat,69884.69572144058,PLTMH,30.0,Tahalupu,2014,29441.558243540763,GI 70 kV Waai,0.0,70 kV,Operasi,10648.022624387524,PLTD Kairatu,3.4,PLTD,HSD,True,4.40700006,0.18068700000000001,-3.284270290170783,128.34024330748505
81.06.07.2002,12.177227322670204,40.92615469661136,206.71450237565818,543.0,3142.8756159093587,75.6,2.3651004439861074,0.9727207457150278,3188.302303440657,0.0,False,96.69141533019415,53.528473652734434,0.0,False,25.0,60.0,0.12457491501416472,36.66239748866868,moderate,grid_extension,3.2 km from a reliably-lit settlement,Lohiatala,Kairatu Barat,Seram Bagian Barat,intermittent,1758.0353688662944,0,Mikro Hidro Kelas B (PLTMH),Rumberu,Seram Bagian Barat,73255.05391760205,PLTMH,30.0,Tahalupu,2014,34659.6674843528,GI 70 kV Waai,0.0,70 kV,Operasi,14781.38954474962,PLTD Kairatu,3.4,PLTD,HSD,True,4.0170002,0.16469701,-3.23952242365992,128.37290828743807
81.06.07.2003,7.765608053782605,34.31261410481495,87.25306801057792,398.0,2913.186617924789,64.05,2.950418871645039,0.9326360621136742,497.925901239331,0.0,False,92.56237177965126,93.41303540418187,0.0,False,25.0,60.0,0.11547067708035219,33.98302026474765,moderate,grid_extension,0.5 km from a reliably-lit settlement,Waisamu,Kairatu Barat,Seram Bagian Barat,intermittent,1904.6075419926983,0,Mikro Hidro Kelas A (PLTMH),Waisamu,Seram Bagian Barat,68852.91004631732,PLTMH,30.0,Tahalupu,2014,33177.855923641735,GI 70 kV Waai,0.0,70 kV,Operasi,14422.413534569494,PLTD Kairatu,3.4,PLTD,HSD,True,4.32250023,0.177223,-3.250643131444612,128.33297336815198
81.06.07.2004,15.808528211416675,40.92615469661136,403.60859517018645,895.0,3441.0454221017453,50.82,2.551813393115129,0.9740166353549978,2816.761527002242,0.0,False,96.49226977727125,52.27299844887246,0.0,False,25.0,60.0,0.1363935431769147,40.140619756966004,moderate,grid_extension,2.8 km from a reliably-lit settlement,Nuruwe,Kairatu Barat,Seram Bagian Barat,intermittent,1578.9790359742317,0,Mikro Hidro Kelas A (PLTMH),Kamal,Seram Bagian Barat,70886.65345294881,PLTMH,30.0,Tahalupu,2014,40464.54454551493,GI 70 kV Waai,0.0,70 kV,Operasi,21018.149331390083,PLTD Kairatu,3.4,PLTD,HSD,True,3.84150004,0.157502,-3.1853830806061567,128.35010536102547
81.06.07.2005,14.317849350237452,49.021451063851366,321.88370930439424,847.0,3427.4357807719357,60.9,3.0301862915219298,0.9796171615132125,0.0,0.0,False,95.9086496435333,37.30075467866934,0.0,False,25.0,60.0,0.1358540945574873,39.98186002826851,moderate,grid_extension,0.0 km from a reliably-lit settlement,Kamal,Kairatu Barat,Seram Bagian Barat,intermittent,1309.9302996148447,0,Mikro Hidro Kelas A (PLTMH),Kamal,Seram Bagian Barat,67064.62052127496,PLTMH,30.0,Tahalupu,2014,39854.61403720937,GI 70 kV Waai,0.0,70 kV,Operasi,19245.566521341094,PLTD Piru,1.0,PLTD,HSD,True,3.99099994,0.16363101,-3.1911268503019956,128.31598749222522
81.06.07.2006,14.219946447191143,40.024239093595774,165.56402641656734,512.0,3282.073935192282,60.69,3.041092129217847,0.8649604376282115,497.9420774547979,0.0,False,81.10412107950401,34.572490706319705,0.0,False,25.0,60.0,0.13009235220035364,38.28617925256408,moderate,grid_extension,0.5 km from a reliably-lit settlement,Waisarisa,Kairatu Barat,Seram Bagian Barat,intermittent,978.0202424600454,0,Mikro Hidro Kelas A (PLTMH),Waisarisa,Seram Bagian Barat,64161.04349482407,PLTMH,30.0,Tahalupu,2014,40148.84138016499,GI 70 kV Waai,0.0,70 kV,Operasi,17326.215816028303,PLTD Piru,1.0,PLTD,HSD,True,4.15999985,0.17056000000000002,-3.1908660416710326,128.28976097999035
81.06.08.2001,14.928561010458507,38.78952743483208,244.73035685626266,910.0,3558.877524075399,26.88,2.783967307389679,0.9866166812946128,14543.470893325295,0.3016238726881523,True,96.9769863852445,37.276593257244755,0.0,False,25.0,60.0,0.14106408248015756,41.51515947391037,moderate,resource_present_but_screened,"30% of village inside a protected area - non-viable without deep community and regulator engagement; flagged for policy pathway, not commercial deployment",Ariate,Huamual,Seram Bagian Barat,intermittent,6884.314718981177,0,Mikro Hidro Kelas A (PLTMH),Waesala,Seram Bagian Barat,37221.4369163335,PLTMH,30.0,Tahalupu,2014,53293.36982556373,GI 70 kV Waai,0.0,70 kV,Operasi,20319.093725018884,PLTD Buano,0.5,PLTD,HSD,True,4.28999996,0.17589000000000002,-3.169182336867728,128.042914689323
81.06.08.2002,17.254120044571458,50.935624893347445,406.81057988630704,1036.0,4224.651316297637,35.28,3.0385728571595716,0.9839132073992893,7468.757191419132,0.5251969738226334,True,98.52743885443819,46.47195156927038,0.0,False,25.0,60.0,0.16745351805466913,49.281570363489124,moderate,resource_present_but_screened,"53% of village inside a protected area - non-viable without deep community and regulator engagement; flagged for policy pathway, not commercial deployment",Lokki,Huamual,Seram Bagian Barat,intermittent,5807.648656884644,0,Mikro Hidro Kelas A (PLTMH),Lokki,Seram Bagian Barat,34637.194849871295,PLTMH,30.0,Tahalupu,2014,47422.84603332435,GI 70 kV Waai,0.0,70 kV,Operasi,14530.509224418738,PLTD Luhu,1.87,PLTD,HSD,True,4.33549976,0.177755,-3.2574939401799563,128.0238703441708
81.06.08.2003,18.10566056023671,45.299877528928505,337.7365674847338,996.0,3935.9150450018315,59.43,3.126310634954805,0.9679207941574672,497.8993372158674,0.31496244444481086,True,96.75227512412017,39.38564445738413,0.0,False,25.0,60.0,0.1560088091784719,45.91339254122428,moderate,resource_present_but_screened,"31% of village inside a protected area - non-viable without deep community and regulator engagement; flagged for policy pathway, not commercial deployment",Luhu,Huamual,Seram Bagian Barat,intermittent,6786.798316648975,0,Mikro Hidro Kelas A (PLTMH),Lokki,Seram Bagian Barat,30122.332998400114,PLTMH,30.0,Tahalupu,2014,44959.66648181049,"GI 70/20 kV Passo 
",40.0,70 kV,Operasi,4512.908287136226,PLTD Luhu,1.87,PLTD,HSD,True,4.614999770000001,0.189215,-3.3513564903654696,127.95546543093012
81.06.08.2004,16.263170641681537,49.29120787364778,254.25729265133214,685.0,4021.716074305755,5.67,,0.8896550978951464,995.7986744317348,0.24116066932766836,True,90.88380476503337,60.081352299298544,0.0,False,5.67,60.0,0.03615412566798838,10.640159184088981,marginal,resource_present_but_screened,"24% of village inside a protected area - non-viable without deep community and regulator engagement; flagged for policy pathway, not commercial deployment",Iha,Huamual,Seram Bagian Barat,intermittent,16272.433428139617,0,Mikro Hidro Kelas A (PLTMH),Lokki,Seram Bagian Barat,34310.70450941538,PLTMH,30.0,Tahalupu,2014,40861.57062643352,"GI 70/20 kV Passo 
",40.0,70 kV,Operasi,8260.560532611316,PLTD Luhu,1.87,PLTD,HSD,True,4.63450003,0.190014,-3.4410454797231775,127.93812797035753
81.06.08.2005,7.246910692046346,22.499242078471266,16.0483432916893,74.0,4136.768027627468,,,0.41114864864864864,,0.0,False,26.856187290969896,100.0,0.0,False,,60.0,,,none,solar_battery,uniform equatorial irradiance; no discriminating alternative,Kulur,Huamual,Seram Bagian Barat,intermittent,9711.35731640033,0,Mikro Hidro Kelas A (PLTMH),Lokki,Seram Bagian Barat,34623.64225002789,PLTMH,30.0,Tahalupu,2014,40040.59558343452,"GI 70/20 kV Passo 
",40.0,70 kV,Operasi,1309.6609768010912,PLTD Luhu,1.87,PLTD,HSD,True,4.673500059999999,0.19161300000000003,-3.3926475954213617,127.9787798602615
81.06.09.2001,14.072947692844624,77.48081555124459,118.87482081886682,804.0,2586.638931696349,4.41,4.861043388790442,0.9451655826434753,2987.4697383404573,0.0,False,89.54978650460065,54.239863174461654,0.0,False,4.41,60.0,0.018085803032694223,5.3226518325219105,none,grid_extension,3.0 km from a reliably-lit settlement,Luhutuban,Kepulauan Manipa,Seram Bagian Barat,intermittent,17365.105405548722,0,Mikro Hidro Kelas A (PLTMH),Tahalupu,Seram Bagian Barat,16203.217070458204,PLTMH,30.0,Tahalupu,2014,77457.20900059947,GI 150 kV Sirimau (60 MVA),60.0,150 kV,Operasi,3063.007324087252,PLTD Manipa,0.79,PLTD,HSD,True,4.76450014,0.195345,-3.3399482875770214,127.61795179477544
81.06.09.2002,10.292402484844313,40.12178003919046,121.01800260884299,524.0,3033.3961873911826,12.18,4.861043388790442,0.7770076293849297,497.9116230567429,0.0,False,95.87625970801875,53.90582510376416,0.0,False,12.18,60.0,0.05857871252287007,17.239715095480662,marginal,grid_extension,0.5 km from a reliably-lit settlement,Masawoy,Kepulauan Manipa,Seram Bagian Barat,dark_settled,19492.775365770514,0,Mikro Hidro Kelas A (PLTMH),Tahalupu,Seram Bagian Barat,18121.982190969647,PLTMH,30.0,Tahalupu,2014,86190.36489871236,GI 150 kV Sirimau (60 MVA),60.0,150 kV,Operasi,7796.992311117125,PLTD Manipa,0.79,PLTD,HSD,True,4.627999780000001,0.189748,-3.2844801715954013,127.55947431588505
81.06.09.2003,14.840633230137803,39.71878150127545,154.5446870374287,369.0,2375.1875641364863,3.15,,0.9682847023400314,4224.97640525956,0.0,False,96.90353375263511,51.01877746703957,0.0,False,3.15,60.0,0.011862380814037819,3.4910986735713303,none,grid_extension,4.2 km from a reliably-lit settlement,Tuniwara,Kepulauan Manipa,Seram Bagian Barat,intermittent,24861.880072611377,0,Mikro Hidro Kelas A (PLTMH),Tahalupu,Seram Bagian Barat,23489.734352539253,PLTMH,30.0,Tahalupu,2014,89495.51456259206,GI 150 kV Sirimau (60 MVA),60.0,150 kV,Operasi,9842.56970782594,PLTD Manipa,0.79,PLTD,HSD,True,4.731999869999999,0.19401200000000002,-3.3025470285427887,127.51460432513544
81.06.09.2004,15.329834746167565,56.82890067339769,204.65004749650257,606.0,3084.2426352895536,4.2,4.861043388790442,0.962530836952744,497.91273708351747,0.0,False,97.18952575912657,46.09015639374425,0.0,False,4.2,60.0,0.020538145402422825,6.044376191933038,none,grid_extension,0.5 km from a reliably-lit settlement,Kelang Asaude,Kepulauan Manipa,Seram Bagian Barat,intermittent,18127.306521178387,0,Mikro Hidro Kelas A (PLTMH),Tahalupu,Seram Bagian Barat,16747.067067376385,PLTMH,30.0,Tahalupu,2014,82504.29814305033,GI 150 kV Sirimau (60 MVA),60.0,150 kV,Operasi,4440.809633565565,PLTD Manipa,0.79,PLTD,HSD,True,4.7255001100000005,0.193746,-3.307690010534354,127.58421616487527
81.06.09.2005,13.125150338605966,42.52101490237917,186.9160676156584,394.0,2556.5818320686835,7.56,4.861043388790442,0.988857938718663,1113.3667269817256,0.0,False,97.02814562262195,67.31685900652286,0.0,False,7.56,60.0,0.030643960315891755,9.018517520966943,none,grid_extension,1.1 km from a reliably-lit settlement,Tomalehu Barat,Kepulauan Manipa,Seram Bagian Barat,intermittent,22370.40227406206,0,Mikro Hidro Kelas A (PLTMH),Tahalupu,Seram Bagian Barat,20987.8870960964,PLTMH,30.0,Tahalupu,2014,86131.95970877878,GI 150 kV Sirimau (60 MVA),60.0,150 kV,Operasi,6521.830641547989,PLTD Manipa,0.79,PLTD,HSD,True,4.7255001100000005,0.193746,-3.312842007614082,127.5435180598781
81.06.09.2006,14.780544899208438,74.38035900039087,180.95278610120806,721.0,2992.0232373871604,3.57,4.861043388790442,0.964831267496602,497.91273708351747,0.0,False,96.18517818404399,47.86262331019365,0.0,False,3.57,60.0,0.01693544355256241,4.9841010375191175,none,grid_extension,0.5 km from a reliably-lit settlement,Tomalehu Timur,Kepulauan Manipa,Seram Bagian Barat,intermittent,21603.810702931187,0,Mikro Hidro Kelas A (PLTMH),Tahalupu,Seram Bagian Barat,20222.2493762726,PLTMH,30.0,Tahalupu,2014,84514.76664252735,GI 150 kV Sirimau (60 MVA),60.0,150 kV,Operasi,4900.510270030587,PLTD Manipa,0.79,PLTD,HSD,True,4.718999859999999,0.193479,-3.320931431075295,127.55568307704965
81.06.09.2007,13.899047772107277,39.283976063452826,119.93418043202034,341.0,2472.166406944394,5.25,,0.991783937827221,2052.946807335738,0.0,False,97.30540683650051,30.177946324387428,0.0,False,5.25,60.0,0.02057786915978258,6.056066893724014,none,grid_extension,2.1 km from a reliably-lit settlement,Buano Hatuputih,Kepulauan Manipa,Seram Bagian Barat,intermittent,24744.340384941515,0,Mikro Hidro Kelas A (PLTMH),Tahalupu,Seram Bagian Barat,23361.45383944671,PLTMH,30.0,Tahalupu,2014,87103.73558902921,GI 150 kV Sirimau (60 MVA),60.0,150 kV,Operasi,7568.566491070236,PLTD Manipa,0.79,PLTD,HSD,True,4.75150013,0.194812,-3.3262408540967443,127.52634505499726
81.06.10.2001,21.043690590693917,57.07478775243516,572.5492699593301,1319.0,4505.481967035378,34.65,0.8989386791037113,0.9909755865868719,45341.759804704314,0.0,False,98.0175401891988,64.77094035014154,0.0,False,25.0,60.0,0.17858486995161793,52.55752722676116,moderate,micro_hydro,"~53 kW screening potential (capped catchment 25 km2, head 60 m); 24-h baseload",Sohuwe,Taniwel Timur,Seram Bagian Barat,intermittent,1045.1398345239063,0,Mikro Hidro Kelas A (PLTMH),Sohuwe,Seram Bagian Barat,107454.22613454802,PLTMH,30.0,Tahalupu,2014,76797.70387770722,GI 70 kV Waai,0.0,70 kV,Operasi,19724.581803269768,PLTD Taniwel,2.3,PLTD,HSD,True,3.50349998,0.14364301000000002,-2.924655552393253,128.63148482400908
81.06.10.2003,19.814016285760594,44.828564041851415,424.30042096885256,1147.0,4073.8053186721895,108.36,0.9285977274561701,0.9813052067668525,43806.18867737183,0.0,False,96.28956745754597,80.40100640676475,0.0,False,25.0,60.0,0.16147439904681116,47.52191563947653,moderate,micro_hydro,"~48 kW screening potential (capped catchment 25 km2, head 60 m); 24-h baseload",Lumahlatal,Taniwel Timur,Seram Bagian Barat,intermittent,1525.306248100314,0,Mikro Hidro Kelas A (PLTMH),Lumahlatal,Seram Bagian Barat,109368.04095753972,PLTMH,30.0,Tahalupu,2014,77169.2689036606,GI 70 kV Waai,0.0,70 kV,Operasi,22048.47607748714,PLTD Taniwel,2.3,PLTD,HSD,True,3.5555000299999997,0.14577500999999998,-2.930811773181858,128.65162066772965
81.06.10.2005,20.166480773863977,48.26818170423312,590.843224464507,1191.0,4342.678825774111,38.64,0.907796869471512,0.9772059298361231,38347.733191643805,0.0,False,95.7771721764066,52.77558121145029,0.0,False,25.0,60.0,0.17213180277199513,50.658389555798166,moderate,micro_hydro,"~51 kW screening potential (capped catchment 25 km2, head 60 m); 24-h baseload",Seakasale,Taniwel Timur,Seram Bagian Barat,intermittent,2074.4170083983317,0,Mikro Hidro Kelas A (PLTMH),Makububui,Seram Bagian Barat,111311.74076295893,PLTMH,30.0,Tahalupu,2014,74603.58360548393,GI 70 kV Waai,0.0,70 kV,Operasi,27282.541301280202,PLTD Taniwel,2.3,PLTD,HSD,True,3.4449999300000003,0.14124499000000001,-2.974336169418286,128.68254678400325
81.06.10.2006,19.33579577135398,55.764162833482985,602.6446801448337,1306.0,4308.5568135827225,41.37,0.9111175298310953,0.9973591076432222,37175.504582570895,0.0,False,98.71823383892652,31.31211473141277,0.0,False,25.0,60.0,0.17077930038617464,50.2603481036512,moderate,micro_hydro,"~50 kW screening potential (capped catchment 25 km2, head 60 m); 24-h baseload",Makububui,Taniwel Timur,Seram Bagian Barat,intermittent,1437.762703314668,0,Mikro Hidro Kelas A (PLTMH),Makububui,Seram Bagian Barat,113590.01604165157,PLTMH,30.0,Tahalupu,2014,76062.95235902783,GI 70 kV Waai,0.0,70 kV,Operasi,29140.22283818717,PLTD Taniwel,2.3,PLTD,HSD,True,3.4254999199999996,0.14044601,-2.9715551135935896,128.70302807317213
81.06.10.2007,11.68714400637771,33.53557372421091,161.4024359830414,473.0,2805.3093276523314,7.14,1.0105294664166562,0.9650382999016422,45438.90025352727,0.0,False,94.2017900247345,9.78363123236125,0.0,False,7.14,60.0,0.031757211757099266,9.346147420114313,none,solar_biomass_hybrid,97% cropland/tree cover - sago/coconut residue,Sukaraja,Taniwel Timur,Seram Bagian Barat,intermittent,6056.957369271825,0,Mikro Hidro Kelas A (PLTMH),Warasiwa,Maluku Tengah,117801.77148327553,PLTMH,30.0,Tahalupu,2014,83899.28163530942,GI 70 kV Waai,0.0,70 kV,Operasi,28532.510598741635,PLTD Taniwel,2.3,PLTD,HSD,True,3.61400008,0.148174,-2.9002125786505197,128.72152932198748
81.06.10.2008,19.14772296669443,47.54825119406003,566.2894806514704,1273.0,4259.129845403057,64.67999999999999,0.9188343522452976,0.9957306998425768,35978.950525793545,0.0,False,99.40066913330051,2.8633847328568107,0.0,False,25.0,60.0,0.16882015178696796,49.68377067090468,moderate,micro_hydro,"~50 kW screening potential (capped catchment 25 km2, head 60 m); 24-h baseload",Uwen Pantai,Taniwel Timur,Seram Bagian Barat,intermittent,1875.9697960694664,0,Mikro Hidro Kelas A (PLTMH),Waraloin,Seram Bagian Barat,115718.23682008561,PLTMH,30.0,Tahalupu,2014,77735.96418065531,GI 70 kV Waai,0.0,70 kV,Operasi,30670.50551810992,PLTD Taniwel,2.3,PLTD,HSD,True,3.4449999300000003,0.14124499000000001,-2.9653910357087487,128.7212228647829
81.06.10.2009,6.581788339309161,26.78451981072353,60.65148549560343,163.0,2607.2269148886203,2.52,1.0105294664166562,0.9055365193868351,47604.087794044804,0.0,False,88.03603603603605,20.45454545454546,0.0,False,2.52,57.69092541817891,0.010417002513824398,2.9477407565950555,none,solar_biomass_hybrid,91% cropland/tree cover - sago/coconut residue,Tounussa,Taniwel Timur,Seram Bagian Barat,intermittent,5827.241220678596,0,Mikro Hidro Kelas A (PLTMH),Warasiwa,Maluku Tengah,119597.40696348148,PLTMH,30.0,Tahalupu,2014,86634.76445043692,GI 70 kV Waai,0.0,70 kV,Operasi,29197.71639492782,PLTD Taniwel,2.3,PLTD,HSD,True,3.74399996,0.153504,-2.8771041072187855,128.73078729044565
81.06.10.2010,8.209849128694856,26.78451981072353,49.873438040980744,163.0,2607.2269148886203,1.47,1.0105294664166562,0.918130245570407,47645.84139152388,0.0,False,88.28625820738955,36.388953353446276,0.0,False,1.47,60.0,0.006076584799730898,1.7883389065608033,none,solar_biomass_hybrid,92% cropland/tree cover - sago/coconut residue,Musihuwey,Taniwel Timur,Seram Bagian Barat,intermittent,5492.231653416467,0,Mikro Hidro Kelas A (PLTMH),Warasiwa,Maluku Tengah,119925.77710939047,PLTMH,30.0,Tahalupu,2014,86779.14180236423,GI 70 kV Waai,0.0,70 kV,Operasi,29564.219665473272,PLTD Taniwel,2.3,PLTD,HSD,True,3.73099995,0.152971,-2.8775250445142717,128.73406264722053
81.06.10.2011,4.08538868343529,18.732196789905863,27.051634189673155,83.0,2607.2269148886203,0.63,1.0105294664166562,0.9429725307245065,48021.848678166796,0.0,False,94.25647451963242,71.40542729850141,0.0,False,0.63,35.71228504133738,0.0026042506284560995,0.4561833484400931,none,solar_biomass_hybrid,94% cropland/tree cover - sago/coconut residue,Solea,Taniwel Timur,Seram Bagian Barat,intermittent,5522.2297310947115,0,Mikro Hidro Kelas A (PLTMH),Warasiwa,Maluku Tengah,120219.34486336246,PLTMH,30.0,Tahalupu,2014,87168.9311331598,GI 70 kV Waai,0.0,70 kV,Operasi,29727.678661917027,PLTD Taniwel,2.3,PLTD,HSD,True,3.73099995,0.152971,-2.8744803588622037,128.73580299749042
81.06.10.2012,18.975486779163717,42.75918657715576,645.3377878984294,1350.0,4943.226182392326,128.31,0.9375551939726254,0.995220145436587,32426.208285120232,0.0,False,99.05831094636045,14.90155593245337,0.0,False,25.0,60.0,0.19593584246544926,57.66391843758172,moderate,micro_hydro,"~58 kW screening potential (capped catchment 25 km2, head 60 m); 24-h baseload",Waraloin,Taniwel Timur,Seram Bagian Barat,intermittent,2236.2945525396067,0,Mikro Hidro Kelas A (PLTMH),Waraloin,Seram Bagian Barat,118521.45319382232,PLTMH,30.0,Tahalupu,2014,77901.34861982227,GI 70 kV Waai,0.0,70 kV,Operasi,34707.97048681522,PLTD Taniwel,2.3,PLTD,HSD,True,3.32800007,0.13644799999999999,-2.9851301375644654,128.75216748731643
81.06.10.2013,2.1747384290810388,13.25280528262642,19.922414915722545,75.0,2639.9981263982268,160.01999999999998,1.0855851816925577,0.9768545371955696,46616.9718802203,0.0,False,93.51948278874718,42.99716275470726,0.0,False,25.0,18.987292085002082,0.10464223928202004,9.74561089602271,none,solar_biomass_hybrid,98% cropland/tree cover - sago/coconut residue,Walakone,Taniwel Timur,Seram Bagian Barat,intermittent,5099.691324014547,0,Mikro Hidro Kelas A (PLTMH),Warasiwa,Maluku Tengah,121613.48156324799,PLTMH,30.0,Tahalupu,2014,88397.20022467778,GI 70 kV Waai,0.0,70 kV,Operasi,30912.946186242265,PLTD Taniwel,2.3,PLTD,HSD,True,3.7634999799999997,0.15430400000000002,-2.868246101770951,128.74691996425173
81.06.10.2014,10.52360874242012,38.970135728963456,106.89784189956407,433.0,2957.8883626926427,105.0,1.0105294664166562,0.9410853611880775,52034.72240169899,0.0,False,89.82987573996051,59.19765840220388,0.0,False,25.0,60.0,0.11724253086522717,34.50447683363636,moderate,micro_hydro,"~35 kW screening potential (capped catchment 25 km2, head 60 m); 24-h baseload",Hatunuru,Taniwel Timur,Seram Bagian Barat,intermittent,2749.6845042074474,0,Mikro Hidro Kelas A (PLTMH),Hatunuru,Seram Bagian Barat,114183.25492948478,PLTMH,30.0,Tahalupu,2014,84339.8617051576,GI 70 kV Waai,0.0,70 kV,Operasi,23178.300360456713,PLTD Taniwel,2.3,PLTD,HSD,True,3.9130001100000005,0.16043299000000003,-2.8713082022206504,128.6768883536259
81.06.10.2015,7.828523613500705,21.23567905985808,83.05875379362674,306.0,2614.6508560297707,2.31,1.0105294664166562,0.92806822395254,47551.774666212514,0.0,False,89.00987394138077,43.09243697478993,0.0,False,2.31,60.0,0.009576109014188185,2.818248882875583,none,solar_biomass_hybrid,93% cropland/tree cover - sago/coconut residue,Lumahpelu,Taniwel Timur,Seram Bagian Barat,intermittent,6226.515796742969,0,Mikro Hidro Kelas A (PLTMH),Warasiwa,Maluku Tengah,118721.17631149657,PLTMH,30.0,Tahalupu,2014,85775.40388640195,GI 70 kV Waai,0.0,70 kV,Operasi,28529.26638667707,PLTD Taniwel,2.3,PLTD,HSD,True,3.6984999199999997,0.15163800000000002,-2.882216784410803,128.7242091504898
81.06.11.2002,16.192472515789056,53.23157604006194,384.7040768395539,860.0,4506.87222402399,667.8,0.955536454608963,0.9729539745642001,17426.906806986,0.0,False,99.24043684345925,61.44412381951733,0.0,False,25.0,60.0,0.178639975901509,52.5737449078141,moderate,micro_hydro,"~53 kW screening potential (capped catchment 25 km2, head 60 m); 24-h baseload",Sanahu,Elpaputih,Seram Bagian Barat,dark_settled,6258.84476008053,0,Mikro Hidro Kelas C (PLTMH),Watui,Seram Bagian Barat,110796.02726355106,PLTMH,30.0,Tahalupu,2014,53995.65267803621,GI 70 kV Waai,0.0,70 kV,Operasi,27061.283923384817,PLTD Mep Masohi,6.0,PLTD,HSD,True,3.99099994,0.16363101,-3.2401327543153093,128.71108103199543
81.06.11.2003,20.00602010328066,53.23157604006194,352.1183034931402,778.0,4699.426852484983,17.64,0.9560656203965505,0.9963063994171567,21201.075847922788,0.0,False,99.7208092202614,35.84507636486374,0.0,False,17.64,60.0,0.1314337418788608,38.68095023494874,moderate,micro_hydro,"~39 kW screening potential (capped catchment 18 km2, head 60 m); 24-h baseload",Wasia,Elpaputih,Seram Bagian Barat,intermittent,6027.694349425389,0,Mikro Hidro Kelas C (PLTMH),Watui,Seram Bagian Barat,110365.18082449415,PLTMH,30.0,Tahalupu,2014,50891.925247019964,GI 70 kV Waai,0.0,70 kV,Operasi,26778.926623907348,PLTD Mep Masohi,6.0,PLTD,HSD,True,4.23150015,0.173492,-3.279133783825637,128.70603148419698
81.06.11.2004,16.091357780798422,43.171250850536545,191.22319114740736,595.0,4262.899620206559,659.1899999999999,1.3461892262156376,0.9576025056947607,19972.622971442062,0.0,False,98.29692706405034,56.45847810979846,0.0,False,25.0,60.0,0.1689695752555238,49.72774599770066,moderate,micro_hydro,"~50 kW screening potential (capped catchment 25 km2, head 60 m); 24-h baseload",Sumeith Pasinaro,Elpaputih,Seram Bagian Barat,intermittent,3749.215778887156,0,Mikro Hidro Kelas C (PLTMH),Watui,Seram Bagian Barat,106880.4483719484,PLTMH,30.0,Tahalupu,2014,46595.515062468294,GI 70 kV Waai,0.0,70 kV,Operasi,30251.955647789247,PLTD Mep Masohi,6.0,PLTD,HSD,True,4.29650021,0.176157,-3.2999258006724888,128.6733074761275
81.06.11.2006,16.305338953997424,40.12941875416318,517.009844318337,1022.0,4055.829942062252,386.61,1.0275590674296142,0.9936966345622497,24418.57725495591,0.0,False,99.86651066155017,52.59264579143929,0.0,False,25.0,60.0,0.1607619047303975,47.31222856215599,moderate,micro_hydro,"~47 kW screening potential (capped catchment 25 km2, head 60 m); 24-h baseload",Abio Ahiolo,Elpaputih,Seram Bagian Barat,intermittent,3719.8108140072136,0,Mikro Hidro Kelas A (PLTMH),Huku Kecil,Seram Bagian Barat,100468.55856766154,PLTMH,30.0,Tahalupu,2014,53382.69071074622,GI 70 kV Waai,0.0,70 kV,Operasi,35509.179290004104,PLTD Kairatu,3.4,PLTD,HSD,True,3.88050008,0.15910099000000003,-3.1583651894179745,128.61526939848346
81.06.11.2007,19.08873565262593,35.69918439357634,493.64337080016776,910.0,4381.841587246431,99.75,1.0443700794220834,0.9970350233506445,27858.008408714362,0.0,False,99.94070122544987,58.38974534008384,0.0,False,25.0,60.0,0.17368410654674146,51.11523255670601,moderate,micro_hydro,"~51 kW screening potential (capped catchment 25 km2, head 60 m); 24-h baseload",Huku Kecil,Elpaputih,Seram Bagian Barat,intermittent,827.5591008597293,0,Mikro Hidro Kelas A (PLTMH),Huku Kecil,Seram Bagian Barat,103320.04495714507,PLTMH,30.0,Tahalupu,2014,54112.85453138459,GI 70 kV Waai,0.0,70 kV,Operasi,36931.40711437409,PLTD Kairatu,3.4,PLTD,HSD,True,3.85450006,0.158035,-3.1702989253084315,128.64187648246795
81.06.11.2008,17.03170770632038,48.46058749714002,407.8131363811554,1183.0,4280.5921835399195,323.82,0.8417649767665804,0.9777081969933263,13672.844960449893,0.0,False,99.20858639406961,45.82557759662067,0.0,False,25.0,60.0,0.16967085963422437,49.93413399035224,moderate,micro_hydro,"~50 kW screening potential (capped catchment 25 km2, head 60 m); 24-h baseload",Elpaputih,Elpaputih,Seram Bagian Barat,intermittent,1313.4115457699475,0,Mikro Hidro Kelas C (PLTMH),Elpaputih,Seram Bagian Barat,116165.80042025707,PLTMH,30.0,Tahalupu,2014,64663.27448268356,GI 70 kV Waai,0.0,70 kV,Operasi,27524.365718044828,PLTD Mep Masohi,6.0,PLTD,HSD,True,3.9389998900000003,0.16149899,-3.146488019289826,128.75615224378066
81.07.01.1012,2.3827368515321066,6.228599238120292,6.727492075507403,18.0,2717.7708367690443,0.84,,0.22402521597011435,0.0,0.0,False,42.84046465471949,0.0,0.0,False,0.84,20.805296893188384,0.0036195578115265055,0.3693758068397083,none,grid_extension,0.0 km from a reliably-lit settlement,Galai Dubu,Pulau-Pulau Aru,Kepulauan Aru,intermittent,128101.86665104495,0,Mikro Hidro Kelas A (PLTMH),Ohoimajang,Maluku Tenggara,94710.91067786179,PLTS Terpusat,30.0,Warabal,2014,621213.7141229498,GI 150 kV Aimas (60 MVA No.1 dan 2),60.0,150 kV,Operasi,6343.890264099959,PLTD Dobo,7.2,PLTD,HSD,True,4.21850014,0.172959,-5.7638402820836605,134.23503615322394
81.07.01.2001,4.175016356988004,35.478760536476535,37.73518412937794,78.0,5326.943757315437,4.62,,0.9037866359885891,2898.848586076893,0.0,False,97.77065483939332,40.14595714202754,0.0,False,4.62,36.49851263856567,0.039019660322801436,6.9855026685043295,none,grid_extension,2.9 km from a reliably-lit settlement,Ujir,Pulau-Pulau Aru,Kepulauan Aru,intermittent,128566.35701099054,0,Mikro Hidro Kelas A (PLTMH),Ohoimajang,Maluku Tenggara,105324.52205428982,PLTS Terpusat,30.0,Warabal,2014,606698.9867634635,GI 150 kV Aimas (60 MVA No.1 dan 2),60.0,150 kV,Operasi,27703.33167125692,PLTD Dobo,7.2,PLTD,HSD,False,,,-5.5750557735522825,134.29069645225175
81.07.01.2003,2.8688123818967415,12.646451030169267,41.78896293457543,74.0,3686.6281914305223,46.62,2.376690047026376,0.923505128449398,16964.185719019202,0.0,False,99.44044307254552,81.97684175197182,0.0,False,25.0,25.056053078166467,0.14612776633968014,17.959093766392574,marginal,solar_biomass_hybrid,92% cropland/tree cover - sago/coconut residue,Kobraur,Pulau-Pulau Aru,Kepulauan Aru,dark_settled,148443.46031874156,0,Mikro Hidro Kelas A (PLTMH),Ohoimajang,Maluku Tenggara,71642.52551533765,PLTS Terpusat,30.0,Warabal,2014,645762.861234341,GI 150 kV Aimas (60 MVA No.1 dan 2),60.0,150 kV,Operasi,18863.244368577743,PLTD Kso Gtp-Pym-Kbt Dobo,3.0,PLTD,HSD,True,3.82200003,0.156702,-5.949203285561339,134.35574698022847
81.07.01.2004,2.606097586500905,13.4956075546873,44.92919487955486,99.0,3588.9535236847237,49.14,2.3968928814233035,0.8325951700352554,10234.624101548625,0.0,False,99.2742946448082,87.24959736523046,0.0,False,25.0,22.758188603489252,0.1422562120943019,15.879906622338748,marginal,solar_biomass_hybrid,83% cropland/tree cover - sago/coconut residue,Lau-Lau,Pulau-Pulau Aru,Kepulauan Aru,dark_settled,146592.8094400511,0,Mikro Hidro Kelas A (PLTMH),Ohoimajang,Maluku Tenggara,74102.47464947603,PLTS Terpusat,30.0,Warabal,2014,642215.5153032163,GI 150 kV Aimas (60 MVA No.1 dan 2),60.0,150 kV,Operasi,15876.508726741402,PLTD Kso Gtp-Pym-Kbt Dobo,3.0,PLTD,HSD,True,3.7895000000000003,0.15536999999999998,-5.9125639740309985,134.3544822599045
81.07.01.2005,2.7566217741044876,16.82473579285512,45.09688002387492,91.0,4075.526042714136,32.129999999999995,2.4196785082001298,0.9544286012451704,10003.036046933452,0.0,False,99.35044233934936,75.38031174748743,0.0,False,25.0,24.074641768868233,0.16154260379860066,19.075938954205775,marginal,solar_biomass_hybrid,95% cropland/tree cover - sago/coconut residue,Gorar,Pulau-Pulau Aru,Kepulauan Aru,dark_settled,148902.23103747732,0,Mikro Hidro Kelas A (PLTMH),Ohoimajang,Maluku Tenggara,74097.97840829815,PLTS Terpusat,30.0,Warabal,2014,639664.7340063761,GI 150 kV Aimas (60 MVA No.1 dan 2),60.0,150 kV,Operasi,17689.92397565113,PLTD Kso Gtp-Pym-Kbt Dobo,3.0,PLTD,HSD,True,3.82850003,0.15696900000000003,-5.856915728764699,134.40068309089878
81.07.01.2006,2.681198882143991,14.832794383023398,23.974689563808315,59.0,3558.8544407736954,215.88,2.448660827210768,0.5002575333576672,8551.621585991747,0.0,False,94.72899720753658,80.48800325335502,0.0,False,25.0,23.41496838709315,0.14106316752178844,16.201164027759447,marginal,solar_battery,uniform equatorial irradiance; no discriminating alternative,Tungu,Pulau-Pulau Aru,Kepulauan Aru,intermittent,146754.1410870269,0,Mikro Hidro Kelas A (PLTMH),Ohoimajang,Maluku Tenggara,77309.72368697208,PLTS Terpusat,30.0,Warabal,2014,636031.9989509028,GI 150 kV Aimas (60 MVA No.1 dan 2),60.0,150 kV,Operasi,16333.109240394178,PLTD Kso Gtp-Pym-Kbt Dobo,3.0,PLTD,HSD,True,3.9454999,0.16176599,-5.823271914720941,134.39271690750337
81.07.01.2007,3.223761639422981,19.737052087747664,56.83642027825523,95.0,3298.4298850445475,273.21,2.387903278134872,0.9536318497654958,16672.76473727063,0.0,False,99.24684778623488,95.77242010210406,0.0,False,25.0,28.162352321445276,0.13074065690974393,18.060035591097243,marginal,solar_biomass_hybrid,95% cropland/tree cover - sago/coconut residue,Tunguwatu,Pulau-Pulau Aru,Kepulauan Aru,intermittent,154454.6412710984,0,Mikro Hidro Kelas A (PLTMH),Ohoimajang,Maluku Tenggara,74051.40978038484,PLTS Terpusat,30.0,Warabal,2014,637654.2382742278,GI 150 kV Aimas (60 MVA No.1 dan 2),60.0,150 kV,Operasi,26192.647177439285,PLTD Kso Gtp-Pym-Kbt Dobo,3.0,PLTD,HSD,True,3.9260001200000003,0.16096599,-5.785082670098388,134.47923909120655
81.07.01.2009,3.2610988713728863,15.62936335136149,30.586159256953813,78.0,4958.5323975592755,11.76,3.844533791782991,0.7016437939875788,994.2060903052244,0.0,False,98.88813405076544,74.23722429163354,0.0,False,11.76,28.489226863919402,0.09245361015236092,12.91943584206306,marginal,grid_extension,1.0 km from a reliably-lit settlement,Wokam,Pulau-Pulau Aru,Kepulauan Aru,intermittent,129484.3963483052,0,Mikro Hidro Kelas A (PLTMH),Ohoimajang,Maluku Tenggara,95809.62612803976,PLTS Terpusat,30.0,Warabal,2014,618381.8080535979,GI 150 kV Aimas (60 MVA No.1 dan 2),60.0,150 kV,Operasi,11773.513787945212,PLTD Dobo,7.2,PLTD,HSD,True,4.21199989,0.172692,-5.715923872480544,134.26449835708505
81.07.01.2010,3.2051075097028088,12.661993256149893,25.66525828280459,68.0,5382.005254902352,5.67,3.844533791782991,0.5436063144107813,994.2022870120547,0.0,False,99.13077045033117,50.96068156703384,0.0,False,5.67,27.999050878534877,0.048382752719584504,6.6446620154673655,none,grid_extension,1.0 km from a reliably-lit settlement,Karangguli,Pulau-Pulau Aru,Kepulauan Aru,intermittent,133563.72586480906,0,Mikro Hidro Kelas A (PLTMH),Ohoimajang,Maluku Tenggara,91438.16484903247,PLTS Terpusat,30.0,Warabal,2014,622528.8388538884,GI 150 kV Aimas (60 MVA No.1 dan 2),60.0,150 kV,Operasi,10410.66882755497,PLTD Dobo,7.2,PLTD,HSD,True,4.23150015,0.173492,-5.740822957903461,134.295223195836
81.07.01.2015,3.1999354654711993,17.58811897074092,32.485213642759824,63.0,4236.567338724253,3.57,3.844533791782991,0.8809930255454224,497.1371635424171,0.0,False,96.85735797436796,76.0860521780472,0.0,False,3.57,27.95377497431565,0.02397980942295406,3.287949994010217,none,grid_extension,0.5 km from a reliably-lit settlement,Samang,Pulau-Pulau Aru,Kepulauan Aru,intermittent,126876.20460575809,0,Mikro Hidro Kelas A (PLTMH),Ohoimajang,Maluku Tenggara,99317.29587709095,PLTS Terpusat,30.0,Warabal,2014,614701.8756587621,GI 150 kV Aimas (60 MVA No.1 dan 2),60.0,150 kV,Operasi,14827.277785871598,PLTD Dobo,7.2,PLTD,HSD,True,4.1015000299999995,0.168161,-5.6867242838601735,134.24870799173414
81.07.02.2001,2.832836231593041,14.488645412582759,19.467424038371686,53.0,2523.380263773225,173.88,2.850542064180681,0.6150070289398416,21641.638196137093,0.0,False,93.9351927706288,37.40416560184004,0.0,False,25.0,24.741323401062026,0.10001982907523249,12.138025509267788,marginal,solar_battery,uniform equatorial irradiance; no discriminating alternative,Jerol,Aru Selatan,Kepulauan Aru,intermittent,170080.2534761269,0,Mikro Hidro Kelas A (PLTMH),Ohoimajang,Maluku Tenggara,33119.710675433766,PLTS Terpusat,30.0,Beltubur,2016,690186.82595584,GI 150 kV Aimas (60 MVA No.1 dan 2),60.0,150 kV,Operasi,3073.2779953156187,PLTD Jerol,0.6,PLTD,HSD,True,3.98449993,0.16336399000000001,-6.5103100751161005,134.17090405467496
81.07.02.2003,2.1012767496030325,11.226024418517023,16.33360300606076,47.0,2554.4731302484247,149.31,3.2859833990033605,0.5555480033984705,17222.122424733254,0.0,False,66.75656795461194,60.042582613562786,0.0,False,25.0,18.34532442644786,0.10125226448536691,9.11106516859763,none,solar_battery,uniform equatorial irradiance; no discriminating alternative,Kabalukin,Aru Selatan,Kepulauan Aru,intermittent,166000.9687438665,0,Mikro Hidro Kelas A (PLTMH),Ohoimajang,Maluku Tenggara,36556.18098163332,PLTS Terpusat,30.0,Beltubur,2016,687176.1482318497,GI 150 kV Aimas (60 MVA No.1 dan 2),60.0,150 kV,Operasi,6541.678807211354,PLTD Jerol,0.6,PLTD,HSD,True,3.98449993,0.16336399000000001,-6.505710724708716,134.1200322741277
81.07.02.2004,2.2594142888270663,11.486489687206731,20.744339539592414,52.0,2512.7287993508817,141.75,3.24886179335438,0.5577163041078677,14709.891043104297,0.0,False,50.68457325912028,44.126817346018136,0.0,False,25.0,19.727336028116515,0.09959763442378876,9.637324389238987,none,solar_battery,uniform equatorial irradiance; no discriminating alternative,Kalar-Kalar,Aru Selatan,Kepulauan Aru,intermittent,173048.26917703007,0,Mikro Hidro Kelas A (PLTMH),Ohoimajang,Maluku Tenggara,29438.320126545274,PLTS Terpusat,30.0,Beltubur,2016,694819.3909473853,GI 150 kV Aimas (60 MVA No.1 dan 2),60.0,150 kV,Operasi,10971.542612851308,PLTD Jerol,0.6,PLTD,HSD,True,4.02349997,0.16496301000000002,-6.574217550780383,134.1369550335012
81.07.02.2006,2.5394234150880837,11.721679311343511,22.20795527865671,56.0,2505.418552543468,98.07,4.134293116308809,0.7233941949116898,13853.976791430683,0.0,False,65.54514854942703,29.341862034564738,0.0,False,25.0,22.17517188668045,0.09930787641677241,10.80164006943764,marginal,solar_biomass_hybrid,72% cropland/tree cover - sago/coconut residue,Ngaiguli,Aru Selatan,Kepulauan Aru,intermittent,178444.1266974991,0,Mikro Hidro Kelas A (PLTMH),Ohoimajang,Maluku Tenggara,25380.68928930211,PLTS Terpusat,30.0,Beltubur,2016,701422.843765435,GI 150 kV Aimas (60 MVA No.1 dan 2),60.0,150 kV,Operasi,19348.15716507596,PLTD Jerol,0.6,PLTD,HSD,True,4.08199978,0.167362,-6.648524906161426,134.12086761703486
81.07.02.2008,3.0093076022086436,14.548283666897976,39.975655730982005,106.0,3097.793495425178,23.31,5.751238160037229,0.82161227480657,15595.518896665479,0.0,False,77.97281598036115,29.301578806529328,0.0,False,23.31,26.28533757590392,0.11448751645478326,14.760827504471287,marginal,wind_solar_hybrid,mean 50 m wind 5.8 m/s (ERA5 coarse - met mast required),Ngaibor,Aru Selatan,Kepulauan Aru,intermittent,186822.61058746433,0,Mikro Hidro Kelas A (PLTMH),Langgiar Haar,Maluku Tenggara,16494.783844615296,PLTS Terpusat,20.0,Batu Goyang,2016,711277.6752233739,GI 150 kV Aimas (60 MVA No.1 dan 2),60.0,150 kV,Operasi,31818.9069919579,PLTD Jerol,0.6,PLTD,HSD,True,4.1795001,0.17136,-6.758539760419817,134.09717729583144
81.07.02.2026,2.5746314794477483,16.194463586225755,27.663718925616987,59.0,2705.5460388239476,51.87,2.7646393489625676,0.8085959281339493,28123.85790597771,0.0,False,97.60572516567994,47.91994083387262,0.0,False,25.0,22.483032981785186,0.10724037761700707,11.826391284751825,marginal,solar_biomass_hybrid,81% cropland/tree cover - sago/coconut residue,Lor-lor,Aru Selatan,Kepulauan Aru,intermittent,172163.02644305155,0,Mikro Hidro Kelas A (PLTMH),Ohoimajang,Maluku Tenggara,34948.717451369186,PLTS Terpusat,30.0,Beltubur,2016,689601.7219651964,GI 150 kV Aimas (60 MVA No.1 dan 2),60.0,150 kV,Operasi,8221.531628636138,PLTD Jerol,0.6,PLTD,HSD,True,3.88050008,0.15910099000000003,-6.464871886563555,134.2467808336427
81.07.02.2027,2.6794537487214747,11.70214020922386,20.88058713393714,55.0,2447.377619794372,258.71999999999997,3.4956588101684445,0.44961431513561473,23862.29444515971,0.0,False,47.06994767941449,51.72603040447837,0.0,False,25.0,23.39970584859666,0.09700729403675055,11.134066224306753,marginal,solar_battery,uniform equatorial irradiance; no discriminating alternative,Gaimar,Aru Selatan,Kepulauan Aru,intermittent,184471.18089437578,0,Mikro Hidro Kelas A (PLTMH),Ohoimajang,Maluku Tenggara,18079.657198593497,PLTS Terpusat,30.0,Beltubur,2016,705355.3325756466,GI 150 kV Aimas (60 MVA No.1 dan 2),60.0,150 kV,Operasi,17977.654183406285,PLTD Jerol,0.6,PLTD,HSD,True,4.04949999,0.16602901,-6.637589901655513,134.22200733596264
81.07.02.2029,2.159729590864936,11.637415499978635,32.78487955063116,58.0,2460.8374910747057,313.53,2.9807247161303776,0.9281642991943932,29343.818274680954,0.0,False,92.74856416990372,35.866163844981166,0.0,False,25.0,18.85612768726511,0.09754080618478507,9.021481500562217,none,solar_biomass_hybrid,93% cropland/tree cover - sago/coconut residue,Doka Barat,Aru Selatan,Kepulauan Aru,intermittent,184245.63918610034,0,Mikro Hidro Kelas A (PLTMH),Ohoimajang,Maluku Tenggara,24039.236575047216,PLTS Terpusat,30.0,Beltubur,2016,701797.9830914629,GI 150 kV Aimas (60 MVA No.1 dan 2),60.0,150 kV,Operasi,16985.186628786854,PLTD Jerol,0.6,PLTD,HSD,True,3.98449993,0.16336399000000001,-6.555812511171648,134.30972958684657
81.07.02.2031,2.3612068535552266,11.35849432760025,27.055261196246423,69.0,2360.2570472746565,63.629999999999995,4.218398385797226,0.7819220728217757,29722.204216713137,0.0,False,79.22225475149116,48.100374365247085,0.0,False,25.0,20.617089839481977,0.09355407499661722,9.460826632214244,none,solar_biomass_hybrid,78% cropland/tree cover - sago/coconut residue,Jelia,Aru Selatan,Kepulauan Aru,intermittent,192012.82288926395,0,Mikro Hidro Kelas A (PLTMH),Ohoimajang,Maluku Tenggara,11361.132696617698,PLTS Terpusat,30.0,Beltubur,2016,712117.438269448,GI 150 kV Aimas (60 MVA No.1 dan 2),60.0,150 kV,Operasi,24464.92556610142,PLTD Jerol,0.6,PLTD,HSD,True,4.1079998,0.16842800000000002,-6.6743428309391115,134.28380454580665
81.07.03.2001,4.0601840785468974,25.734762796715817,30.211962330403153,83.0,3118.7274629310887,534.66,2.878688050952069,0.7823834110565189,13818.848260618539,0.19135754646487113,True,97.20334044636756,51.878529640526196,0.0,False,25.0,35.49121822531539,0.12361774887949839,21.519924782332144,marginal,resource_present_but_screened,"19% of village inside a protected area - non-viable without deep community and regulator engagement; flagged for policy pathway, not commercial deployment",Benjina,Aru Tengah,Kepulauan Aru,dark_settled,152963.51886578026,0,Mikro Hidro Kelas A (PLTMH),Ohoimajang,Maluku Tenggara,68626.30124001893,PLTS Terpusat,30.0,Warabal,2014,659793.0165385831,GI 150 kV Aimas (60 MVA No.1 dan 2),60.0,150 kV,Operasi,34873.605960803754,PLTD Kso Gtp-Pym-Kbt Dobo,3.0,PLTD,HSD,True,3.84150004,0.157502,-6.128972067677742,134.29986570759488
81.07.03.2003,4.125971582951468,24.643378852300607,33.36527564463235,84.0,2605.012245569433,383.25,2.613988517661724,0.6889534943312616,30846.92311692124,0.0,False,99.16613234635764,43.75773950242037,0.0,False,25.0,36.06826241681345,0.10325549552770774,18.267428144033563,marginal,solar_battery,uniform equatorial irradiance; no discriminating alternative,Gardakau,Aru Tengah,Kepulauan Aru,dark_settled,160849.28710163993,0,Mikro Hidro Kelas A (PLTMH),Ohoimajang,Maluku Tenggara,60329.84790899465,PLTS Terpusat,30.0,Beltubur,2016,670376.3758545652,GI 150 kV Aimas (60 MVA No.1 dan 2),60.0,150 kV,Operasi,32240.61754176041,PLTD Jerol,0.6,PLTD,HSD,True,3.7895000000000003,0.15536999999999998,-6.229401388195593,134.31619472813105
81.07.03.2004,3.1216165934713724,18.51666396519684,35.26228511109101,86.0,3375.0117929319554,373.8,2.404641950370208,0.8400128401448724,40017.30022264589,0.9936767112737076,True,99.59005661031311,44.55672944418927,0.0,False,25.0,27.2682295831768,0.13377615237078086,17.892649488620425,marginal,resource_present_but_screened,"99% of village inside a protected area - non-viable without deep community and regulator engagement; flagged for policy pathway, not commercial deployment",Irloy,Aru Tengah,Kepulauan Aru,dark_settled,169390.72071100035,0,Mikro Hidro Kelas A (PLTMH),Ohoimajang,Maluku Tenggara,52449.72620035933,PLTS Terpusat,30.0,Warabal,2014,673729.1939187133,GI 150 kV Aimas (60 MVA No.1 dan 2),60.0,150 kV,Operasi,42755.26468731002,PLTD Jerol,0.6,PLTD,HSD,True,3.81550002,0.15643600000000002,-6.196647377294589,134.4328979159949
81.07.03.2006,2.4761375503226812,24.58337070067738,25.65124783082682,55.0,3045.4071696028104,166.32,2.7439514576551165,0.7835457028182334,50157.22219431614,0.0,False,99.58422293586275,42.75227306603073,0.0,False,25.0,21.621839116988394,0.120711534817463,12.802076415327786,marginal,solar_biomass_hybrid,78% cropland/tree cover - sago/coconut residue,Lorang,Aru Tengah,Kepulauan Aru,dark_settled,181087.63443823528,0,Mikro Hidro Kelas A (PLTMH),Ohoimajang,Maluku Tenggara,47816.52919873844,PLTS Terpusat,30.0,Beltubur,2016,690252.7084985173,GI 150 kV Aimas (60 MVA No.1 dan 2),60.0,150 kV,Operasi,32754.306586999803,PLTD Jerol,0.6,PLTD,HSD,True,3.86100006,0.158301,-6.362013706615867,134.44492552525864
81.07.03.2007,2.4606984254271254,19.808233414115673,25.473593786933193,62.0,2534.2250310645377,84.21,3.4646817509531314,0.7234442756259845,53092.90187639257,0.34873187701835173,True,99.39221189426473,27.527963577089555,0.0,False,25.0,21.48685695453915,0.10044968571888231,10.586697078174039,marginal,resource_present_but_screened,"35% of village inside a protected area - non-viable without deep community and regulator engagement; flagged for policy pathway, not commercial deployment",Murai,Aru Tengah,Kepulauan Aru,intermittent,188504.33292732606,0,Mikro Hidro Kelas A (PLTMH),Ohoimajang,Maluku Tenggara,38970.12102434293,PLTS Terpusat,30.0,Warabal,2014,693830.5053669959,GI 150 kV Aimas (60 MVA No.1 dan 2),60.0,150 kV,Operasi,43631.41449713021,PLTD Jerol,0.6,PLTD,HSD,False,,,-6.341791778960457,134.5430530997286
81.07.03.2008,3.0248399900950322,13.893119254927475,15.999219461428382,43.0,3150.5164736237302,15.33,3.005723646949167,0.6838866920797828,59131.988785153335,0.0,False,99.37020741383388,35.827546896051416,0.0,False,15.33,26.421259775236837,0.07657505317835456,9.923841971268256,none,solar_battery,uniform equatorial irradiance; no discriminating alternative,Manjau,Aru Tengah,Kepulauan Aru,dark_settled,182277.2812631401,0,Mikro Hidro Kelas A (PLTMH),Ohoimajang,Maluku Tenggara,44779.98317587896,PLTS Terpusat,30.0,Warabal,2014,688760.0093356167,GI 150 kV Aimas (60 MVA No.1 dan 2),60.0,150 kV,Operasi,39146.654245157566,PLTD Jerol,0.6,PLTD,HSD,True,4.0625,0.16656201,-6.32072653002489,134.48904712273404
81.07.03.2009,2.6388665755103085,15.406286542356032,20.41366545643724,42.0,2474.3739294495467,74.75999999999999,3.995809225732815,0.49660433208881294,62305.80474625237,0.028733479538512765,False,98.16215551158841,47.089035529694776,0.0,False,25.0,23.044751911875085,0.09807735324111916,11.086125382081226,marginal,solar_battery,uniform equatorial irradiance; no discriminating alternative,Kwarbola,Aru Tengah,Kepulauan Aru,intermittent,190478.77033860594,0,Mikro Hidro Kelas A (PLTMH),Ohoimajang,Maluku Tenggara,35377.303091409,PLTS Terpusat,30.0,Warabal,2014,694280.1436828604,GI 150 kV Aimas (60 MVA No.1 dan 2),60.0,150 kV,Operasi,47445.2932321361,PLTD Jerol,0.6,PLTD,HSD,True,4.32250023,0.177223,-6.327603100608791,134.57452929428104
81.07.03.2030,2.827416833520684,12.109948963907257,20.428179259709122,43.0,2238.207117263551,10.5,4.152468708414104,0.5308763056550913,69179.8323079512,0.007655281374268615,False,98.26275859875915,39.747021817695114,0.0,False,10.5,24.693914654036526,0.03726086810512951,4.5131723984091785,none,solar_battery,uniform equatorial irradiance; no discriminating alternative,Kobasel Timur,Aru Tengah,Kepulauan Aru,intermittent,203763.16259128565,0,Mikro Hidro Kelas A (PLTMH),Ohoimajang,Maluku Tenggara,37142.49993078069,PLTS Terpusat,30.0,Warabal,2014,711200.5499236321,GI 150 kV Aimas (60 MVA No.1 dan 2),60.0,150 kV,Operasi,47974.13542411865,PLTD Jerol,0.6,PLTD,HSD,True,4.42000008,0.18122,-6.48472941859633,134.6088343184144
81.07.03.2031,2.627325529654794,16.32551091953307,18.865435891527937,46.0,2400.5004519325025,236.04,3.2859928578507454,0.5981381755416425,58480.51070148285,0.03974714694732649,False,99.23499971154429,33.89735857485901,0.0,False,25.0,22.943824280576006,0.09514921248464069,10.708040811304059,marginal,solar_battery,uniform equatorial irradiance; no discriminating alternative,Fatlabata,Aru Tengah,Kepulauan Aru,intermittent,194198.7739866611,0,Mikro Hidro Kelas A (PLTMH),Ohoimajang,Maluku Tenggara,40080.86040087985,PLTS Terpusat,30.0,Beltubur,2016,704219.5398530979,GI 150 kV Aimas (60 MVA No.1 dan 2),60.0,150 kV,Operasi,37198.068310951414,PLTD Jerol,0.6,PLTD,HSD,True,4.25750017,0.17455800000000002,-6.46912716211159,134.51101132181705
81.07.03.2033,4.2942764420654145,30.133282652974245,39.486084030707914,76.0,2624.1630123529367,290.64,2.244352429539865,0.8355558169982442,28428.054741311444,0.0,False,98.28026229602025,50.918766029866504,0.0,False,25.0,37.544959378908175,0.10401457906650086,19.155119530472767,marginal,solar_biomass_hybrid,84% cropland/tree cover - sago/coconut residue,Wakua,Aru Tengah,Kepulauan Aru,intermittent,167012.34626383302,0,Mikro Hidro Kelas A (PLTMH),Ohoimajang,Maluku Tenggara,56043.02831271959,PLTS Terpusat,30.0,Warabal,2014,656394.0763877229,GI 150 kV Aimas (60 MVA No.1 dan 2),60.0,150 kV,Operasi,35608.76227710307,PLTD Kso Gtp-Pym-Kbt Dobo,3.0,PLTD,HSD,True,3.88700008,0.159367,-5.946216189122422,134.5410241268832
81.07.03.2035,3.274603057503232,20.597077294867127,44.935168702153746,87.0,3268.959732878089,95.55,2.2424457183576454,0.9454603049413163,26260.210468977588,0.5850315156608592,True,98.72152064880257,46.32757595621753,0.0,False,25.0,28.6074573023359,0.12957254141608357,18.181564340697804,marginal,resource_present_but_screened,"59% of village inside a protected area - non-viable without deep community and regulator engagement; flagged for policy pathway, not commercial deployment",Maririmar,Aru Tengah,Kepulauan Aru,intermittent,161475.82739935155,0,Mikro Hidro Kelas A (PLTMH),Ohoimajang,Maluku Tenggara,58167.50719872426,PLTS Terpusat,30.0,Warabal,2014,661562.9790941222,GI 150 kV Aimas (60 MVA No.1 dan 2),60.0,150 kV,Operasi,34487.24224286696,PLTD Kso Gtp-Pym-Kbt Dobo,3.0,PLTD,HSD,True,3.73749995,0.153237,-6.074882824085647,134.42293686038533
81.07.03.2036,3.4962401238590566,19.243348343316274,45.12668603017156,88.0,3462.3229974957144,49.35,2.169585726848838,0.9362862170210381,24005.07750098143,0.47968457945449045,True,98.83132662917399,48.63437920763803,0.0,False,25.0,30.548376356349497,0.13723692753899172,20.563551857568154,marginal,resource_present_but_screened,"48% of village inside a protected area - non-viable without deep community and regulator engagement; flagged for policy pathway, not commercial deployment",Papakula,Aru Tengah,Kepulauan Aru,intermittent,158823.8287865554,0,Mikro Hidro Kelas A (PLTMH),Ohoimajang,Maluku Tenggara,61051.85304196879,PLTS Terpusat,30.0,Warabal,2014,660746.3879074535,GI 150 kV Aimas (60 MVA No.1 dan 2),60.0,150 kV,Operasi,33648.96386070355,PLTD Kso Gtp-Pym-Kbt Dobo,3.0,PLTD,HSD,True,3.75049996,0.15377,-6.087062782960202,134.38839359825317
81.07.03.2037,4.136830524959425,19.10251523018932,41.39290256732356,58.0,2660.563086044293,0.42,2.9087759667654813,0.9223924001550989,25012.456470476867,0.0,False,83.2645148783561,54.93810178817057,0.0,False,0.42,36.16351897763981,0.0017716839423810929,0.3142649484054874,none,solar_biomass_hybrid,92% cropland/tree cover - sago/coconut residue,Tanah Miring,Aru Tengah,Kepulauan Aru,intermittent,151295.1135714224,0,Mikro Hidro Kelas A (PLTMH),Ohoimajang,Maluku Tenggara,68397.51964146656,PLTS Terpusat,30.0,Warabal,2014,653306.2700198069,GI 150 kV Aimas (60 MVA No.1 dan 2),60.0,150 kV,Operasi,26437.60056197515,PLTD Kso Gtp-Pym-Kbt Dobo,3.0,PLTD,HSD,True,3.87400007,0.158834,-6.039448210820595,134.33736159300346
81.07.03.2039,3.7121114952068592,18.499696700389933,44.685975845081586,85.0,3539.4351399660086,19.74,2.401290619804472,0.9636919247729475,22474.622162077052,0.3847292801264676,True,99.43805541950705,39.09117975437291,0.0,False,19.74,32.43968576265108,0.1107757002519803,17.626259285459717,marginal,resource_present_but_screened,"38% of village inside a protected area - non-viable without deep community and regulator engagement; flagged for policy pathway, not commercial deployment",Namara,Aru Tengah,Kepulauan Aru,dark_settled,156271.2118995697,0,Mikro Hidro Kelas A (PLTMH),Ohoimajang,Maluku Tenggara,63953.02213306453,PLTS Terpusat,30.0,Warabal,2014,659790.5764262592,GI 150 kV Aimas (60 MVA No.1 dan 2),60.0,150 kV,Operasi,33063.6839751969,PLTD Kso Gtp-Pym-Kbt Dobo,3.0,PLTD,HSD,True,3.83500004,0.157235,-6.096200537785058,134.35611663949965
81.07.03.2043,2.4264574152054093,22.02906730091503,30.33139131648094,59.0,2578.617018102162,14.07,3.9371481903153978,0.8618917213528521,22501.899694109165,0.0,False,98.36670717717479,35.07234964071269,0.0,False,14.07,21.18750360017141,0.05752337240724477,5.978099517165109,none,solar_biomass_hybrid,86% cropland/tree cover - sago/coconut residue,Maijuring,Aru Tengah,Kepulauan Aru,dark_settled,136748.87621035153,0,Mikro Hidro Kelas A (PLTMH),Ohoimajang,Maluku Tenggara,81892.879781061,PLTS Terpusat,30.0,Beltubur,2016,645291.9404186825,GI 150 kV Aimas (60 MVA No.1 dan 2),60.0,150 kV,Operasi,26412.917531272215,PLTD Kso Gtp-Pym-Kbt Dobo,3.0,PLTD,HSD,True,3.98449993,0.16336399000000001,-6.048042608313789,134.17787350716947
81.07.03.2045,3.8587794249525293,21.05652725396662,54.07246029067865,95.0,3137.4589130666923,123.89999999999999,2.232554575592147,0.9750922211156546,23194.876833985345,0.0,False,99.62242042092188,42.615358459815816,0.0,False,25.0,33.725208817388825,0.1243602118636912,20.571933527589124,marginal,solar_biomass_hybrid,98% cropland/tree cover - sago/coconut residue,Selibata-bata,Aru Tengah,Kepulauan Aru,dark_settled,158472.3780572145,0,Mikro Hidro Kelas A (PLTMH),Ohoimajang,Maluku Tenggara,63163.07974794646,PLTS Terpusat,30.0,Warabal,2014,650803.8174433077,GI 150 kV Aimas (60 MVA No.1 dan 2),60.0,150 kV,Operasi,27202.175466179335,PLTD Kso Gtp-Pym-Kbt Dobo,3.0,PLTD,HSD,True,3.75049996,0.15377,-5.93763046049286,134.4607960717337
81.07.04.2001,2.7820757778490353,14.092428043115255,34.205501900031365,77.0,3960.8739703370684,25.2,5.112485261647075,0.7814420664130822,36022.02013092131,0.0,False,98.42936878757311,47.88024311547991,0.0,False,25.0,24.297289604096985,0.15699811209162023,18.71075326723816,marginal,wind_solar_hybrid,mean 50 m wind 5.1 m/s (ERA5 coarse - met mast required),Marlasi,Aru Utara,Kepulauan Aru,intermittent,161863.22384448827,0,Mikro Hidro Kelas A (PLTMH),Ohoimajang,Maluku Tenggara,96578.03977944085,PLTS Terpusat,30.0,Warabal,2014,618441.2261144089,GI 150 kV Aimas (60 MVA No.1 dan 2),60.0,150 kV,Operasi,54301.039275494615,PLTD Dobo,7.2,PLTD,HSD,True,4.23150015,0.173492,-5.488288766945418,134.60515769244518
81.07.04.2002,2.493350401157389,10.627969011334974,26.48883762552508,50.0,3330.3341390801475,7.9799999999999995,5.112485261647075,0.8897140475489582,43764.7633290756,0.0,False,98.44344819947182,35.4825669530066,0.0,False,7.9799999999999995,21.77233243290095,0.04213607691187782,4.499850305693782,none,wind_solar_hybrid,mean 50 m wind 5.1 m/s (ERA5 coarse - met mast required),Kolamar,Aru Utara,Kepulauan Aru,intermittent,166191.873574979,0,Mikro Hidro Kelas A (PLTMH),Ohoimajang,Maluku Tenggara,92878.5955963132,PLTS Terpusat,30.0,Warabal,2014,622915.2888654566,GI 150 kV Aimas (60 MVA No.1 dan 2),60.0,150 kV,Operasi,55801.4944286452,PLTD Dobo,7.2,PLTD,HSD,True,4.40700006,0.18068700000000001,-5.511032433974348,134.64240346567524
81.07.04.2004,2.6728972145467327,12.360357809165848,15.664048693292012,36.0,5823.615615993188,37.379999999999995,5.112485261647075,0.39513963773891564,44722.03583141369,0.0,False,94.70972904710104,58.45358748909324,0.0,False,25.0,23.34236428616354,0.23083204972068386,26.4289532171274,marginal,wind_solar_hybrid,mean 50 m wind 5.1 m/s (ERA5 coarse - met mast required),Tasinwaha,Aru Utara,Kepulauan Aru,intermittent,163065.6277773798,0,Mikro Hidro Kelas A (PLTMH),Ohoimajang,Maluku Tenggara,100445.51233195869,PLTS Terpusat,30.0,Warabal,2014,615640.3316318241,GI 150 kV Aimas (60 MVA No.1 dan 2),60.0,150 kV,Operasi,58570.57410668501,PLTD Dobo,7.2,PLTD,HSD,True,4.29650021,0.176157,-5.4470825434340995,134.61881976171725
81.07.04.2005,2.885769478161884,13.58401349848869,26.639933785340936,57.0,3105.153769943209,40.32,5.112485261647075,0.8021663943425305,40952.97552071156,0.0,False,94.43137214474771,70.80547112462008,0.0,False,25.0,25.204405470662365,0.12307972515312696,15.216052116577643,marginal,wind_solar_hybrid,mean 50 m wind 5.1 m/s (ERA5 coarse - met mast required),Foket,Aru Utara,Kepulauan Aru,intermittent,159997.39416955636,0,Mikro Hidro Kelas A (PLTMH),Ohoimajang,Maluku Tenggara,99547.26724788781,PLTS Terpusat,30.0,Warabal,2014,615386.5188083573,GI 150 kV Aimas (60 MVA No.1 dan 2),60.0,150 kV,Operasi,54885.53384786029,PLTD Dobo,7.2,PLTD,HSD,True,4.21199989,0.172692,-5.4653197282258095,134.58996215710943
81.07.04.2006,2.745990331041667,12.474629105102748,12.697468162138906,30.0,5471.690869648665,49.769999999999996,,0.15291455574550805,42961.203768269224,0.0,False,94.37898119034075,83.1332357247438,0.0,False,25.0,23.9816506662482,0.2168827240950289,25.511914080101203,marginal,solar_battery,uniform equatorial irradiance; no discriminating alternative,Kaibolafin,Aru Utara,Kepulauan Aru,dark_settled,159427.83749225127,0,Mikro Hidro Kelas A (PLTMH),Ohoimajang,Maluku Tenggara,103154.38560103964,PLTS Terpusat,30.0,Warabal,2014,612185.7739479177,GI 150 kV Aimas (60 MVA No.1 dan 2),60.0,150 kV,Operasi,57356.846201859364,PLTD Dobo,7.2,PLTD,HSD,True,4.28350019,0.175624,-5.432079960458466,134.58664218268686
81.07.04.2007,2.9201028397160944,12.071378449484635,27.153998304959543,48.0,3998.8015256513254,12.6,5.112485261647075,0.8117036666110276,37104.890228159275,0.0,False,98.5611355129065,93.52036009630483,0.0,False,12.6,25.504791017825866,0.07988473367454133,9.9936600628203,none,wind_solar_hybrid,mean 50 m wind 5.1 m/s (ERA5 coarse - met mast required),Wahangula-Ngula,Aru Utara,Kepulauan Aru,intermittent,155803.2519785189,0,Mikro Hidro Kelas A (PLTMH),Ohoimajang,Maluku Tenggara,101536.42114947297,PLTS Terpusat,30.0,Warabal,2014,612499.0318648914,GI 150 kV Aimas (60 MVA No.1 dan 2),60.0,150 kV,Operasi,52489.0041845029,PLTD Dobo,7.2,PLTD,HSD,True,4.19899988,0.172159,-5.460412963206434,134.55231312425565
81.07.04.2008,3.325976024369794,18.60807668583414,28.64282594090009,54.0,5189.6474082891855,42.21,,0.7646194908956595,33119.644346765715,0.0,False,98.89916781718361,85.5346137308299,0.0,False,25.0,29.057261782974226,0.20570329973241638,29.318041559887263,marginal,solar_biomass_hybrid,76% cropland/tree cover - sago/coconut residue,Wahayum,Aru Utara,Kepulauan Aru,dark_settled,151466.11534880576,0,Mikro Hidro Kelas A (PLTMH),Ohoimajang,Maluku Tenggara,103914.84438619384,PLTS Terpusat,30.0,Warabal,2014,609369.4179208047,GI 150 kV Aimas (60 MVA No.1 dan 2),60.0,150 kV,Operasi,50433.55238633458,PLTD Dobo,7.2,PLTD,HSD,True,4.17299986,0.17109300000000002,-5.453493552307598,134.51349174564535
81.07.04.2009,9.81817078541193,86.2384192158312,67.88462854640264,2187.0,5122.915616968358,3.57,,0.43780005505170533,40080.835768169796,0.0,False,97.16448317771383,90.44344839093887,0.0,False,3.57,60.0,0.02899671605875355,8.53373353609117,none,solar_battery,uniform equatorial irradiance; no discriminating alternative,Warialau,Aru Utara,Kepulauan Aru,dark_settled,156583.26093853058,0,Mikro Hidro Kelas A (PLTMH),Ohoimajang,Maluku Tenggara,110319.39277457113,PLTS Terpusat,30.0,Warabal,2014,605233.8458615958,GI 150 kV Aimas (60 MVA No.1 dan 2),60.0,150 kV,Operasi,60919.98744342025,PLTD Dobo,7.2,PLTD,HSD,True,4.472000120000001,0.18335199000000002,-5.3722949637345545,134.5622986117996
81.07.04.2010,4.406528250804708,17.3618694562515,15.97385234150237,38.0,4876.448521488275,0.63,,0.7033781014440238,32353.845069017683,0.0,False,93.70014147634726,97.89553418521935,0.0,False,0.63,38.530210778225126,0.004870881799431782,0.9205512823108821,none,solar_biomass_hybrid,70% cropland/tree cover - sago/coconut residue,Jerwatu,Aru Utara,Kepulauan Aru,dark_settled,147358.88132620705,0,Mikro Hidro Kelas A (PLTMH),Ohoimajang,Maluku Tenggara,106624.30342334493,PLTS Terpusat,30.0,Warabal,2014,606114.6939054804,GI 150 kV Aimas (60 MVA No.1 dan 2),60.0,150 kV,Operasi,49109.548948563584,PLTD Dobo,7.2,PLTD,HSD,True,4.30299997,0.176423,-5.44344898183471,134.47691507615536
81.07.04.2013,2.1550997077164835,7.426837243280865,20.574782110522555,39.0,5331.732737027128,2.94,,0.7004429550435418,47798.15733471062,0.0,False,98.55622042861118,35.424474498940874,0.0,False,2.94,18.81566699579371,0.024853015992611232,2.293705886878522,none,solar_biomass_hybrid,70% cropland/tree cover - sago/coconut residue,Selmona,Aru Utara,Kepulauan Aru,intermittent,170255.4558964598,0,Mikro Hidro Kelas A (PLTMH),Ohoimajang,Maluku Tenggara,90623.23413679269,PLTS Terpusat,30.0,Warabal,2014,626222.8987543946,GI 150 kV Aimas (60 MVA No.1 dan 2),60.0,150 kV,Operasi,58293.20277671905,PLTD Kso Gtp-Pym-Kbt Dobo,3.0,PLTD,HSD,True,4.43949986,0.182019,-5.521704663478005,134.67824979222257
81.07.05.2001,2.701653427593815,10.545433167899516,6.254178650753845,27.0,4810.665984806418,1.05,,0.4167583494568586,59727.57166083349,0.0,False,93.59021344892514,23.090799759470837,0.0,False,1.05,23.593862425293285,0.008008623928283136,0.9268211906370376,none,solar_battery,uniform equatorial irradiance; no discriminating alternative,Kabalsiang,Aru Utara Timur Batuley,Kepulauan Aru,intermittent,187241.53785219172,0,Mikro Hidro Kelas A (PLTMH),Ohoimajang,Maluku Tenggara,64517.96362455525,PLTS Terpusat,30.0,Warabal,2014,653288.9943872245,GI 150 kV Aimas (60 MVA No.1 dan 2),60.0,150 kV,Operasi,62000.67538551215,PLTD Kso Gtp-Pym-Kbt Dobo,3.0,PLTD,HSD,True,4.36149979,0.178821,-5.735449190895493,134.7990370367249
81.07.05.2002,2.564392660844985,9.498035797035095,6.924098047205593,22.0,4058.8520312407504,0.84,,0.40026501852227997,59012.60864703512,0.0,False,92.47910054957815,72.18599376240432,0.0,False,0.84,22.393502490106282,0.0054056248513480315,0.5937545348571347,none,solar_battery,uniform equatorial irradiance; no discriminating alternative,Benjuring,Aru Utara Timur Batuley,Kepulauan Aru,intermittent,187054.28165519005,0,Mikro Hidro Kelas A (PLTMH),Ohoimajang,Maluku Tenggara,63341.46918461895,PLTS Terpusat,30.0,Warabal,2014,654035.8902345581,GI 150 kV Aimas (60 MVA No.1 dan 2),60.0,150 kV,Operasi,61343.6807233733,PLTD Kso Gtp-Pym-Kbt Dobo,3.0,PLTD,HSD,True,4.35500002,0.17855500000000002,-5.746917515578105,134.79469989044492
81.07.05.2003,2.479818800173189,11.118756898084708,5.1644252561389035,20.0,2578.792107129197,0.63,,0.11574432665518318,56666.24440142915,0.0,False,96.11863172375524,58.61201006832075,0.0,False,0.63,21.6540242458855,0.0025758482805228852,0.2735885448944095,none,solar_battery,uniform equatorial irradiance; no discriminating alternative,Batuley,Aru Utara Timur Batuley,Kepulauan Aru,intermittent,188271.22860673588,0,Mikro Hidro Kelas A (PLTMH),Ohoimajang,Maluku Tenggara,55986.996390364366,PLTS Terpusat,30.0,Warabal,2014,659824.5832523537,GI 150 kV Aimas (60 MVA No.1 dan 2),60.0,150 kV,Operasi,60143.608964983214,PLTD Kso Gtp-Pym-Kbt Dobo,3.0,PLTD,HSD,True,4.32250023,0.177223,-5.815428012637875,134.7887668371596
81.07.05.2004,3.1069439967563977,15.166262502281196,20.369309299194796,45.0,3096.22505319805,221.54999999999998,2.782987294004078,0.49191458555910317,45260.95245214135,0.0,False,98.23034453735205,44.56910163716449,0.0,False,25.0,27.139807985220468,0.12272581546478828,16.337353601398096,marginal,solar_battery,uniform equatorial irradiance; no discriminating alternative,Kumul,Aru Utara Timur Batuley,Kepulauan Aru,intermittent,178968.48864863283,0,Mikro Hidro Kelas A (PLTMH),Ohoimajang,Maluku Tenggara,63042.89209739047,PLTS Terpusat,30.0,Warabal,2014,650903.227881049,GI 150 kV Aimas (60 MVA No.1 dan 2),60.0,150 kV,Operasi,52154.39206848233,PLTD Kso Gtp-Pym-Kbt Dobo,3.0,PLTD,HSD,True,4.21199989,0.172692,-5.770028146702775,134.71385208777093
81.07.05.2006,2.817762052815866,15.70998877555228,20.857412428550465,47.0,3786.9910348849994,4.2,2.5973247473232033,0.31902072947623505,53283.18741697516,0.0,False,96.63998371312486,23.810169491525453,0.0,False,4.2,24.60945599175293,0.02521778657172279,3.044023423390758,none,solar_battery,uniform equatorial irradiance; no discriminating alternative,Sewer,Aru Utara Timur Batuley,Kepulauan Aru,dark_settled,186398.14379446907,0,Mikro Hidro Kelas A (PLTMH),Ohoimajang,Maluku Tenggara,49776.07809944241,PLTS Terpusat,30.0,Warabal,2014,663576.8843313868,GI 150 kV Aimas (60 MVA No.1 dan 2),60.0,150 kV,Operasi,56379.7556004784,PLTD Kso Gtp-Pym-Kbt Dobo,3.0,PLTD,HSD,True,4.34849977,0.178288,-5.8835453090036385,134.75078931471498
81.07.05.2008,2.376614916179247,13.895786817604938,20.475099422780097,58.0,4909.683445090085,195.93,3.5676558182870335,0.6129319367832543,44963.447390456786,0.0,False,97.95473083277241,38.24811732065003,0.0,False,25.0,20.751780666197746,0.19460630093742412,19.80848577560271,marginal,solar_battery,uniform equatorial irradiance; no discriminating alternative,Kompane,Aru Utara Timur Batuley,Kepulauan Aru,dark_settled,176128.88482382317,0,Mikro Hidro Kelas A (PLTMH),Ohoimajang,Maluku Tenggara,73206.57445007544,PLTS Terpusat,30.0,Warabal,2014,642067.0841526962,GI 150 kV Aimas (60 MVA No.1 dan 2),60.0,150 kV,Operasi,53770.458252549324,PLTD Kso Gtp-Pym-Kbt Dobo,3.0,PLTD,HSD,True,4.2249999,0.17322500000000002,-5.67581496028595,134.70897327475868
81.07.05.2009,3.052395223228925,21.601144124569373,48.02181143885889,98.0,3284.996946895997,152.88,2.584996970498107,0.9121638228559747,28548.17881286388,0.0,False,99.68021560458612,64.79330647660368,0.0,False,25.0,26.662402151725175,0.13020821231671728,17.02851054780433,marginal,solar_biomass_hybrid,91% cropland/tree cover - sago/coconut residue,Kobamar,Aru Utara Timur Batuley,Kepulauan Aru,intermittent,167284.82459159708,0,Mikro Hidro Kelas A (PLTMH),Ohoimajang,Maluku Tenggara,66205.849681079,PLTS Terpusat,30.0,Warabal,2014,645459.9118425872,GI 150 kV Aimas (60 MVA No.1 dan 2),60.0,150 kV,Operasi,39286.11879689104,PLTD Kso Gtp-Pym-Kbt Dobo,3.0,PLTD,HSD,True,3.97799993,0.16309801000000002,-5.789864148903105,134.59892822941862
81.07.06.2006,2.6442566079825016,11.7253920929111,26.779907542162515,51.0,4126.699515900301,5.46,4.578624764452926,0.7737206475593211,44669.46176919977,0.0,False,97.21671240888263,58.285358643223915,0.0,False,5.46,23.09188894089604,0.03572390182143525,4.0462932915076575,none,solar_biomass_hybrid,77% cropland/tree cover - sago/coconut residue,Leiting,Sir-Sir,Kepulauan Aru,intermittent,167333.12071336905,0,Mikro Hidro Kelas A (PLTMH),Ohoimajang,Maluku Tenggara,88564.29294828842,PLTS Terpusat,30.0,Warabal,2014,626798.8422372524,GI 150 kV Aimas (60 MVA No.1 dan 2),60.0,150 kV,Operasi,53821.01829112632,PLTD Kso Gtp-Pym-Kbt Dobo,3.0,PLTD,HSD,True,4.28999996,0.17589000000000002,-5.549787018041197,134.6485891926755
81.07.06.2007,2.9755955769337703,17.656134335855505,28.888016694958438,70.0,5044.701159733172,145.73999999999998,3.716813407107827,0.8160599620265843,38394.87136059808,0.0,False,98.963820539347,30.337945112270383,0.0,False,25.0,25.99034069350022,0.19995803049424357,25.491173837723547,marginal,solar_biomass_hybrid,82% cropland/tree cover - sago/coconut residue,Bardefan,Sir-Sir,Kepulauan Aru,dark_settled,169311.6050571295,0,Mikro Hidro Kelas A (PLTMH),Ohoimajang,Maluku Tenggara,78097.7125302556,PLTS Terpusat,30.0,Warabal,2014,635874.8965784278,GI 150 kV Aimas (60 MVA No.1 dan 2),60.0,150 kV,Operasi,48858.13636424793,PLTD Kso Gtp-Pym-Kbt Dobo,3.0,PLTD,HSD,True,4.114500049999999,0.168694,-5.648284007721442,134.65153752039296
81.07.06.2008,2.6860144600655658,13.954397450105247,20.874649865450827,50.0,5119.749150800264,1.47,4.225247504270257,0.4859014088882679,45914.19394098082,0.0,False,97.4338159898083,63.93149284253582,0.0,False,1.47,23.45708455811662,0.011932444272698487,1.3729112377909922,none,solar_battery,uniform equatorial irradiance; no discriminating alternative,Mohongsel,Sir-Sir,Kepulauan Aru,intermittent,170757.2907998156,0,Mikro Hidro Kelas A (PLTMH),Ohoimajang,Maluku Tenggara,87576.68083200708,PLTS Terpusat,30.0,Warabal,2014,628829.1897959267,GI 150 kV Aimas (60 MVA No.1 dan 2),60.0,150 kV,Operasi,56718.2685484812,PLTD Kso Gtp-Pym-Kbt Dobo,3.0,PLTD,HSD,True,4.3744998,0.179354,-5.549718413776653,134.679754912331
81.07.06.2009,3.567812202077869,17.226140284147657,30.359744212258015,75.0,5729.7784153483135,158.13,3.9737956368125102,0.7901517934006193,30749.1171367163,0.0,False,96.78404955316641,87.56568575932738,0.0,False,25.0,31.17534019730355,0.22711260207969916,34.72893346451896,moderate,solar_biomass_hybrid,79% cropland/tree cover - sago/coconut residue,Kolaha,Sir-Sir,Kepulauan Aru,dark_settled,152952.423118328,0,Mikro Hidro Kelas A (PLTMH),Ohoimajang,Maluku Tenggara,96769.60117785475,PLTS Terpusat,30.0,Warabal,2014,615951.819328707,GI 150 kV Aimas (60 MVA No.1 dan 2),60.0,150 kV,Operasi,45186.52949775743,PLTD Dobo,7.2,PLTD,HSD,True,3.9260001200000003,0.16096599,-5.520637570804393,134.52117178755037
81.07.06.2010,3.010157181160152,25.999068785355753,47.146146563873664,92.0,4239.909851178774,153.72,3.381028175171078,0.9230730050332613,9792.206438668458,0.0,False,99.21864307224956,74.01339426863271,0.0,False,25.0,26.29277204650335,0.16805832426349152,21.673817726900783,marginal,solar_biomass_hybrid,92% cropland/tree cover - sago/coconut residue,Goda-Goda,Sir-Sir,Kepulauan Aru,dark_settled,149762.29715569515,0,Mikro Hidro Kelas A (PLTMH),Ohoimajang,Maluku Tenggara,86865.30272235542,PLTS Terpusat,30.0,Warabal,2014,624617.6360007232,GI 150 kV Aimas (60 MVA No.1 dan 2),60.0,150 kV,Operasi,31384.0267728331,PLTD Kso Gtp-Pym-Kbt Dobo,3.0,PLTD,HSD,True,3.84150004,0.157502,-5.649603299102901,134.4711519557194
81.07.07.2001,2.8552057812617235,13.572321393909867,20.37644177041365,47.0,2480.157679546282,20.16,3.2205263269480735,0.5041901396798082,58461.471660829746,0.0,False,94.68406696560969,40.529191947603174,0.0,False,20.16,24.93701631938062,0.07927444637819167,9.69653833972508,none,solar_battery,uniform equatorial irradiance; no discriminating alternative,Koijabi,Aru Tengah Timur,Kepulauan Aru,intermittent,194134.3925466748,0,Mikro Hidro Kelas A (PLTMH),Ohoimajang,Maluku Tenggara,26817.36544519351,PLTS Terpusat,30.0,Warabal,2014,685124.0016999925,GI 150 kV Aimas (60 MVA No.1 dan 2),60.0,150 kV,Operasi,63539.84161458774,PLTD Kso Gtp-Pym-Kbt Dobo,3.0,PLTD,HSD,True,4.23799992,0.17375800000000002,-6.1360115311095615,134.72387551477078
81.07.07.2004,2.313464587690006,13.329143074324563,26.806047329467138,51.0,2441.793895792042,63.629999999999995,4.15598700359267,0.8167643704077029,60786.34597339171,0.08517442539041198,False,99.0962608948471,27.939998932365363,0.0,False,25.0,20.199765837700262,0.09678597062848976,9.58953959075849,none,solar_biomass_hybrid,82% cropland/tree cover - sago/coconut residue,Warjukur,Aru Tengah Timur,Kepulauan Aru,dark_settled,197307.89404333447,0,Mikro Hidro Kelas A (PLTMH),Ohoimajang,Maluku Tenggara,22302.672325758664,PLTS Terpusat,30.0,Warabal,2014,692128.1580172294,GI 150 kV Aimas (60 MVA No.1 dan 2),60.0,150 kV,Operasi,66468.77612050012,PLTD Jerol,0.6,PLTD,HSD,True,4.1079998,0.16842800000000002,-6.217873758431994,134.7137237430023
81.07.07.2005,2.1499662980487813,12.313804294889156,33.74797077689849,55.0,2475.36400669978,18.689999999999998,4.267800819206128,0.885576857697161,59878.88140707456,0.240164951366721,True,99.37939371675877,36.34362184329809,0.0,False,18.689999999999998,18.770806258203248,0.07335196804480416,6.753574723956115,none,resource_present_but_screened,"24% of village inside a protected area - non-viable without deep community and regulator engagement; flagged for policy pathway, not commercial deployment",Kobror,Aru Tengah Timur,Kepulauan Aru,dark_settled,195437.69089655846,0,Mikro Hidro Kelas A (PLTMH),Ohoimajang,Maluku Tenggara,24680.885288372247,PLTS Terpusat,30.0,Warabal,2014,692425.478259038,GI 150 kV Aimas (60 MVA No.1 dan 2),60.0,150 kV,Operasi,62011.21505058673,PLTD Jerol,0.6,PLTD,HSD,True,3.98449993,0.16336399000000001,-6.242131508098209,134.68075643305662
81.07.07.2008,2.6247841908422385,11.111187394186286,25.834668025735862,53.0,2442.145228217893,42.629999999999995,4.876317329629753,0.6751222072888781,66737.07094765153,0.0,False,97.81747915491545,39.377838717970704,0.0,False,25.0,22.921600262599487,0.09679989647616585,10.883255851852102,marginal,solar_battery,uniform equatorial irradiance; no discriminating alternative,Kaiwabar,Aru Tengah Timur,Kepulauan Aru,intermittent,198312.17899824426,0,Mikro Hidro Kelas A (PLTMH),Ohoimajang,Maluku Tenggara,25006.852250531698,PLTS Terpusat,30.0,Warabal,2014,698419.1068920202,GI 150 kV Aimas (60 MVA No.1 dan 2),60.0,150 kV,Operasi,57645.57799566276,PLTD Jerol,0.6,PLTD,HSD,True,4.31599998,0.176956,-6.3140535796185535,134.6678372931279
81.07.07.2009,2.5772134371915496,21.443139736928767,19.863969759049727,38.0,2419.870904766274,26.25,4.1087867244716225,0.2015245520758099,68789.17295848599,0.0,False,96.06342834436012,57.09497206703911,0.0,False,25.0,22.50561041761016,0.09591700377212846,10.588279878264439,marginal,solar_battery,uniform equatorial irradiance; no discriminating alternative,Ponom,Aru Tengah Timur,Kepulauan Aru,intermittent,196060.19462013352,0,Mikro Hidro Kelas A (PLTMH),Ohoimajang,Maluku Tenggara,30193.69798760668,PLTS Terpusat,30.0,Warabal,2014,698774.1060982641,GI 150 kV Aimas (60 MVA No.1 dan 2),60.0,150 kV,Operasi,51899.364274773405,PLTD Jerol,0.6,PLTD,HSD,True,4.3874998100000004,0.17988700000000002,-6.345257158182499,134.62340758040483
81.07.07.2010,3.2504775114876208,13.866778798345196,19.885090943360673,32.0,4276.161889152834,0.63,,0.7233175818803975,78970.91253489318,0.0,False,92.23814953575499,19.64235820061471,0.0,False,0.63,28.396238076083897,0.004271280425809053,0.5949190911981602,none,solar_biomass_hybrid,72% cropland/tree cover - sago/coconut residue,Lola,Aru Tengah Timur,Kepulauan Aru,intermittent,211499.64369898455,0,Mikro Hidro Kelas A (PLTMH),Ohoimajang,Maluku Tenggara,11536.709978171588,PLTS Terpusat,30.0,Warabal,2014,700404.7643183123,GI 150 kV Aimas (60 MVA No.1 dan 2),60.0,150 kV,Operasi,80845.16054683409,PLTD Kso Gtp-Pym-Kbt Dobo,3.0,PLTD,HSD,True,4.3874998100000004,0.17988700000000002,-6.208906888838086,134.86287521678298
81.07.07.2011,2.9163463910538074,11.992743162914532,12.904838433665919,28.0,3117.5630391670147,0.42,,0.45238357674290436,77812.8356257822,0.0,False,85.71979292873667,22.408417770849574,0.0,False,0.42,25.471924633084612,0.0020760027848334382,0.2593753526517872,none,solar_battery,uniform equatorial irradiance; no discriminating alternative,Mariri,Aru Tengah Timur,Kepulauan Aru,dark_settled,210778.14124893805,0,Mikro Hidro Kelas A (PLTMH),Ohoimajang,Maluku Tenggara,16031.117919247032,PLTS Terpusat,30.0,Warabal,2014,697216.5929550836,GI 150 kV Aimas (60 MVA No.1 dan 2),60.0,150 kV,Operasi,79677.33792667749,PLTD Kso Gtp-Pym-Kbt Dobo,3.0,PLTD,HSD,False,,,-6.164785254886264,134.87676838430426
81.07.07.2012,2.5109393746669832,22.710689986218085,36.900929706608366,84.0,2904.4383643121278,123.69,2.3776516440324085,0.8579484784853931,32698.723523680932,0.00518601523286535,False,99.34858854919332,35.275616619764975,0.0,False,25.0,21.926118286781907,0.1151239204525038,12.38130252113778,marginal,solar_biomass_hybrid,86% cropland/tree cover - sago/coconut residue,Dosinamalau,Aru Tengah Timur,Kepulauan Aru,dark_settled,172591.04409818293,0,Mikro Hidro Kelas A (PLTMH),Ohoimajang,Maluku Tenggara,48335.403017732926,PLTS Terpusat,30.0,Warabal,2014,665109.0400206166,GI 150 kV Aimas (60 MVA No.1 dan 2),60.0,150 kV,Operasi,41771.8398726301,PLTD Kso Gtp-Pym-Kbt Dobo,3.0,PLTD,HSD,True,3.9065001,0.16016699,-6.027146731705962,134.5602488335403
81.07.07.2013,2.6091728858470833,17.535342710985475,21.492479673041064,42.0,2570.679291718312,24.99,2.5873510591241513,0.1550357740407922,43158.64229792221,0.0,False,98.21423402467985,34.63370082849502,0.0,False,24.99,22.785081318157907,0.10185387414390001,11.383272888221788,marginal,solar_battery,uniform equatorial irradiance; no discriminating alternative,Karawai,Aru Tengah Timur,Kepulauan Aru,dark_settled,181461.5747504485,0,Mikro Hidro Kelas A (PLTMH),Ohoimajang,Maluku Tenggara,50209.280666294384,PLTS Terpusat,30.0,Warabal,2014,661813.1101351624,GI 150 kV Aimas (60 MVA No.1 dan 2),60.0,150 kV,Operasi,50896.20560104186,PLTD Kso Gtp-Pym-Kbt Dobo,3.0,PLTD,HSD,True,4.27050018,0.17509100000000002,-5.900593140217348,134.69805919584357
81.07.08.2003,2.3801321612237,14.200038472582596,19.2896369752523,43.0,3218.4063670279816,7.9799999999999995,,0.6053619617505572,77731.90045136712,1.0,True,74.64229855313683,66.3272058230177,0.0,False,7.9799999999999995,20.782527369275215,0.04071994357065464,4.1509216911977775,none,resource_present_but_screened,"100% of village inside a protected area - non-viable without deep community and regulator engagement; flagged for policy pathway, not commercial deployment",Bemun,Aru Tengah Selatan,Kepulauan Aru,intermittent,228533.32078370394,0,Mikro Hidro Kelas A (PLTMH),Ohoimajang,Maluku Tenggara,41405.05294374958,PLTS Terpusat,30.0,Beltubur,2016,739994.9366616241,GI 150 kV Aimas (60 MVA No.1 dan 2),60.0,150 kV,Operasi,63435.76523814173,PLTD Jerol,0.6,PLTD,HSD,True,4.42649984,0.181486,-6.739218185896809,134.6877089041013
81.07.08.2004,2.554548047463541,12.95709030446913,22.427591135370854,59.0,2452.6689198578624,18.9,5.852954765716152,0.6910209786084472,68056.37702233532,0.9978811225149276,True,95.04092940171628,65.3003848372657,0.0,False,18.9,22.307420367433622,0.07349607208478183,8.041785638093868,none,resource_present_but_screened,"100% of village inside a protected area - non-viable without deep community and regulator engagement; flagged for policy pathway, not commercial deployment",Mesiang,Aru Tengah Selatan,Kepulauan Aru,intermittent,223133.47966526548,0,Mikro Hidro Kelas A (PLTMH),Ohoimajang,Maluku Tenggara,42132.9790170276,PLTS Terpusat,30.0,Warabal,2014,731653.287746904,GI 150 kV Aimas (60 MVA No.1 dan 2),60.0,150 kV,Operasi,61567.689375437614,PLTD Jerol,0.6,PLTD,HSD,True,4.31599998,0.176956,-6.639393739708453,134.70924215931612
81.07.08.2006,2.9777185265739337,18.00347631452611,20.85035182537973,44.0,2229.6749509218907,6.93,,0.5303216967779955,89964.93233477142,0.0,False,96.54376951747759,16.891005729274518,0.0,False,6.93,26.00891701753696,0.024498426258702286,3.1253558122300116,none,solar_battery,uniform equatorial irradiance; no discriminating alternative,Jambu Air,Aru Tengah Selatan,Kepulauan Aru,intermittent,224126.47324728692,0,Mikro Hidro Kelas A (PLTMH),Ohoimajang,Maluku Tenggara,25336.13074853983,PLTS Terpusat,30.0,Warabal,2014,726241.4045785472,GI 150 kV Aimas (60 MVA No.1 dan 2),60.0,150 kV,Operasi,70411.84738179142,PLTD Jerol,0.6,PLTD,HSD,True,4.42649984,0.181486,-6.52026490624709,134.81083748254312
81.07.08.2007,3.0064282673127476,27.90700480293476,21.704995049601056,78.0,2572.1206524264603,17.849999999999998,5.803881845332261,0.35808190769805204,81244.58653340771,0.0,False,95.56187726639713,49.84799911563124,0.0,False,17.849999999999998,26.26014126263772,0.0727935591796872,9.376246666372293,none,wind_solar_hybrid,mean 50 m wind 5.8 m/s (ERA5 coarse - met mast required),Warabal,Aru Tengah Selatan,Kepulauan Aru,intermittent,217226.8103066735,0,Mikro Hidro Kelas A (PLTMH),Ohoimajang,Maluku Tenggara,9975.597512255064,PLTS Terpusat,30.0,Warabal,2014,713732.7072087869,GI 150 kV Aimas (60 MVA No.1 dan 2),60.0,150 kV,Operasi,73661.1787070214,PLTD Jerol,0.6,PLTD,HSD,True,4.35500002,0.17855500000000002,-6.373164146245127,134.83204778069947
81.07.09.2001,2.0350516837596704,12.021706648535107,19.625644926644323,53.0,2225.3841573815344,16.59,5.6248892484720825,0.5193312981320738,42164.58143969148,0.37173486316691506,True,54.23715513483218,24.833318517201544,0.0,False,16.59,17.76664798480064,0.05853488579870571,5.101046526553021,none,resource_present_but_screened,"37% of village inside a protected area - non-viable without deep community and regulator engagement; flagged for policy pathway, not commercial deployment",Meror,Aru Selatan Timur,Kepulauan Aru,intermittent,208795.81009070482,0,Mikro Hidro Kelas A (PLTMH),Ohoimajang,Maluku Tenggara,1016.9760211603775,PLTS Terpusat,75.0,Meror,2016,730286.7706310368,GI 150 kV Aimas (60 MVA No.1 dan 2),60.0,150 kV,Operasi,42760.094930448235,PLTD Jerol,0.6,PLTD,HSD,True,4.39400005,0.180154,-6.837997053733306,134.3232668930175
81.07.09.2002,3.5835878723059342,28.88651546825943,32.58565083406009,90.0,3235.042848907772,170.73,6.125464014987757,0.8181370614096046,19188.375271160272,0.0,False,91.50417638025631,59.71693995885031,0.0,False,25.0,31.313546468867326,0.12822816974678827,19.694942278480845,marginal,wind_solar_hybrid,mean 50 m wind 6.1 m/s (ERA5 coarse - met mast required),Dosimar,Aru Selatan Timur,Kepulauan Aru,intermittent,195387.5971014897,0,Mikro Hidro Kelas A (PLTMH),Langgiar Haar,Maluku Tenggara,8506.985727099023,PLTS Terpusat,20.0,Batu Goyang,2016,719882.1565628765,GI 150 kV Aimas (60 MVA No.1 dan 2),60.0,150 kV,Operasi,38491.294187394305,PLTD Jerol,0.6,PLTD,HSD,True,4.36800003,0.17908800000000002,-6.826740392246884,134.13417230785996
81.07.09.2003,3.5581243387542294,24.1828934504273,32.87402690685255,87.0,2532.1942637192865,165.06,5.738044212423992,0.7709689888591817,27808.809881043093,0.09666005549701116,False,80.92172926279423,45.51183347590536,0.0,False,25.0,31.090469866743277,0.10036919170627563,15.306176745088843,marginal,wind_solar_hybrid,mean 50 m wind 5.7 m/s (ERA5 coarse - met mast required),Batugoyang,Aru Selatan Timur,Kepulauan Aru,intermittent,203701.52804918957,0,Mikro Hidro Kelas A (PLTMH),Langgiar Haar,Maluku Tenggara,678.476384560254,PLTS Terpusat,20.0,Batu Goyang,2016,727601.8845068496,GI 150 kV Aimas (60 MVA No.1 dan 2),60.0,150 kV,Operasi,43336.39313939099,PLTD Jerol,0.6,PLTD,HSD,True,4.40700006,0.18068700000000001,-6.8717766187090605,134.20091234261793
81.07.09.2004,3.438859960825708,16.683628211632264,49.98333831157631,95.0,2300.267336813384,66.57,5.68782159712783,0.8678538196202669,30714.105612792144,0.0667134946952759,False,75.29111248356982,46.64740460296905,0.0,False,25.0,30.045801398735343,0.09117624844675071,13.4370682375184,marginal,wind_solar_hybrid,mean 50 m wind 5.7 m/s (ERA5 coarse - met mast required),Salarem,Aru Selatan Timur,Kepulauan Aru,intermittent,202315.77648258748,0,Mikro Hidro Kelas A (PLTMH),Ohoimajang,Maluku Tenggara,7139.492787401953,PLTS Terpusat,20.0,Batu Goyang,2016,724964.302702159,GI 150 kV Aimas (60 MVA No.1 dan 2),60.0,150 kV,Operasi,38584.93991537659,PLTD Jerol,0.6,PLTD,HSD,True,4.29650021,0.176157,-6.8221714975976955,134.24804232742244
81.07.09.2005,2.2588261060862447,9.802340009189587,20.766124459142624,55.0,2235.284799595096,89.25,5.6248892484720825,0.5504375450414012,41338.57037131001,0.07964648626229379,False,55.36089327630738,48.21972625164843,0.0,False,25.0,19.72219517730387,0.08860052002453926,8.57098105254313,none,wind_solar_hybrid,mean 50 m wind 5.6 m/s (ERA5 coarse - met mast required),Siya,Aru Selatan Timur,Kepulauan Aru,intermittent,206463.94308474447,0,Mikro Hidro Kelas A (PLTMH),Ohoimajang,Maluku Tenggara,3600.613475774358,PLTS Terpusat,75.0,Meror,2016,727481.5672875072,GI 150 kV Aimas (60 MVA No.1 dan 2),60.0,150 kV,Operasi,39840.558680844064,PLTD Jerol,0.6,PLTD,HSD,True,4.34200001,0.178022,-6.807148289469493,134.32813162917674
81.07.09.2006,2.2798709041296434,10.370714035453979,33.53182292753053,85.0,2261.776050483857,70.77,5.622288238883678,0.915128800353205,35760.892655464086,0.050250429530900184,False,87.65880205188009,49.891741416640905,0.0,False,25.0,19.906134093080222,0.08965056009337967,8.753443726972648,none,wind_solar_hybrid,mean 50 m wind 5.6 m/s (ERA5 coarse - met mast required),Beltubur,Aru Selatan Timur,Kepulauan Aru,intermittent,202773.700452478,0,Mikro Hidro Kelas A (PLTMH),Ohoimajang,Maluku Tenggara,446.86425378708566,PLTS Terpusat,30.0,Beltubur,2016,723531.7915092191,GI 150 kV Aimas (60 MVA No.1 dan 2),60.0,150 kV,Operasi,35869.646573116755,PLTD Jerol,0.6,PLTD,HSD,True,4.28350019,0.175624,-6.772247400827634,134.3182294097495
81.07.09.2007,2.1418911272446306,14.931544625739859,20.774114475847483,65.0,2207.3168086183705,78.33,4.3834635615954545,0.6856427998938298,35651.97915658049,0.3574761506295529,True,94.0873465238314,52.48208883935681,0.0,False,25.0,18.700238154711876,0.08749194605444455,8.02516971754204,none,resource_present_but_screened,"36% of village inside a protected area - non-viable without deep community and regulator engagement; flagged for policy pathway, not commercial deployment",Karey,Aru Selatan Timur,Kepulauan Aru,intermittent,204465.34079575847,0,Mikro Hidro Kelas A (PLTMH),Ohoimajang,Maluku Tenggara,10693.23423985059,PLTS Terpusat,30.0,Beltubur,2016,722816.1953866525,GI 150 kV Aimas (60 MVA No.1 dan 2),60.0,150 kV,Operasi,36367.800917916815,PLTD Jerol,0.6,PLTD,HSD,True,4.30299997,0.176423,-6.723396603418793,134.39777731327584
81.07.09.2009,2.1049181331727036,15.407723155885227,23.883107127575773,48.0,2344.873786683166,61.32,3.00562949260509,0.7912181742640941,44545.23462833875,0.0,False,99.50207399751002,18.657601752144576,0.0,False,25.0,18.377144345403792,0.09294432500488198,8.377991512217617,none,solar_biomass_hybrid,79% cropland/tree cover - sago/coconut residue,Gomar Sungai,Aru Selatan Timur,Kepulauan Aru,intermittent,192313.77954284375,0,Mikro Hidro Kelas A (PLTMH),Ohoimajang,Maluku Tenggara,31036.107314375993,PLTS Terpusat,30.0,Beltubur,2016,705678.6594026369,GI 150 kV Aimas (60 MVA No.1 dan 2),60.0,150 kV,Operasi,29889.06915107122,PLTD Jerol,0.6,PLTD,HSD,True,4.0170002,0.16469701,-6.523418489163737,134.442070244783
81.07.10.2001,2.532977655574558,14.662213524068466,21.002029462951768,43.0,2572.529300970117,19.529999999999998,3.1246492343470416,0.7321060961899506,40701.7184956606,0.0,False,97.80407321962105,59.48313688701942,0.0,False,19.529999999999998,22.11881166365841,0.07965737133426304,8.642248963377689,none,solar_biomass_hybrid,73% cropland/tree cover - sago/coconut residue,Tabarfane,Aru Selatan Utara,Kepulauan Aru,intermittent,145358.88075265998,0,Mikro Hidro Kelas A (PLTMH),Ohoimajang,Maluku Tenggara,65074.15121870208,PLTS Terpusat,30.0,Beltubur,2016,659672.2080412406,GI 150 kV Aimas (60 MVA No.1 dan 2),60.0,150 kV,Operasi,30573.778844411958,PLTD Jerol,0.6,PLTD,HSD,True,4.08199978,0.167362,-6.208704231888327,134.15431058873014
81.07.10.2002,2.0269827067873263,13.075889022291415,22.84964756889967,61.0,3142.036200606958,57.54,2.690362606146701,0.7270250975464693,25664.861918523446,0.0,False,77.29140704245762,28.188169627923433,0.0,False,25.0,17.69614432224891,0.12454164290838084,10.810163280914988,marginal,solar_biomass_hybrid,73% cropland/tree cover - sago/coconut residue,Rebi,Aru Selatan Utara,Kepulauan Aru,intermittent,161239.14715480627,0,Mikro Hidro Kelas A (PLTMH),Ohoimajang,Maluku Tenggara,44510.05987269866,PLTS Terpusat,30.0,Beltubur,2016,679175.9109977885,GI 150 kV Aimas (60 MVA No.1 dan 2),60.0,150 kV,Operasi,9694.174218854398,PLTD Jerol,0.6,PLTD,HSD,True,4.004000189999999,0.16416401,-6.3957576398926985,134.1765188752144
81.07.10.2003,2.482047528052563,16.208031394975986,30.32451870441798,65.0,3165.3034440310967,57.96,2.58302404223575,0.8872852144353806,31283.822377997945,0.0,False,99.05096129880249,49.76446417017607,0.0,False,25.0,21.673510077427313,0.12546389221964965,13.337886583303451,marginal,solar_biomass_hybrid,89% cropland/tree cover - sago/coconut residue,Lutur,Aru Selatan Utara,Kepulauan Aru,intermittent,155336.71583937513,0,Mikro Hidro Kelas A (PLTMH),Ohoimajang,Maluku Tenggara,54148.15213964112,PLTS Terpusat,30.0,Beltubur,2016,670686.7507238071,GI 150 kV Aimas (60 MVA No.1 dan 2),60.0,150 kV,Operasi,20484.2761040739,PLTD Jerol,0.6,PLTD,HSD,True,3.99099994,0.16363101,-6.299753463300141,134.19441993217524
81.07.10.2004,2.2991761922133374,13.060462103398411,22.631772265950925,45.0,2725.095218467111,24.15,2.802163140994994,0.7635754936098046,42446.72991563956,0.0,False,98.1650082545253,29.69509716237094,0.0,False,24.15,20.074873811486565,0.1043427345351039,10.274342757939184,marginal,solar_biomass_hybrid,76% cropland/tree cover - sago/coconut residue,Hokmar,Aru Selatan Utara,Kepulauan Aru,intermittent,147558.27960039704,0,Mikro Hidro Kelas A (PLTMH),Ohoimajang,Maluku Tenggara,61324.634089358726,PLTS Terpusat,30.0,Beltubur,2016,662983.8665750556,GI 150 kV Aimas (60 MVA No.1 dan 2),60.0,150 kV,Operasi,26551.988602617075,PLTD Jerol,0.6,PLTD,HSD,True,4.1015000299999995,0.168161,-6.245520448339271,134.14873932762643
81.07.10.2005,2.669709925247917,22.667190626239897,28.832142049983798,73.0,2797.4948505325005,48.089999999999996,2.578835770674383,0.7998219337706973,39651.581039174846,0.0,False,99.31335760000486,28.241581595373795,0.0,False,25.0,23.314489391924194,0.11088497473254773,12.680536311751883,marginal,solar_biomass_hybrid,80% cropland/tree cover - sago/coconut residue,Juring,Aru Selatan Utara,Kepulauan Aru,intermittent,169729.17712175092,0,Mikro Hidro Kelas A (PLTMH),Ohoimajang,Maluku Tenggara,43591.18036730353,PLTS Terpusat,30.0,Beltubur,2016,683957.9029355622,GI 150 kV Aimas (60 MVA No.1 dan 2),60.0,150 kV,Operasi,17658.50240852828,PLTD Jerol,0.6,PLTD,HSD,True,3.9130001100000005,0.16043299000000003,-6.380321837287265,134.29660308532863
81.07.10.2006,2.192586949812617,13.197121149541694,27.07767037670848,55.0,2422.873007765522,150.98999999999998,2.657054605774088,0.8904408031928981,42739.34852758638,0.0,False,99.73201051440816,26.953263098352554,0.0,False,25.0,19.14327627537331,0.09603599884915343,9.017566144210562,none,solar_biomass_hybrid,89% cropland/tree cover - sago/coconut residue,Erersin,Aru Selatan Utara,Kepulauan Aru,intermittent,184011.2803136895,0,Mikro Hidro Kelas A (PLTMH),Ohoimajang,Maluku Tenggara,34556.72354349639,PLTS Terpusat,30.0,Beltubur,2016,697658.8558384903,GI 150 kV Aimas (60 MVA No.1 dan 2),60.0,150 kV,Operasi,23741.89276303511,PLTD Jerol,0.6,PLTD,HSD,True,3.99749994,0.16389699,-6.470226377535154,134.38912635117165
81.07.10.2007,2.720909032393856,44.0226162453867,28.72773739754651,63.0,2560.6407185279045,20.37,3.3120846990488766,0.7956841595502688,29337.34534071931,0.0,False,99.43106319961215,49.30621176704632,0.0,False,20.37,23.762276118571197,0.08269953614347637,9.638958788386912,none,solar_biomass_hybrid,80% cropland/tree cover - sago/coconut residue,Maekor,Aru Selatan Utara,Kepulauan Aru,dark_settled,145350.94752931458,0,Mikro Hidro Kelas A (PLTMH),Ohoimajang,Maluku Tenggara,69889.28468515287,PLTS Terpusat,30.0,Beltubur,2016,656663.82594043,GI 150 kV Aimas (60 MVA No.1 dan 2),60.0,150 kV,Operasi,36644.443245190574,PLTD Jerol,0.6,PLTD,HSD,True,3.88050008,0.15910099000000003,-6.154170091915018,134.1977437991739
81.08.01.1001,2.244508747135092,11.723933873483158,22.340191646381506,55.0,1439.5049132314446,27.72,6.406033919693726,0.257624005629301,0.0,0.0,False,64.7212450062608,36.71177494525243,0.0,False,25.0,19.59705948809213,0.057058001697720254,5.484619207622948,none,grid_extension,0.0 km from a reliably-lit settlement,Tiakur,Moa,Maluku Barat Daya,intermittent,78139.9480739076,0,Mikro Hidro Kelas A (PLTMH),Jerusu,Maluku Barat Daya,164473.56304371177,PLTS Terpusat,15.0,Eray,2012,498207.4920026094,"GI 70 kV Sirimau 
",40.0,70 kV,Operasi,2028.0373001347775,PLTD Moa,2.5,PLTD,HSD,True,4.627999780000001,0.189748,-8.149723619948464,127.79730132557184
81.08.01.2001,0.9870428905721318,11.141583990309488,19.359724059453075,37.0,1509.4064717686467,27.509999999999998,6.444968487799802,0.05456152903079154,10425.016864494752,0.0,False,3.8668139845129943,30.68220774768598,0.0,False,25.0,8.614426347392168,0.05982870654841477,2.527987881433292,none,wind_solar_hybrid,mean 50 m wind 6.4 m/s (ERA5 coarse - met mast required),Klis,Moa,Maluku Barat Daya,intermittent,92917.94366407063,0,Mikro Hidro Kelas A (PLTMH),Jerusu,Maluku Barat Daya,182509.52202165083,PLTS Terpusat,15.0,Eray,2012,502495.3011493183,"GI 70 kV Sirimau 
",40.0,70 kV,Operasi,16542.08614812248,PLTD Moa,2.5,PLTD,HSD,True,4.7255001100000005,0.193746,-8.200344374409278,127.95336027932083
81.08.01.2002,2.5495454668393305,20.668034711167103,34.949802248267055,209.0,1440.023076345988,19.32,6.419186128979395,0.6646741146885433,701.2625221698362,0.0,False,58.07837279048572,17.43628319299864,0.0,False,19.32,22.263677890146493,0.04411029590785847,4.816991643783537,none,grid_extension,0.7 km from a reliably-lit settlement,Patti,Moa,Maluku Barat Daya,intermittent,84745.3874563044,0,Mikro Hidro Kelas A (PLTMH),Jerusu,Maluku Barat Daya,171716.1975554567,PLTS Terpusat,15.0,Eray,2012,501129.7271939577,"GI 70 kV Sirimau 
",40.0,70 kV,Operasi,5758.757982970386,PLTD Moa,2.5,PLTD,HSD,True,4.744999890000001,0.194545,-8.181320536445238,127.85702233215062
81.08.01.2004,5.896171475674267,34.17413529804369,61.78963614477168,256.0,1492.849428037881,77.7,6.429780804421641,0.9162198922668663,0.0,0.0,False,81.55975191709436,53.33859314010466,0.0,False,25.0,51.636206957337556,0.05917243103270392,14.986932684844934,marginal,grid_extension,0.0 km from a reliably-lit settlement,Kaiwatu,Moa,Maluku Barat Daya,intermittent,78204.26354400991,0,Mikro Hidro Kelas A (PLTMH),Jerusu,Maluku Barat Daya,167507.51328416358,PLTS Terpusat,15.0,Eray,2012,495378.01389374514,"GI 70 kV Sirimau 
",40.0,70 kV,Operasi,4947.807294324779,PLTD Moa,2.5,PLTD,HSD,True,4.504499910000001,0.18468501,-8.127241287194032,127.83114918030729
81.08.01.2005,1.146309340353443,11.492517861687073,16.400490970819796,31.0,1494.9559579563943,76.64999999999999,6.433645158398845,0.17682708706712147,6446.136181611044,0.0,False,22.833712440807723,55.38621887666475,0.0,False,25.0,10.004771039753443,0.05925592806460848,2.9078899758342627,none,wind_solar_hybrid,mean 50 m wind 6.4 m/s (ERA5 coarse - met mast required),Werwaru,Moa,Maluku Barat Daya,intermittent,87604.62692933215,0,Mikro Hidro Kelas A (PLTMH),Jerusu,Maluku Barat Daya,176934.98943989805,PLTS Terpusat,15.0,Eray,2012,500105.8902451762,"GI 70 kV Sirimau 
",40.0,70 kV,Operasi,11076.50260487658,PLTD Moa,2.5,PLTD,HSD,True,4.712500100000001,0.19321300000000002,-8.175861055567449,127.907401892838
81.08.01.2006,2.460050906871013,33.63269872043014,31.066698904105333,368.0,1548.3340480957795,45.78,6.458265645157669,0.11256122737365418,12902.086994455587,0.0,False,9.330317046495187,33.34814609082075,0.0,False,25.0,21.48119585659203,0.06137168823312165,6.466444235703341,none,wind_solar_hybrid,mean 50 m wind 6.5 m/s (ERA5 coarse - met mast required),Tounwawan,Moa,Maluku Barat Daya,intermittent,96580.04861314585,0,Mikro Hidro Kelas A (PLTMH),Jerusu,Maluku Barat Daya,188682.17851875667,PLTS Terpusat,15.0,Eray,2012,501145.92638356093,"GI 70 kV Sirimau 
",40.0,70 kV,Operasi,22874.582608721288,PLTD Moa,2.5,PLTD,HSD,True,4.6085,0.18894801,-8.191344033499009,128.01348540602618
81.08.01.2007,1.0853686388875778,11.154524224447005,17.104047700684127,28.0,1583.1514187227924,51.03,6.468636927478753,0.26400895385109785,25014.010802073506,0.0,False,21.8098190779268,30.537968048974832,0.0,False,25.0,9.472761290880664,0.06275175270812693,2.9156907944133996,none,wind_solar_hybrid,mean 50 m wind 6.5 m/s (ERA5 coarse - met mast required),Moain,Moa,Maluku Barat Daya,intermittent,100888.29447002617,0,Mikro Hidro Kelas A (PLTMH),Jerusu,Maluku Barat Daya,196002.3766271682,PLTS Terpusat,15.0,Eray,2012,498864.478910924,"GI 70 kV Sirimau 
",40.0,70 kV,Operasi,30681.995161270297,PLTD Moa,2.5,PLTD,HSD,True,4.67999983,0.19188,-8.17356524875011,128.08599117016004
81.08.02.2003,14.897804566786704,35.76947477534215,223.43496692134494,526.0,2155.484509122784,7.77,,0.9828960056844135,136330.638110991,0.006570651091790003,False,98.59037252348891,8.694852095505365,0.0,False,7.77,60.0,0.02655396156120629,7.814830887463011,none,solar_biomass_hybrid,98% cropland/tree cover - sago/coconut residue,Kuaimelu,Damer,Maluku Barat Daya,intermittent,139314.16873269939,0,Mikro Hidro Kelas A (PLTMH),Jerusu,Maluku Barat Daya,257996.42802576142,PLTS Terpusat,15.0,Eray,2012,381028.95503582514,"GI 70 kV Sirimau 
",40.0,70 kV,Operasi,140615.07567662722,PLTD Tepa,1.1,PLTD,HSD,True,4.47849989,0.18361899,-7.096890211804019,128.58442813221842
81.08.02.2004,12.39655847554165,37.30718927889006,287.731146680186,564.0,2149.0602043718895,8.19,,0.9945779580933859,134513.52941340138,0.002794131206813209,False,98.49186978807943,22.280324002870913,0.0,False,8.19,60.0,0.027905890210879275,8.21270348906177,none,solar_biomass_hybrid,99% cropland/tree cover - sago/coconut residue,Kumur,Damer,Maluku Barat Daya,intermittent,140172.38938555773,0,Mikro Hidro Kelas A (PLTMH),Jerusu,Maluku Barat Daya,259023.86171065524,PLTS Terpusat,15.0,Eray,2012,383087.3096443416,"GI 70 kV Sirimau 
",40.0,70 kV,Operasi,138148.16150650947,PLTD Tepa,1.1,PLTD,HSD,True,4.45900011,0.18281899000000001,-7.1138978108429525,128.59945993987068
81.08.02.2005,15.148713604315342,50.88809247510118,274.3382842708324,854.0,2268.4082521821288,38.85,,0.9607752449152054,129100.90522763094,0.0033677286101000147,False,93.2947077844422,38.700717217362495,0.0,False,25.0,60.0,0.0899134422636879,26.46152605820335,marginal,solar_biomass_hybrid,96% cropland/tree cover - sago/coconut residue,Bebar Timur,Damer,Maluku Barat Daya,intermittent,141726.00745278853,0,Mikro Hidro Kelas A (PLTMH),Wanuwui,Maluku Barat Daya,263535.1886920892,PLTS Terpusat,15.0,Eray,2012,384535.72140532406,"GI 70 kV Sirimau 
",40.0,70 kV,Operasi,133683.2316494659,PLTD Tepa,1.1,PLTD,HSD,True,4.465499879999999,0.18308599,-7.121808224161563,128.64451781500398
81.08.02.2007,17.20112227853615,52.68697888056588,283.029871918808,654.0,2270.7995445965303,4.41,,0.978548970553433,130065.57161888336,0.0065387983352097724,False,96.39967405012999,42.44025028208026,0.0,False,4.41,60.0,0.015877451153714323,4.6727338745381255,none,solar_biomass_hybrid,98% cropland/tree cover - sago/coconut residue,Kehli,Damer,Maluku Barat Daya,intermittent,139322.81709338355,0,Mikro Hidro Kelas A (PLTMH),Wanuwui,Maluku Barat Daya,263012.1753528357,PLTS Terpusat,15.0,Eray,2012,388072.45553243364,"GI 70 kV Sirimau 
",40.0,70 kV,Operasi,131167.47141171093,PLTD Tepa,1.1,PLTD,HSD,True,4.5500001899999996,0.18655001,-7.15334278720933,128.6487112098134
81.08.03.2001,11.824820093763915,36.21000857726189,63.66482709173805,239.0,2027.56708172627,0.63,,0.18278349679824923,61725.64598677259,0.05076629546956639,False,9.484946162814623,100.0,0.0,False,0.63,60.0,0.002025252507432062,0.5960318129372559,none,solar_battery,uniform equatorial irradiance; no discriminating alternative,Luang Barat,Mdona Hyera,Maluku Barat Daya,intermittent,124601.35026631701,0,Mikro Hidro Kelas A (PLTMH),Wanuwui,Maluku Barat Daya,241179.53671116914,PLTS Terpusat,15.0,Werain,2012,505054.61490683985,"GI 70 kV Sirimau 
",40.0,70 kV,Operasi,88760.89280394434,PLTD Moa,2.5,PLTD,HSD,False,,,-8.214708451181899,128.61227267103533
81.08.03.2002,5.785142312644438,37.98828307863726,23.352806584750983,239.0,1985.0967867652416,0.42,,0.6383681228660403,94741.06199910761,0.04898949272493113,False,52.656920248621205,34.94917904612979,0.0,False,0.42,50.6571557985246,0.0013218871296952713,0.3284537223688707,none,solar_battery,uniform equatorial irradiance; no discriminating alternative,Luang Timur,Mdona Hyera,Maluku Barat Daya,intermittent,107884.9205057952,0,Mikro Hidro Kelas A (PLTMH),Wanuwui,Maluku Barat Daya,225157.7127889546,PLTS Terpusat,15.0,Werain,2012,502702.9929594333,"GI 70 kV Sirimau 
",40.0,70 kV,Operasi,98354.22429249402,PLTD Tepa,1.1,PLTD,HSD,False,,,-8.17840063141549,128.7601290074499
81.08.03.2003,14.120125281379144,46.118709810992506,137.8748628908418,347.0,2091.3852690369777,1.05,,0.9457129998048374,87505.1870383979,0.0025968025872438044,False,91.18945012227468,1.4132402950139131,0.0,True,1.05,60.0,0.003481663071551285,1.0246534419575433,none,resource_present_but_screened,"91% intact canopy, 1.4% loss since 2015 - non-viable without deep community and regulator engagement; flagged for policy pathway, not commercial deployment",Elo,Mdona Hyera,Maluku Barat Daya,intermittent,99103.52385257703,0,Mikro Hidro Kelas A (PLTMH),Wanuwui,Maluku Barat Daya,214950.32138857146,PLTS Terpusat,15.0,Werain,2012,506012.8480713607,"GI 70 kV Sirimau 
",40.0,70 kV,Operasi,89776.75660341173,PLTD Tepa,1.1,PLTD,HSD,True,4.79050016,0.19641100000000003,-8.196644559558361,128.85188949465203
81.08.03.2004,6.742513092630953,29.291463150521416,94.02142852728069,268.0,2029.5862417022397,5.25,,0.9315544092847933,85813.8305645206,0.0,False,92.75340200941116,9.581395348837216,0.0,False,5.25,59.11264999429866,0.01689391135359075,4.898348176854038,none,solar_biomass_hybrid,93% cropland/tree cover - sago/coconut residue,Rumkisar,Mdona Hyera,Maluku Barat Daya,intermittent,97541.21848026765,0,Mikro Hidro Kelas A (PLTMH),Wanuwui,Maluku Barat Daya,212078.74817222412,PLTS Terpusat,15.0,Werain,2012,508877.61984847445,"GI 70 kV Sirimau 
",40.0,70 kV,Operasi,88361.87405758297,PLTD Tepa,1.1,PLTD,HSD,True,4.79050016,0.19641100000000003,-8.219169853000084,128.87677919211706
81.08.03.2005,8.207987263987798,38.46971295722801,65.9422753942461,344.0,2020.9758430401155,17.43,,0.9754174480264871,80965.62445385773,0.0,False,94.7871538896214,9.821116623576277,0.0,False,17.43,60.0,0.055849836606083864,16.436606913170483,marginal,solar_biomass_hybrid,98% cropland/tree cover - sago/coconut residue,Lelang,Mdona Hyera,Maluku Barat Daya,intermittent,93051.8056133425,0,Mikro Hidro Kelas A (PLTMH),Wanuwui,Maluku Barat Daya,206816.71988538798,PLTS Terpusat,15.0,Werain,2012,510310.08280858485,"GI 70 kV Sirimau 
",40.0,70 kV,Operasi,84011.55571175995,PLTD Tepa,1.1,PLTD,HSD,True,4.77750015,0.195878,-8.225156767438394,128.9243582415628
81.08.03.2006,12.381496629091451,38.364710054331375,125.7997525631644,344.0,2046.1043408247804,1.68,,0.8260682754561506,79608.67587965836,0.0,False,75.88535811610157,3.8828219795458514,0.0,False,1.68,60.0,0.005450049614069051,1.603949601420522,none,solar_biomass_hybrid,83% cropland/tree cover - sago/coconut residue,Mahaleta,Mdona Hyera,Maluku Barat Daya,intermittent,91749.73905318341,0,Mikro Hidro Kelas A (PLTMH),Wanuwui,Maluku Barat Daya,206878.53804904447,PLTS Terpusat,15.0,Werain,2012,507432.6208793515,"GI 70 kV Sirimau 
",40.0,70 kV,Operasi,82580.16578733276,PLTD Tepa,1.1,PLTD,HSD,True,4.79050016,0.19641100000000003,-8.198835514243347,128.92523048414338
81.08.03.2008,12.517241850366974,31.409079957237086,118.72225931829853,366.0,2109.1005713192017,2.94,,0.9230626277643559,76971.49817180708,0.0,False,81.8572980596958,43.5983141985177,0.0,False,2.94,60.0,0.009831233637237527,2.893332059439004,none,solar_biomass_hybrid,92% cropland/tree cover - sago/coconut residue,Rotnama,Mdona Hyera,Maluku Barat Daya,intermittent,87716.32434034428,0,Mikro Hidro Kelas A (PLTMH),Wanuwui,Maluku Barat Daya,202424.4544828776,PLTS Terpusat,15.0,Werain,2012,508208.36776475015,"GI 70 kV Sirimau 
",40.0,70 kV,Operasi,78649.31327734087,PLTD Tepa,1.1,PLTD,HSD,True,4.77750015,0.195878,-8.199478581985064,128.96573717903053
81.08.03.2009,14.511122878660116,33.67999815443824,167.77941260369005,368.0,2083.2073137503585,1.89,,0.9487650864421882,77982.75988740235,0.0,False,91.87788119864908,18.699132531734616,0.0,False,1.89,60.0,0.006242487669628642,1.8371641211717094,none,solar_biomass_hybrid,95% cropland/tree cover - sago/coconut residue,Batugajah,Mdona Hyera,Maluku Barat Daya,intermittent,88408.77794057643,0,Mikro Hidro Kelas A (PLTMH),Wanuwui,Maluku Barat Daya,201618.8077333835,PLTS Terpusat,15.0,Werain,2012,511195.1322424997,"GI 70 kV Sirimau 
",40.0,70 kV,Operasi,79501.65879240244,PLTD Tepa,1.1,PLTD,HSD,True,4.76450014,0.195345,-8.225742763338392,128.97161477362206
81.08.03.2010,11.796243963656472,30.755003823664893,172.7770724832074,379.0,2050.5186743954696,1.68,,0.9538468504599144,73639.85792545535,0.0,False,86.08095214993776,28.1679186196451,0.0,False,1.68,60.0,0.005461807732408024,1.6074100156476816,none,solar_biomass_hybrid,95% cropland/tree cover - sago/coconut residue,Pupliora,Mdona Hyera,Maluku Barat Daya,intermittent,84888.82835558658,0,Mikro Hidro Kelas A (PLTMH),Wanuwui,Maluku Barat Daya,198101.01992297068,PLTS Terpusat,15.0,Werain,2012,511028.31006236083,"GI 70 kV Sirimau 
",40.0,70 kV,Operasi,76042.99049026897,PLTD Tepa,1.1,PLTD,HSD,True,4.76450014,0.195345,-8.21881924650932,129.00396882406952
81.08.03.2011,11.085289750783993,30.502728835633654,154.98668281169026,347.0,2040.972621347652,3.36,,0.946641155173355,74685.71542114831,0.0,False,77.55879962639949,20.881061473845,0.0,False,3.36,60.0,0.010872761300938786,3.199853650866285,none,solar_biomass_hybrid,95% cropland/tree cover - sago/coconut residue,Regoha,Mdona Hyera,Maluku Barat Daya,intermittent,85751.2459142877,0,Mikro Hidro Kelas A (PLTMH),Wanuwui,Maluku Barat Daya,197518.78088288187,PLTS Terpusat,15.0,Werain,2012,513741.9228322199,"GI 70 kV Sirimau 
",40.0,70 kV,Operasi,77063.59751935027,PLTD Tepa,1.1,PLTD,HSD,True,4.76450014,0.195345,-8.242868672813518,129.00815750800774
81.08.04.2001,7.069775902775396,22.66496606221694,120.9053567818328,452.0,2050.708922955208,156.66,7.193082238475665,0.9468319800841296,0.0,0.0009528435211699908,False,47.46895119733765,29.640758846481614,0.0,False,25.0,60.0,0.08128444170769947,23.92201119457595,marginal,grid_extension,0.0 km from a reliably-lit settlement,Tepa,Babar Barat,Maluku Barat Daya,intermittent,7512.023196100269,0,Mikro Hidro Kelas A (PLTMH),Wanuwui,Maluku Barat Daya,139000.46779212728,PLTS Terpusat,15.0,Werain,2012,489781.52969521243,GI 150 kV Sirimau,0.0,150 kV,Operasi,2607.2755186241234,PLTD Tepa,1.1,PLTD,HSD,True,4.45249987,0.18255299,-7.868893858962797,129.61975414434895
81.08.04.2002,7.533229808717348,28.865384470277665,235.4248575428924,622.0,2110.0141273110207,154.35,7.203265364883192,0.9719522630997738,1788.4428195360342,0.001627340167002101,False,69.18924120368021,27.4416046039269,0.0,False,25.0,60.0,0.0836351363247963,24.613820620387553,marginal,grid_extension,1.8 km from a reliably-lit settlement,Imroing,Babar Barat,Maluku Barat Daya,intermittent,6445.564837618949,0,Mikro Hidro Kelas A (PLTMH),Imroing,Maluku Barat Daya,133329.6961594556,PLTS Terpusat,15.0,Werain,2012,496109.23437861085,GI 150 kV Sirimau,0.0,150 kV,Operasi,8686.871382448302,PLTD Tepa,1.1,PLTD,HSD,True,4.43300009,0.18175299,-7.916478086346277,129.6571242625136
81.08.04.2003,10.64585021402963,50.21891367434024,285.78522416878593,621.0,2175.3887856480055,32.76,7.207541935361739,0.9734107188539269,13400.85604774934,0.0022050412155198854,False,93.71447010583205,31.836024623070752,0.0,False,25.0,60.0,0.08622640734589064,25.376431681895617,marginal,wind_solar_hybrid,mean 50 m wind 7.2 m/s (ERA5 coarse - met mast required),Tela,Babar Barat,Maluku Barat Daya,intermittent,9292.273878380744,0,Mikro Hidro Kelas A (PLTMH),Tutuwawang,Maluku Barat Daya,127632.53909879753,PLTS Terpusat,15.0,Werain,2012,504942.693610789,GI 150 kV Sirimau,0.0,150 kV,Operasi,17009.48162564512,PLTD Tepa,1.1,PLTD,HSD,True,4.472000120000001,0.18335199000000002,-7.99006947088401,129.68776294203113
81.08.04.2004,7.034064801029658,22.22647220045166,228.63078822767105,575.0,2168.7044174004277,18.06,7.211070319115395,0.9694686692419402,10879.41769035687,0.002324410515046677,False,84.98428113693308,36.75743996323108,0.0,False,18.06,60.0,0.06209855685288516,18.275605281804104,marginal,wind_solar_hybrid,mean 50 m wind 7.2 m/s (ERA5 coarse - met mast required),Yaltubung,Babar Barat,Maluku Barat Daya,intermittent,6128.744209982,0,Mikro Hidro Kelas A (PLTMH),Wanuwui,Maluku Barat Daya,130714.33811504864,PLTS Terpusat,15.0,Werain,2012,488228.18247323943,GI 150 kV Sirimau,0.0,150 kV,Operasi,14899.451567679931,PLTD Tepa,1.1,PLTD,HSD,True,4.33549976,0.177755,-7.818682997869196,129.72236630737498
81.08.04.2005,7.806033179618723,30.839332271708592,234.66275822271882,501.0,2132.6272443251482,66.36,7.211070319115395,0.9827048823864566,8256.062978578228,0.0018164982306217855,False,85.97933277653564,23.801932062129072,0.0,False,25.0,60.0,0.08453145787057445,24.877608051310062,marginal,wind_solar_hybrid,mean 50 m wind 7.2 m/s (ERA5 coarse - met mast required),Wanuwui,Babar Barat,Maluku Barat Daya,intermittent,3460.753399777946,0,Mikro Hidro Kelas A (PLTMH),Wanuwui,Maluku Barat Daya,133411.0541113456,PLTS Terpusat,15.0,Werain,2012,488693.5565756707,GI 150 kV Sirimau,0.0,150 kV,Operasi,10723.265153361097,PLTD Tepa,1.1,PLTD,HSD,True,4.33549976,0.177755,-7.835272807869208,129.68813293329458
81.08.04.2006,7.283054775010911,22.490811724110767,193.0557680431229,479.0,2068.59714123923,74.34,7.204954873342167,0.9802554688992272,992.080988377461,0.0020493130107095223,False,75.85363504587764,27.89650737112893,0.0,False,25.0,60.0,0.0819934813086326,24.130681549130575,marginal,grid_extension,1.0 km from a reliably-lit settlement,Letsiara,Babar Barat,Maluku Barat Daya,intermittent,6951.901897403847,0,Mikro Hidro Kelas A (PLTMH),Wanuwui,Maluku Barat Daya,138980.93310112366,PLTS Terpusat,15.0,Werain,2012,486651.84461450553,GI 150 kV Sirimau,0.0,150 kV,Operasi,5468.5702641296275,PLTD Tepa,1.1,PLTD,HSD,True,4.40700006,0.18068700000000001,-7.834574748591757,129.63358122430353
81.08.04.2015,30.335080945027478,51.41068272141422,241.66396629735465,606.0,1875.7202422155344,0.63,,0.8510096644928105,35199.06706860283,0.019178792545334545,False,65.98156834091499,32.67410056806229,0.0,False,0.63,60.0,0.0018735790090623203,0.5513943023670409,none,solar_biomass_hybrid,85% cropland/tree cover - sago/coconut residue,Lewah,Babar Barat,Maluku Barat Daya,intermittent,34225.05803226044,0,Mikro Hidro Kelas A (PLTMH),Wanuwui,Maluku Barat Daya,146086.7642018523,PLTS Terpusat,15.0,Werain,2012,460819.7360780013,GI 150 kV Sirimau,0.0,150 kV,Operasi,36474.690786889434,PLTD Tepa,1.1,PLTD,HSD,True,4.816500189999999,0.197477,-7.559506630979906,129.7117034414038
81.08.04.2016,23.383589343923365,50.39384285763335,202.53401534526844,544.0,1903.530541959925,0.84,,0.8985726623515318,34367.322310772186,0.01724602282753048,False,75.48245695499548,30.992677949825975,0.0,False,0.84,60.0,0.0025351434158522594,0.7460927072853201,none,solar_biomass_hybrid,90% cropland/tree cover - sago/coconut residue,Hertuti,Babar Barat,Maluku Barat Daya,intermittent,34035.41617742721,0,Mikro Hidro Kelas A (PLTMH),Wanuwui,Maluku Barat Daya,148052.4730036203,PLTS Terpusat,15.0,Werain,2012,460030.9882881073,GI 150 kV Sirimau,0.0,150 kV,Operasi,35608.882353819245,PLTD Tepa,1.1,PLTD,HSD,True,4.82299995,0.197743,-7.5603115405992005,129.68950308132335
81.08.04.2017,25.43226191422166,43.36952317437417,246.32705701152756,595.0,1876.6310710827868,1.05,,0.8770471346057853,35147.099249751394,0.021112867380530764,False,67.99985739157304,28.35854341736697,0.0,False,1.05,60.0,0.003124147996950986,0.9194367555026752,none,solar_biomass_hybrid,88% cropland/tree cover - sago/coconut residue,Sinairusi,Babar Barat,Maluku Barat Daya,intermittent,35874.29974190032,0,Mikro Hidro Kelas A (PLTMH),Wanuwui,Maluku Barat Daya,150621.6178325394,PLTS Terpusat,15.0,Werain,2012,457683.4626864206,GI 150 kV Sirimau,0.0,150 kV,Operasi,36860.592508226735,PLTD Tepa,1.1,PLTD,HSD,True,4.82299995,0.197743,-7.544135094566131,129.67242215776025
81.08.05.2001,4.985639135489932,22.822867245273805,191.90393406339075,486.0,2134.9787910373925,3.9899999999999998,7.156776339008704,0.9257149235405737,496.01428595858005,0.0,False,76.99534289758394,53.558683973177544,0.0,False,3.9899999999999998,43.618053095490644,0.013506096804032211,2.889582821042012,none,grid_extension,0.5 km from a reliably-lit settlement,Letwurung,Pulau-Pulau Babar Timur,Maluku Barat Daya,intermittent,12839.073418286214,0,Mikro Hidro Kelas A (PLTMH),Tutuwawang,Maluku Barat Daya,115178.70065100765,PLTS Terpusat,15.0,Werain,2012,501962.68733638775,GI 150 kV Sirimau,0.0,150 kV,Operasi,2890.8301862626595,PLTD Letwurung,1.1,PLTD,HSD,True,4.36800003,0.17908800000000002,-7.908305999712875,129.8366551095636
81.08.05.2002,10.926231134396938,47.84095352376983,372.98046683849697,680.0,2181.3505297513598,10.29,7.156776339008704,0.9844009647718699,5272.954990147839,0.002771738300800118,False,90.7639859796675,42.407971750592594,0.0,False,10.29,60.0,0.035588053258405465,10.47356407394873,marginal,wind_solar_hybrid,mean 50 m wind 7.2 m/s (ERA5 coarse - met mast required),Yatoke,Pulau-Pulau Babar Timur,Maluku Barat Daya,intermittent,11546.818152007389,0,Mikro Hidro Kelas A (PLTMH),Imroing,Maluku Barat Daya,119679.45058293705,PLTS Terpusat,15.0,Werain,2012,495863.23461805045,GI 150 kV Sirimau,0.0,150 kV,Operasi,7082.436597142445,PLTD Letwurung,1.1,PLTD,HSD,True,4.17299986,0.17109300000000002,-7.8580199494064855,129.814366769618
81.08.05.2003,9.226639651210549,47.84095352376983,291.05349151141996,811.0,2180.25666858556,39.059999999999995,7.156776339008704,0.9793961811199061,0.0,0.0015287565941312232,False,90.29982227030368,40.76896874733888,0.0,False,25.0,60.0,0.08641935679007959,25.433216703320426,marginal,grid_extension,0.0 km from a reliably-lit settlement,Kroing,Pulau-Pulau Babar Timur,Maluku Barat Daya,intermittent,11144.327016001358,0,Mikro Hidro Kelas A (PLTMH),Imroing,Maluku Barat Daya,118449.92504357122,PLTS Terpusat,15.0,Werain,2012,498620.3761904719,GI 150 kV Sirimau,0.0,150 kV,Operasi,5513.408724722366,PLTD Letwurung,1.1,PLTD,HSD,True,4.146999839999999,0.170027,-7.884443376990139,129.81464788335566
81.08.05.2004,11.58158166042705,46.066040412719225,415.9884213269154,810.0,2172.6931171676206,15.75,7.183447669324993,0.9931410491703523,7324.104301039138,0.0022016210350759052,False,97.70938777674887,39.49303845011619,0.0,False,15.75,60.0,0.054255321847079575,15.967341219595518,marginal,wind_solar_hybrid,mean 50 m wind 7.2 m/s (ERA5 coarse - met mast required),Nakarhamto,Pulau-Pulau Babar Timur,Maluku Barat Daya,intermittent,8233.724840893532,0,Mikro Hidro Kelas A (PLTMH),Imroing,Maluku Barat Daya,124271.65943004022,PLTS Terpusat,15.0,Werain,2012,492881.5656580847,GI 150 kV Sirimau,0.0,150 kV,Operasi,11472.270757473007,PLTD Letwurung,1.1,PLTD,HSD,True,4.1015000299999995,0.168161,-7.844101266946966,129.77494282463846
81.08.05.2005,8.787532899264136,46.130700094083195,206.0890467574489,502.0,2169.2794467708213,63.629999999999995,7.187037380129764,0.9900381085776132,15182.255190579395,0.0033997673460441106,False,96.25137445965206,42.88733928960559,0.0,False,25.0,60.0,0.08598425001469834,25.30516477932572,marginal,wind_solar_hybrid,mean 50 m wind 7.2 m/s (ERA5 coarse - met mast required),Emplawas,Pulau-Pulau Babar Timur,Maluku Barat Daya,intermittent,4604.762704856547,0,Mikro Hidro Kelas A (PLTMH),Tutuwawang,Maluku Barat Daya,122078.86713493429,PLTS Terpusat,15.0,Werain,2012,509537.96789373364,GI 150 kV Sirimau,0.0,150 kV,Operasi,19382.56168424172,PLTD Letwurung,1.1,PLTD,HSD,True,4.5500001899999996,0.18655001,-8.018683763842194,129.73201688318153
81.08.05.2006,6.270697946163435,28.49506155713397,405.42620919072965,815.0,2167.2348037303714,10.5,7.169165068490095,0.962847206607606,1488.0271229886907,0.0009081404107492843,False,88.94823356599333,59.58997460654495,0.0,False,10.5,54.941703163461426,0.03607934652328909,9.722988964104717,none,grid_extension,1.5 km from a reliably-lit settlement,Kokwari,Pulau-Pulau Babar Timur,Maluku Barat Daya,intermittent,9299.814566587851,0,Mikro Hidro Kelas A (PLTMH),Imroing,Maluku Barat Daya,119428.54589851138,PLTS Terpusat,15.0,Werain,2012,500346.4992072687,GI 150 kV Sirimau,0.0,150 kV,Operasi,7416.838538334026,PLTD Letwurung,1.1,PLTD,HSD,True,4.07550001,0.16709501000000002,-7.908374273110005,129.79491285974822
81.08.05.2007,7.445212995447974,32.105361220586715,375.9728742608091,742.0,2154.276687256209,28.98,7.143963591996922,0.9586484111774515,7153.201555946819,0.0021222242016579983,False,94.01730984765673,55.51665036854778,0.0,False,25.0,60.0,0.08538958203545982,25.130153993035826,marginal,wind_solar_hybrid,mean 50 m wind 7.1 m/s (ERA5 coarse - met mast required),Ahanari,Pulau-Pulau Babar Timur,Maluku Barat Daya,intermittent,6766.7802351258,0,Mikro Hidro Kelas A (PLTMH),Tutuwawang,Maluku Barat Daya,119230.96352489325,PLTS Terpusat,15.0,Werain,2012,503616.55460218067,GI 150 kV Sirimau,0.0,150 kV,Operasi,9909.568098763737,PLTD Letwurung,1.1,PLTD,HSD,True,4.20550013,0.172426,-7.9440592906284495,129.7830715719854
81.08.05.2008,7.046964212062419,33.48025862799681,423.77073496273385,802.0,2181.5738935141594,14.07,7.1665485445989665,0.9848625682273693,5272.508287392729,0.0006443086291145645,False,93.1809838715215,22.799214772099884,0.0,False,14.07,60.0,0.048666198442643686,14.322462201670037,marginal,wind_solar_hybrid,mean 50 m wind 7.2 m/s (ERA5 coarse - met mast required),Wakpapapi,Pulau-Pulau Babar Timur,Maluku Barat Daya,intermittent,8950.250555009035,0,Mikro Hidro Kelas A (PLTMH),Tutuwawang,Maluku Barat Daya,119715.13568624854,PLTS Terpusat,15.0,Werain,2012,501682.2940845312,GI 150 kV Sirimau,0.0,150 kV,Operasi,8785.530527190507,PLTD Letwurung,1.1,PLTD,HSD,True,4.1015000299999995,0.168161,-7.924565934618682,129.7857061761214
81.08.05.2009,6.878965965365215,29.275678152984415,456.50985707756865,678.0,2167.425807765494,7.77,7.160134789912544,0.9744570291260144,10462.876942134511,0.001310656328469456,False,97.1002598122068,44.60499822338032,0.0,False,7.77,60.0,0.026701069454493104,7.8581247404573205,none,wind_solar_hybrid,mean 50 m wind 7.2 m/s (ERA5 coarse - met mast required),Analutur,Pulau-Pulau Babar Timur,Maluku Barat Daya,intermittent,6632.634595364731,0,Mikro Hidro Kelas A (PLTMH),Tutuwawang,Maluku Barat Daya,121270.3370535318,PLTS Terpusat,15.0,Werain,2012,502923.0754117707,GI 150 kV Sirimau,0.0,150 kV,Operasi,11895.4339047676,PLTD Letwurung,1.1,PLTD,HSD,True,4.1079998,0.16842800000000002,-7.944586037494144,129.76320959301802
81.08.05.2010,8.026216233125824,36.52925941276221,414.01704630405817,636.0,2161.0260580219797,9.03,7.148515723249983,0.9749415641922791,11310.084051411819,0.0011511059950844657,False,94.43849868087013,45.30149191877334,0.0,False,9.03,60.0,0.030939347577274352,9.105449991991842,none,wind_solar_hybrid,mean 50 m wind 7.1 m/s (ERA5 coarse - met mast required),Manuweri,Pulau-Pulau Babar Timur,Maluku Barat Daya,intermittent,5212.970832940884,0,Mikro Hidro Kelas A (PLTMH),Tutuwawang,Maluku Barat Daya,120825.47409004958,PLTS Terpusat,15.0,Werain,2012,504267.28817820223,GI 150 kV Sirimau,0.0,150 kV,Operasi,12577.96603836588,PLTD Letwurung,1.1,PLTD,HSD,True,4.15999985,0.17056000000000002,-7.957538928483291,129.76293156206276
81.08.05.2011,7.699297294914906,36.599597344743124,280.11219203747066,607.0,2128.0340471415207,65.73,7.156220938554024,0.9869377912961014,12249.343962025068,0.0018278417127241145,False,90.89032865435259,29.32725131848453,0.0,False,25.0,60.0,0.08434939621153287,24.824027305054123,marginal,wind_solar_hybrid,mean 50 m wind 7.2 m/s (ERA5 coarse - met mast required),Tutuwawang,Pulau-Pulau Babar Timur,Maluku Barat Daya,intermittent,2660.841452371747,0,Mikro Hidro Kelas A (PLTMH),Tutuwawang,Maluku Barat Daya,120728.98477227676,PLTS Terpusat,15.0,Werain,2012,506971.23584226664,GI 150 kV Sirimau,0.0,150 kV,Operasi,15180.815160994753,PLTD Letwurung,1.1,PLTD,HSD,True,4.26399994,0.174824,-7.986425738958184,129.7543268480787
81.08.06.2001,17.573332699370244,67.22472921622548,481.09251350064,1241.0,1202.8173645994596,101.22,3.7412046435022277,0.9231323298454964,2480.5524838229085,0.19112710033056177,True,88.31718893464499,48.28974287270215,0.0,False,25.0,60.0,0.047676360532385983,14.031152904681194,marginal,resource_present_but_screened,"19% of village inside a protected area - non-viable without deep community and regulator engagement; flagged for policy pathway, not commercial deployment",Ilwaki,Wetar Selatan,Maluku Barat Daya,intermittent,5872.295000910928,0,Mikro Hidro Kelas A (PLTMH),Ilputih,Maluku Barat Daya,9241.37910445384,PLTS Terpusat,15.0,Eray,2012,504729.27901710884,"GI 70 kV Sirimau 
",40.0,70 kV,Operasi,8591.815065315384,PLTS Ilwaki,0.1,PLTS,Surya,True,4.6085,0.18894801,-7.851076580408304,126.40090207577776
81.08.06.2002,19.4668502439219,62.448915980176466,482.215711956861,1040.0,1356.9104875978087,128.73,3.1970183114596624,0.996724762019144,2806.4392920567516,0.004960677836881043,False,99.19081698862172,23.675072017678865,0.0,False,25.0,60.0,0.05378418662789386,15.828686124589163,marginal,grid_extension,2.8 km from a reliably-lit settlement,Ilputih,Wetar Selatan,Maluku Barat Daya,intermittent,4806.43849422221,0,Mikro Hidro Kelas A (PLTMH),Ilputih,Maluku Barat Daya,14038.041063982404,PLTS Terpusat,15.0,Eray,2012,496041.81932430796,"GI 70 kV Sirimau 
",40.0,70 kV,Operasi,15721.84456663379,PLTS Ilwaki,0.1,PLTS,Surya,True,4.30299997,0.176423,-7.798301270872349,126.47654127787271
81.08.06.2004,22.69591645674224,65.49836552865125,433.95344765649975,1084.0,1473.3215764374843,42.839999999999996,3.4290290662517617,0.9952845289613534,24330.033732123145,0.0,False,99.14213707256924,41.43639396576735,0.0,False,25.0,60.0,0.058398400892530934,17.186649382671856,marginal,solar_biomass_hybrid,100% cropland/tree cover - sago/coconut residue,Masapun,Wetar Selatan,Maluku Barat Daya,intermittent,3032.0044989746903,0,Mikro Hidro Kelas A (PLTMH),Masapun / Ilpokil,Maluku Barat Daya,32269.482176820762,PLTS Terpusat,15.0,Eray,2012,483789.3098790766,"GI 70 kV Sirimau 
",40.0,70 kV,Operasi,31792.272919019026,PLTD Ilwaki,1.0,PLTD,HSD,True,4.517499920000001,0.18521699,-7.745253179656113,126.6399199378198
81.08.06.2021,18.670229981624153,85.1749685266579,572.4522461102928,1360.0,1328.2286376181137,148.68,3.381568477454215,0.8739895074006064,10891.063286015742,0.551590033782983,True,77.67777968590374,53.30553295362086,0.0,False,25.0,60.0,0.05264731725718678,15.494105468790071,marginal,resource_present_but_screened,"55% of village inside a protected area - non-viable without deep community and regulator engagement; flagged for policy pathway, not commercial deployment",Arnau,Wetar Selatan,Maluku Barat Daya,intermittent,6721.181488382647,0,Mikro Hidro Kelas A (PLTMH),Amau,Maluku Barat Daya,28371.568361295285,PLTS Terpusat,15.0,Eray,2012,517035.51408792514,"GI 70 kV Sirimau 
",40.0,70 kV,Operasi,36894.3199709461,PLTS Ilwaki,0.1,PLTS,Surya,True,4.66699982,0.191347,-7.830259231432053,126.09632599561644
81.08.06.2023,22.492263826301297,68.77933200938676,474.64621256755663,1129.0,1185.2462257604786,62.58,3.85204348594828,0.9171791104124929,6468.220509730632,0.0005163208643080895,False,80.69693927870962,26.92380694143168,0.0,False,25.0,60.0,0.04697988908550857,13.826181357865174,marginal,solar_biomass_hybrid,92% cropland/tree cover - sago/coconut residue,Hiay,Wetar Selatan,Maluku Barat Daya,intermittent,7969.472804365735,0,Mikro Hidro Kelas A (PLTMH),Amau,Maluku Barat Daya,10636.934926391606,PLTS Terpusat,15.0,Eray,2012,510623.8870193257,"GI 70 kV Sirimau 
",40.0,70 kV,Operasi,16013.600394130233,PLTS Ilwaki,0.1,PLTS,Surya,True,4.79050016,0.19641100000000003,-7.859045449912272,126.28848018197027
81.08.07.2001,7.016148599450703,33.54377130086732,77.69231262443526,227.0,1123.995650192942,11.34,,0.47433458259746863,0.0,0.0,False,7.725030775655704,69.21568627450979,0.0,False,11.34,60.0,0.020208825902441593,5.947457463088561,none,grid_extension,0.0 km from a reliably-lit settlement,Wonreli,Kisar Selatan,Maluku Barat Daya,intermittent,61351.96114798362,0,Mikro Hidro Kelas A (PLTMH),Jerusu,Maluku Barat Daya,95677.81709297861,PLTS Terpusat,15.0,Eray,2012,499602.5270431158,"GI 70 kV Sirimau 
",40.0,70 kV,Operasi,1978.290494984719,PLTD Wonreli,2.1,PLTD,HSD,True,4.927000049999999,0.20200700000000002,-8.059429871605898,127.17323828178347
81.08.07.2005,4.413836455339143,22.786024135894262,69.63863590608852,130.0,1115.9605121866855,10.92,,0.21256620410095592,2479.526400721517,0.0,False,3.9904269984676137,94.11764705882352,0.0,False,10.92,38.59436624719422,0.019321234134130214,3.657613307882621,none,grid_extension,2.5 km from a reliably-lit settlement,Oirata Timur,Kisar Selatan,Maluku Barat Daya,intermittent,62576.576355649435,0,Mikro Hidro Kelas A (PLTMH),Jerusu,Maluku Barat Daya,100476.77708525851,PLTS Terpusat,15.0,Eray,2012,501640.47390357486,"GI 70 kV Sirimau 
",40.0,70 kV,Operasi,5521.192387538715,PLTD Wonreli,2.1,PLTD,HSD,True,4.93349981,0.202273,-8.086769577651049,127.20983456411652
81.08.08.2001,1.7908797415193936,11.004822697988983,18.6049839774149,30.0,1338.999557612895,3.57,6.330118099057797,0.740489575138816,2891.2844572092868,0.0,False,64.28838037267798,23.45729464650593,0.0,False,3.57,15.633465546796273,0.007579002442729001,0.5811741908485317,none,grid_extension,2.9 km from a reliably-lit settlement,Laitutun,Pulau Leti,Maluku Barat Daya,intermittent,79063.42261259646,0,Mikro Hidro Kelas A (PLTMH),Jerusu,Maluku Barat Daya,159932.22277146153,PLTS Terpusat,15.0,Eray,2012,503324.76198721153,"GI 70 kV Sirimau 
",40.0,70 kV,Operasi,7602.593943952923,PLTD Moa,2.5,PLTD,HSD,True,4.816500189999999,0.197477,-8.190592333657143,127.74331432362985
81.08.08.2002,5.169692767152944,26.647056865548308,47.8909993762307,227.0,1341.6169841004005,4.41,6.315229829928913,0.8601901578944718,0.0,0.0,False,35.98703351353528,1.9196160767846429,0.0,False,4.41,45.23690643793689,0.0093805982050399,2.081433038549683,none,grid_extension,0.0 km from a reliably-lit settlement,Batumiau,Pulau Leti,Maluku Barat Daya,intermittent,75951.71319754065,0,Mikro Hidro Kelas A (PLTMH),Jerusu,Maluku Barat Daya,156054.71787368125,PLTS Terpusat,15.0,Eray,2012,502024.10228150105,"GI 70 kV Sirimau 
",40.0,70 kV,Operasi,4085.354010306116,PLTD Serwaru,1.2,PLTD,HSD,True,4.8035001799999995,0.196944,-8.175315258567144,127.71110761548209
81.08.08.2003,10.668540476871698,39.06855925774104,110.46304973217832,386.0,1393.7908880518276,2.52,6.315229829928913,0.805122022311137,0.0,0.0,False,38.31994224056275,10.672409667384542,0.0,False,2.52,60.0,0.0055687992102527355,1.6388976075773802,none,grid_extension,0.0 km from a reliably-lit settlement,Tutukey,Pulau Leti,Maluku Barat Daya,intermittent,74834.03643186114,0,Mikro Hidro Kelas A (PLTMH),Jerusu,Maluku Barat Daya,153657.03366969473,PLTS Terpusat,15.0,Eray,2012,502230.3459623193,"GI 70 kV Sirimau 
",40.0,70 kV,Operasi,2068.5337109759744,PLTD Serwaru,1.2,PLTD,HSD,True,4.79050016,0.19641100000000003,-8.174594489970575,127.68863823160726
81.08.08.2004,9.578306475645945,35.601719876079756,92.75426865697487,373.0,1381.2881131675695,4.62,6.315229829928913,0.9106079111023215,0.0,0.0,False,46.745365989275086,28.17341108558641,0.0,False,4.62,60.0,0.010117882868521959,2.9776929282060127,none,grid_extension,0.0 km from a reliably-lit settlement,Tomra,Pulau Leti,Maluku Barat Daya,intermittent,75889.17937169474,0,Mikro Hidro Kelas A (PLTMH),Jerusu,Maluku Barat Daya,152166.2592463629,PLTS Terpusat,15.0,Eray,2012,504553.91175992007,"GI 70 kV Sirimau 
",40.0,70 kV,Operasi,3871.601668374277,PLTD Serwaru,1.2,PLTD,HSD,True,4.8035001799999995,0.196944,-8.193271043468902,127.66880767565404
81.08.08.2005,6.6515921640125155,34.457222700639875,54.343122137265276,329.0,1260.5470278868154,2.52,6.315229829928913,0.9375969268781756,1568.0191524659385,0.0,False,69.90280507884297,42.55633015298962,0.0,False,2.52,58.30827543091025,0.005036432189045496,1.4404301371893782,none,grid_extension,1.6 km from a reliably-lit settlement,Nuwewang,Pulau Leti,Maluku Barat Daya,intermittent,76192.1459196121,0,Mikro Hidro Kelas A (PLTMH),Jerusu,Maluku Barat Daya,149150.36837429483,PLTS Terpusat,15.0,Eray,2012,506716.00524598884,"GI 70 kV Sirimau 
",40.0,70 kV,Operasi,7191.537896365668,PLTD Serwaru,1.2,PLTD,HSD,True,4.86199999,0.199342,-8.208648923763162,127.6350463164272
81.08.08.2006,1.7148219767522297,19.656063222420098,23.256250471411803,89.0,1340.5350090614086,3.36,6.315229829928913,0.9348555869427357,3966.657030800621,0.0,False,74.41484174128912,35.661883449453256,0.0,False,3.36,14.969114646772168,0.007141358495760929,0.524343587948338,none,grid_extension,4.0 km from a reliably-lit settlement,Tutuwaru,Pulau Leti,Maluku Barat Daya,intermittent,78706.87441201974,0,Mikro Hidro Kelas A (PLTMH),Jerusu,Maluku Barat Daya,152450.28534439017,PLTS Terpusat,15.0,Eray,2012,507949.90424690064,"GI 70 kV Sirimau 
",40.0,70 kV,Operasi,7286.507709386149,PLTD Serwaru,1.2,PLTD,HSD,True,4.84250021,0.198543,-8.223183424913168,127.66175854018157
81.08.08.2007,6.930715337227262,31.488490992051208,71.96974556730295,383.0,1335.9563055491612,2.94,6.315229829928913,0.8401434217403894,1568.0363416547464,0.0,False,66.70759130016243,19.256950415591884,0.0,False,2.94,60.0,0.006227345792609295,1.8327078667649155,none,grid_extension,1.6 km from a reliably-lit settlement,Luhuely,Pulau Leti,Maluku Barat Daya,intermittent,78694.34049894236,0,Mikro Hidro Kelas A (PLTMH),Jerusu,Maluku Barat Daya,157025.25648535567,PLTS Terpusat,15.0,Eray,2012,504966.25084591535,"GI 70 kV Sirimau 
",40.0,70 kV,Operasi,6077.132662634828,PLTD Serwaru,1.2,PLTD,HSD,True,4.80999994,0.19721000000000002,-8.20207439108557,127.71226778031802
81.08.09.2001,3.3665676888643588,13.54732879079884,42.53820925207015,98.0,1998.2551070633403,1.26,,0.5043945341321607,24838.775850157654,0.007006132579401854,False,12.337121771217708,38.394924982378456,0.0,False,1.26,29.412701910834397,0.0039919479878548466,0.5759155533116675,none,solar_battery,uniform equatorial irradiance; no discriminating alternative,Latalola Besar,Pulau Masela,Maluku Barat Daya,intermittent,18108.9683059231,0,Mikro Hidro Kelas A (PLTMH),Tutuwawang,Maluku Barat Daya,104187.74534863688,PLTS Terpusat,15.0,Werain,2012,526639.6475813193,GI 150 kV Sirimau,0.0,150 kV,Operasi,25740.8302075255,PLTD Letwurung,1.1,PLTD,HSD,True,4.712500100000001,0.19321300000000002,-8.132253361549452,129.87203984541645
81.08.09.2002,4.394461072358455,18.983397290977866,40.50553345263122,95.0,2012.9611278236714,1.47,,0.8700420764382669,22277.01349555748,0.017238482355759092,False,71.39696078186049,43.82737116440697,0.0,False,1.47,38.42428115871581,0.004691547529649919,0.8842211193156045,none,solar_biomass_hybrid,87% cropland/tree cover - sago/coconut residue,Serili,Pulau Masela,Maluku Barat Daya,intermittent,19626.770527997534,0,Mikro Hidro Kelas A (PLTMH),Tutuwawang,Maluku Barat Daya,100549.99800979634,PLTS Terpusat,15.0,Werain,2012,526296.5052338154,GI 150 kV Sirimau,0.0,150 kV,Operasi,24373.562174752344,PLTD Letwurung,1.1,PLTD,HSD,True,4.731999869999999,0.19401200000000002,-8.115070349057973,129.90934426148354
81.08.09.2003,3.5123426931191633,11.127994487219418,30.373275181411422,81.0,1998.685148761252,1.26,,0.851344660043945,25956.75550314407,0.01711438474870018,False,37.937917801436,49.51053099970341,0.0,False,1.26,30.689424748019253,0.00399280708942031,0.6010437530137203,none,solar_biomass_hybrid,85% cropland/tree cover - sago/coconut residue,Latalola Kecil,Pulau Masela,Maluku Barat Daya,intermittent,19625.807065186294,0,Mikro Hidro Kelas A (PLTMH),Tutuwawang,Maluku Barat Daya,102371.08972726723,PLTS Terpusat,15.0,Werain,2012,527741.771811927,GI 150 kV Sirimau,0.0,150 kV,Operasi,26397.357534379924,PLTD Letwurung,1.1,PLTD,HSD,True,4.731999869999999,0.19401200000000002,-8.136967865041054,129.88793214500933
81.08.09.2004,6.552451739184636,16.40390985996143,25.9072671006296,67.0,2028.1041916976528,0.63,,0.9119753900241705,32759.250066536548,0.044993189507447594,False,15.102130463430708,99.68253968253968,0.0,False,0.63,57.43152233314016,0.002025789004264208,0.5706680382912883,none,solar_biomass_hybrid,91% cropland/tree cover - sago/coconut residue,Telalora,Pulau Masela,Maluku Barat Daya,intermittent,22996.754316120125,0,Mikro Hidro Kelas A (PLTMH),Tutuwawang,Maluku Barat Daya,106003.7906100046,PLTS Terpusat,15.0,Werain,2012,532394.7849742768,GI 150 kV Sirimau,0.0,150 kV,Operasi,32973.468850460325,PLTD Letwurung,1.1,PLTD,HSD,True,4.712500100000001,0.19321300000000002,-8.19706126308649,129.84521359784492
81.08.09.2005,5.898282105213381,11.96212910166646,68.89751098096633,123.0,2053.3219301596173,1.68,,0.8460117878192536,27768.579149823276,0.00609085193335429,False,6.38924908640811,81.20437956204381,0.0,False,1.68,51.65482218468493,0.005469274547609331,1.3857331527774972,none,solar_biomass_hybrid,85% cropland/tree cover - sago/coconut residue,Marsela,Pulau Masela,Maluku Barat Daya,intermittent,19719.712056798737,0,Mikro Hidro Kelas A (PLTMH),Tutuwawang,Maluku Barat Daya,104423.36242586435,PLTS Terpusat,15.0,Werain,2012,528689.413510018,GI 150 kV Sirimau,0.0,150 kV,Operasi,28155.01597283871,PLTD Letwurung,1.1,PLTD,HSD,True,4.718999859999999,0.193479,-8.15415330412027,129.8658939399399
81.08.09.2006,4.934336980288885,21.20303077852559,47.248152822463574,122.0,2047.1317028485196,0.42,,0.9332158087616761,30283.64637834668,0.00781952907270187,False,37.34036483857283,45.65810411457153,0.0,False,0.42,43.16698542061893,0.0013631965296746233,0.28863514056093315,none,solar_biomass_hybrid,93% cropland/tree cover - sago/coconut residue,Babiotang,Pulau Masela,Maluku Barat Daya,intermittent,21760.951259828897,0,Mikro Hidro Kelas A (PLTMH),Tutuwawang,Maluku Barat Daya,105976.89899025325,PLTS Terpusat,15.0,Werain,2012,531136.2798377099,GI 150 kV Sirimau,0.0,150 kV,Operasi,31553.4165930748,PLTD Letwurung,1.1,PLTD,HSD,True,4.712500100000001,0.19321300000000002,-8.184370273921232,129.84706301789348
81.08.09.2007,5.29994785740191,19.679899672807295,31.363206428665528,78.0,1995.4796272249446,0.42,,0.9301005303054947,32964.99102741422,0.016819571865443417,False,67.84166754737535,30.95282491143018,0.0,False,0.42,46.38313865647008,0.001328801121630005,0.30231460652340086,none,solar_biomass_hybrid,93% cropland/tree cover - sago/coconut residue,Iblatmuntah,Pulau Masela,Maluku Barat Daya,intermittent,23002.68353809832,0,Mikro Hidro Kelas A (PLTMH),Tutuwawang,Maluku Barat Daya,108005.20517786806,PLTS Terpusat,15.0,Werain,2012,532338.9671242934,GI 150 kV Sirimau,0.0,150 kV,Operasi,33839.67385807945,PLTD Letwurung,1.1,PLTD,HSD,True,4.7059998499999995,0.192946,-8.203255553540536,129.82619847932776
81.08.09.2008,7.173225001696941,29.10085805518521,90.46634689639787,169.0,2058.4324164373706,0.42,,0.9771911052726369,28268.64152643349,0.008305964614895644,False,41.93028922555355,55.663847002574485,0.0,False,0.42,60.0,0.001370721738495205,0.40340340763913884,none,solar_biomass_hybrid,98% cropland/tree cover - sago/coconut residue,Ilbutung,Pulau Masela,Maluku Barat Daya,intermittent,20430.963904274053,0,Mikro Hidro Kelas A (PLTMH),Tutuwawang,Maluku Barat Daya,104939.57973383354,PLTS Terpusat,15.0,Werain,2012,529607.8707842955,GI 150 kV Sirimau,0.0,150 kV,Operasi,29395.921649002492,PLTD Letwurung,1.1,PLTD,HSD,True,4.712500100000001,0.19321300000000002,-8.1653332110319,129.85933109601487
81.08.09.2009,3.716880545418755,18.372412980992156,28.098519561053543,78.0,2040.252106318514,1.47,,0.9494643323752282,29899.784705537597,0.02330868326844182,False,74.34051504501087,53.19307855097723,0.0,False,1.47,32.481478985870176,0.004755153786606126,0.7575989683306878,none,solar_biomass_hybrid,95% cropland/tree cover - sago/coconut residue,Lawawang,Pulau Masela,Maluku Barat Daya,intermittent,20899.603619314083,0,Mikro Hidro Kelas A (PLTMH),Tutuwawang,Maluku Barat Daya,107289.23120503094,PLTS Terpusat,15.0,Werain,2012,530301.3938982576,GI 150 kV Sirimau,0.0,150 kV,Operasi,31214.57337253444,PLTD Letwurung,1.1,PLTD,HSD,True,4.7059998499999995,0.192946,-8.180491476437648,129.83555604456424
81.08.09.2010,4.618057464522305,23.16369242543338,54.878465918981405,141.0,2032.3854095472254,1.05,,0.8552186226428129,26818.42775383188,0.00893350524958556,False,56.04095353584968,23.203700084685046,0.0,False,1.05,40.3876500415849,0.0033834422247979883,0.6702647209067619,none,solar_biomass_hybrid,86% cropland/tree cover - sago/coconut residue,Nura,Pulau Masela,Maluku Barat Daya,intermittent,18885.298623751325,0,Mikro Hidro Kelas A (PLTMH),Tutuwawang,Maluku Barat Daya,106287.71526253803,PLTS Terpusat,15.0,Werain,2012,528146.2166368047,GI 150 kV Sirimau,0.0,150 kV,Operasi,28309.564399252708,PLTD Letwurung,1.1,PLTD,HSD,True,4.699500080000001,0.19268000000000002,-8.15523458373932,129.8485468500291
81.08.09.2011,4.0141538462433894,11.127994487219418,43.95730827712581,99.0,2010.808782294943,0.84,,0.8780025994448102,26795.496216715226,0.019094687184095245,False,27.395831662040532,57.42844161744666,0.0,False,0.84,35.087527689321924,0.0026780177846393843,0.4608984386539069,none,solar_biomass_hybrid,88% cropland/tree cover - sago/coconut residue,Bululora,Pulau Masela,Maluku Barat Daya,intermittent,19529.17667408971,0,Mikro Hidro Kelas A (PLTMH),Tutuwawang,Maluku Barat Daya,103715.51894026453,PLTS Terpusat,15.0,Werain,2012,528236.1448846918,GI 150 kV Sirimau,0.0,150 kV,Operasi,27383.629278019936,PLTD Letwurung,1.1,PLTD,HSD,True,4.7255001100000005,0.193746,-8.146969334812425,129.8736647181372
81.08.10.2001,11.95292743038092,43.67485783527128,87.34067082653837,279.0,2043.1183441818557,0.63,,0.4944639691475134,23714.049366224863,0.02539183978106729,False,27.963308457711438,30.61696658097689,0.0,False,0.63,60.0,0.002040786017304936,0.6006033248928427,none,solar_battery,uniform equatorial irradiance; no discriminating alternative,Watuwei,Dawelor Dawera,Maluku Barat Daya,intermittent,39507.52470062064,0,Mikro Hidro Kelas A (PLTMH),Imroing,Maluku Barat Daya,102652.59573856069,PLTS Terpusat,15.0,Werain,2012,495983.21036728035,GI 150 kV Sirimau,0.0,150 kV,Operasi,25790.562205144157,PLTD Letwurung,1.1,PLTD,HSD,True,4.77750015,0.195878,-7.762533696094371,130.04967861797596
81.08.10.2002,8.7115761593334,33.81723760147802,66.80565510918488,283.0,1951.528549257661,1.68,,0.6737670757119705,23195.366968022947,0.03272446616928221,False,69.77566823595997,16.385387737662906,0.0,False,1.68,60.0,0.005198135405176419,1.5298112497434202,none,solar_battery,uniform equatorial irradiance; no discriminating alternative,Ilmarang,Dawelor Dawera,Maluku Barat Daya,intermittent,36260.23029917229,0,Mikro Hidro Kelas A (PLTMH),Imroing,Maluku Barat Daya,108793.70783642028,PLTS Terpusat,15.0,Werain,2012,490782.33796000824,GI 150 kV Sirimau,0.0,150 kV,Operasi,24435.678305752983,PLTD Letwurung,1.1,PLTD,HSD,True,4.77750015,0.195878,-7.731751273700535,130.00334546506753
81.08.10.2003,12.036353258704853,41.182859868884606,105.43661854467432,283.0,1951.2753910308952,0.42,,0.7586064994020139,24207.830324414146,0.015586419753086422,False,38.311963888424486,47.47833350736139,0.0,False,0.42,60.0,0.0012993652718052006,0.38240319949227053,none,solar_biomass_hybrid,76% cropland/tree cover - sago/coconut residue,Letmasa,Dawelor Dawera,Maluku Barat Daya,intermittent,37397.86078648589,0,Mikro Hidro Kelas A (PLTMH),Imroing,Maluku Barat Daya,107556.6707253508,PLTS Terpusat,15.0,Werain,2012,491525.5945356621,GI 150 kV Sirimau,0.0,150 kV,Operasi,25196.50578309392,PLTD Letwurung,1.1,PLTD,HSD,True,4.78399992,0.19614399999999999,-7.733541573584864,130.01594904793447
81.08.10.2004,13.6528899482397,40.717972051202395,158.1709247515,322.0,1953.9155458892885,1.05,,0.6474270207837851,24511.580048073705,0.020840319435647122,False,50.61293145719411,42.34580384226495,0.0,False,1.05,60.0,0.0032528084144846413,0.95730151638283,none,solar_battery,uniform equatorial irradiance; no discriminating alternative,Welora,Dawelor Dawera,Maluku Barat Daya,intermittent,37161.65792825828,0,Mikro Hidro Kelas A (PLTMH),Imroing,Maluku Barat Daya,110320.260482785,PLTS Terpusat,15.0,Werain,2012,488640.7198213838,GI 150 kV Sirimau,0.0,150 kV,Operasi,26049.213929130536,PLTD Letwurung,1.1,PLTD,HSD,True,4.77750015,0.195878,-7.711671415170168,130.00112454909006
81.08.10.2005,13.884347909094963,45.57445797383127,191.25202283307473,279.0,2135.5375809436255,0.63,,0.8159598395635033,27244.606957157594,0.014402517874858887,False,44.66481928123022,23.47369622275478,0.0,False,0.63,60.0,0.002133099752654877,0.6277712572063303,none,solar_biomass_hybrid,82% cropland/tree cover - sago/coconut residue,Wiratan,Dawelor Dawera,Maluku Barat Daya,intermittent,42525.70629591847,0,Mikro Hidro Kelas A (PLTMH),Imroing,Maluku Barat Daya,99905.67251393278,PLTS Terpusat,15.0,Werain,2012,497519.7667724366,GI 150 kV Sirimau,0.0,150 kV,Operasi,28373.44269316129,PLTD Letwurung,1.1,PLTD,HSD,True,4.77750015,0.195878,-7.7643894837760845,130.07940009893437
81.08.10.2006,11.710172359234823,39.81817265812112,116.2657044374188,273.0,2135.5375809436255,0.84,,0.6691359169293528,26292.7629568718,0.011534217870620199,False,43.05634103151277,27.829806393516453,0.0,False,0.84,60.0,0.002844133003539836,0.8370283429417738,none,solar_battery,uniform equatorial irradiance; no discriminating alternative,Nurnyaman,Dawelor Dawera,Maluku Barat Daya,intermittent,41865.076709534784,0,Mikro Hidro Kelas A (PLTMH),Imroing,Maluku Barat Daya,99201.33915361419,PLTS Terpusat,15.0,Werain,2012,498766.7253510288,GI 150 kV Sirimau,0.0,150 kV,Operasi,27419.488478408028,PLTD Letwurung,1.1,PLTD,HSD,True,4.77750015,0.195878,-7.777622120007531,130.0773688764411
81.08.11.2001,6.7526247806306,27.591110221535175,66.8659190479304,137.0,2014.6338882369948,1.89,7.1930301274327135,0.6424300089380963,4679.439043905262,0.015292265642569242,False,22.156099530029124,79.58639803858864,0.0,False,1.89,59.20212635213041,0.006037002233586886,1.753063525047536,none,grid_extension,4.7 km from a reliably-lit settlement,Herley,Pulau Wetang,Maluku Barat Daya,intermittent,15784.529554952567,0,Mikro Hidro Kelas A (PLTMH),Wanuwui,Maluku Barat Daya,146238.89058187508,PLTS Terpusat,15.0,Werain,2012,488563.14515106205,GI 150 kV Sirimau,0.0,150 kV,Operasi,5817.060655732415,PLTD Tepa,1.1,PLTD,HSD,True,4.64750004,0.190547,-7.881287954545325,129.54539277737143
81.08.11.2002,6.391621878952526,36.89381604932562,98.64385845930107,286.0,2013.8552763742314,3.36,7.1930301274327135,0.8431299769092989,4960.169162941926,0.007531387976538322,False,38.23087679320524,32.59597806215723,0.0,False,3.36,56.00995447177827,0.010728300559071249,2.9473734249077226,none,grid_extension,5.0 km from a reliably-lit settlement,Upuhupun,Pulau Wetang,Maluku Barat Daya,intermittent,15660.076771558139,0,Mikro Hidro Kelas A (PLTMH),Wanuwui,Maluku Barat Daya,144263.12561106397,PLTS Terpusat,15.0,Werain,2012,492186.018100142,GI 150 kV Sirimau,0.0,150 kV,Operasi,6928.701712337056,PLTD Tepa,1.1,PLTD,HSD,True,4.66699982,0.191347,-7.912859633603687,129.55368731911426
81.08.11.2003,12.256876940264656,36.643357087324794,168.2077480100584,327.0,2036.0241592749699,0.63,7.1930301274327135,0.9129541661317244,7842.424937877952,0.021019338725301394,False,66.18115612198453,88.13301823092505,0.0,False,0.63,60.0,0.0020336999307826466,0.5985178896293328,none,wind_solar_hybrid,mean 50 m wind 7.2 m/s (ERA5 coarse - met mast required),Pota Besar,Pulau Wetang,Maluku Barat Daya,intermittent,17275.605914856016,0,Mikro Hidro Kelas A (PLTMH),Wanuwui,Maluku Barat Daya,144161.86057624526,PLTS Terpusat,15.0,Werain,2012,494398.5300028526,GI 150 kV Sirimau,0.0,150 kV,Operasi,9335.494300978024,PLTD Tepa,1.1,PLTD,HSD,True,4.712500100000001,0.19321300000000002,-7.935633994729054,129.54749194202856
81.08.11.2004,9.382206667059883,33.90947146186849,125.4949064769622,327.0,2056.3057450871415,1.68,,0.6952653591853082,9145.809012875787,0.002863034028078747,False,51.49914016041588,67.97767064196908,0.0,False,1.68,60.0,0.005477222304265597,1.6119465241453654,none,solar_battery,uniform equatorial irradiance; no discriminating alternative,Pota Kecil,Pulau Wetang,Maluku Barat Daya,intermittent,18943.51281797485,0,Mikro Hidro Kelas A (PLTMH),Wanuwui,Maluku Barat Daya,145924.4246540813,PLTS Terpusat,15.0,Werain,2012,493857.81698045705,GI 150 kV Sirimau,0.0,150 kV,Operasi,10504.850811545082,PLTD Tepa,1.1,PLTD,HSD,True,4.73850012,0.194279,-7.935673043455652,129.5307738258288
81.08.11.2005,6.192511507319266,30.883127699927748,88.35283116451325,252.0,2056.3057450871415,1.89,,0.6257544927585791,7323.563167526447,0.00485046766259896,False,36.93323375312851,86.63185378590083,0.0,False,1.89,54.25126246803237,0.006161875092298798,1.639690011859551,none,solar_battery,uniform equatorial irradiance; no discriminating alternative,Wasarili,Pulau Wetang,Maluku Barat Daya,intermittent,18261.34906968954,0,Mikro Hidro Kelas A (PLTMH),Wanuwui,Maluku Barat Daya,146865.58332944053,PLTS Terpusat,15.0,Werain,2012,491373.7835496549,GI 150 kV Sirimau,0.0,150 kV,Operasi,9002.46852290339,PLTD Tepa,1.1,PLTD,HSD,True,4.712500100000001,0.19321300000000002,-7.912871562492572,129.5288867684429
81.08.11.2006,7.486754256496403,23.56443711389818,48.277608042825435,124.0,2016.3182371237297,0.42,,0.3903862273518603,6944.457110710671,0.01992648481331011,False,12.2541749951641,62.8415300546448,0.0,False,0.42,60.0,0.0013426776693175521,0.3951500380801556,none,solar_battery,uniform equatorial irradiance; no discriminating alternative,Rumahlewang Kecil,Pulau Wetang,Maluku Barat Daya,intermittent,17412.99025869762,0,Mikro Hidro Kelas A (PLTMH),Wanuwui,Maluku Barat Daya,148300.26666058443,PLTS Terpusat,15.0,Werain,2012,486760.44667603745,GI 150 kV Sirimau,0.0,150 kV,Operasi,7309.784654623819,PLTD Tepa,1.1,PLTD,HSD,True,4.66699982,0.191347,-7.8691308373873765,129.52984390573752
81.08.11.2007,4.803590331725921,26.371807707469856,55.76956405302522,124.0,2017.035440439256,1.89,,0.4246091720587541,6617.796135232635,0.0045813334277938185,False,24.883698963326793,66.22436670687576,0.0,False,1.89,42.01772573565305,0.006044198665699826,1.2456908783622955,none,solar_battery,uniform equatorial irradiance; no discriminating alternative,Rumahlewang Besar,Pulau Wetang,Maluku Barat Daya,intermittent,17558.417722687078,0,Mikro Hidro Kelas A (PLTMH),Wanuwui,Maluku Barat Daya,147638.8267439035,PLTS Terpusat,15.0,Werain,2012,488691.99862218526,GI 150 kV Sirimau,0.0,150 kV,Operasi,7643.764746244788,PLTD Tepa,1.1,PLTD,HSD,True,4.686500069999999,0.192147,-7.887309280912155,129.529900353418
81.08.11.2008,10.02629188586915,31.929616574154526,64.48099974496299,130.0,1990.9547173223664,0.42,,0.5719816678522696,7506.45477967962,0.02735891963754679,False,10.571891425707726,71.3365853658537,0.0,False,0.42,60.0,0.0013257879586431283,0.3901793962286727,none,solar_battery,uniform equatorial irradiance; no discriminating alternative,Nusiata,Pulau Wetang,Maluku Barat Daya,intermittent,18347.306287379535,0,Mikro Hidro Kelas A (PLTMH),Wanuwui,Maluku Barat Daya,149721.14233524466,PLTS Terpusat,15.0,Werain,2012,484805.70607603283,GI 150 kV Sirimau,0.0,150 kV,Operasi,8324.488218346029,PLTD Tepa,1.1,PLTD,HSD,True,4.66050005,0.19108,-7.853178751295746,129.5218758333462
81.08.12.2001,1.1690019236104,10.189995132750905,19.3998038892649,30.0,1532.5618270450047,15.959999999999999,,0.39731023478459104,37327.62988307053,0.0,False,46.205887686042416,7.849969255995082,0.0,False,15.959999999999999,10.202882054609049,0.03878057895680853,1.9407793665838071,none,solar_battery,uniform equatorial irradiance; no discriminating alternative,Ketty,Pulau Lakor,Maluku Barat Daya,intermittent,113952.15797029473,0,Mikro Hidro Kelas A (PLTMH),Jerusu,Maluku Barat Daya,206984.6564045814,PLTS Terpusat,15.0,Eray,2012,508190.86386161187,"GI 70 kV Sirimau 
",40.0,70 kV,Operasi,41015.57306468231,PLTD Moa,2.5,PLTD,HSD,True,4.757999900000001,0.195078,-8.259166346526326,128.16770148302695
81.08.12.2002,1.2543360822823002,14.823103213595273,20.082972100456324,30.0,1522.3233572984468,19.74,6.468636927478753,0.23336627049625233,29584.188682470238,0.0,False,29.210609304455744,11.247431758145003,0.0,False,19.74,10.94789634585617,0.047645013751064405,2.5585101558830883,none,wind_solar_hybrid,mean 50 m wind 6.5 m/s (ERA5 coarse - met mast required),Letoda,Pulau Lakor,Maluku Barat Daya,intermittent,108915.99704281433,0,Mikro Hidro Kelas A (PLTMH),Jerusu,Maluku Barat Daya,201559.58033158132,PLTS Terpusat,15.0,Eray,2012,506339.4431100731,"GI 70 kV Sirimau 
",40.0,70 kV,Operasi,35592.84712825417,PLTD Moa,2.5,PLTD,HSD,True,4.73850012,0.194279,-8.24173117291964,128.12134098626413
81.08.12.2003,1.0087347798116166,6.899713215440779,9.47730738386777,16.0,1529.5003594095003,52.5,,0.29449228932326915,36951.767343981664,0.0,False,15.178624203520469,26.545166402535656,0.0,False,25.0,8.803781225455579,0.06062517279496054,2.6179493681973534,none,solar_battery,uniform equatorial irradiance; no discriminating alternative,Sera,Pulau Lakor,Maluku Barat Daya,intermittent,111996.9411476817,0,Mikro Hidro Kelas A (PLTMH),Jerusu,Maluku Barat Daya,207088.89237398995,PLTS Terpusat,15.0,Eray,2012,503962.7070145885,"GI 70 kV Sirimau 
",40.0,70 kV,Operasi,41295.04984944245,PLTD Moa,2.5,PLTD,HSD,True,4.686500069999999,0.192147,-8.221252488600294,128.17824271474407
81.08.12.2004,0.9683602003990751,11.773660528714597,10.962509612773523,21.0,1592.5058681236662,13.229999999999999,,0.36838250002112977,40657.33789397678,0.0,False,36.69481044503229,11.498048634043831,0.0,False,13.229999999999999,8.45134163458993,0.03340444672005978,1.3847422795505715,none,solar_battery,uniform equatorial irradiance; no discriminating alternative,Yamluli,Pulau Lakor,Maluku Barat Daya,intermittent,114796.23604157763,0,Mikro Hidro Kelas A (PLTMH),Jerusu,Maluku Barat Daya,210432.7186964179,PLTS Terpusat,15.0,Eray,2012,504335.9785189129,"GI 70 kV Sirimau 
",40.0,70 kV,Operasi,44659.556170181,PLTD Moa,2.5,PLTD,HSD,True,4.731999869999999,0.19401200000000002,-8.224801214726126,128.20862029411802
81.08.12.2005,1.1888009658459144,13.2332838614099,18.540296236209226,29.0,1558.4627207726314,5.25,,0.4938980129725449,40529.48933068673,0.0,False,45.61626873376991,22.724358974358974,0.0,False,5.25,10.37573446266044,0.012972363781164882,0.6602022185470947,none,solar_battery,uniform equatorial irradiance; no discriminating alternative,Lolotuara,Pulau Lakor,Maluku Barat Daya,intermittent,117077.63031450797,0,Mikro Hidro Kelas A (PLTMH),Jerusu,Maluku Barat Daya,211066.65014677506,PLTS Terpusat,15.0,Eray,2012,508165.70311931235,"GI 70 kV Sirimau 
",40.0,70 kV,Operasi,45104.92735831621,PLTD Moa,2.5,PLTD,HSD,True,4.76450014,0.195345,-8.259234356953419,128.20599527833338
81.08.13.2001,14.509974531400706,49.4060410002368,302.02081706394335,687.0,1181.5327019350266,78.53999999999999,2.3253050552427887,0.9278190352434432,31319.999516083968,0.2748079400394517,True,91.17343663751869,53.89935358309585,0.0,False,25.0,60.0,0.04683269525046878,13.782862212212962,marginal,resource_present_but_screened,"27% of village inside a protected area - non-viable without deep community and regulator engagement; flagged for policy pathway, not commercial deployment",Nabar,Wetar Utara,Maluku Barat Daya,intermittent,4225.248687715978,0,Mikro Hidro Kelas A (PLTMH),Nabar,Maluku Barat Daya,43505.694356700216,PLTS Terpusat,15.0,Eray,2012,511418.146180012,"GI 70 kV Sirimau 
",40.0,70 kV,Operasi,43195.258658236504,PLTD Liran,0.3,PLTD,HSD,True,4.504499910000001,0.18468501,-7.702344460434992,125.9638993914763
81.08.13.2002,20.705436656368793,55.27263039723396,251.30072267106468,754.0,1260.455039538455,118.22999999999999,2.27397376655804,0.9596028694774373,23814.16628815714,0.1940734154214912,True,89.49755311254609,59.11439114391145,0.0,False,25.0,60.0,0.04996095888581522,14.703510200095419,marginal,resource_present_but_screened,"19% of village inside a protected area - non-viable without deep community and regulator engagement; flagged for policy pathway, not commercial deployment",Elsulith,Wetar Utara,Maluku Barat Daya,intermittent,326.9101276987154,0,Mikro Hidro Kelas A (PLTMH),Elsulith,Maluku Barat Daya,37338.85145384301,PLTS Terpusat,15.0,Eray,2012,509126.60420671175,"GI 70 kV Sirimau 
",40.0,70 kV,Operasi,46181.540943952416,PLTD Liran,0.3,PLTD,HSD,True,4.4460001,0.18228599,-7.7094483775622304,126.0196463523787
81.08.13.2004,22.198837039651455,66.77072854980243,529.4756768904616,1298.0,1331.9864228796102,145.10999999999999,2.76544677678058,0.9185270297760523,0.0,0.35498098040622983,True,82.3525334955402,64.51490449932074,0.0,False,25.0,60.0,0.05279626549338892,15.537940934704359,marginal,resource_present_but_screened,"35% of village inside a protected area - non-viable without deep community and regulator engagement; flagged for policy pathway, not commercial deployment",Lurang,Wetar Utara,Maluku Barat Daya,intermittent,4863.769386219794,0,Mikro Hidro Kelas A (PLTMH),Lurang,Maluku Barat Daya,15969.301940873744,PLTS Terpusat,15.0,Eray,2012,503273.02616269107,"GI 70 kV Sirimau 
",40.0,70 kV,Operasi,30232.50807449106,PLTS Ilwaki,0.1,PLTS,Surya,True,4.42649984,0.181486,-7.748311892247448,126.20971681776092
81.08.13.2006,16.483342743499634,50.31008179587567,334.4830119009246,992.0,1344.6930684447277,31.709999999999997,3.438847210799268,0.9534381131748372,30841.793674026965,0.4618420767492578,True,93.99455868620447,53.872356156425774,0.0,False,25.0,60.0,0.05329992185299054,15.686167001335114,marginal,resource_present_but_screened,"46% of village inside a protected area - non-viable without deep community and regulator engagement; flagged for policy pathway, not commercial deployment",Eray,Wetar Utara,Maluku Barat Daya,intermittent,6636.320233637496,0,Mikro Hidro Kelas A (PLTMH),Amau,Maluku Barat Daya,46295.36411580059,PLTS Terpusat,15.0,Eray,2012,517813.7541245073,"GI 70 kV Sirimau 
",40.0,70 kV,Operasi,36779.67806073434,PLTD Liran,0.3,PLTD,HSD,True,4.28999996,0.17589000000000002,-7.7500537413509045,125.93110655405246
81.08.14.2001,18.626414180636093,65.52986888368773,564.6621749105312,1210.0,1271.2977826929016,32.339999999999996,4.343580095188651,0.9520678287616074,19641.476115608013,0.6299902909500861,True,92.82452279871568,62.954653748411715,0.0,False,25.0,60.0,0.050390735298266334,14.829993398279782,marginal,resource_present_but_screened,"63% of village inside a protected area - non-viable without deep community and regulator engagement; flagged for policy pathway, not commercial deployment",Telemar,Wetar Barat,Maluku Barat Daya,intermittent,1791.3962090052812,0,Mikro Hidro Kelas A (PLTMH),Telemar,Maluku Barat Daya,46313.28046996377,PLTS Terpusat,15.0,Eray,2012,529060.988777915,"GI 70 kV Sirimau 
",40.0,70 kV,Operasi,27096.665079768,PLTD Liran,0.3,PLTD,HSD,True,4.76450014,0.195345,-7.8696075254861535,125.9381198571978
81.08.14.2002,20.99302587334996,63.20977727408447,378.0390387193148,856.0,1167.7562397947925,14.7,5.257837784859801,0.9253018771098159,6654.05646955299,0.02555927276536405,False,83.83086067908137,72.46931353235341,0.0,False,14.7,60.0,0.027216540976952454,8.009828009517108,none,wind_solar_hybrid,mean 50 m wind 5.3 m/s (ERA5 coarse - met mast required),Karbubu,Wetar Barat,Maluku Barat Daya,intermittent,8037.188563576088,0,Mikro Hidro Kelas A (PLTMH),Klishatu,Maluku Barat Daya,55446.3097357028,PLTS Terpusat,15.0,Eray,2012,538922.6499319524,"GI 70 kV Sirimau 
",40.0,70 kV,Operasi,16725.4132598678,PLTD Liran,0.3,PLTD,HSD,True,4.94649982,0.20280600000000001,-7.93323773833486,125.86914885472788
81.08.14.2003,13.379176217794388,38.93065457605956,102.82730946976814,408.0,926.1009128886797,1.68,6.307469372730414,0.517711493877297,0.0,0.021766393646683927,False,16.129012181441087,57.86008230452675,0.0,False,1.68,60.0,0.0024667832535086604,0.7259743115075988,none,grid_extension,0.0 km from a reliably-lit settlement,Ustutun,Wetar Barat,Maluku Barat Daya,intermittent,20392.06041305349,0,Mikro Hidro Kelas A (PLTMH),Klishatu,Maluku Barat Daya,71323.33746665863,PLTS Terpusat,15.0,Eray,2012,553061.031492871,"GI 70 kV Sirimau 
",40.0,70 kV,Operasi,2550.076615455836,PLTD Liran,0.3,PLTD,HSD,True,5.04400015,0.20680401,-8.008625407034016,125.74281269353847
81.08.14.2004,14.24234175820132,48.915253342228965,134.91666584200058,670.0,1181.397132925036,18.27,6.162581261341206,0.7542488153164233,3610.5956420824805,0.00977151737484443,False,65.8782028204531,65.71772598262665,0.0,False,18.27,60.0,0.03422140667576803,10.071359984678532,marginal,grid_extension,3.6 km from a reliably-lit settlement,Klishatu,Wetar Barat,Maluku Barat Daya,intermittent,6823.103546966438,0,Mikro Hidro Kelas A (PLTMH),Klishatu,Maluku Barat Daya,59423.47023834585,PLTS Terpusat,15.0,Eray,2012,539651.3576895213,"GI 70 kV Sirimau 
",40.0,70 kV,Operasi,14931.435239584354,PLTD Liran,0.3,PLTD,HSD,True,4.9204998,0.20174000000000003,-7.917420081491518,125.82712739273312
81.08.14.2005,17.953712092910678,65.52986888368773,414.8010383428531,1148.0,1381.5747398297103,39.059999999999995,3.558027472538393,0.9014299202566347,19522.833048366087,0.3636327440675267,True,90.65923065109692,50.10401317500217,0.0,False,25.0,60.0,0.054761809512529735,16.1164005395375,marginal,resource_present_but_screened,"36% of village inside a protected area - non-viable without deep community and regulator engagement; flagged for policy pathway, not commercial deployment",Ilmamau,Wetar Barat,Maluku Barat Daya,intermittent,1259.8834922663323,0,Mikro Hidro Kelas A (PLTMH),Ilmamau,Maluku Barat Daya,50871.761524351154,PLTS Terpusat,15.0,Eray,2012,525912.7696921874,"GI 70 kV Sirimau 
",40.0,70 kV,Operasi,28654.068501898928,PLTD Liran,0.3,PLTD,HSD,True,4.42000008,0.18122,-7.809981578258073,125.88871969784773
81.08.15.2001,20.679706338782513,68.10883708639228,467.0420464638503,1165.0,1445.9577563914931,33.6,3.637140226957605,0.9733328866056612,20826.331108418977,0.0,False,95.25974337966052,45.16465995931609,0.0,False,25.0,60.0,0.05731377459060649,16.86744386201549,marginal,solar_biomass_hybrid,97% cropland/tree cover - sago/coconut residue,Moning,Wetar Timur,Maluku Barat Daya,intermittent,4467.978669473068,0,Mikro Hidro Kelas A (PLTMH),Moning,Maluku Barat Daya,34578.293436959415,PLTS Terpusat,15.0,Eray,2012,473915.90794457815,"GI 70 kV Sirimau 
",40.0,70 kV,Operasi,39090.410443769164,PLTS Ilwaki,0.1,PLTS,Surya,True,4.19250011,0.17189300000000002,-7.646044906480519,126.63046902540401
81.08.15.2002,17.65057508196985,51.70609231239771,239.5544549656242,748.0,1259.8463544135388,35.699999999999996,4.25859571959503,0.980206683115272,34857.0540332226,0.0,False,93.12589254956633,55.2064225133263,0.0,False,25.0,60.0,0.04993683228744684,14.696409742195605,marginal,solar_biomass_hybrid,98% cropland/tree cover - sago/coconut residue,Arwala,Wetar Timur,Maluku Barat Daya,intermittent,7904.900312354736,0,Mikro Hidro Kelas A (PLTMH),Moning,Maluku Barat Daya,45750.02758979586,PLTS Terpusat,15.0,Eray,2012,472223.2645890525,"GI 70 kV Sirimau 
",40.0,70 kV,Operasi,46118.66600433569,PLTD Ilwaki,1.0,PLTD,HSD,True,4.4914999,0.18415201,-7.675388346628106,126.74997304848908
81.08.15.2003,13.112218830502252,40.98680363617703,92.73459089182948,267.0,1159.300814893949,6.3,4.564378110773619,0.9831034933572566,45668.315690421514,0.0,False,82.20605273716625,73.73460376481525,0.0,False,6.3,60.0,0.01157977412137221,3.4079275239198417,none,solar_biomass_hybrid,98% cropland/tree cover - sago/coconut residue,Ilway,Wetar Timur,Maluku Barat Daya,intermittent,13997.731910885956,0,Mikro Hidro Kelas A (PLTMH),Moning,Maluku Barat Daya,50800.06765018929,PLTS Terpusat,15.0,Eray,2012,472309.2429722384,"GI 70 kV Sirimau 
",40.0,70 kV,Operasi,49603.405002257045,PLTD Ilwaki,1.0,PLTD,HSD,True,4.686500069999999,0.192147,-7.69477262098355,126.80175301435095
81.08.15.2004,18.512927860715862,54.162796269800985,300.3634995792583,748.0,1285.7408826598894,52.29,4.251684248620084,0.9890975129997073,33795.40183220197,0.0,False,95.61315522124207,52.79109887153193,0.0,False,25.0,60.0,0.050963219917708705,14.998475621781672,marginal,solar_biomass_hybrid,99% cropland/tree cover - sago/coconut residue,Kahilin,Wetar Timur,Maluku Barat Daya,intermittent,11343.56673292334,0,Mikro Hidro Kelas A (PLTMH),Moning,Maluku Barat Daya,45350.5421616459,PLTS Terpusat,15.0,Eray,2012,476640.50980854966,"GI 70 kV Sirimau 
",40.0,70 kV,Operasi,43855.45387025812,PLTD Ilwaki,1.0,PLTD,HSD,True,4.627999780000001,0.189748,-7.719926164444024,126.75612036753525
81.08.16.2001,15.263482119721415,49.40579799719757,280.34937887357273,733.0,1693.150759261888,7.9799999999999995,,0.9809059436522765,49846.345431485744,0.004165204669667973,False,98.88320692005819,47.82003104914183,0.0,False,7.9799999999999995,60.0,0.021422093890965666,6.304522232111196,none,solar_biomass_hybrid,98% cropland/tree cover - sago/coconut residue,Hila,Kepulauan Roma,Maluku Barat Daya,intermittent,6316.635489951211,0,Mikro Hidro Kelas A (PLTMH),Jerusu,Maluku Barat Daya,113783.60974627364,PLTS Terpusat,15.0,Eray,2012,444366.4834605645,"GI 70 kV Sirimau 
",40.0,70 kV,Operasi,57826.25227509534,PLTD Wonreli,2.1,PLTD,HSD,True,4.7255001100000005,0.193746,-7.5931866845793,127.36404202642855
81.08.16.2002,14.71005752430387,49.25918101793312,185.11492779900786,615.0,1653.3867360312072,36.33,,0.9777430442287462,50386.41693685288,0.014725590150582814,False,89.83027779108005,46.91549361424445,0.0,False,25.0,60.0,0.06553568683533133,19.28715263563801,marginal,solar_biomass_hybrid,98% cropland/tree cover - sago/coconut residue,Jerusu,Kepulauan Roma,Maluku Barat Daya,intermittent,4383.165608280359,0,Mikro Hidro Kelas A (PLTMH),Jerusu,Maluku Barat Daya,123159.74953782225,PLTS Terpusat,15.0,Eray,2012,440622.93729732773,"GI 70 kV Sirimau 
",40.0,70 kV,Operasi,63591.78950777438,PLTD Wonreli,2.1,PLTD,HSD,True,4.73850012,0.194279,-7.576080766567591,127.44734728765943
81.08.16.2003,17.069591676561757,51.4560273783244,158.8368765351037,733.0,1783.4403183490153,5.67,,0.9671296774456984,60551.92374885788,0.019825000060046626,False,92.1458542994185,36.39446582752524,0.0,False,5.67,60.0,0.016032639848171798,4.718405907316961,none,solar_biomass_hybrid,97% cropland/tree cover - sago/coconut residue,Solath,Kepulauan Roma,Maluku Barat Daya,intermittent,5846.157835681435,0,Mikro Hidro Kelas A (PLTMH),Jerusu,Maluku Barat Daya,116956.73153892234,PLTS Terpusat,15.0,Eray,2012,436125.7953812215,"GI 70 kV Sirimau 
",40.0,70 kV,Operasi,65894.86119583472,PLTD Wonreli,2.1,PLTD,HSD,True,4.63450003,0.190014,-7.5200924935358,127.3768280588778
81.08.17.2001,5.436716811464399,27.04449483567513,53.47006374439281,104.0,1200.8298386766226,1.89,,0.17927681112956978,3506.8073309279484,0.0,False,1.166863410913719,,,False,1.89,47.58721291183098,0.003598377085075496,0.8399161924566756,none,grid_extension,3.5 km from a reliably-lit settlement,Purpura,Kisar Utara,Maluku Barat Daya,intermittent,57084.892173039356,0,Mikro Hidro Kelas A (PLTMH),Jerusu,Maluku Barat Daya,95590.52916046946,PLTS Terpusat,15.0,Eray,2012,495280.1534026348,"GI 70 kV Sirimau 
",40.0,70 kV,Operasi,6185.6197019715755,PLTD Wonreli,2.1,PLTD,HSD,True,4.9204998,0.20174000000000003,-8.0220397626187,127.1841219115445
81.08.17.2003,8.62368526033636,25.043135030497137,77.34888618257474,169.0,1193.5860976802326,2.31,,0.5304592975449309,2670.6761374696857,0.0,False,3.9085932666630123,87.19275549805954,0.0,False,2.31,60.0,0.004371486373733729,1.2865284397898364,none,grid_extension,2.7 km from a reliably-lit settlement,Labelau,Kisar Utara,Maluku Barat Daya,intermittent,59272.84528240907,0,Mikro Hidro Kelas A (PLTMH),Jerusu,Maluku Barat Daya,93246.9959888174,PLTS Terpusat,15.0,Eray,2012,496952.31688406813,"GI 70 kV Sirimau 
",40.0,70 kV,Operasi,4623.990152337911,PLTD Wonreli,2.1,PLTD,HSD,True,4.90100002,0.20094100000000004,-8.031514098911321,127.15909531831147
81.09.01.2001,20.717911204051997,58.00161229477399,608.7159321286911,1131.0,3983.736689244019,84.42,0.9329370109448266,0.9953460090273393,8239.799331977083,0.0,False,99.50591522379625,55.77671652092712,0.0,False,25.0,60.0,0.15790432716752362,46.471243485402205,moderate,micro_hydro,"~46 kW screening potential (capped catchment 25 km2, head 60 m); 24-h baseload",Wamkana,Namrole,Buru Selatan,dark_settled,1969.31403223384,0,Mikro Hidro Kelas A (PLTMH),Kase,Buru Selatan,131580.04895773594,PLTMH,30.0,Tahalupu,2014,176362.20825521764,GI 150 kV Sirimau (60 MVA),60.0,150 kV,Operasi,15161.158863399372,PLTD Leksula,0.6,PLTD,HSD,True,4.09499979,0.16789500000000002,-3.7171586491369255,126.6329867225912
81.09.01.2002,16.90282909386754,57.32598701424937,600.6716177030702,1260.0,3746.0713723226927,210.42,0.7867425371388108,0.92827880321122,2986.6534051509893,0.0,False,96.89847670775833,58.74619977790319,0.0,False,25.0,60.0,0.14848392996586018,43.69882058895265,moderate,grid_extension,3.0 km from a reliably-lit settlement,Waenalut,Namrole,Buru Selatan,dark_settled,1036.7374666919281,0,Mikro Hidro Kelas B (PLTMH),Waenalut,Buru Selatan,125683.78345466367,PLTMH,30.0,Tahalupu,2014,172921.29808918628,GI 150 kV Sirimau (60 MVA),60.0,150 kV,Operasi,21759.504504641616,PLTD Leksula,0.6,PLTD,HSD,True,3.88700008,0.159367,-3.6551481788796694,126.66415594807684
81.09.01.2003,21.417714708631543,56.70610941306254,510.8277134463937,1280.0,3829.7623050330862,442.05,1.0396468005405224,0.9687231866909376,0.0,0.0,False,96.98519139558051,70.49500318602347,0.0,False,25.0,60.0,0.15180120754982745,44.675095381914225,moderate,grid_extension,0.0 km from a reliably-lit settlement,Lektama,Namrole,Buru Selatan,dark_settled,2090.9466771482453,0,Mikro Hidro Kelas C (PLTMH),Lektama,Buru Selatan,124297.56095800437,PLTMH,30.0,Tahalupu,2014,167715.17167081134,GI 150 kV Sirimau (60 MVA),60.0,150 kV,Operasi,13616.651233054103,PLTD Namrole,1.5,PLTD,HSD,True,4.3874998100000004,0.17988700000000002,-3.7288277625227066,126.71118360443793
81.09.01.2004,20.661751127549408,55.41162308707964,241.3367813209398,533.0,3216.8193736608487,423.78,1.330365981128543,0.9847781155504085,0.0,0.0,False,99.20884326250119,62.81480323983647,0.0,False,25.0,60.0,0.12750584148516175,37.524969149083105,moderate,grid_extension,0.0 km from a reliably-lit settlement,Fatmite,Namrole,Buru Selatan,intermittent,2011.0134531244028,0,Mikro Hidro Kelas B (PLTMH),Fatmite,Buru Selatan,126271.12337394037,PLTMH,30.0,Tahalupu,2014,166977.98085439473,GI 150 kV Sirimau (IBT 60 MVA),60.0,150 kV,Operasi,7520.698672854434,PLTD Namrole,1.5,PLTD,HSD,True,4.589000230000001,0.18814901,-3.7839857392969667,126.72027786406704
81.09.01.2005,20.157453483491963,52.89185909260042,537.7542635885779,1143.0,3691.167899079645,254.94,0.9977977726835643,0.9823291885706026,0.0,0.0,False,99.50955519075036,79.07759731404764,0.0,False,25.0,60.0,0.14630770782120614,43.058358411780965,moderate,grid_extension,0.0 km from a reliably-lit settlement,Elfule,Namrole,Buru Selatan,intermittent,2200.1914852627015,0,Mikro Hidro Kelas B (PLTMH),Elfule,Buru Selatan,120989.74348590142,PLTMH,30.0,Tahalupu,2014,163409.63680375728,GI 150 kV Sirimau (60 MVA),60.0,150 kV,Operasi,11761.932672673773,PLTD Namrole,1.5,PLTD,HSD,True,4.43949986,0.182019,-3.7397420371382664,126.75033022482394
81.09.01.2006,12.021025345753353,31.968640712872382,112.25360354663498,377.0,3448.347951651979,6.72,,0.9701444040274458,3589.6023369587892,0.0,False,97.17885533933062,50.87669683257919,0.0,False,6.72,60.0,0.036740389134800384,10.812696522371754,marginal,grid_extension,3.6 km from a reliably-lit settlement,Leku,Namrole,Buru Selatan,dark_settled,8930.763652441405,0,Mikro Hidro Kelas B (PLTMH),Fatmite,Buru Selatan,120911.62752722166,PLTMH,30.0,Tahalupu,2014,159586.62723311584,GI 150 kV Sirimau (IBT 60 MVA),60.0,150 kV,Operasi,6362.775558845258,PLTD Namrole,1.5,PLTD,HSD,True,4.5954999899999995,0.18841501000000002,-3.8045801311297383,126.78853498055932
81.09.01.2007,18.58864963810429,53.33524200909518,453.63084609274387,1224.0,3570.2530552078333,80.00999999999999,0.7792699404627135,0.9891160034650986,9352.640145301219,0.0,False,98.72818185244829,37.549773445008945,0.0,False,25.0,60.0,0.14151497713755046,41.6478577715811,moderate,micro_hydro,"~42 kW screening potential (capped catchment 25 km2, head 60 m); 24-h baseload",Oki Baru,Namrole,Buru Selatan,dark_settled,8130.482969404845,0,Mikro Hidro Kelas B (PLTMH),Elfule,Buru Selatan,114330.60787260394,PLTMH,30.0,Tahalupu,2014,156541.1282566338,GI 150 kV Sirimau (60 MVA),60.0,150 kV,Operasi,14898.5706564525,PLTD Namrole,1.5,PLTD,HSD,True,4.3874998100000004,0.17988700000000002,-3.7274104374079013,126.8118847087619
81.09.01.2008,18.248188215502534,48.119716230131665,451.93456145901195,1193.0,3454.9211261190103,85.25999999999999,0.792470613229735,0.9830580045452089,9919.248333417205,0.0,False,98.84187879624001,50.703639308694825,0.0,False,25.0,60.0,0.1369435377869344,40.3024831706948,moderate,micro_hydro,"~40 kW screening potential (capped catchment 25 km2, head 60 m); 24-h baseload",Oki Lama,Namrole,Buru Selatan,intermittent,5531.3790139258645,0,Mikro Hidro Kelas A (PLTMH),Pohon Batu,Buru Selatan,111354.20357929841,PLTMH,30.0,Tahalupu,2014,153457.99713885094,GI 150 kV Sirimau (60 MVA),60.0,150 kV,Operasi,13726.84184499178,PLTD Wamsisi,1.5,PLTD,HSD,True,4.32250023,0.177223,-3.721931291913313,126.83954186552756
81.09.01.2009,8.168227835262142,35.368260880649984,58.51891123605393,243.0,3215.6293142296363,21.419999999999998,1.3685962024658072,0.8781134184972773,0.0,0.0,False,97.31554046359466,53.67340834311223,0.0,False,21.419999999999998,60.0,0.10920658915334669,32.13949918782993,moderate,grid_extension,0.0 km from a reliably-lit settlement,Labuang,Namrole,Buru Selatan,intermittent,7584.641503804216,0,Mikro Hidro Kelas B (PLTMH),Fatmite,Buru Selatan,127257.31371247931,PLTMH,30.0,Tahalupu,2014,165449.01935147215,GI 150 kV Sirimau (IBT 60 MVA),60.0,150 kV,Operasi,1969.4496102091448,PLTD Namrole,1.5,PLTD,HSD,True,4.67999983,0.19188,-3.8313009774424858,126.73784290012938
81.09.01.2010,14.437325088638458,41.478578611694324,169.86817640967877,424.0,3445.7892152207446,25.2,1.3685962024658072,0.9770371824350852,0.0,0.0,False,97.72799273316532,69.06236551091818,0.0,False,25.0,60.0,0.13658157404318655,40.1959572409098,moderate,grid_extension,0.0 km from a reliably-lit settlement,Wali,Namrole,Buru Selatan,intermittent,7353.102154036253,0,Mikro Hidro Kelas B (PLTMH),Fatmite,Buru Selatan,124348.4215240596,PLTMH,30.0,Tahalupu,2014,162866.53852216853,GI 150 kV Sirimau (IBT 60 MVA),60.0,150 kV,Operasi,3395.6935590612607,PLTD Namrole,1.5,PLTD,HSD,True,4.65399981,0.19081399999999998,-3.817192862093341,126.75992633059712
81.09.01.2011,15.93236725652626,44.77963102805334,270.51455669418556,822.0,3474.6605449126446,40.32,0.7812709433764078,0.9905216348339662,6697.107262654526,0.0,False,99.60050398846542,62.226366638131346,0.0,False,25.0,60.0,0.13772595386671757,40.53274822297498,moderate,micro_hydro,"~41 kW screening potential (capped catchment 25 km2, head 60 m); 24-h baseload",Tikbary,Namrole,Buru Selatan,dark_settled,7946.222587279457,0,Mikro Hidro Kelas B (PLTMH),Elfule,Buru Selatan,118125.66103667607,PLTMH,30.0,Tahalupu,2014,158553.47405209613,GI 150 kV Sirimau (60 MVA),60.0,150 kV,Operasi,10123.146020862607,PLTD Namrole,1.5,PLTD,HSD,True,4.5954999899999995,0.18841501000000002,-3.7674195437839937,126.79536364207019
81.09.01.2012,8.297795867800287,23.22187855722887,27.368613523682274,78.0,3215.2773824595342,0.21,1.3685962024658072,0.8248545880718811,0.0,0.0,False,90.77450725015194,62.281270252754375,0.0,False,0.21,60.0,0.0010705356581628966,0.31505864419734053,none,grid_extension,0.0 km from a reliably-lit settlement,Masnana,Namrole,Buru Selatan,intermittent,9734.73259621883,0,Mikro Hidro Kelas B (PLTMH),Fatmite,Buru Selatan,128032.38911019539,PLTMH,30.0,Tahalupu,2014,165249.92929131692,GI 150 kV Sirimau (IBT 60 MVA),60.0,150 kV,Operasi,932.5624931123933,PLTD Namrole,1.5,PLTD,HSD,True,4.712500100000001,0.19321300000000002,-3.8503521742009714,126.74159181704876
81.09.01.2013,13.47361893857793,55.89295819187763,82.36800565280575,285.0,3225.5849968229027,440.15999999999997,1.3685962024658072,0.9109997201507892,703.9627786680203,0.0,False,96.86769595417586,58.237012574622185,0.0,False,25.0,60.0,0.12785328659400774,37.62722224461648,moderate,grid_extension,0.7 km from a reliably-lit settlement,Kamlanglale,Namrole,Buru Selatan,intermittent,7223.54752201652,0,Mikro Hidro Kelas A (PLTMH),Waenalut,Buru Selatan,130826.80060243701,PLTMH,30.0,Tahalupu,2014,169700.59966628844,GI 150 kV Sirimau (IBT 60 MVA),60.0,150 kV,Operasi,5745.194243101506,PLTD Namrole,1.5,PLTD,HSD,True,4.699500080000001,0.19268000000000002,-3.8295633167531795,126.69919196873175
81.09.01.2014,17.719506306597808,42.42577117642199,331.0052614690064,684.0,3294.120886799336,28.77,1.3628354222505445,0.9948266324279655,1991.1430134473014,0.0,False,99.19176222474574,67.54296996497493,0.0,False,25.0,60.0,0.13056986011222635,38.42670983102821,moderate,grid_extension,2.0 km from a reliably-lit settlement,Waenono,Namrole,Buru Selatan,dark_settled,4854.90485094083,0,Mikro Hidro Kelas B (PLTMH),Fatmite,Buru Selatan,122546.17701110417,PLTMH,30.0,Tahalupu,2014,162762.03221438357,GI 150 kV Sirimau (IBT 60 MVA),60.0,150 kV,Operasi,7047.629558253759,PLTD Namrole,1.5,PLTD,HSD,True,4.58249998,0.18788201000000002,-3.7828859066938216,126.75828159110858
81.09.01.2016,2.80551140240365,11.67104271893165,12.110680789510516,22.0,,442.26,,0.6867976718722988,1794.746108437068,0.0,False,80.89014279134041,52.077988712160085,0.0,False,25.0,24.50229104271935,,,none,grid_extension,1.8 km from a reliably-lit settlement,Waefusi,Namrole,Buru Selatan,intermittent,10343.818622976496,0,Mikro Hidro Kelas A (PLTMH),Waenalut,Buru Selatan,133484.69127922648,PLTMH,30.0,Tahalupu,2014,171155.74660567197,GI 150 kV Sirimau (IBT 60 MVA),60.0,150 kV,Operasi,6764.602917194106,PLTD Namrole,1.5,PLTD,HSD,True,4.712500100000001,0.19321300000000002,-3.8589438289112867,126.68898347304007
81.09.01.2017,12.670639155582817,45.72491292177546,35.74466516108217,116.0,3758.323546114564,0.21,,0.9235672414774341,9613.815200175475,0.0,False,78.43806921675774,20.317460317460316,0.0,False,0.21,60.0,0.0012513444074772617,0.3682706591205582,none,solar_biomass_hybrid,92% cropland/tree cover - sago/coconut residue,Batu Tulis,Namrole,Buru Selatan,intermittent,8207.340515947495,0,Mikro Hidro Kelas A (PLTMH),Waenalut,Buru Selatan,138003.287492739,PLTMH,30.0,Tahalupu,2014,178275.75627270166,GI 150 kV Sirimau (IBT 60 MVA),60.0,150 kV,Operasi,13462.017983387517,PLTD Leksula,0.6,PLTD,HSD,True,4.7255001100000005,0.193746,-3.8228793327267203,126.6210230139338
81.09.02.2001,18.420377577255323,49.4290275873228,292.1213607391288,963.0,3311.8548728584387,10.08,2.5019042629610784,0.9957747630930723,24393.45056055006,0.0,False,99.49810969849709,36.62860232318104,0.0,False,10.08,60.0,0.05292918746577413,15.57705987117733,marginal,solar_biomass_hybrid,100% cropland/tree cover - sago/coconut residue,Waetawa,Waesama,Buru Selatan,intermittent,10854.760917807354,0,Mikro Hidro Kelas A (PLTMH),Lena,Buru Selatan,73962.2460974342,PLTMH,30.0,Tahalupu,2014,114720.1269657197,GI 150 kV Sirimau (60 MVA),60.0,150 kV,Operasi,20555.921080975797,PLTD Masawoy,0.7200000000000001,PLTD,HSD,True,4.589000230000001,0.18814901,-3.6407366889095867,127.18941089059514
81.09.02.2002,20.98309508226087,46.36000322587013,419.1193829992216,1069.0,3466.484802625621,65.1,2.2567024414750927,0.995628398083584,20143.210840984986,0.0,False,99.68818090430493,11.416213382266216,0.0,False,25.0,60.0,0.1374018900076746,40.43737622925864,moderate,micro_hydro,"~40 kW screening potential (capped catchment 25 km2, head 60 m); 24-h baseload",Waesili,Waesama,Buru Selatan,dark_settled,6846.496988337972,0,Mikro Hidro Kelas A (PLTMH),Lena,Buru Selatan,74142.30601708632,PLTMH,30.0,Tahalupu,2014,118332.7810214431,GI 150 kV Sirimau (60 MVA),60.0,150 kV,Operasi,21959.589651796883,PLTD Batujungku,0.8,PLTD,HSD,True,4.40700006,0.18068700000000001,-3.6022148289175298,127.15928580029424
81.09.02.2003,19.47492043578277,65.32206246352666,463.48766477405695,1735.0,3721.6992901012964,151.82999999999998,1.6874523358916396,0.9952061710593085,11834.169766506648,0.0,False,99.36453894530207,26.95401548550369,0.0,False,25.0,60.0,0.14751788789404555,43.4145144072176,moderate,micro_hydro,"~43 kW screening potential (capped catchment 25 km2, head 60 m); 24-h baseload",Lena,Waesama,Buru Selatan,dark_settled,2786.7292296835353,0,Mikro Hidro Kelas A (PLTMH),Lena,Buru Selatan,76741.304545052,PLTMH,30.0,Tahalupu,2014,122998.25196336149,GI 150 kV Sirimau (60 MVA),60.0,150 kV,Operasi,22648.03914586549,PLTD Batujungku,0.8,PLTD,HSD,True,4.36149979,0.178821,-3.58219932162728,127.11887684635857
81.09.02.2004,19.38353036665909,55.46810373458689,423.9523486393107,1322.0,3581.2049483165238,150.35999999999999,1.4608763337654134,0.9923545584047181,12915.611437810445,0.0,False,99.31423640296316,30.22762679591485,0.0,False,25.0,60.0,0.1419490799529317,41.77561423014781,moderate,micro_hydro,"~42 kW screening potential (capped catchment 25 km2, head 60 m); 24-h baseload",Simi,Waesama,Buru Selatan,dark_settled,2450.048761953447,0,Mikro Hidro Kelas A (PLTMH),Simi,Buru Selatan,82930.2179061789,PLTMH,30.0,Tahalupu,2014,128863.27611188326,GI 150 kV Sirimau (60 MVA),60.0,150 kV,Operasi,21056.685603284433,PLTD Wamsisi,1.5,PLTD,HSD,True,4.19250011,0.17189300000000002,-3.5993044416199695,127.06432563482188
81.09.02.2005,19.02439901271681,50.83016619562114,381.9285918067333,1080.0,3756.309316640521,96.81,1.1493952551659692,0.9956843107976923,11363.217443658947,0.0,False,99.48918207391998,30.57882941995923,0.0,False,25.0,60.0,0.1488897338216848,43.81824866372184,moderate,micro_hydro,"~44 kW screening potential (capped catchment 25 km2, head 60 m); 24-h baseload",Waelikut,Waesama,Buru Selatan,dark_settled,4390.981411324222,0,Mikro Hidro Kelas A (PLTMH),Pohon Batu,Buru Selatan,99459.73665330949,PLTMH,30.0,Tahalupu,2014,141777.14755219352,GI 150 kV Sirimau (60 MVA),60.0,150 kV,Operasi,7631.594521655705,PLTD Wamsisi,1.5,PLTD,HSD,True,4.29650021,0.176157,-3.6891660832493987,126.94443212608452
81.09.02.2006,18.152024142044723,42.28343023320329,185.94355037935804,602.0,3178.2035389954367,96.39,0.9981144294403682,0.9791312894634076,19818.92145936554,0.0,False,97.18126607163235,54.4027381631489,0.0,False,25.0,60.0,0.12597521637951217,37.07450618049044,moderate,micro_hydro,"~37 kW screening potential (capped catchment 25 km2, head 60 m); 24-h baseload",Wamsisi,Waesama,Buru Selatan,dark_settled,5901.831111559392,0,Mikro Hidro Kelas A (PLTMH),Pohon Batu,Buru Selatan,103816.56094928758,PLTMH,30.0,Tahalupu,2014,142756.2974185016,GI 150 kV Sirimau (60 MVA),60.0,150 kV,Operasi,2444.38412561165,PLTD Wamsisi,1.5,PLTD,HSD,True,4.602000240000001,0.18868200000000002,-3.7506713923267228,126.93706491332786
81.09.02.2007,20.59865309639209,52.330007008123644,438.16537452760286,1181.0,3727.6112101139693,54.809999999999995,0.9491090089004707,0.9959951006767663,10963.550035230377,0.0,False,99.50694164304478,75.86917497069167,0.0,False,25.0,60.0,0.14775222008632868,43.483478371406534,moderate,micro_hydro,"~43 kW screening potential (capped catchment 25 km2, head 60 m); 24-h baseload",Pohon Batu,Waesama,Buru Selatan,dark_settled,2839.8113925367575,0,Mikro Hidro Kelas A (PLTMH),Pohon Batu,Buru Selatan,106526.1647896098,PLTMH,30.0,Tahalupu,2014,148926.86376002894,GI 150 kV Sirimau (60 MVA),60.0,150 kV,Operasi,10377.82149677601,PLTD Wamsisi,1.5,PLTD,HSD,True,4.23799992,0.17375800000000002,-3.7052578415720925,126.88009045826472
81.09.02.2008,17.89521136300641,47.457481813187584,302.20216078115885,1087.0,3386.614713315718,49.35,1.2525901278338274,0.9949954090821278,14471.793292254766,0.0,False,99.59221359103229,24.54707483792626,0.0,False,25.0,60.0,0.13423606011049743,39.505672490519395,moderate,micro_hydro,"~40 kW screening potential (capped catchment 25 km2, head 60 m); 24-h baseload",Waeteba,Waesama,Buru Selatan,dark_settled,388.80656088081287,0,Mikro Hidro Kelas A (PLTMH),Waeteba,Buru Selatan,90135.48814616115,PLTMH,30.0,Tahalupu,2014,133849.10775272307,GI 150 kV Sirimau (60 MVA),60.0,150 kV,Operasi,13845.019381487658,PLTD Wamsisi,1.5,PLTD,HSD,True,4.31599998,0.176956,-3.646305912537692,127.01665452042916
81.09.02.2009,16.879985571684895,43.838286459232,213.48199930312842,706.0,3223.326822565024,42.0,0.9698777946744753,0.988521690147366,15583.552988648,0.0,False,97.74401713111672,72.18958849135072,0.0,False,25.0,60.0,0.12776377879903225,37.600880100555194,moderate,micro_hydro,"~38 kW screening potential (capped catchment 25 km2, head 60 m); 24-h baseload",Hote,Waesama,Buru Selatan,dark_settled,1056.5882361987399,0,Mikro Hidro Kelas A (PLTMH),Pohon Batu,Buru Selatan,109340.28775255916,PLTMH,30.0,Tahalupu,2014,149332.36742401525,GI 150 kV Sirimau (60 MVA),60.0,150 kV,Operasi,8966.541364656043,PLTD Wamsisi,1.5,PLTD,HSD,True,4.589000230000001,0.18814901,-3.750642332847674,126.87773250566889
81.09.02.2010,13.76642361925608,40.063742094242,111.10629137992886,488.0,3411.478391677886,49.14,1.3980371624466594,0.9853881488683006,19517.093622082284,0.0,False,97.70650513836037,29.192519056904832,0.0,False,25.0,60.0,0.1352215876965169,39.79571325908493,moderate,micro_hydro,"~40 kW screening potential (capped catchment 25 km2, head 60 m); 24-h baseload",Waemasing,Waesama,Buru Selatan,intermittent,3745.2611152625955,0,Mikro Hidro Kelas A (PLTMH),Waemasing,Buru Selatan,94892.4987992795,PLTMH,30.0,Tahalupu,2014,136053.17288555513,GI 150 kV Sirimau (60 MVA),60.0,150 kV,Operasi,8086.988170932265,PLTD Wamsisi,1.5,PLTD,HSD,True,4.4460001,0.18228599,-3.6941302865369323,126.9960246828434
81.09.02.2011,12.49670529858401,38.98181104332605,106.29711520925183,263.0,3413.199936575819,5.67,1.3980371624466594,0.980754202153728,23403.15174087136,0.0,False,96.23879885289656,60.71021648309913,0.0,False,5.67,60.0,0.03068373230654632,9.030222417816582,none,solar_biomass_hybrid,98% cropland/tree cover - sago/coconut residue,Batu Kasa,Waesama,Buru Selatan,intermittent,4479.447797151332,0,Mikro Hidro Kelas A (PLTMH),Waeteba,Buru Selatan,90946.4267321861,PLTMH,30.0,Tahalupu,2014,132117.42571953306,GI 150 kV Sirimau (60 MVA),60.0,150 kV,Operasi,11480.23446121929,PLTD Wamsisi,1.5,PLTD,HSD,True,4.48500013,0.18388499000000003,-3.6833784842483617,127.03150001597741
81.09.03.2001,12.75532150828814,36.933633269059975,177.38848095384097,380.0,2981.37775774028,7.35,,0.9840477630577723,3982.194369942281,0.0,False,98.53584487448147,32.58237880679662,0.0,False,7.35,60.0,0.03474303418219029,10.224874959818603,marginal,grid_extension,4.0 km from a reliably-lit settlement,Lumoy,Ambalau,Buru Selatan,intermittent,28368.150057057937,0,Mikro Hidro Kelas A (PLTMH),Lena,Buru Selatan,87744.40426555573,PLTMH,30.0,Tahalupu,2014,112633.92613196162,GI 150 kV Sirimau (IBT 60 MVA),60.0,150 kV,Operasi,4562.757041790898,PLTD Masawoy,0.7200000000000001,PLTD,HSD,True,4.62150002,0.18948101,-3.8456484019020696,127.21922254446419
81.09.03.2002,12.205245865829012,41.7346631690918,205.2087132137886,455.0,3286.434632628868,6.3,,0.9757175629783882,3790.9262967644204,0.0,False,98.12013808689265,40.82061222841453,0.0,False,6.3,60.0,0.03282682994920388,9.660936054050701,none,grid_extension,3.8 km from a reliably-lit settlement,Masawoy,Ambalau,Buru Selatan,intermittent,26211.962570400796,0,Mikro Hidro Kelas A (PLTMH),Lena,Buru Selatan,88679.93996814618,PLTMH,30.0,Tahalupu,2014,115156.53342961123,GI 150 kV Sirimau (IBT 60 MVA),60.0,150 kV,Operasi,1761.9669085682424,PLTD Masawoy,0.7200000000000001,PLTD,HSD,True,4.63450003,0.190014,-3.8364720278531768,127.19485500196308
81.09.03.2003,14.73582715280218,35.368705213180746,242.30510575207916,442.0,3411.9075206286616,2.94,,0.9662037500536331,5124.9131364589975,0.0,False,97.59313550232392,33.17511866100426,0.0,False,2.94,60.0,0.015904059028805595,4.680564572177486,none,solar_biomass_hybrid,97% cropland/tree cover - sago/coconut residue,Ulima,Ambalau,Buru Selatan,intermittent,25599.864868415767,0,Mikro Hidro Kelas A (PLTMH),Lena,Buru Selatan,90122.961518967,PLTMH,30.0,Tahalupu,2014,117146.01814965408,GI 150 kV Sirimau (IBT 60 MVA),60.0,150 kV,Operasi,1580.640977525798,PLTD Masawoy,0.7200000000000001,PLTD,HSD,True,4.66050005,0.19108,-3.838200103986942,127.17698819481551
81.09.03.2004,16.413794380499297,51.3202920514492,295.95039429596454,583.0,3381.717416283239,3.57,,0.9780821612526707,3887.7214326003345,0.0,False,98.76651196995951,62.92200232828874,0.0,False,3.57,60.0,0.01914118971355144,5.633252132698189,none,grid_extension,3.9 km from a reliably-lit settlement,Kampung Baru,Ambalau,Buru Selatan,intermittent,26221.90902140396,0,Mikro Hidro Kelas A (PLTMH),Lena,Buru Selatan,92125.73648285429,PLTMH,30.0,Tahalupu,2014,118942.94617574775,GI 150 kV Sirimau (IBT 60 MVA),60.0,150 kV,Operasi,3531.371772251926,PLTD Masawoy,0.7200000000000001,PLTD,HSD,True,4.7255001100000005,0.193746,-3.8492342924611145,127.16224157616618
81.09.03.2005,13.301933915313175,36.610461452627625,171.47485636341102,583.0,3430.961895487069,6.3,,0.9513050756913276,497.7640003053656,0.0,False,97.56658546211739,53.348741148701826,0.0,False,6.3,60.0,0.03427045272318705,10.08579423643395,marginal,grid_extension,0.5 km from a reliably-lit settlement,Siwar,Ambalau,Buru Selatan,intermittent,29793.104282390228,0,Mikro Hidro Kelas A (PLTMH),Lena,Buru Selatan,93380.74585668254,PLTMH,30.0,Tahalupu,2014,117701.83299986123,GI 150 kV Sirimau (IBT 60 MVA),60.0,150 kV,Operasi,5843.646145790496,PLTD Masawoy,0.7200000000000001,PLTD,HSD,True,4.66699982,0.191347,-3.8778128506125418,127.17833128227622
81.09.03.2006,10.23264697268835,32.025669945635194,139.88937722762734,387.0,3245.3043616791324,6.72,,0.9729635301289005,497.76528730918955,0.0,False,98.88874022537387,18.187001140250857,0.0,False,6.72,60.0,0.034577063214237334,10.176029703950048,marginal,grid_extension,0.5 km from a reliably-lit settlement,Selasi,Ambalau,Buru Selatan,intermittent,29951.86319536949,0,Mikro Hidro Kelas A (PLTMH),Lena,Buru Selatan,91305.29762504973,PLTMH,30.0,Tahalupu,2014,115226.4549634624,GI 150 kV Sirimau (IBT 60 MVA),60.0,150 kV,Operasi,5393.248253547818,PLTD Masawoy,0.7200000000000001,PLTD,HSD,True,4.66050005,0.19108,-3.871158759495092,127.19980348867104
81.09.03.2007,15.020907976838314,46.189268993490984,165.38837596421737,403.0,3034.576718976201,9.03,,0.9663241386829489,497.7640003053656,0.0,False,96.79982337837913,41.34051491078484,0.0,False,9.03,60.0,0.04344594712765584,12.786142239669115,marginal,grid_extension,0.5 km from a reliably-lit settlement,Elara,Ambalau,Buru Selatan,intermittent,31491.952612500918,0,Mikro Hidro Kelas A (PLTMH),Lena,Buru Selatan,90319.69485975547,PLTMH,30.0,Tahalupu,2014,113006.0208040785,GI 150 kV Sirimau (IBT 60 MVA),60.0,150 kV,Operasi,7047.98669644439,PLTD Masawoy,0.7200000000000001,PLTD,HSD,True,4.65399981,0.19081399999999998,-3.8764956073992636,127.22112616217612
81.09.04.2001,13.130859937867793,61.081775524431436,151.98420265843478,782.0,2512.768837648465,49.769999999999996,1.4936971119232167,0.9809009710083323,35547.284217644534,0.005740578615145374,False,96.86204539367347,77.37046070055213,0.0,False,25.0,60.0,0.09959922143139843,29.31205086726056,marginal,solar_biomass_hybrid,98% cropland/tree cover - sago/coconut residue,Balpetu,Kepala Madan,Buru Selatan,intermittent,13488.487994444878,0,Mikro Hidro Kelas A (PLTMH),Kampung Baru/Air Ternate,Buru/Buru Selatan,179636.0136970134,PLTMH,30.0,Tahalupu,2014,243319.4474213218,GI 150 kV Sirimau (60 MVA),60.0,150 kV,Operasi,27792.746173819778,PLTD Waipandan,0.2,PLTD,HSD,True,3.4254999199999996,0.14044601,-3.151702748682161,126.09699759008271
81.09.04.2002,18.328330457230237,57.964181114148744,355.7586050996299,1549.0,3196.300155024818,23.939999999999998,1.5494500095104817,0.9857397859088927,39614.463414775986,0.002923459519204198,False,97.86407445068305,51.54687090861483,0.0,False,23.939999999999998,60.0,0.12132075360111323,35.70469778480763,moderate,micro_hydro,"~36 kW screening potential (capped catchment 24 km2, head 60 m); 24-h baseload",Waekeka,Kepala Madan,Buru Selatan,dark_settled,11050.96540400833,0,Mikro Hidro Kelas A (PLTMH),Air Ternate,Buru Selatan,182348.21009994193,PLTMH,30.0,Tahalupu,2014,245282.67045342366,GI 150 kV Sirimau (60 MVA),60.0,150 kV,Operasi,23928.649993531137,PLTD Waipandan,0.2,PLTD,HSD,True,2.78850007,0.114329,-3.181893056761438,126.07135971503021
81.09.04.2003,17.34318201101781,62.576557432998946,661.4535317933464,2123.0,3317.255646741713,10.709999999999999,1.765620645879905,0.9514823529411766,41520.369120732474,0.0020955574182732616,False,97.57210523916454,38.86288504503776,0.0,False,10.709999999999999,60.0,0.05632897002886185,16.577615879494044,marginal,solar_biomass_hybrid,95% cropland/tree cover - sago/coconut residue,Biloro,Kepala Madan,Buru Selatan,dark_settled,10180.10474197884,0,Mikro Hidro Kelas A (PLTMH),Air Ternate,Buru Selatan,184557.30269328805,PLTMH,30.0,Tahalupu,2014,246969.8057228719,GI 150 kV Sirimau (60 MVA),60.0,150 kV,Operasi,21376.601819797655,PLTD Waipandan,0.2,PLTD,HSD,True,3.20449996,0.131384,-3.202569779142602,126.05097180383629
81.09.04.2004,22.20371638248254,66.50844625934222,591.1289374719399,2123.0,3764.9831619904808,16.59,1.9239158868071156,0.915967521798817,43741.88217865402,0.004706541476769274,False,94.29714072284561,64.58608078528408,0.0,False,16.59,60.0,0.09903137788150379,29.144934510526568,marginal,solar_biomass_hybrid,92% cropland/tree cover - sago/coconut residue,Nanali,Kepala Madan,Buru Selatan,intermittent,9133.067104032449,0,Mikro Hidro Kelas B (PLTMH),Air Ternate,Buru Selatan,186313.93985127032,PLTMH,30.0,Tahalupu,2014,248256.51528708616,GI 150 kV Sirimau (60 MVA),60.0,150 kV,Operasi,19217.162599823707,PLTD Waipandan,0.2,PLTD,HSD,True,3.37350011,0.13831399,-3.221467562716292,126.03493421223178
81.09.04.2005,11.39577816386476,40.34487257353698,35.224890805303886,111.0,3838.0983336597683,0.42,2.0012279288052794,0.6055248314002399,50081.96682190108,0.04626756581578476,False,34.083104632400605,0.0,0.0,False,0.42,60.0,0.0025558112952452795,0.7521752641906858,none,solar_battery,uniform equatorial irradiance; no discriminating alternative,Pasir Putih,Kepala Madan,Buru Selatan,intermittent,10097.20483504824,0,Mikro Hidro Kelas B (PLTMH),Air Ternate,Buru Selatan,190026.12147778118,PLTMH,30.0,Tahalupu,2014,251588.3444757168,GI 150 kV Sirimau (60 MVA),60.0,150 kV,Operasi,18170.040766813923,PLTD Waipandan,0.2,PLTD,HSD,True,4.08199978,0.167362,-3.234697581054545,126.00147444346557
81.09.04.2006,16.410499540869207,58.54505166601467,971.9617098816717,2248.0,3182.427866624747,91.97999999999999,1.6980423096981367,0.9604469697357838,38738.80776168615,0.0021477610410902746,False,96.26650299230009,90.09151078242498,0.0,False,25.0,60.0,0.12614265706750805,37.12378397496762,moderate,micro_hydro,"~37 kW screening potential (capped catchment 25 km2, head 60 m); 24-h baseload",Fogi,Kepala Madan,Buru Selatan,intermittent,2039.869475231334,0,Mikro Hidro Kelas A (PLTMH),Air Ternate,Buru Selatan,181563.9222422722,PLTMH,30.0,Tahalupu,2014,241394.66067827304,GI 150 kV Sirimau (60 MVA),60.0,150 kV,Operasi,10151.844088169932,PLTD Waipandan,0.2,PLTD,HSD,True,4.0170002,0.16469701,-3.3137809941047904,126.07980715079178
81.09.04.2007,15.966036400813108,59.27984193621427,813.1867700173166,2420.0,3168.164924990059,100.17,1.8460044042864008,0.9800099887775964,35271.68782952908,0.000914083132219873,False,96.81562304105364,67.4274796614348,0.0,False,25.0,60.0,0.12557731342711737,36.957403341600646,moderate,micro_hydro,"~37 kW screening potential (capped catchment 25 km2, head 60 m); 24-h baseload",Waepandan,Kepala Madan,Buru Selatan,intermittent,870.4533227462942,0,Mikro Hidro Kelas A (PLTMH),Waepandan,Buru Selatan,179046.0761489933,PLTMH,30.0,Tahalupu,2014,237217.818631407,GI 150 kV Sirimau (60 MVA),60.0,150 kV,Operasi,8008.028667651564,PLTD Waipandan,0.2,PLTD,HSD,True,4.18599987,0.171626,-3.379448434798794,126.10726383327845
81.09.04.2008,16.288204425068844,59.290898038909624,1002.6455454414587,2689.0,3461.3986613670904,113.19,1.4355859643894984,0.9776432842164194,31111.06370730515,0.00014678711175022296,False,98.42826645479226,75.74002088286726,0.0,False,25.0,60.0,0.13720028940603954,40.37804517219744,moderate,micro_hydro,"~40 kW screening potential (capped catchment 25 km2, head 60 m); 24-h baseload",Walbele,Kepala Madan,Buru Selatan,intermittent,4447.062205449064,0,Mikro Hidro Kelas B (PLTMH),Walbele,Buru Selatan,170843.74640991184,PLTMH,30.0,Tahalupu,2014,228169.65767961362,GI 150 kV Sirimau (60 MVA),60.0,150 kV,Operasi,16577.919627141957,PLTD Waipandan,0.2,PLTD,HSD,True,4.1795001,0.17136,-3.411776898078364,126.18498743501527
81.09.04.2009,19.4433194708178,58.83206157891866,1001.7190692491072,1950.0,3595.628416386969,71.61,1.7083921287134327,0.9757007941788083,40409.81837684995,0.0017214017451218481,False,99.08224600664057,80.78246876606399,0.0,False,25.0,60.0,0.14252078641817958,41.94386744287025,moderate,micro_hydro,"~42 kW screening potential (capped catchment 25 km2, head 60 m); 24-h baseload",Air Ternate,Kepala Madan,Buru Selatan,dark_settled,3456.314094388877,0,Mikro Hidro Kelas B (PLTMH),Air Ternate,Buru Selatan,184026.1944386138,PLTMH,30.0,Tahalupu,2014,244931.0909036844,GI 150 kV Sirimau (60 MVA),60.0,150 kV,Operasi,14201.254056995234,PLTD Waipandan,0.2,PLTD,HSD,True,3.80900002,0.15616900000000003,-3.26802467565465,126.05593345889437
81.09.04.2010,10.638473681164491,40.04318015575968,137.9712235507196,439.0,2424.0234903706732,516.39,1.817996475584493,0.6127041986543098,51222.530327239794,0.0,False,57.18128640747182,30.211311507126155,0.0,False,25.0,60.0,0.09608160080426631,28.276815116695577,marginal,solar_battery,uniform equatorial irradiance; no discriminating alternative,Sekat,Kepala Madan,Buru Selatan,intermittent,3875.4708212781097,0,Mikro Hidro Kelas D (PLTMH),Sekat,Buru Selatan,171547.87861987614,PLTMH,30.0,Tahalupu,2014,224669.15305427546,GI 150 kV Sirimau (60 MVA),60.0,150 kV,Operasi,25500.746273392702,PLTD Waipandan,0.2,PLTD,HSD,True,4.757999900000001,0.195078,-3.553413554478869,126.2021116620161
81.09.04.2011,17.864839794028065,56.23984749840076,483.53043585854186,1206.0,2731.5259146435246,65.52,1.7930609918849276,0.9479230912866596,46115.223058660355,0.0016267246817985063,False,89.81878051678387,82.74573637675263,0.0,False,25.0,60.0,0.10827014818951058,31.863904612172963,moderate,micro_hydro,"~32 kW screening potential (capped catchment 25 km2, head 60 m); 24-h baseload",Waeha,Kepala Madan,Buru Selatan,intermittent,1270.6762277674693,0,Mikro Hidro Kelas A (PLTMH),Waeha,Buru Selatan,184285.61779109936,PLTMH,30.0,Tahalupu,2014,243064.04180152764,GI 150 kV Sirimau (60 MVA),60.0,150 kV,Operasi,5015.141872664416,PLTD Waipandan,0.2,PLTD,HSD,True,4.465499879999999,0.18308599,-3.354418314205899,126.05779913914077
81.09.04.2012,15.218186746304504,56.23984749840076,360.74805015590795,1135.0,2720.8216685537495,7.35,1.7066213627322904,0.9261073253833052,47406.31179874021,0.004258999593756961,False,87.08305621717606,79.42110076935495,0.0,False,7.35,60.0,0.03170668325702382,9.331276882542111,none,solar_biomass_hybrid,93% cropland/tree cover - sago/coconut residue,Bala-bala,Kepala Madan,Buru Selatan,intermittent,1666.747002107026,0,Mikro Hidro Kelas A (PLTMH),Waeha,Buru Selatan,185677.6090525012,PLTMH,30.0,Tahalupu,2014,244665.85903541555,GI 150 kV Sirimau (60 MVA),60.0,150 kV,Operasi,5489.3316116617725,PLTD Waipandan,0.2,PLTD,HSD,True,4.43949986,0.182019,-3.3455538792760358,126.04458944945723
81.09.04.2013,13.544778957337352,36.13215485912189,248.0065188172045,771.0,2904.664186729187,13.44,2.1440295683348127,0.9877080271205734,52552.30492581296,0.0026670249040858813,False,97.41030701364487,19.480907696706616,0.0,False,13.44,60.0,0.06189543168068282,18.215825543624955,marginal,solar_biomass_hybrid,99% cropland/tree cover - sago/coconut residue,Batu Layar,Kepala Madan,Buru Selatan,intermittent,6792.427966680497,0,Mikro Hidro Kelas B (PLTMH),Walbele,Buru Selatan,180832.4133553249,PLTMH,30.0,Tahalupu,2014,236754.6812777362,GI 150 kV Sirimau (60 MVA),60.0,150 kV,Operasi,10387.71263086642,PLTD Waipandan,0.2,PLTD,HSD,True,4.718999859999999,0.193479,-3.462255438005477,126.10086657690617
81.09.04.2014,13.10121193513642,50.2858870531847,185.55989758978103,502.0,2973.3859852435,112.77,1.817996475584493,0.9340569329098458,52721.48023487438,0.004285791970852535,False,93.15381608687528,66.71863447876822,0.0,False,25.0,60.0,0.11785681384939038,34.685260315875595,moderate,micro_hydro,"~35 kW screening potential (capped catchment 25 km2, head 60 m); 24-h baseload",Siopot,Kepala Madan,Buru Selatan,intermittent,4286.975331518829,0,Mikro Hidro Kelas B (PLTMH),Walbele,Buru Selatan,178008.66791891225,PLTMH,30.0,Tahalupu,2014,233258.0044177173,GI 150 kV Sirimau (60 MVA),60.0,150 kV,Operasi,14503.799346023385,PLTD Waipandan,0.2,PLTD,HSD,True,4.73850012,0.194279,-3.485429790631587,126.13014008400924
81.09.04.2015,18.027370987152292,64.78197420776478,798.8359389035251,1906.0,3367.2968442205456,240.45,1.1816322485980852,0.9003305437731669,29579.156476996177,0.0,False,92.28170382890036,68.4265281299969,0.0,False,25.0,60.0,0.13347035309727556,39.2803249165282,moderate,micro_hydro,"~39 kW screening potential (capped catchment 25 km2, head 60 m); 24-h baseload",Emguhen,Kepala Madan,Buru Selatan,intermittent,615.7050998611494,0,Mikro Hidro Kelas A (PLTMH),Emguhen,Buru Selatan,164366.9762503011,PLTMH,30.0,Tahalupu,2014,221707.62542786504,GI 150 kV Sirimau (60 MVA),60.0,150 kV,Operasi,23069.95197611658,PLTD Waipandan,0.2,PLTD,HSD,True,4.12750006,0.16922700000000002,-3.4117881461132447,126.24376544298701
81.09.05.2001,16.361979863005885,53.84286125041555,722.1245333649575,1900.0,3236.997119489172,518.28,1.119715908139716,0.8892835180503196,29645.872980326032,0.0,False,92.26639400039946,81.41397149011428,0.0,False,25.0,60.0,0.1283056316388085,37.760347391301345,moderate,micro_hydro,"~38 kW screening potential (capped catchment 25 km2, head 60 m); 24-h baseload",Waemulang,Leksula,Buru Selatan,intermittent,1824.8470607603003,0,Mikro Hidro Kelas A (PLTMH),Waemulang,Buru Selatan,160414.39640444252,PLTMH,30.0,Tahalupu,2014,215721.7311020381,GI 150 kV Sirimau (60 MVA),60.0,150 kV,Operasi,29607.771507277004,PLTD Waipandan,0.2,PLTD,HSD,True,4.35500002,0.17855500000000002,-3.4785239459954616,126.28971395818706
81.09.05.2002,15.953377045868612,48.25600071376046,889.4262209071978,1579.0,3587.695980035634,24.779999999999998,1.3276004050553833,0.9586803302484312,31277.062650307336,0.0,False,97.83440526997012,90.00014932282102,0.0,False,24.779999999999998,60.0,0.14095495050939086,41.48304193491373,moderate,micro_hydro,"~41 kW screening potential (capped catchment 25 km2, head 60 m); 24-h baseload",Waeturen,Leksula,Buru Selatan,intermittent,3244.574874832332,0,Mikro Hidro Kelas A (PLTMH),Waeturen,Buru Selatan,156409.40225402886,PLTMH,30.0,Tahalupu,2014,210003.54731812654,GI 150 kV Sirimau (60 MVA),60.0,150 kV,Operasi,33403.11652063677,PLTD Leksula,0.6,PLTD,HSD,True,4.43300009,0.18175299,-3.5294922176488637,126.33648316950523
81.09.05.2003,16.0803159653819,53.096896186312534,766.2405323942554,1500.0,4001.5960214106562,586.53,1.0984058555014387,0.967022807733454,31686.405380501907,0.0,False,96.56342796957156,83.72269955267697,0.0,False,25.0,60.0,0.1586122218024899,46.67957687647278,moderate,micro_hydro,"~47 kW screening potential (capped catchment 25 km2, head 60 m); 24-h baseload",Waehaka,Leksula,Buru Selatan,intermittent,3322.616956956961,0,Mikro Hidro Kelas C (PLTMH),Uneth,Buru Selatan,151567.48328373724,PLTMH,30.0,Tahalupu,2014,204802.24255996547,GI 150 kV Sirimau (60 MVA),60.0,150 kV,Operasi,29994.97203828503,PLTD Leksula,0.6,PLTD,HSD,True,4.28999996,0.17589000000000002,-3.53700205625562,126.3828794733414
81.09.05.2004,2.4248178265993534,19.49442361934041,17.220104897979315,65.0,2965.5788794549794,788.76,1.7848438660991444,0.7452244168815089,40966.73576818148,0.0,False,70.58650401388368,77.50393287886735,0.0,False,25.0,21.173169815539985,0.11754736172370384,12.207810481864685,marginal,solar_biomass_hybrid,75% cropland/tree cover - sago/coconut residue,Waemala,Leksula,Buru Selatan,intermittent,5519.317330259567,0,Mikro Hidro Kelas A (PLTMH),Waeken,Buru Selatan,158223.65708873066,PLTMH,30.0,Tahalupu,2014,206065.08313181522,GI 150 kV Sirimau (60 MVA),60.0,150 kV,Operasi,18493.802369351615,PLTD Leksula,0.6,PLTD,HSD,True,4.7709999100000005,0.195611,-3.6922152148544085,126.36507635903939
81.09.05.2005,15.558948462760114,56.08154942054275,213.13716879893727,527.0,2943.887692719798,741.72,1.7848438660991444,0.6769220395668416,36801.797983845165,0.0,False,79.72320523056342,83.45240838902974,0.0,False,25.0,60.0,0.11668758294963684,34.34115566207812,moderate,micro_hydro,"~34 kW screening potential (capped catchment 25 km2, head 60 m); 24-h baseload",Erwiri,Leksula,Buru Selatan,intermittent,3424.3022360924647,0,Mikro Hidro Kelas A (PLTMH),Waeken,Buru Selatan,155835.1375689092,PLTMH,30.0,Tahalupu,2014,203435.44832656308,GI 150 kV Sirimau (60 MVA),60.0,150 kV,Operasi,16104.485599981714,PLTD Leksula,0.6,PLTD,HSD,True,4.75150013,0.194812,-3.694851737571013,126.38877874609318
81.09.05.2006,17.044124869522268,54.505018459652085,306.4213799401694,965.0,3644.176234178359,11.129999999999999,1.635796223937387,0.6916197506254097,30137.312562928117,0.0,False,88.60543378499739,92.75487445139939,0.0,False,11.129999999999999,60.0,0.06430695314308273,18.925536310009246,marginal,solar_battery,uniform equatorial irradiance; no discriminating alternative,Tifu,Leksula,Buru Selatan,intermittent,5489.750264750746,0,Mikro Hidro Kelas A (PLTMH),Waeken,Buru Selatan,152173.9997667334,PLTMH,30.0,Tahalupu,2014,198411.60046196458,GI 150 kV Sirimau (60 MVA),60.0,150 kV,Operasi,10161.066524499187,PLTD Leksula,0.6,PLTD,HSD,True,4.76450014,0.195345,-3.723041429621587,126.43434626042473
81.09.05.2007,19.089594163570897,51.8549248346008,535.2265779757263,1066.0,4367.017585927381,27.72,1.2563624225167789,0.828343491690546,27828.26098366551,0.0,False,98.15008788366748,98.39197881195612,0.0,False,25.0,60.0,0.1730965240489988,50.94230702762035,moderate,micro_hydro,"~51 kW screening potential (capped catchment 25 km2, head 60 m); 24-h baseload",Mepa,Leksula,Buru Selatan,intermittent,4493.55969211116,0,Mikro Hidro Kelas A (PLTMH),Wahaolon,Buru Selatan,148853.2989605933,PLTMH,30.0,Tahalupu,2014,194690.6102902812,GI 150 kV Sirimau (60 MVA),60.0,150 kV,Operasi,7097.606778879276,PLTD Leksula,0.6,PLTD,HSD,True,4.75150013,0.194812,-3.726761523925871,126.46795989360905
81.09.05.2008,13.946057801146441,49.92797716859036,245.9414571342018,710.0,3998.370948363937,34.019999999999996,,0.9287313876801743,19692.743928602227,0.0,False,96.15942814280281,39.10727530173289,0.0,False,25.0,60.0,0.15848438880818497,46.64195562624884,moderate,micro_hydro,"~47 kW screening potential (capped catchment 25 km2, head 60 m); 24-h baseload",Leksula,Leksula,Buru Selatan,intermittent,8352.851165508777,0,Mikro Hidro Kelas A (PLTMH),Wahaolon,Buru Selatan,144891.58649442418,PLTMH,30.0,Tahalupu,2014,188515.25703918582,GI 150 kV Sirimau (60 MVA),60.0,150 kV,Operasi,1852.679391813464,PLTD Leksula,0.6,PLTD,HSD,True,4.75150013,0.194812,-3.7696098109569887,126.52509359858891
81.09.05.2009,17.668806474835726,52.32716183277816,326.0047418216008,791.0,4314.443454492292,2.1,,0.9563895089285713,17809.685005636682,0.0,False,95.51963125823085,9.774723176785036,0.0,False,2.1,60.0,0.014365060969104858,4.22763744320756,none,solar_biomass_hybrid,96% cropland/tree cover - sago/coconut residue,Nalbessy,Leksula,Buru Selatan,intermittent,7072.950734644786,0,Mikro Hidro Kelas A (PLTMH),Kase,Buru Selatan,142657.91411860645,PLTMH,30.0,Tahalupu,2014,185703.37869979997,GI 150 kV Sirimau (60 MVA),60.0,150 kV,Operasi,4601.324556345683,PLTD Leksula,0.6,PLTD,HSD,True,4.731999869999999,0.19401200000000002,-3.77730514223633,126.55084919003833
81.09.05.2010,21.747681934161456,61.35772760531325,681.3571379271735,1250.0,4087.93674371712,68.46,1.0332312673858728,0.9959866144740348,12691.193181690995,0.0,False,99.72794235994735,44.96513637537497,0.0,False,25.0,60.0,0.1620345297325723,47.68676210029603,moderate,micro_hydro,"~48 kW screening potential (capped catchment 25 km2, head 60 m); 24-h baseload",Kase,Leksula,Buru Selatan,dark_settled,1652.0198092980268,0,Mikro Hidro Kelas A (PLTMH),Kase,Buru Selatan,135881.07613203005,PLTMH,30.0,Tahalupu,2014,180401.2616114501,GI 150 kV Sirimau (60 MVA),60.0,150 kV,Operasi,10868.17669590458,PLTD Leksula,0.6,PLTD,HSD,True,4.27699995,0.175357,-3.7313510492612005,126.59687993560398
81.09.05.2015,16.953745364587437,50.27602313215957,572.6763508406431,890.0,4323.952161419883,3.15,1.036134241568237,0.9777262071831219,18364.735756930317,0.0,False,99.21826607180661,43.873885858720264,0.0,False,3.15,60.0,0.02159508071485387,6.355432254381494,none,solar_biomass_hybrid,98% cropland/tree cover - sago/coconut residue,Neath,Leksula,Buru Selatan,intermittent,5349.9498626232835,0,Mikro Hidro Kelas A (PLTMH),Kase,Buru Selatan,140882.0451032122,PLTMH,30.0,Tahalupu,2014,184782.00229794544,GI 150 kV Sirimau (60 MVA),60.0,150 kV,Operasi,5859.871314586716,PLTD Leksula,0.6,PLTD,HSD,True,4.7255001100000005,0.193746,-3.7550224186863703,126.55814327866037
81.09.05.2016,20.001764702811528,60.80158694281332,995.5454588221827,1593.0,3859.1678369815627,26.88,1.0067014347153673,0.9979348764578312,17983.12781513897,0.0,False,99.77157316334943,23.973058458640864,0.0,False,25.0,60.0,0.1529667616764001,45.01811796136455,moderate,micro_hydro,"~45 kW screening potential (capped catchment 25 km2, head 60 m); 24-h baseload",Liang,Leksula,Buru Selatan,intermittent,726.704618721411,0,Mikro Hidro Kelas A (PLTMH),Liang,Buru Selatan,136874.83487960938,PLTMH,30.0,Tahalupu,2014,183816.70030078193,GI 150 kV Sirimau (60 MVA),60.0,150 kV,Operasi,12277.466144837328,PLTD Leksula,0.6,PLTD,HSD,True,3.59450006,0.147374,-3.680244162596791,126.56560593650322
81.09.05.2018,14.324801307137598,32.67067190278423,381.42202170385946,640.0,3566.491027849482,3.78,1.7836534680502576,0.9895324494068388,45865.05989176292,0.0,False,98.32842094892489,53.52285509765825,0.0,False,3.78,60.0,0.0213745181463582,6.290520690473218,none,solar_biomass_hybrid,99% cropland/tree cover - sago/coconut residue,Slealale,Leksula,Buru Selatan,intermittent,8147.191654328726,0,Mikro Hidro Kelas C (PLTMH),Waeken,Buru Selatan,161297.62343114894,PLTMH,30.0,Tahalupu,2014,210581.20288185772,GI 150 kV Sirimau (60 MVA),60.0,150 kV,Operasi,24324.697806480177,PLTD Leksula,0.6,PLTD,HSD,True,4.76450014,0.195345,-3.657626624704817,126.32466573776873
81.09.05.2023,6.373691324192522,27.13821557661068,54.693176138028505,200.0,2780.3590207226,2.1,,0.2858480428144318,59496.81430179686,0.0,False,18.353622201413135,86.50496710101926,0.0,False,2.1,55.851522909179,0.00925728364966619,2.536048777146068,none,solar_battery,uniform equatorial irradiance; no discriminating alternative,Walunhelat,Leksula,Buru Selatan,intermittent,4822.083777020406,0,Mikro Hidro Kelas D (PLTMH),Sekat,Buru Selatan,171643.51698255172,PLTMH,30.0,Tahalupu,2014,223713.49958696697,GI 150 kV Sirimau (60 MVA),60.0,150 kV,Operasi,28676.20150026383,PLTD Waipandan,0.2,PLTD,HSD,True,4.79050016,0.19641100000000003,-3.586660763295151,126.20873815905725
81.09.05.2024,16.34227782965315,58.76269424081501,977.702191160743,1621.0,4419.986109520033,26.669999999999998,1.2272901862412784,0.9575910379852287,22539.061267330988,0.0,False,99.65022665179464,96.83524460110401,0.0,False,25.0,60.0,0.17519605013001147,51.56019755326238,moderate,micro_hydro,"~52 kW screening potential (capped catchment 25 km2, head 60 m); 24-h baseload",Wahaolon,Leksula,Buru Selatan,intermittent,2478.956756916397,0,Mikro Hidro Kelas A (PLTMH),Wahaolon,Buru Selatan,144580.40518954518,PLTMH,30.0,Tahalupu,2014,190371.99661757526,GI 150 kV Sirimau (60 MVA),60.0,150 kV,Operasi,6160.193625047919,PLTD Leksula,0.6,PLTD,HSD,True,4.62150002,0.18948101,-3.7200299258436944,126.50675867530074
81.09.05.2025,11.116417143543575,47.94455589230889,153.13208368278367,459.0,3290.0225141573537,787.29,1.6558691764973927,0.6780462477331389,40763.876833923074,0.0,False,64.75988519880265,46.55998315523506,0.0,False,25.0,60.0,0.13040741193228983,38.3789013316729,moderate,micro_hydro,"~38 kW screening potential (capped catchment 25 km2, head 60 m); 24-h baseload",Waewali,Leksula,Buru Selatan,intermittent,3716.983722824848,0,Mikro Hidro Kelas C (PLTMH),Waeken,Buru Selatan,157093.63245995002,PLTMH,30.0,Tahalupu,2014,206010.5305503062,GI 150 kV Sirimau (60 MVA),60.0,150 kV,Operasi,20314.091059249815,PLTD Leksula,0.6,PLTD,HSD,True,4.7255001100000005,0.193746,-3.6620944969689266,126.36578682718961
81.09.05.2029,13.49213224259271,38.569425404168484,179.28424226932313,483.0,3103.1868027550677,4.62,1.7836534680502576,0.9007637819788393,55438.953790267136,0.0,False,90.37770934805049,71.0337672137333,0.0,False,4.62,60.0,0.02273072524849127,6.689652440630981,none,solar_biomass_hybrid,90% cropland/tree cover - sago/coconut residue,Grahwaen,Leksula,Buru Selatan,intermittent,6768.958823418002,0,Mikro Hidro Kelas D (PLTMH),Sekat,Buru Selatan,169249.3830714804,PLTMH,30.0,Tahalupu,2014,220335.9872571006,GI 150 kV Sirimau (60 MVA),60.0,150 kV,Operasi,33154.90869692232,PLTD Waipandan,0.2,PLTD,HSD,True,4.79699993,0.196677,-3.614615500677414,126.2379377295632
81.09.05.2030,13.545960301373063,42.75778685314246,221.46507753474782,519.0,4156.20553123951,8.82,1.7836534680502576,0.8744846541456711,52773.00963605235,0.0,False,87.37094072367505,92.7180408062169,0.0,False,8.82,60.0,0.058120454061283106,17.104849630235616,marginal,solar_biomass_hybrid,87% cropland/tree cover - sago/coconut residue,Terkuri,Leksula,Buru Selatan,intermittent,8657.366040949217,0,Mikro Hidro Kelas D (PLTMH),Sekat,Buru Selatan,166339.7242995271,PLTMH,30.0,Tahalupu,2014,216968.3758677451,GI 150 kV Sirimau (60 MVA),60.0,150 kV,Operasi,31572.065086472416,PLTD Leksula,0.6,PLTD,HSD,True,4.77750015,0.195878,-3.625241403954443,126.2679197321
81.09.06.2001,15.010972223460628,47.45059606327504,458.62710812194763,1019.0,3723.9274337148327,106.25999999999999,1.5908254419891767,0.5508417256650704,30659.220133896913,0.0,False,77.80296683258587,91.21202050062097,0.0,False,25.0,60.0,0.14760620535716454,43.44050623661353,moderate,micro_hydro,"~43 kW screening potential (capped catchment 25 km2, head 60 m); 24-h baseload",Nusarua,Fena Fafan,Buru Selatan,intermittent,3077.5255633742454,0,Mikro Hidro Kelas A (PLTMH),Waeken,Buru Selatan,151005.55444262296,PLTMH,30.0,Tahalupu,2014,198059.6145258428,GI 150 kV Sirimau (60 MVA),60.0,150 kV,Operasi,11513.252426980518,PLTD Leksula,0.6,PLTD,HSD,True,4.731999869999999,0.19401200000000002,-3.7009749906602587,126.43725133965175
81.09.06.2002,13.14194652074806,54.511170872396335,709.3634519028554,1227.0,3897.7992085635187,591.78,1.0356184390105159,0.6337681149309965,33458.90451056154,0.0,False,73.09395853125503,77.18557310583667,0.0,False,25.0,60.0,0.1544980026225393,45.46876217181332,moderate,micro_hydro,"~45 kW screening potential (capped catchment 25 km2, head 60 m); 24-h baseload",Mangeswaen,Fena Fafan,Buru Selatan,intermittent,4362.6475324421435,0,Mikro Hidro Kelas A (PLTMH),Uneth,Buru Selatan,146556.3360497669,PLTMH,30.0,Tahalupu,2014,197286.52104406463,GI 150 kV Sirimau (60 MVA),60.0,150 kV,Operasi,20570.88173528669,PLTD Leksula,0.6,PLTD,HSD,True,4.23150015,0.173492,-3.6013767872447056,126.4464273155159
81.09.06.2003,9.907541683941407,47.54866397902571,685.0790361828593,974.0,3470.2173183352375,157.07999999999998,0.8123315358970067,0.4120563533889882,31959.462377655072,0.0,False,56.00257833362633,71.2640478758568,0.0,False,25.0,60.0,0.1375498366285847,40.48091691979248,moderate,micro_hydro,"~40 kW screening potential (capped catchment 25 km2, head 60 m); 24-h baseload",Waekatin,Fena Fafan,Buru Selatan,intermittent,3034.66694529602,0,Mikro Hidro Kelas C (PLTMH),Siwatlahin,Buru Selatan,137203.1285274931,PLTMH,30.0,Tahalupu,2014,189092.99399765438,GI 150 kV Sirimau (60 MVA),60.0,150 kV,Operasi,23745.870992924043,PLTD Leksula,0.6,PLTD,HSD,True,4.2249999,0.17322500000000002,-3.562235763267732,126.52286241767555
81.09.06.2004,16.283599782913104,56.60647347844119,1084.9248548176429,1580.0,3897.575680881355,25.41,0.8874353433577182,0.8602038821559949,25873.503969432706,0.0,False,87.22276496502329,40.50903372476628,0.0,False,25.0,60.0,0.15448914260215924,45.466154667815466,moderate,micro_hydro,"~45 kW screening potential (capped catchment 25 km2, head 60 m); 24-h baseload",Fakal,Fena Fafan,Buru Selatan,intermittent,6129.431345198343,0,Mikro Hidro Kelas A (PLTMH),Liang,Buru Selatan,138291.4248527741,PLTMH,30.0,Tahalupu,2014,187533.40591755297,GI 150 kV Sirimau (60 MVA),60.0,150 kV,Operasi,16504.537449852643,PLTD Leksula,0.6,PLTD,HSD,True,3.4384999300000003,0.14097901,-3.6288460298023164,126.53320183931693
81.09.06.2005,11.486605783610742,48.723935601487746,618.3767394083023,1161.0,3927.9676784568132,534.87,0.9065580806090069,0.5112710131695694,36243.823913530425,0.0,False,63.998491167758985,92.72322187187282,0.0,False,25.0,60.0,0.1556937975035203,45.82068460528603,moderate,micro_hydro,"~46 kW screening potential (capped catchment 25 km2, head 60 m); 24-h baseload",Uneth,Fena Fafan,Buru Selatan,intermittent,3245.5881018938435,0,Mikro Hidro Kelas C (PLTMH),Uneth,Buru Selatan,144212.3141238267,PLTMH,30.0,Tahalupu,2014,196689.5924995874,GI 150 kV Sirimau (60 MVA),60.0,150 kV,Operasi,25479.028211105604,PLTD Leksula,0.6,PLTD,HSD,True,4.043000220000001,0.16576301000000002,-3.5527723395297843,126.45493914965411
81.09.06.2006,15.033955871874902,49.79101269816605,813.1776561160051,1369.0,4228.308490589095,330.53999999999996,0.7944119249439978,0.8591025834136595,32459.21286784385,0.0,False,96.98440106219458,71.96353033432369,0.0,False,25.0,60.0,0.16759847834970729,49.32423217831885,moderate,micro_hydro,"~49 kW screening potential (capped catchment 25 km2, head 60 m); 24-h baseload",Waeraman,Fena Fafan,Buru Selatan,intermittent,1875.2932999014483,0,Mikro Hidro Kelas A (PLTMH),Waereman,Buru Selatan,142895.2763604014,PLTMH,30.0,Tahalupu,2014,198657.75914643446,GI 150 kV Sirimau (60 MVA),60.0,150 kV,Operasi,35734.551469710525,PLTD Leksula,0.6,PLTD,HSD,True,4.23799992,0.17375800000000002,-3.460141353946586,126.44675975752247
81.09.06.2007,12.13077323842528,34.26028213494813,688.7435419123851,1065.0,3193.927990078087,31.919999999999998,0.4314618441123536,0.7943838309640063,26555.38896433029,0.0,False,88.43054035748737,46.55425786990488,0.0,False,25.0,60.0,0.12659849022062433,37.257935671929744,moderate,micro_hydro,"~37 kW screening potential (capped catchment 25 km2, head 60 m); 24-h baseload",Waelo,Fena Fafan,Buru Selatan,intermittent,6835.971599897519,0,Mikro Hidro Kelas A (PLTMH),Siwatlahin,Buru Selatan,129016.39460003511,PLTMH,30.0,Tahalupu,2014,183616.01831839883,GI 150 kV Sirimau (60 MVA),60.0,150 kV,Operasi,32975.183639320516,PLTD Leksula,0.6,PLTD,HSD,True,4.28350019,0.175624,-3.4872791043030182,126.57991895718907
81.09.06.2008,9.910592366963824,32.95175541163236,676.0647101290489,1157.0,3258.863822343638,155.60999999999999,0.5874602466117862,0.8536213931183357,25390.631837845234,0.0,False,96.27159093040265,31.814177178453356,0.0,False,25.0,60.0,0.1291723673874159,38.01542772211649,moderate,micro_hydro,"~38 kW screening potential (capped catchment 25 km2, head 60 m); 24-h baseload",Siwatlahin,Fena Fafan,Buru Selatan,intermittent,2309.035035731516,0,Mikro Hidro Kelas C (PLTMH),Siwatlahin,Buru Selatan,131992.2092444759,PLTMH,30.0,Tahalupu,2014,184112.93238677285,GI 150 kV Sirimau (60 MVA),60.0,150 kV,Operasi,25710.550315644803,PLTD Leksula,0.6,PLTD,HSD,True,4.146999839999999,0.170027,-3.55184232999706,126.56870686709499
81.09.06.2009,12.483828576925136,36.261468869955834,693.6381857430464,1164.0,3536.252570632992,287.7,0.6057790075567224,0.8657962072594455,32330.946891822936,0.0,False,92.92518578970557,22.885162333120952,0.0,False,25.0,60.0,0.14016729177103124,41.25123396821449,moderate,micro_hydro,"~41 kW screening potential (capped catchment 25 km2, head 60 m); 24-h baseload",Trukat,Fena Fafan,Buru Selatan,intermittent,7345.36556682124,0,Mikro Hidro Kelas A (PLTMH),Waereman,Buru Selatan,135149.47438574722,PLTMH,30.0,Tahalupu,2014,189894.691060638,GI 150 kV Sirimau (60 MVA),60.0,150 kV,Operasi,32197.20138620934,PLTD Leksula,0.6,PLTD,HSD,True,4.33549976,0.177755,-3.486130023066433,126.5230694717794
81.09.06.2010,14.33517530070398,52.87686070759325,511.8901476480372,1075.0,3789.8124211679833,737.31,1.368433244954354,0.7215380281148731,30477.182304963822,0.0,False,83.01196556297018,72.27245095863448,0.0,False,25.0,60.0,0.15021770441590496,44.20907040960083,moderate,micro_hydro,"~44 kW screening potential (capped catchment 25 km2, head 60 m); 24-h baseload",Waeken,Fena Fafan,Buru Selatan,intermittent,763.2917890958247,0,Mikro Hidro Kelas A (PLTMH),Waeken,Buru Selatan,149629.08052872517,PLTMH,30.0,Tahalupu,2014,198538.03483139593,GI 150 kV Sirimau (60 MVA),60.0,150 kV,Operasi,16084.595380543118,PLTD Leksula,0.6,PLTD,HSD,True,4.52400017,0.18548401,-3.652254417302803,126.43331807153007
81.71.01.1012,1.373341590412555,12.92444232828433,8.483336507331936,24.0,4791.397176773458,,5.031851222760292,0.009174311926605507,0.0,0.0,False,0.0,,,False,,11.986961960261834,,,none,grid_extension,0.0 km from a reliably-lit settlement,Waihaong,Nusaniwe,Kota Ambon,intermittent,11236.914187475226,0,Mikro Hidro Kelas A (PLTMH),Laha,Kota Ambon,73313.80267224493,PLTMH,30.0,Tahalupu,2014,5349.760199185412,GI 150 kV Sirimau (IBT 60 MVA),60.0,150 kV,Operasi,5050.683146154043,PLTD Hative Kecil,7.872,PLTD,"HSD, MFO",True,4.56949997,0.18734901,-3.700495160359743,128.17534249723664
81.71.01.1013,1.102279027629591,4.147526473585499,8.454304905353142,12.0,4601.761871960364,0.21,5.031851222760292,0.0,,0.0,False,0.0,,,False,0.21,9.620386069367873,0.0015321695730461638,0.07230000811465113,none,wind_solar_hybrid,mean 50 m wind 5.0 m/s (ERA5 coarse - met mast required),Silale,Nusaniwe,Kota Ambon,intermittent,11373.639644245957,0,Mikro Hidro Kelas A (PLTMH),Laha,Kota Ambon,73284.70820304641,PLTMH,30.0,Tahalupu,2014,5163.412052339997,GI 150 kV Sirimau (IBT 60 MVA),60.0,150 kV,Operasi,4813.133389314104,PLTD Hative Kecil,7.872,PLTD,"HSD, MFO",True,4.53700018,0.18601701,-3.6988216543904393,128.17667424964486
81.71.01.2001,9.80977609572648,37.51932832003047,65.74814755841659,216.0,4067.3863021393,0.42,,0.9382955271453342,0.0,0.0,False,87.84498192157825,21.315570358034975,0.0,False,0.42,60.0,0.002708495444727464,0.7971102093832927,none,grid_extension,0.0 km from a reliably-lit settlement,Latuhalat,Nusaniwe,Kota Ambon,intermittent,10320.159070635009,0,Mikro Hidro Kelas A (PLTMH),Laha,Kota Ambon,75378.15718232506,PLTMH,30.0,Tahalupu,2014,15953.275977986976,"GI 70 kV Sirimau 
",40.0,70 kV,Operasi,16387.015939366727,PLTD Hative Kecil,7.872,PLTD,"HSD, MFO",True,4.63450003,0.190014,-3.7792708451588712,128.11044560923767
81.71.02.1011,2.2098997699170724,7.071963202203874,9.354734487614945,18.0,4474.9553939342495,10.08,5.031851222760292,0.0073649754500818305,0.0,0.0,False,0.0,,,False,10.08,19.2945823535673,0.0715175519578533,6.768415856763893,none,grid_extension,0.0 km from a reliably-lit settlement,Rijali,Sirimau,Kota Ambon,intermittent,12398.94710548467,0,Mikro Hidro Kelas A (PLTMH),Laha,Kota Ambon,73318.97174182956,PLTMH,30.0,Tahalupu,2014,4012.523930176501,GI 150 kV Sirimau (60 MVA),60.0,150 kV,Operasi,3409.863342399834,PLTD Hative Kecil,7.872,PLTD,"HSD, MFO",True,4.48500013,0.18388499000000003,-3.6899252397552256,128.1859736913204
81.71.02.1013,10.072342350863744,34.41916012577064,37.278603678009034,126.0,4474.9553939342495,0.63,5.031851222760292,0.4189115646258504,0.0,0.0,False,28.029891304347824,,,False,0.63,60.0,0.004469846997365831,1.3154759713247641,none,grid_extension,0.0 km from a reliably-lit settlement,Karang Panjang,Sirimau,Kota Ambon,intermittent,12958.275770804757,0,Mikro Hidro Kelas A (PLTMH),Laha,Kota Ambon,74135.85906321279,PLTMH,30.0,Tahalupu,2014,3517.7483153960616,GI 150 kV Sirimau (IBT 60 MVA),60.0,150 kV,Operasi,3681.9488326461487,PLTD Hative Kecil,7.872,PLTD,"HSD, MFO",True,4.52400017,0.18548401,-3.6952313031098467,128.1910711795361
81.71.02.1017,1.5676357444913487,5.0877851281632935,10.066152149944877,18.0,4474.9553939342495,1.05,5.031851222760292,0.04339686861810755,0.0,0.0,False,0.0,,,False,1.05,13.683617258182393,0.007449744995609718,0.500013047331772,none,grid_extension,0.0 km from a reliably-lit settlement,Uritetu,Sirimau,Kota Ambon,intermittent,12148.819427188571,0,Mikro Hidro Kelas A (PLTMH),Laha,Kota Ambon,73424.24604762731,PLTMH,30.0,Tahalupu,2014,4285.369711615159,GI 150 kV Sirimau (IBT 60 MVA),60.0,150 kV,Operasi,3875.7408699008065,PLTD Hative Kecil,7.872,PLTD,"HSD, MFO",True,4.52400017,0.18548401,-3.6935028274873654,128.18378538850592
81.71.05.2002,11.61528160653233,25.089147351782696,186.0368734396005,271.0,4890.113803386688,2.31,5.031851222760292,0.969768820391227,2489.0477282989173,0.0,False,95.46317162851382,0.0,0.0,True,2.31,60.0,0.017909948766208855,5.2708979218952665,none,resource_present_but_screened,"95% intact canopy, 0.0% loss since 2015 - non-viable without deep community and regulator engagement; flagged for policy pathway, not commercial deployment",Ema,Leitimur Selatan,Kota Ambon,intermittent,16223.915802278536,0,Mikro Hidro Kelas A (PLTMH),Tulehu,Maluku Tengah,80242.29485332989,PLTMH,30.0,Tahalupu,2014,4820.821135876378,GI 150 kV Sirimau,0.0,150 kV,Operasi,8165.089075874907,PLTD Hative Kecil,7.872,PLTD,"HSD, MFO",True,4.614999770000001,0.189215,-3.7313563157549394,128.2326278640797
81.71.05.2003,12.639996527018807,35.01720897675129,130.336890749574,323.0,4890.113803386688,3.15,5.031851222760292,0.9901150886111701,1408.0250352887906,0.0,False,98.22321403350186,86.78640153944836,0.0,False,3.15,60.0,0.024422657408466622,7.187588075311727,none,grid_extension,1.4 km from a reliably-lit settlement,Kilang,Leitimur Selatan,Kota Ambon,intermittent,16951.00231307615,0,Mikro Hidro Kelas A (PLTMH),Tulehu,Maluku Tengah,80308.65010775554,PLTMH,30.0,Tahalupu,2014,5321.374734401902,"GI 70 kV Sirimau 
",40.0,70 kV,Operasi,8539.28656347894,PLTD Hative Kecil,7.872,PLTD,"HSD, MFO",True,4.614999770000001,0.189215,-3.7367193805480152,128.22821476113415
81.72.01.2001,3.3039474321426407,13.022326568337025,31.72522863647207,77.0,5121.123190601099,3.15,6.063876189657772,0.8318010369095178,0.0,0.0,False,86.41912832652874,62.56873779881724,0.0,False,3.15,28.864381113780098,0.025576385797808,3.6210993139228185,none,grid_extension,0.0 km from a reliably-lit settlement,Fiditan,Pulau Dullah Utara,Kota Tual,intermittent,47749.32062146587,0,Mikro Hidro Kelas A (PLTMH),Langgiar Haar,Maluku Tenggara,46954.521319401676,PLTS Terpusat,30.0,Kaimer,2016,535498.0370477133,GI 150 kV PLTMG Sorong,0.0,150 kV,Operasi,4000.190169495984,PLTMG Langgur,23.836,PLTMG,Gas,True,4.43949986,0.182019,-5.590948523317376,132.76829693120973
81.72.01.2002,2.584784901374536,11.767823633805289,19.34600014892401,46.0,5172.512820826843,5.67,6.063876189657772,0.9139117472893228,0.0,0.0,False,88.55899301156565,44.93379712746857,0.0,False,5.67,22.571818166951346,0.0464994731324331,5.148178385043187,none,grid_extension,0.0 km from a reliably-lit settlement,Ngadi,Pulau Dullah Utara,Kota Tual,intermittent,45993.08259635632,0,Mikro Hidro Kelas A (PLTMH),Langgiar Haar,Maluku Tenggara,47778.80952203274,PLTS Terpusat,30.0,Kaimer,2016,533893.0477660601,GI 150 kV PLTMG Sorong,0.0,150 kV,Operasi,2042.0191792391918,PLTMG Langgur,23.836,PLTMG,Gas,True,4.504499910000001,0.18468501,-5.573050058595345,132.7763344635328
81.72.01.2003,2.585703664674544,14.968419335804787,25.782545582159564,51.0,5172.512820826843,1.47,6.063876189657772,0.9009877588804742,0.0,0.0,False,91.81267543211699,79.49606299212599,0.0,False,1.47,22.579852234784063,0.012055418960260432,1.3351879837741194,none,grid_extension,0.0 km from a reliably-lit settlement,Dullah,Pulau Dullah Utara,Kota Tual,intermittent,45261.16464593555,0,Mikro Hidro Kelas A (PLTMH),Langgiar Haar,Maluku Tenggara,48044.45427855891,PLTS Terpusat,30.0,Kaimer,2016,532982.9049753768,GI 150 kV PLTMG Sorong,0.0,150 kV,Operasi,1190.7507915097067,PLTMG Langgur,23.836,PLTMG,Gas,True,4.54349995,0.18628301,-5.5636072144829996,132.77873799612962
81.72.01.2004,2.917734657174662,15.942141655361574,27.9895330451564,51.0,4042.600497121989,0.42,6.063876189657772,0.9468008520176042,0.0,0.0,False,93.6527257208595,73.53900919608425,0.0,False,0.42,25.48407099695698,0.0026919904375812334,0.33649710400597455,none,grid_extension,0.0 km from a reliably-lit settlement,Labetawi,Pulau Dullah Utara,Kota Tual,intermittent,43896.82085349217,0,Mikro Hidro Kelas A (PLTMH),Langgiar Haar,Maluku Tenggara,48781.80892490148,PLTS Terpusat,30.0,Kaimer,2016,531648.4328678692,GI 150 kV PLTMG Sorong,0.0,150 kV,Operasi,1591.4970403905454,PLTMG Langgur,23.836,PLTMG,Gas,True,4.56949997,0.18734901,-5.548826847170712,132.784995278223
81.72.01.2005,1.9658079023723072,9.574828805714008,16.7848799729024,40.0,3067.002949460433,0.63,,0.8621475785781735,2485.9464369732505,0.0,False,77.6410588521007,64.24887344589827,0.0,False,0.63,17.161644729742743,0.003063501804540958,0.2578790486804351,none,grid_extension,2.5 km from a reliably-lit settlement,Tamedan,Pulau Dullah Utara,Kota Tual,intermittent,42205.04491033742,0,Mikro Hidro Kelas A (PLTMH),Langgiar Haar,Maluku Tenggara,49933.555898083585,PLTS Terpusat,30.0,Kaimer,2016,530351.7929434762,GI 150 kV PLTMG Sorong,0.0,150 kV,Operasi,3471.0740105806262,PLTMG Langgur,23.836,PLTMG,Gas,True,4.5954999899999995,0.18841501000000002,-5.53328437604613,132.79446603290947
81.72.01.2006,2.721714695871369,11.689624785969107,22.272786698337285,49.0,5160.955172968871,12.6,6.063876189657772,0.8374751304478395,0.0,0.0,False,88.03378299120234,45.3075093442066,0.0,False,12.6,23.769322742964203,0.1031012734325973,12.02042571002418,marginal,grid_extension,0.0 km from a reliably-lit settlement,Ohoitahit,Pulau Dullah Utara,Kota Tual,intermittent,43405.73725473576,0,Mikro Hidro Kelas A (PLTMH),Langgiar Haar,Maluku Tenggara,50827.54985612113,PLTS Terpusat,30.0,Kaimer,2016,534980.349724685,GI 150 kV PLTMG Sorong,0.0,150 kV,Operasi,4096.02040518722,PLTMG Langgur,23.836,PLTMG,Gas,True,4.57600021,0.18761601000000003,-5.574078202935201,132.80387220783714
81.72.01.2007,2.7693715399179855,17.2222011041816,27.9389473533599,82.0,4134.779480073364,12.389999999999999,6.063876189657772,0.8760558321385147,0.0,0.0,False,82.50451187808949,59.186405559405046,0.0,False,12.389999999999999,24.18616360801635,0.08122450177275015,9.635917080835489,none,grid_extension,0.0 km from a reliably-lit settlement,Ohoitel,Pulau Dullah Utara,Kota Tual,intermittent,48472.553071378985,0,Mikro Hidro Kelas A (PLTMH),Langgiar Haar,Maluku Tenggara,50125.05980027461,PLTS Terpusat,30.0,Kaimer,2016,541290.8891713532,GI 150 kV PLTMG Sorong,0.0,150 kV,Operasi,6892.345616396471,PLTD Langgur Caterpillar Unit 4,0.0,PLTD,HSD B30,True,4.6085,0.18894801,-5.637959228305544,132.79210655845222
81.72.01.2008,2.6407783850103588,13.896130835941307,18.682122966166105,39.0,2880.6650123973436,1.26,,0.9179423600815081,2677.4362679156343,0.008438895603813753,False,93.02448296198378,61.028728214662856,0.0,False,1.26,23.06147106300774,0.00575475316403579,0.6509576258469375,none,grid_extension,2.7 km from a reliably-lit settlement,Dullah Laut,Pulau Dullah Utara,Kota Tual,intermittent,48501.41983844605,0,Mikro Hidro Kelas A (PLTMH),Langgiar Haar,Maluku Tenggara,42631.59876306986,PLTS Terpusat,30.0,Kaimer,2016,526148.4194276378,GI 150 kV PLTMG Sorong,0.0,150 kV,Operasi,6668.12089632928,PLTMG Langgur,23.836,PLTMG,Gas,False,,,-5.516218028147639,132.72630189695965
81.72.02.1003,2.905714095507595,7.015981916823432,21.4054737715115,41.0,4740.868341509137,0.42,6.063876189657772,0.27541873687445584,0.0,0.0,False,6.9194943446440424,,,False,0.42,25.378900428464952,0.003156970927565065,0.39299081130267005,none,grid_extension,0.0 km from a reliably-lit settlement,Ketsoblak,Pulau Dullah Selatan,Kota Tual,intermittent,52547.006298916334,0,Mikro Hidro Kelas A (PLTMH),Langgiar Haar,Maluku Tenggara,45417.410372121456,PLTS Terpusat,30.0,Kaimer,2016,540046.2401115984,GI 150 kV PLTMG Sorong,0.0,150 kV,Operasi,3279.456237502869,PLTD Langgur Caterpillar Unit 4,0.0,PLTD,HSD B30,True,4.5954999899999995,0.18841501000000002,-5.640483968745509,132.74854181388852
81.72.02.1004,3.806343461551418,9.861494887627565,25.00407633870669,44.0,4696.974382566511,0.63,,0.5726596758817923,0.0,0.0,False,51.078506097560975,52.459016393442624,0.0,False,0.63,33.26556512553648,0.004691612539664038,0.7655191438741006,none,grid_extension,0.0 km from a reliably-lit settlement,Masrum,Pulau Dullah Selatan,Kota Tual,intermittent,51921.336470477756,0,Mikro Hidro Kelas A (PLTMH),Langgiar Haar,Maluku Tenggara,45021.10389966633,PLTS Terpusat,30.0,Kaimer,2016,538672.3966669742,GI 150 kV PLTMG Sorong,0.0,150 kV,Operasi,4555.205787758365,PLTD Langgur Caterpillar Unit 4,0.0,PLTD,HSD B30,True,4.55649996,0.18681601000000003,-5.627996988307163,132.74697808862177
81.72.02.1005,3.440588726548528,10.29763845810362,30.971572409641855,49.0,4838.391395679648,0.42,6.063876189657772,0.2515965534718702,0.0,0.0,False,1.303657671653889,8.355091383812011,0.0,False,0.42,30.060942229859048,0.0032219120785537993,0.4750674615934606,none,grid_extension,0.0 km from a reliably-lit settlement,Lodar El,Pulau Dullah Selatan,Kota Tual,intermittent,51751.20748970696,0,Mikro Hidro Kelas A (PLTMH),Langgiar Haar,Maluku Tenggara,45627.012114432226,PLTS Terpusat,30.0,Kaimer,2016,539317.2590093216,GI 150 kV PLTMG Sorong,0.0,150 kV,Operasi,4235.6180218939135,PLTD Langgur Caterpillar Unit 4,0.0,PLTD,HSD B30,True,4.5954999899999995,0.18841501000000002,-5.632526282285933,132.7518167984164
81.72.02.2001,2.504144791290486,10.419633872699338,15.458596251340277,56.0,4600.031945948079,1.89,6.063876189657772,0.6575944579735812,0.0,0.0,False,70.7232472324723,53.79358250425743,0.0,False,1.89,21.866710646507997,0.013784342303782768,1.4784563917083087,none,grid_extension,0.0 km from a reliably-lit settlement,Tual,Pulau Dullah Selatan,Kota Tual,intermittent,52312.61499160418,0,Mikro Hidro Kelas A (PLTMH),Langgiar Haar,Maluku Tenggara,42920.98563301319,PLTS Terpusat,30.0,Kaimer,2016,535965.2549221165,GI 150 kV PLTMG Sorong,0.0,150 kV,Operasi,6731.970991594459,PLTD Langgur Caterpillar Unit 4,0.0,PLTD,HSD B30,False,,,-5.607750409827439,132.73042190538013
81.72.02.2002,2.6389666531102582,16.724818889916953,29.850219573400256,84.0,3865.3479110150415,15.959999999999999,6.073190531209052,0.8348272977172224,0.0,0.0,False,82.37297469857829,54.72091305571188,0.0,False,15.959999999999999,23.04562710894853,0.09781036380612644,11.056366247024604,marginal,grid_extension,0.0 km from a reliably-lit settlement,Taar,Pulau Dullah Selatan,Kota Tual,intermittent,51283.28726394497,0,Mikro Hidro Kelas A (PLTMH),Langgiar Haar,Maluku Tenggara,48436.126519665944,PLTS Terpusat,30.0,Kaimer,2016,542470.2813769379,GI 150 kV PLTMG Sorong,0.0,150 kV,Operasi,4211.861669220786,PLTD Langgur Caterpillar Unit 4,0.0,PLTD,HSD B30,True,4.62150002,0.18948101,-5.655302311716111,132.77345986900826
81.72.03.2001,2.527881740950319,11.037103219328827,21.211912434432556,48.0,2621.8709925171115,1.89,,0.9582365934162471,41358.226509365704,0.004025615843920314,False,83.31665228645385,36.893939393939384,0.0,False,1.89,22.074254567740073,0.007856633967302988,0.8506709040662179,none,solar_biomass_hybrid,96% cropland/tree cover - sago/coconut residue,Tam Ngurhir,Tayando Tam,Kota Tual,intermittent,91726.28445054215,0,Mikro Hidro Kelas A (PLTMH),Langgiar Haar,Maluku Tenggara,1279.5676743038523,PLTS Terpusat,30.0,Kaimer,2016,496490.74888541555,GI 150 kV PLTMG Ambon Peaker,0.0,150 kV,Operasi,2423.328543595978,PLTS Kur,0.1,PLTS,Surya,True,4.66699982,0.191347,-5.563574913420556,132.33398031110715
81.72.03.2002,2.3605651901945133,10.153344043794396,17.565558155164663,36.0,2556.6893988534293,0.84,,0.9549373627470552,39466.16096060966,0.010824131262087474,False,87.22901187200934,37.94383847760504,0.0,False,0.84,20.61148075219513,0.003405027738199012,0.34424596538267227,none,solar_biomass_hybrid,95% cropland/tree cover - sago/coconut residue,Tayando Langgiar,Tayando Tam,Kota Tual,dark_settled,88650.09919567323,0,Mikro Hidro Kelas A (PLTMH),Langgiar Haar,Maluku Tenggara,2163.0504133999843,PLTS Terpusat,30.0,Kaimer,2016,498879.11044812435,GI 150 kV PLTMG Ambon Peaker,0.0,150 kV,Operasi,4956.126198481287,PLTS Kur,0.1,PLTS,Surya,True,4.66699982,0.191347,-5.557565101503215,132.36111446621575
81.72.03.2003,3.7433725638035584,16.276978104401966,39.16792152074748,108.0,3914.9798261562414,1.47,,0.9448496219942061,46004.611332724024,0.007151585883141042,False,89.0030227293545,23.09794490599038,0.0,False,1.47,32.7136480991585,0.00912452489924162,1.4641253159495493,none,solar_biomass_hybrid,94% cropland/tree cover - sago/coconut residue,Tayando Yamtel,Tayando Tam,Kota Tual,intermittent,112322.5178125133,0,Mikro Hidro Kelas A (PLTMH),Langgiar Haar,Maluku Tenggara,25198.014954794973,PLTS Terpusat,30.0,Kaimer,2016,491896.8164670523,GI 150 kV PLTMG Ambon Peaker,0.0,150 kV,Operasi,24956.39982414368,PLTS Kur,0.1,PLTS,Surya,True,4.627999780000001,0.189748,-5.737697725797164,132.19368566381968
81.72.03.2004,2.57245180963064,14.08532910039884,19.869882980558305,57.0,2508.49497866584,1.47,,0.9142808299292797,41371.7726979625,0.039516285040317095,False,77.75568322408523,48.18855348023115,0.0,False,1.47,22.463973347047265,0.005846473266487164,0.6441982712978639,none,solar_biomass_hybrid,91% cropland/tree cover - sago/coconut residue,Tayando Ohoiel,Tayando Tam,Kota Tual,intermittent,97383.96109536556,0,Mikro Hidro Kelas A (PLTMH),Langgiar Haar,Maluku Tenggara,7672.231811107752,PLTS Terpusat,30.0,Kaimer,2016,495305.52253594814,GI 150 kV PLTMG Ambon Peaker,0.0,150 kV,Operasi,7773.257495546371,PLTS Kur,0.1,PLTS,Surya,True,4.66050005,0.19108,-5.616163785830815,132.2949663465063
81.72.03.2005,3.2737438225449345,14.300661861625043,26.619413761848417,63.0,3318.698325303439,1.05,,0.9386568805947502,43395.25520578258,0.012806896093920396,False,85.52063231661346,40.827767175572546,0.0,False,1.05,28.599934523419346,0.005524849761492597,0.7750407247161968,none,solar_biomass_hybrid,94% cropland/tree cover - sago/coconut residue,Tayando Yamru,Tayando Tam,Kota Tual,intermittent,92410.8257772095,0,Mikro Hidro Kelas A (PLTMH),Langgiar Haar,Maluku Tenggara,4425.953995161492,PLTS Terpusat,30.0,Kaimer,2016,493867.4939013478,GI 150 kV PLTMG Ambon Peaker,0.0,150 kV,Operasi,1662.6250086305363,PLTS Kur,0.1,PLTS,Surya,True,4.66699982,0.191347,-5.535535035223871,132.3215470101845
81.72.04.2001,4.7455514042359725,23.636012950957618,55.2998217468806,120.0,3915.7867823312663,3.78,,0.9645086043748075,84778.13359974523,0.0,False,84.15293330516235,56.62737205290396,0.0,False,3.78,41.50770701057281,0.02346790023657437,4.777954256783964,none,solar_biomass_hybrid,96% cropland/tree cover - sago/coconut residue,Tubyal,Pulau-Pulau Kur,Kota Tual,intermittent,125596.99228088323,0,Mikro Hidro Kelas A (PLTMH),Langgiar Haar,Maluku Tenggara,45958.82465055643,PLTS Terpusat,30.0,Kaimer,2016,452420.39975381317,GI 150 kV PLTMG Ambon Peaker,0.0,150 kV,Operasi,1772.0735261026514,PLTD Kur,0.6,PLTD,HSD,True,4.66699982,0.191347,-5.327633571942611,132.00689955494855
81.72.04.2002,9.470208929169523,33.729025084958636,58.09905704782224,134.0,2829.8230583081977,0.42,,0.676306566233565,91889.35147519133,0.015093280150255095,False,40.71039045322019,35.80419580419581,0.0,False,0.42,60.0,0.0018843951111260828,0.5545774812044062,none,solar_battery,uniform equatorial irradiance; no discriminating alternative,Kaimear,Pulau-Pulau Kur,Kota Tual,intermittent,126528.50239037226,0,Mikro Hidro Kelas A (PLTMH),Langgiar Haar,Maluku Tenggara,57761.15522389266,PLTS Terpusat,30.0,Kaimer,2016,445852.54518571304,GI 150 kV PLTMG Ambon Peaker,0.0,150 kV,Operasi,16712.255154947496,PLTD Kur,0.6,PLTD,HSD,True,4.686500069999999,0.192147,-5.163474566899397,132.01736662990345
81.72.04.2004,6.560996959433739,25.585159341024017,21.49592087372253,72.0,3507.4112170671656,1.05,,0.8623378733313481,86732.4538253271,0.01004630507189472,False,68.1711114119399,32.05148328362897,0.0,False,1.05,57.507078597792926,0.005839012204972926,1.6470231383127905,none,solar_biomass_hybrid,86% cropland/tree cover - sago/coconut residue,Lokwirin,Pulau-Pulau Kur,Kota Tual,intermittent,125314.5373561829,0,Mikro Hidro Kelas A (PLTMH),Langgiar Haar,Maluku Tenggara,46776.525211994536,PLTS Terpusat,30.0,Kaimer,2016,451947.625956134,GI 150 kV PLTMG Ambon Peaker,0.0,150 kV,Operasi,1068.344682605372,PLTD Kur,0.6,PLTD,HSD,True,4.673500059999999,0.19161300000000003,-5.310780733351964,132.01028816644418
81.72.04.2012,6.315524102560948,20.233135236325428,19.03167649536647,63.0,5124.264646801353,0.42,,0.5895941727367326,89224.6544550608,0.0936134803411691,False,63.73374934997399,0.0,0.0,True,0.42,55.33764256634856,0.003412276686416427,0.9261981400289949,none,resource_present_but_screened,"64% intact canopy, 0.0% loss since 2015 - non-viable without deep community and regulator engagement; flagged for policy pathway, not commercial deployment",Sermaf,Pulau-Pulau Kur,Kota Tual,intermittent,128097.6818756864,0,Mikro Hidro Kelas A (PLTMH),Langgiar Haar,Maluku Tenggara,48428.09840438402,PLTS Terpusat,30.0,Kaimer,2016,449857.5054179026,GI 150 kV PLTMG Ambon Peaker,0.0,150 kV,Operasi,1995.3545318892993,PLTD Kur,0.6,PLTD,HSD,True,4.66699982,0.191347,-5.320598697834005,131.98460454890107
81.72.05.2001,7.414489358594875,28.1067951186695,95.42098369244874,278.0,4580.253179308059,1.68,,0.979184355584307,85025.39198380683,0.0027895318437862163,False,78.97123528579418,69.20000000000002,0.0,False,1.68,60.0,0.012200065546102137,3.5904792902178593,none,solar_biomass_hybrid,98% cropland/tree cover - sago/coconut residue,Kanara,Kur Selatan,Kota Tual,intermittent,126864.75198531745,0,Mikro Hidro Kelas A (PLTMH),Langgiar Haar,Maluku Tenggara,46704.357443081746,PLTS Terpusat,30.0,Kaimer,2016,451497.9779516283,GI 150 kV PLTMG Ambon Peaker,0.0,150 kV,Operasi,2276.987260833731,PLTD Kur,0.6,PLTD,HSD,True,4.66699982,0.191347,-5.332567565128555,131.99524477927633
81.72.05.2002,8.984032052915385,34.31807490335827,128.87728917580998,371.0,4857.170162794514,1.89,,0.9790180294819918,85277.72931996225,0.002687749295895463,False,85.76667381514046,40.76186131386862,0.0,False,1.89,60.0,0.014554876343990412,4.283500108036378,none,solar_biomass_hybrid,98% cropland/tree cover - sago/coconut residue,Warkar,Kur Selatan,Kota Tual,intermittent,127744.13984681034,0,Mikro Hidro Kelas A (PLTMH),Langgiar Haar,Maluku Tenggara,46880.71651698516,PLTS Terpusat,30.0,Kaimer,2016,451145.8430022536,GI 150 kV PLTMG Ambon Peaker,0.0,150 kV,Operasi,3607.8690049282764,PLTD Kur,0.6,PLTD,HSD,True,4.66699982,0.191347,-5.342222560961431,131.98698064000348
81.72.05.2003,10.384215445974817,34.52668049144219,164.50424227053696,380.0,4379.423671994628,1.47,,0.9917164226901699,85078.56997046171,0.0013094594209912033,False,96.96993417541361,46.32615517801105,0.0,False,1.47,60.0,0.010206990103107725,3.003917187344604,none,solar_biomass_hybrid,99% cropland/tree cover - sago/coconut residue,Yapas,Kur Selatan,Kota Tual,intermittent,127565.74143982574,0,Mikro Hidro Kelas A (PLTMH),Langgiar Haar,Maluku Tenggara,46130.72124274828,PLTS Terpusat,30.0,Kaimer,2016,451800.43903723574,GI 150 kV PLTMG Ambon Peaker,0.0,150 kV,Operasi,4654.87444681312,PLTD Kur,0.6,PLTD,HSD,True,4.66699982,0.191347,-5.3528308703835625,131.98833937538
81.72.05.2004,9.956391070385129,33.339121522189664,136.95195200589148,346.0,4098.475607073773,2.73,,0.938193651392015,84687.6116765869,0.0,False,77.97820326618404,39.135869989842966,0.0,False,2.73,60.0,0.01773978692179002,5.220819291082803,none,solar_biomass_hybrid,94% cropland/tree cover - sago/coconut residue,Rumoin,Kur Selatan,Kota Tual,intermittent,127629.51852516721,0,Mikro Hidro Kelas A (PLTMH),Langgiar Haar,Maluku Tenggara,45567.782260323955,PLTS Terpusat,30.0,Kaimer,2016,452278.2745996782,GI 150 kV PLTMG Ambon Peaker,0.0,150 kV,Operasi,5874.813169656593,PLTD Kur,0.6,PLTD,HSD,True,4.673500059999999,0.19161300000000003,-5.36402646237122,131.98760285045495
81.72.05.2005,11.68784412240855,30.824247534961884,123.05553346467369,326.0,4098.475607073773,0.84,,0.8449814790020974,86614.00560821558,0.0009483960948396093,False,78.70595586102249,17.126756544689357,0.0,False,0.84,60.0,0.005458395975935391,1.6064059357177856,none,solar_biomass_hybrid,84% cropland/tree cover - sago/coconut residue,Hirit,Kur Selatan,Kota Tual,intermittent,128889.17323030879,0,Mikro Hidro Kelas A (PLTMH),Langgiar Haar,Maluku Tenggara,46087.3764143657,PLTS Terpusat,30.0,Kaimer,2016,451689.5464084144,GI 150 kV PLTMG Ambon Peaker,0.0,150 kV,Operasi,7431.296985780459,PLTD Kur,0.6,PLTD,HSD,True,4.673500059999999,0.19161300000000003,-5.375014404297088,131.97617374723293
81.72.05.2006,10.210372986658708,36.048197780602,39.8330093769357,129.0,,0.21,,0.7628213579433091,82956.07727888295,0.005801687763713079,False,14.739701461047524,0.0,0.0,False,0.21,60.0,,,none,solar_biomass_hybrid,76% cropland/tree cover - sago/coconut residue,Tiflen,Kur Selatan,Kota Tual,dark_settled,136348.81068822867,0,Mikro Hidro Kelas A (PLTMH),Langgiar Haar,Maluku Tenggara,45729.01895530012,PLTS Terpusat,30.0,Kaimer,2016,461728.95491894265,GI 150 kV PLTMG Ambon Peaker,0.0,150 kV,Operasi,36753.66548033145,PLTD Kur,0.6,PLTD,HSD,False,,,-5.6372941311844125,131.93731759291416
81.72.05.2007,2.1698763855207543,8.328721780817947,11.148287941582783,28.0,2695.530452094972,0.63,,0.8240319166755492,76951.76473153086,0.019933301862370367,False,29.02867405333008,82.3041474654378,0.0,False,0.63,18.94480170154358,0.0026924533625377867,0.2501942156904894,none,solar_biomass_hybrid,82% cropland/tree cover - sago/coconut residue,Niela,Kur Selatan,Kota Tual,dark_settled,128210.80910156047,0,Mikro Hidro Kelas A (PLTMH),Langgiar Haar,Maluku Tenggara,37973.14258347545,PLTS Terpusat,30.0,Kaimer,2016,465189.9363952386,GI 150 kV PLTMG Ambon Peaker,0.0,150 kV,Operasi,30447.20972272074,PLTD Kur,0.6,PLTD,HSD,True,4.64750004,0.190547,-5.586686912353719,132.00202717041856
